# Blender v2.80 (sub 75) OBJ File: ''
# www.blender.org
mtllib TankBarrel.mtl
o Gun.002
v 0.020242 0.287607 -0.068259
v 0.017292 0.287607 -0.056579
v 0.022116 0.287607 -0.067454
v 0.019324 0.287607 -0.056401
v 0.018169 0.287607 -0.044563
v 0.020155 0.287607 -0.045032
v 0.022597 0.287607 -0.033802
v 0.024341 0.287607 -0.034857
v 0.030008 0.287607 -0.024969
v 0.031350 0.287607 -0.026504
v 0.040643 0.287607 -0.020614
v 0.039837 0.287607 -0.018741
v 0.051518 0.287607 -0.015790
v 0.051696 0.287607 -0.017823
v 0.063533 0.287607 -0.016667
v 0.063065 0.287607 -0.018653
v 0.074295 0.287607 -0.021095
v 0.073239 0.287607 -0.022839
v 0.083127 0.287607 -0.028506
v 0.081593 0.287607 -0.029848
v 0.087482 0.287607 -0.039141
v 0.089356 0.287607 -0.038335
v 0.035304 0.287607 -0.085500
v 0.046533 0.287607 -0.087942
v 0.046065 0.287607 -0.089927
v 0.036359 0.287607 -0.083756
v 0.026471 0.287607 -0.078089
v 0.028005 0.287607 -0.076746
v 0.020242 0.287607 -0.068259
v 0.017292 0.282527 -0.056579
v 0.017292 0.287607 -0.056579
v 0.020242 0.282527 -0.068259
v 0.018169 0.282527 -0.044563
v 0.018169 0.287607 -0.044563
v 0.022597 0.282527 -0.033802
v 0.022597 0.287607 -0.033802
v 0.026471 0.287607 -0.078089
v 0.026471 0.282527 -0.078089
v 0.030008 0.282527 -0.024969
v 0.030008 0.287607 -0.024969
v 0.039837 0.282527 -0.018741
v 0.039837 0.287607 -0.018741
v 0.051518 0.282527 -0.015790
v 0.051518 0.287607 -0.015790
v 0.063533 0.282527 -0.016667
v 0.063533 0.287607 -0.016667
v 0.074295 0.282527 -0.021095
v 0.074295 0.287607 -0.021095
v 0.083127 0.282527 -0.028506
v 0.083127 0.287607 -0.028506
v 0.089356 0.282527 -0.038335
v 0.089356 0.287607 -0.038335
v 0.046065 0.287607 -0.089927
v 0.035304 0.282527 -0.085500
v 0.035304 0.287607 -0.085500
v 0.046065 0.282527 -0.089927
v 0.019324 0.287607 -0.056401
v 0.022116 0.282527 -0.067454
v 0.022116 0.287607 -0.067454
v 0.019324 0.282527 -0.056401
v 0.020155 0.287607 -0.045032
v 0.020155 0.282527 -0.045032
v 0.024341 0.287607 -0.034857
v 0.024341 0.282527 -0.034857
v 0.031350 0.287607 -0.026504
v 0.031350 0.282527 -0.026504
v 0.040643 0.287607 -0.020614
v 0.040643 0.282527 -0.020614
v 0.051696 0.287607 -0.017823
v 0.051696 0.282527 -0.017823
v 0.063065 0.287607 -0.018653
v 0.063065 0.282527 -0.018653
v 0.073239 0.287607 -0.022839
v 0.073239 0.282527 -0.022839
v 0.081593 0.287607 -0.029848
v 0.081593 0.282527 -0.029848
v 0.087482 0.287607 -0.039141
v 0.087482 0.282527 -0.039141
v 0.036359 0.287607 -0.083756
v 0.046533 0.282527 -0.087942
v 0.046533 0.287607 -0.087942
v 0.036359 0.282527 -0.083756
v 0.028005 0.287607 -0.076746
v 0.028005 0.282527 -0.076746
v 0.089356 0.287607 -0.038335
v 0.087482 0.282527 -0.039141
v 0.087482 0.287607 -0.039141
v 0.089356 0.282527 -0.038335
v 0.046533 0.287607 -0.087942
v 0.046065 0.282527 -0.089927
v 0.046065 0.287607 -0.089927
v 0.046533 0.282527 -0.087942
v 0.017292 0.282527 -0.056579
v 0.022116 0.282527 -0.067454
v 0.019324 0.282527 -0.056401
v 0.020242 0.282527 -0.068259
v 0.020155 0.282527 -0.045032
v 0.022597 0.282527 -0.033802
v 0.018169 0.282527 -0.044563
v 0.024341 0.282527 -0.034857
v 0.031350 0.282527 -0.026504
v 0.030008 0.282527 -0.024969
v 0.026471 0.282527 -0.078089
v 0.028005 0.282527 -0.076746
v 0.035304 0.282527 -0.085500
v 0.046533 0.282527 -0.087942
v 0.036359 0.282527 -0.083756
v 0.046065 0.282527 -0.089927
v 0.040643 0.282527 -0.020614
v 0.039837 0.282527 -0.018741
v 0.051696 0.282527 -0.017823
v 0.051518 0.282527 -0.015790
v 0.063533 0.282527 -0.016667
v 0.063065 0.282527 -0.018653
v 0.074295 0.282527 -0.021095
v 0.073239 0.282527 -0.022839
v 0.083127 0.282527 -0.028506
v 0.081593 0.282527 -0.029848
v 0.087482 0.282527 -0.039141
v 0.089356 0.282527 -0.038335
v 0.058351 0.285772 -0.041679
v 0.048803 0.285772 -0.043186
v 0.053427 0.285772 -0.041483
v 0.066167 0.285772 -0.047365
v 0.062824 0.285772 -0.043745
v 0.067673 0.285772 -0.056913
v 0.067870 0.285772 -0.051989
v 0.061987 0.285772 -0.064729
v 0.065608 0.285772 -0.061386
v 0.052440 0.285772 -0.066235
v 0.057363 0.285772 -0.066432
v 0.044623 0.285772 -0.060549
v 0.047966 0.285772 -0.064170
v 0.043117 0.285772 -0.051002
v 0.042921 0.285772 -0.055925
v 0.045183 0.285772 -0.046528
v 0.048844 0.273209 -0.012433
v 0.065233 0.273209 -0.013087
v 0.048379 0.262500 -0.009485
v 0.065233 0.273209 -0.013087
v 0.048844 0.273209 -0.012433
v 0.065932 0.262500 -0.010186
v 0.080125 0.273209 -0.019963
v 0.080125 0.273209 -0.019963
v 0.081881 0.262500 -0.017550
v 0.091252 0.273209 -0.032014
v 0.091252 0.273209 -0.032014
v 0.093797 0.262500 -0.030457
v 0.091252 0.273209 -0.032014
v 0.096919 0.273209 -0.047406
v 0.096919 0.273209 -0.047406
v 0.099867 0.262500 -0.046941
v 0.096265 0.273209 -0.063796
v 0.096265 0.273209 -0.063796
v 0.099167 0.262500 -0.064494
v 0.089389 0.273209 -0.078687
v 0.089389 0.273209 -0.078687
v 0.091803 0.262500 -0.080443
v 0.089389 0.273209 -0.078687
v 0.077338 0.273209 -0.089814
v 0.077338 0.273209 -0.089814
v 0.078896 0.262500 -0.092359
v 0.077338 0.273209 -0.089814
v 0.061946 0.273209 -0.095482
v 0.061946 0.273209 -0.095482
v 0.062411 0.262500 -0.098429
v 0.061946 0.273209 -0.095482
v 0.045557 0.273209 -0.094828
v 0.045557 0.273209 -0.094828
v 0.044858 0.262500 -0.097729
v 0.045557 0.273209 -0.094828
v 0.030665 0.273209 -0.087952
v 0.044858 0.262500 -0.097729
v 0.030665 0.273209 -0.087952
v 0.045557 0.273209 -0.094828
v 0.028910 0.262500 -0.090365
v 0.030665 0.273209 -0.087952
v 0.019539 0.273209 -0.075900
v 0.019539 0.273209 -0.075900
v 0.016993 0.262500 -0.077458
v 0.019539 0.273209 -0.075900
v 0.013871 0.273209 -0.060508
v 0.013871 0.273209 -0.060508
v 0.010923 0.262500 -0.060973
v 0.014525 0.273209 -0.044119
v 0.014525 0.273209 -0.044119
v 0.011623 0.262500 -0.043421
v 0.021401 0.273209 -0.029227
v 0.021401 0.273209 -0.029227
v 0.018988 0.262500 -0.027472
v 0.021401 0.273209 -0.029227
v 0.033452 0.273209 -0.018101
v 0.033452 0.273209 -0.018101
v 0.031894 0.262500 -0.015555
v 0.073610 0.282867 -0.030912
v 0.091332 0.282867 -0.033229
v 0.083214 0.282867 -0.040976
v 0.081728 0.282867 -0.023165
v 0.072933 0.273344 -0.030203
v 0.083890 0.281887 -0.041685
v 0.083890 0.273344 -0.041685
v 0.083214 0.282867 -0.040976
v 0.073610 0.282867 -0.030912
v 0.072933 0.281887 -0.030203
v 0.081051 0.273344 -0.022456
v 0.072933 0.281887 -0.030203
v 0.072933 0.273344 -0.030203
v 0.081051 0.281887 -0.022456
v 0.092009 0.273344 -0.033938
v 0.081051 0.281887 -0.022456
v 0.081051 0.273344 -0.022456
v 0.081728 0.282867 -0.023165
v 0.091332 0.282867 -0.033229
v 0.092009 0.281887 -0.033938
v 0.083890 0.273344 -0.041685
v 0.092009 0.281887 -0.033938
v 0.092009 0.273344 -0.033938
v 0.083890 0.281887 -0.041685
v 0.092009 0.281887 -0.033938
v 0.083890 0.281887 -0.041685
v 0.049164 0.282867 -0.026484
v 0.062833 0.282867 -0.014969
v 0.063072 0.282867 -0.026188
v 0.048925 0.282867 -0.015265
v 0.048184 0.273344 -0.026505
v 0.064052 0.281887 -0.026167
v 0.064052 0.273344 -0.026167
v 0.063072 0.282867 -0.026188
v 0.049164 0.282867 -0.026484
v 0.048184 0.281887 -0.026505
v 0.047945 0.273344 -0.015286
v 0.048184 0.281887 -0.026505
v 0.048184 0.273344 -0.026505
v 0.047945 0.281887 -0.015286
v 0.063813 0.273344 -0.014948
v 0.047945 0.281887 -0.015286
v 0.047945 0.273344 -0.015286
v 0.048925 0.282867 -0.015265
v 0.062833 0.282867 -0.014969
v 0.063813 0.281887 -0.014948
v 0.064052 0.273344 -0.026167
v 0.063813 0.281887 -0.014948
v 0.063813 0.273344 -0.014948
v 0.064052 0.281887 -0.026167
v 0.063813 0.281887 -0.014948
v 0.064052 0.281887 -0.026167
v 0.028629 0.282867 -0.041925
v 0.029339 0.282867 -0.024066
v 0.037786 0.282867 -0.031453
v 0.020182 0.282867 -0.034538
v 0.027983 0.273344 -0.042663
v 0.038432 0.281887 -0.030715
v 0.038432 0.273344 -0.030715
v 0.037786 0.282867 -0.031453
v 0.028629 0.282867 -0.041925
v 0.027983 0.281887 -0.042663
v 0.019536 0.273344 -0.035276
v 0.027983 0.281887 -0.042663
v 0.027983 0.273344 -0.042663
v 0.019536 0.281887 -0.035276
v 0.029985 0.273344 -0.023328
v 0.019536 0.281887 -0.035276
v 0.019536 0.273344 -0.035276
v 0.020182 0.282867 -0.034538
v 0.029339 0.282867 -0.024066
v 0.029985 0.281887 -0.023328
v 0.038432 0.273344 -0.030715
v 0.029985 0.281887 -0.023328
v 0.029985 0.273344 -0.023328
v 0.038432 0.281887 -0.030715
v 0.029985 0.281887 -0.023328
v 0.038432 0.281887 -0.030715
v 0.084575 0.282867 -0.053198
v 0.092644 0.282867 -0.069145
v 0.081670 0.282867 -0.066802
v 0.095549 0.282867 -0.055541
v 0.084780 0.273344 -0.052239
v 0.081466 0.281887 -0.067761
v 0.081466 0.273344 -0.067761
v 0.081670 0.282867 -0.066802
v 0.084575 0.282867 -0.053198
v 0.084780 0.281887 -0.052239
v 0.095754 0.273344 -0.054582
v 0.084780 0.281887 -0.052239
v 0.084780 0.273344 -0.052239
v 0.095754 0.281887 -0.054582
v 0.092439 0.273344 -0.070104
v 0.095754 0.281887 -0.054582
v 0.095754 0.273344 -0.054582
v 0.095549 0.282867 -0.055541
v 0.092644 0.282867 -0.069145
v 0.092439 0.281887 -0.070104
v 0.081466 0.273344 -0.067761
v 0.092439 0.281887 -0.070104
v 0.092439 0.273344 -0.070104
v 0.081466 0.281887 -0.067761
v 0.092439 0.281887 -0.070104
v 0.081466 0.281887 -0.067761
v 0.073972 0.282867 -0.076093
v 0.066098 0.282867 -0.092138
v 0.061361 0.282867 -0.081966
v 0.078709 0.282867 -0.086265
v 0.074861 0.273344 -0.075679
v 0.060473 0.281887 -0.082379
v 0.060473 0.273344 -0.082379
v 0.061361 0.282867 -0.081966
v 0.073972 0.282867 -0.076093
v 0.074861 0.281887 -0.075679
v 0.079598 0.273344 -0.085852
v 0.074861 0.281887 -0.075679
v 0.074861 0.273344 -0.075679
v 0.079598 0.281887 -0.085852
v 0.065210 0.273344 -0.092552
v 0.079598 0.281887 -0.085852
v 0.079598 0.273344 -0.085852
v 0.078709 0.282867 -0.086265
v 0.066098 0.282867 -0.092138
v 0.065210 0.281887 -0.092552
v 0.060473 0.273344 -0.082379
v 0.065210 0.281887 -0.092552
v 0.065210 0.273344 -0.092552
v 0.060473 0.281887 -0.082379
v 0.065210 0.281887 -0.092552
v 0.060473 0.281887 -0.082379
v 0.049579 0.282867 -0.082460
v 0.032102 0.282867 -0.086200
v 0.037164 0.282867 -0.076185
v 0.044518 0.282867 -0.092475
v 0.050454 0.273344 -0.082902
v 0.036289 0.281887 -0.075743
v 0.036289 0.273344 -0.075743
v 0.037164 0.282867 -0.076185
v 0.049579 0.282867 -0.082460
v 0.050454 0.281887 -0.082902
v 0.045393 0.273344 -0.092917
v 0.050454 0.281887 -0.082902
v 0.050454 0.273344 -0.082902
v 0.045393 0.281887 -0.092917
v 0.031227 0.273344 -0.085757
v 0.045393 0.281887 -0.092917
v 0.045393 0.273344 -0.092917
v 0.044518 0.282867 -0.092475
v 0.032102 0.282867 -0.086200
v 0.031227 0.281887 -0.085757
v 0.036289 0.273344 -0.075743
v 0.031227 0.281887 -0.085757
v 0.031227 0.273344 -0.085757
v 0.036289 0.281887 -0.075743
v 0.031227 0.281887 -0.085757
v 0.036289 0.281887 -0.075743
v 0.029582 0.282867 -0.067293
v 0.015231 0.282867 -0.056640
v 0.026094 0.282867 -0.053827
v 0.018719 0.282867 -0.070107
v 0.029827 0.273344 -0.068242
v 0.025848 0.281887 -0.052878
v 0.025848 0.273344 -0.052878
v 0.026094 0.282867 -0.053827
v 0.029582 0.282867 -0.067293
v 0.029827 0.281887 -0.068242
v 0.018965 0.273344 -0.071056
v 0.029827 0.281887 -0.068242
v 0.029827 0.273344 -0.068242
v 0.018965 0.281887 -0.071056
v 0.014985 0.273344 -0.055691
v 0.018965 0.281887 -0.071056
v 0.018965 0.273344 -0.071056
v 0.018719 0.282867 -0.070107
v 0.015231 0.282867 -0.056640
v 0.014985 0.281887 -0.055691
v 0.025848 0.273344 -0.052878
v 0.014985 0.281887 -0.055691
v 0.014985 0.273344 -0.055691
v 0.025848 0.281887 -0.052878
v 0.014985 0.281887 -0.055691
v 0.025848 0.281887 -0.052878
v 0.007402 0.260442 -0.031863
v 0.014326 0.273084 -0.022789
v 0.017109 0.260442 -0.024811
v 0.006340 0.273084 -0.028591
v -0.004595 0.260442 -0.031863
v -0.003532 0.273084 -0.028591
v -0.014302 0.260442 -0.024811
v -0.011519 0.273084 -0.022789
v -0.018009 0.260442 -0.013400
v -0.014569 0.273084 -0.013400
v -0.014301 0.260442 -0.001990
v -0.011519 0.273084 -0.004011
v -0.004595 0.260442 0.005062
v -0.011519 0.273084 -0.004011
v -0.014301 0.260442 -0.001990
v -0.003532 0.273084 0.001791
v 0.007402 0.260442 0.005062
v 0.006340 0.273084 0.001791
v 0.017109 0.260442 -0.001990
v 0.014326 0.273084 -0.004011
v 0.020816 0.260442 -0.013400
v 0.017377 0.273084 -0.013400
v 0.017109 0.260442 -0.024811
v 0.014326 0.273084 -0.022789
v -0.003532 0.273084 -0.028591
v 0.014326 0.273084 -0.022789
v 0.006340 0.273084 -0.028591
v -0.011519 0.273084 -0.022789
v -0.055815 0.258939 0.025553
v -0.051963 0.267664 0.039334
v -0.051963 0.258939 0.039334
v -0.055815 0.267664 0.025553
v -0.053351 0.268671 0.039338
v -0.056823 0.268671 0.025557
v -0.076174 0.267664 0.025626
v -0.080028 0.258939 0.039407
v -0.080028 0.267664 0.039407
v -0.076174 0.258939 0.025626
v -0.078639 0.268671 0.039403
v -0.075167 0.268671 0.025622
v -0.055815 0.258939 0.025553
v -0.076174 0.267664 0.025626
v -0.075167 0.268671 0.025622
v -0.076174 0.258939 0.025626
v -0.056823 0.268671 0.025557
v -0.055815 0.267664 0.025553
v -0.080028 0.267664 0.039407
v -0.053351 0.268671 0.039338
v -0.078639 0.268671 0.039403
v -0.051963 0.267664 0.039334
v -0.051963 0.258939 0.039334
v -0.080028 0.258939 0.039407
v -0.051154 0.262982 -0.004297
v -0.045261 0.265660 -0.009931
v -0.052521 0.265660 -0.006922
v -0.042611 0.262982 -0.007839
v -0.039069 0.262982 -0.016383
v -0.042252 0.265660 -0.017191
v -0.084647 0.265660 -0.006922
v -0.086013 0.262982 -0.004297
v -0.039069 0.262982 -0.033641
v -0.042252 0.265660 -0.032832
v -0.045261 0.265660 -0.040092
v -0.042611 0.262982 -0.042184
v -0.051154 0.262982 -0.045726
v -0.052521 0.265660 -0.043102
v -0.086013 0.262982 -0.045726
v -0.084647 0.265660 -0.043102
v -0.091906 0.265660 -0.009931
v -0.094557 0.262982 -0.007839
v -0.098099 0.262982 -0.016383
v -0.094916 0.265660 -0.017191
v -0.094916 0.265660 -0.032832
v -0.098099 0.262982 -0.033641
v -0.091906 0.265660 -0.040092
v -0.094557 0.262982 -0.042184
v -0.075553 0.266290 -0.004289
v -0.083569 0.264701 0.002604
v -0.071544 0.264701 0.002604
v -0.080370 0.266290 -0.004289
v -0.080371 0.266290 -0.009537
v -0.075553 0.266290 -0.009537
v -0.071544 0.264701 0.002604
v -0.071544 0.263060 -0.004289
v -0.071544 0.266290 -0.004289
v -0.071544 0.263060 0.002604
v -0.071544 0.266290 -0.004289
v -0.075553 0.263060 -0.004289
v -0.075553 0.266290 -0.004289
v -0.071544 0.263060 -0.004289
v -0.083569 0.263060 -0.004289
v -0.083569 0.264701 0.002604
v -0.083569 0.266290 -0.004289
v -0.083569 0.263060 0.002604
v -0.083569 0.264701 0.002604
v -0.071544 0.263060 0.002604
v -0.071544 0.264701 0.002604
v -0.083569 0.263060 0.002604
v -0.080370 0.266290 -0.004289
v -0.083569 0.263060 -0.004289
v -0.083569 0.266290 -0.004289
v -0.080370 0.263060 -0.004289
v -0.075553 0.266290 -0.004289
v -0.075553 0.263060 -0.009537
v -0.075553 0.266290 -0.009537
v -0.075553 0.263060 -0.004289
v -0.080371 0.266290 -0.009537
v -0.080370 0.263060 -0.004289
v -0.080370 0.266290 -0.004289
v -0.080371 0.263060 -0.009537
v -0.075553 0.266290 -0.009537
v -0.080371 0.263060 -0.009537
v -0.080371 0.266290 -0.009537
v -0.075553 0.263060 -0.009537
v -0.056224 0.266290 -0.004289
v -0.064241 0.264701 0.002604
v -0.052216 0.264701 0.002604
v -0.061042 0.266290 -0.004289
v -0.061042 0.266290 -0.009537
v -0.056224 0.266290 -0.009537
v -0.052216 0.264701 0.002604
v -0.052216 0.263060 -0.004289
v -0.052216 0.266290 -0.004289
v -0.052216 0.263060 0.002604
v -0.052216 0.266290 -0.004289
v -0.056224 0.263060 -0.004289
v -0.056224 0.266290 -0.004289
v -0.052216 0.263060 -0.004289
v -0.064241 0.263060 -0.004289
v -0.064241 0.264701 0.002604
v -0.064241 0.266290 -0.004289
v -0.064241 0.263060 0.002604
v -0.064241 0.264701 0.002604
v -0.052216 0.263060 0.002604
v -0.052216 0.264701 0.002604
v -0.064241 0.263060 0.002604
v -0.061042 0.266290 -0.004289
v -0.064241 0.263060 -0.004289
v -0.064241 0.266290 -0.004289
v -0.061042 0.263060 -0.004289
v -0.056224 0.266290 -0.004289
v -0.056224 0.263060 -0.009537
v -0.056224 0.266290 -0.009537
v -0.056224 0.263060 -0.004289
v -0.061042 0.266290 -0.009537
v -0.061042 0.263060 -0.004289
v -0.061042 0.266290 -0.004289
v -0.061042 0.263060 -0.009537
v -0.056224 0.266290 -0.009537
v -0.061042 0.263060 -0.009537
v -0.061042 0.266290 -0.009537
v -0.056224 0.263060 -0.009537
v -0.083188 0.270117 -0.040740
v -0.071458 0.269488 -0.039984
v -0.070947 0.270117 -0.040740
v -0.082676 0.269488 -0.039984
v -0.082676 0.269488 -0.039984
v -0.071970 0.268858 -0.040740
v -0.071458 0.269488 -0.039984
v -0.082164 0.268858 -0.040740
v -0.082164 0.268858 -0.040740
v -0.071458 0.269488 -0.041495
v -0.071970 0.268858 -0.040740
v -0.082676 0.269488 -0.041495
v -0.082676 0.269488 -0.041495
v -0.070947 0.270117 -0.040740
v -0.071458 0.269488 -0.041495
v -0.083188 0.270117 -0.040740
v -0.085437 0.265433 -0.039732
v -0.086569 0.265433 -0.040740
v -0.084305 0.265433 -0.040740
v -0.085437 0.265433 -0.039732
v -0.084305 0.265433 -0.040740
v -0.082676 0.269488 -0.041495
v -0.085437 0.265433 -0.041747
v -0.085437 0.265433 -0.041747
v -0.070947 0.270117 -0.040740
v -0.068697 0.265433 -0.039732
v -0.067565 0.265433 -0.040740
v -0.069830 0.265433 -0.040740
v -0.068697 0.265433 -0.039732
v -0.071458 0.269488 -0.041495
v -0.069830 0.265433 -0.040740
v -0.068697 0.265433 -0.041747
v -0.068697 0.265433 -0.041747
v -0.067565 0.265433 -0.040740
v -0.048427 0.262915 -0.065240
v -0.056829 0.267050 -0.062510
v -0.056829 0.262915 -0.062510
v -0.048427 0.267050 -0.065240
v -0.043234 0.262915 -0.072387
v -0.048427 0.267050 -0.065240
v -0.048427 0.262915 -0.065240
v -0.043234 0.267050 -0.072387
v -0.043234 0.262915 -0.081222
v -0.043234 0.267050 -0.072387
v -0.043234 0.262915 -0.072387
v -0.043234 0.267051 -0.081222
v -0.048427 0.262915 -0.088369
v -0.043234 0.267051 -0.081222
v -0.043234 0.262915 -0.081222
v -0.048427 0.267051 -0.088369
v -0.056829 0.262915 -0.091099
v -0.048427 0.267051 -0.088369
v -0.048427 0.262915 -0.088369
v -0.056829 0.267051 -0.091099
v -0.065231 0.262915 -0.088369
v -0.056829 0.267051 -0.091099
v -0.056829 0.262915 -0.091099
v -0.065231 0.267051 -0.088369
v -0.070424 0.262915 -0.081222
v -0.065231 0.267051 -0.088369
v -0.065231 0.262915 -0.088369
v -0.070424 0.267051 -0.081222
v -0.070424 0.262915 -0.072387
v -0.070424 0.267051 -0.081222
v -0.070424 0.262915 -0.081222
v -0.070424 0.267050 -0.072387
v -0.065231 0.262915 -0.065240
v -0.070424 0.267050 -0.072387
v -0.070424 0.262915 -0.072387
v -0.065231 0.267050 -0.065240
v -0.056829 0.262915 -0.062510
v -0.065231 0.267050 -0.065240
v -0.065231 0.262915 -0.065240
v -0.056829 0.267050 -0.062510
v -0.048427 0.267051 -0.088369
v -0.043234 0.267050 -0.072387
v -0.043234 0.267051 -0.081222
v -0.048427 0.267050 -0.065240
v -0.056829 0.267050 -0.062510
v -0.056829 0.267051 -0.091099
v -0.065231 0.267050 -0.065240
v -0.070424 0.267051 -0.081222
v -0.070424 0.267050 -0.072387
v -0.065231 0.267051 -0.088369
v -0.098945 0.239548 -0.069448
v -0.103026 0.228605 -0.073102
v -0.100433 0.228605 -0.067859
v -0.101645 0.238762 -0.074576
v -0.094708 0.247798 -0.073972
v -0.097712 0.247372 -0.078776
v -0.088366 0.253682 -0.080743
v -0.091826 0.253126 -0.085060
v -0.080886 0.255748 -0.088729
v -0.084883 0.255146 -0.092473
v -0.077940 0.253126 -0.099886
v -0.073406 0.253682 -0.096716
v -0.072054 0.247372 -0.106171
v -0.073406 0.253682 -0.096716
v -0.067064 0.247798 -0.103487
v -0.077940 0.253126 -0.099886
v -0.068121 0.238762 -0.110370
v -0.062827 0.239548 -0.108011
v -0.061339 0.228605 -0.109600
v -0.068121 0.238762 -0.110370
v -0.066740 0.228605 -0.111844
v -0.062827 0.217662 -0.108011
v -0.068121 0.218448 -0.110370
v -0.067064 0.209412 -0.103487
v -0.072054 0.209838 -0.106171
v -0.073406 0.203528 -0.096716
v -0.077940 0.204085 -0.099886
v -0.080886 0.201462 -0.088729
v -0.077940 0.204085 -0.099886
v -0.073406 0.203528 -0.096716
v -0.084883 0.202064 -0.092473
v -0.091826 0.204085 -0.085060
v -0.088366 0.203528 -0.080743
v -0.097712 0.209838 -0.078776
v -0.094708 0.209412 -0.073972
v -0.101645 0.218448 -0.074576
v -0.098945 0.217662 -0.069448
v -0.101645 0.218448 -0.074576
v -0.091826 0.253126 -0.085060
v -0.084883 0.255146 -0.092473
v -0.077940 0.253126 -0.099886
v -0.081920 0.217975 -0.099469
v -0.080398 0.203425 -0.097155
v -0.083492 0.202028 -0.097787
v -0.079954 0.217975 -0.097631
v -0.083492 0.202028 -0.097787
v -0.077180 0.200278 -0.096219
v -0.081201 0.199515 -0.100239
v -0.080398 0.203425 -0.097155
v -0.083492 0.202028 -0.097787
v -0.092203 0.199515 -0.088465
v -0.089915 0.202028 -0.090914
v -0.081201 0.199515 -0.100239
v -0.089075 0.203425 -0.087870
v -0.091487 0.217975 -0.089232
v -0.089915 0.202028 -0.090914
v -0.089520 0.217975 -0.087394
v -0.089520 0.217975 -0.087394
v -0.081920 0.217975 -0.099469
v -0.091487 0.217975 -0.089232
v -0.079954 0.217975 -0.097631
v -0.088182 0.200278 -0.084445
v -0.089915 0.202028 -0.090914
v -0.092203 0.199515 -0.088465
v -0.089075 0.203425 -0.087870
v -0.091487 0.217975 -0.089232
v -0.081920 0.217975 -0.099469
v -0.094606 0.187264 -0.085893
v -0.078797 0.187264 -0.102811
v -0.078797 0.187264 -0.102811
v -0.079326 0.183655 -0.093923
v -0.083346 0.183636 -0.097942
v -0.074777 0.187283 -0.098791
v -0.086037 0.183655 -0.086741
v -0.090057 0.183636 -0.090761
v -0.094606 0.187264 -0.085893
v -0.090586 0.187283 -0.081873
v -0.090586 0.187283 -0.081873
v -0.094717 0.199515 -0.085775
v -0.094606 0.187264 -0.085893
v -0.090696 0.200278 -0.081755
v -0.078687 0.199515 -0.102929
v -0.074777 0.187283 -0.098791
v -0.078797 0.187264 -0.102811
v -0.074667 0.200278 -0.098909
v -0.081201 0.199515 -0.100239
v -0.074667 0.200278 -0.098909
v -0.078687 0.199515 -0.102929
v -0.094717 0.199515 -0.085775
v -0.090696 0.200278 -0.081755
v -0.089075 0.203425 -0.087870
v -0.077180 0.200278 -0.096219
v -0.080398 0.203425 -0.097155
v -0.088182 0.200278 -0.084445
v -0.083346 0.183636 -0.097942
v -0.090057 0.183636 -0.090761
v 0.095700 0.270082 -0.048594
v 0.093192 0.286392 -0.044646
v 0.095962 0.270082 -0.044245
v 0.092510 0.286392 -0.049097
v 0.092070 0.270082 -0.051260
v 0.088880 0.286392 -0.051763
v 0.084852 0.270082 -0.052806
v 0.084852 0.286392 -0.052806
v 0.082021 0.270082 -0.041275
v 0.084852 0.286392 -0.052806
v 0.084852 0.270082 -0.052806
v 0.082021 0.286392 -0.041275
v 0.086075 0.286392 -0.040334
v 0.082021 0.270082 -0.041275
v 0.089264 0.270082 -0.039831
v 0.082021 0.286392 -0.041275
v 0.090526 0.286392 -0.041016
v 0.093716 0.270082 -0.040512
v 0.093192 0.286392 -0.044646
v 0.093716 0.270082 -0.040512
v 0.090526 0.286392 -0.041016
v 0.082021 0.286392 -0.041275
v 0.088880 0.286392 -0.051763
v 0.084852 0.286392 -0.052806
v 0.086075 0.286392 -0.040334
v 0.092510 0.286392 -0.049097
v 0.093192 0.286392 -0.044646
v 0.090526 0.286392 -0.041016
v 0.054171 0.288752 -0.057867
v 0.084645 0.288752 -0.041398
v 0.087547 0.288752 -0.051563
v 0.052785 0.288752 -0.052997
v 0.089826 0.288752 -0.041391
v 0.092875 0.288752 -0.044545
v 0.091951 0.288752 -0.048834
v 0.054171 0.288752 -0.057867
v 0.052785 0.286158 -0.052997
v 0.052785 0.288752 -0.052997
v 0.054171 0.286158 -0.057867
v 0.087547 0.288752 -0.051563
v 0.054171 0.286158 -0.057867
v 0.054171 0.288752 -0.057867
v 0.087547 0.286158 -0.051563
v 0.052785 0.288752 -0.052997
v 0.084645 0.286158 -0.041398
v 0.084645 0.288752 -0.041398
v 0.052785 0.286158 -0.052997
v 0.091951 0.288752 -0.048834
v 0.091951 0.286158 -0.048834
v 0.089826 0.286158 -0.041391
v 0.089826 0.288752 -0.041391
v 0.092875 0.288752 -0.044545
v 0.092875 0.286158 -0.044545
v 0.089826 0.288752 -0.041391
v 0.089826 0.286158 -0.041391
v 0.087547 0.286158 -0.051563
v 0.084645 0.286158 -0.041398
v 0.054171 0.286158 -0.057867
v 0.091951 0.286158 -0.048834
v 0.089826 0.286158 -0.041391
v 0.092875 0.286158 -0.044545
v 0.082374 0.178788 0.073076
v 0.043620 0.190677 0.098971
v 0.043620 0.178788 0.098971
v 0.082374 0.190678 0.073076
v 0.112262 0.178788 0.033672
v 0.112262 0.190678 0.033672
v 0.087393 0.224519 0.120024
v 0.074807 0.219380 0.120031
v 0.087393 0.219380 0.120024
v 0.074807 0.224519 0.120031
v 0.090487 0.250327 0.110752
v 0.114640 0.263105 0.023374
v 0.089413 0.190657 0.114904
v 0.119879 0.178789 -0.003544
v 0.114640 0.178789 0.023374
v 0.119879 0.263105 -0.003544
v 0.117494 0.178789 -0.036525
v 0.117494 0.263105 -0.036525
v 0.105632 0.178789 -0.067759
v 0.105632 0.263105 -0.067759
v 0.091738 0.178789 -0.087809
v 0.091738 0.263105 -0.087809
v 0.076753 0.178789 -0.102746
v 0.076753 0.263105 -0.102746
v 0.061289 0.196179 -0.113230
v 0.061289 0.263105 -0.113230
v 0.015786 0.196179 -0.129004
v 0.040218 0.178789 -0.123545
v 0.015786 0.178789 -0.129004
v 0.040218 0.196179 -0.123545
v 0.074796 0.190657 0.114914
v 0.089413 0.190657 0.114904
v 0.074799 0.249222 0.112005
v 0.090069 0.249222 0.112003
v 0.074807 0.250326 0.110753
v 0.090487 0.250327 0.110752
v 0.061289 0.178789 -0.113230
v 0.051105 0.196179 -0.163173
v 0.026344 0.260001 -0.168987
v 0.051105 0.260001 -0.163173
v 0.026344 0.196179 -0.168987
v 0.071872 0.260001 -0.155084
v 0.071872 0.196179 -0.155084
v 0.061289 0.196179 -0.113230
v 0.071872 0.260001 -0.155084
v 0.061289 0.263105 -0.113230
v 0.071872 0.196179 -0.155084
v 0.040218 0.196179 -0.123545
v 0.071872 0.196179 -0.155084
v 0.061289 0.196179 -0.113230
v 0.051105 0.196179 -0.163173
v 0.040218 0.263105 -0.123545
v 0.071872 0.260001 -0.155084
v 0.051105 0.260001 -0.163173
v 0.061289 0.263105 -0.113230
v 0.082374 0.190678 0.073076
v 0.074810 0.190657 0.111704
v 0.043620 0.190677 0.098971
v 0.089413 0.190657 0.114904
v 0.074807 0.219380 0.120031
v 0.074799 0.249222 0.112005
v 0.074796 0.190657 0.114914
v 0.074807 0.224519 0.120031
v 0.015786 0.261792 -0.144648
v 0.015786 0.196179 -0.129004
v 0.015786 0.263122 -0.129004
v 0.015777 0.196179 -0.144681
v 0.015786 0.261792 -0.144648
v -0.010319 0.196179 -0.144681
v 0.015777 0.196179 -0.144681
v -0.010329 0.261792 -0.144648
v 0.002729 0.196179 -0.171270
v 0.002729 0.260001 -0.171270
v -0.010329 0.196179 -0.129004
v -0.010329 0.178789 -0.129004
v -0.062015 0.190657 0.111704
v 0.074807 0.250326 0.110753
v -0.062012 0.250326 0.110754
v 0.074810 0.190657 0.111704
v -0.038162 0.190677 0.098971
v -0.076916 0.178788 0.073076
v -0.038162 0.178788 0.098971
v -0.076916 0.190678 0.073076
v -0.106804 0.178788 0.033672
v -0.106804 0.190678 0.033672
v -0.062011 0.219380 0.120031
v -0.074598 0.224519 0.120025
v -0.074598 0.219380 0.120025
v -0.062011 0.224519 0.120031
v -0.110387 0.178789 0.023375
v -0.110387 0.263105 0.023375
v -0.115388 0.178789 -0.003544
v -0.115388 0.263105 -0.003544
v -0.113256 0.178789 -0.036495
v -0.113256 0.263105 -0.036495
v -0.101404 0.178789 -0.067759
v -0.101404 0.263105 -0.067759
v -0.086280 0.178789 -0.087808
v -0.086280 0.263105 -0.087808
v -0.071296 0.178789 -0.102746
v -0.071296 0.263105 -0.102746
v -0.057086 0.196179 -0.113217
v -0.057086 0.263105 -0.113217
v -0.034761 0.178789 -0.123545
v -0.010329 0.196179 -0.129004
v -0.010329 0.178789 -0.129004
v -0.034761 0.196179 -0.123545
v -0.062001 0.190657 0.114914
v -0.076617 0.190657 0.114905
v -0.062004 0.249222 0.112006
v -0.077274 0.249222 0.112004
v -0.077274 0.249222 0.112004
v -0.062012 0.250326 0.110754
v -0.077692 0.250327 0.110753
v -0.062004 0.249222 0.112006
v -0.057086 0.178789 -0.113217
v -0.057086 0.196179 -0.113217
v -0.020887 0.260001 -0.168987
v -0.045648 0.196179 -0.163173
v -0.045648 0.260001 -0.163173
v -0.020887 0.196179 -0.168987
v -0.068371 0.260001 -0.155011
v -0.068371 0.196179 -0.155011
v -0.068371 0.260001 -0.155011
v -0.057086 0.196179 -0.113217
v -0.057086 0.263105 -0.113217
v -0.068371 0.196179 -0.155011
v -0.068371 0.196179 -0.155011
v -0.034761 0.196179 -0.123545
v -0.057086 0.196179 -0.113217
v -0.045648 0.196179 -0.163173
v -0.010319 0.196179 -0.144681
v -0.020887 0.196179 -0.168987
v -0.010329 0.261792 -0.144648
v -0.034761 0.263105 -0.123545
v -0.010329 0.263122 -0.129004
v -0.020887 0.260001 -0.168987
v -0.068371 0.260001 -0.155011
v -0.057086 0.263105 -0.113217
v -0.045648 0.260001 -0.163173
v -0.076916 0.190678 0.073076
v -0.062015 0.190657 0.111704
v -0.076617 0.190657 0.114905
v -0.038162 0.190677 0.098971
v -0.062004 0.249222 0.112006
v -0.062011 0.219380 0.120031
v -0.062001 0.190657 0.114914
v -0.062011 0.224519 0.120031
v -0.010329 0.196179 -0.129004
v -0.010329 0.261792 -0.144648
v -0.010329 0.263122 -0.129004
v -0.010319 0.196179 -0.144681
v -0.115388 0.263105 -0.003544
v 0.114640 0.263105 0.023374
v 0.119879 0.263105 -0.003544
v -0.110387 0.263105 0.023375
v 0.117494 0.263105 -0.036525
v -0.113256 0.263105 -0.036495
v 0.105632 0.263105 -0.067759
v -0.101404 0.263105 -0.067759
v -0.086280 0.263105 -0.087808
v 0.091738 0.263105 -0.087809
v -0.071296 0.263105 -0.102746
v 0.076753 0.263105 -0.102746
v 0.061289 0.263105 -0.113230
v -0.057086 0.263105 -0.113217
v -0.034761 0.263105 -0.123545
v 0.040218 0.263105 -0.123545
v -0.010329 0.263122 -0.129004
v 0.015786 0.263122 -0.129004
v 0.043620 0.178788 0.098971
v -0.038162 0.190677 0.098971
v -0.038162 0.178788 0.098971
v 0.043620 0.190677 0.098971
v -0.077692 0.250327 0.110753
v -0.076617 0.190657 0.114905
v -0.062012 0.250326 0.110754
v 0.114640 0.263105 0.023374
v -0.110387 0.263105 0.023375
v 0.074807 0.250326 0.110753
v -0.074598 0.219380 0.120025
v -0.077274 0.249222 0.112004
v -0.074598 0.224519 0.120025
v 0.090069 0.249222 0.112003
v 0.087393 0.219380 0.120024
v 0.087393 0.224519 0.120024
v 0.074810 0.190657 0.111704
v 0.074807 0.250326 0.110753
v -0.062015 0.190657 0.111704
v -0.062012 0.250326 0.110754
v 0.015786 0.196179 -0.129004
v 0.015777 0.196179 -0.144681
v 0.015786 0.261792 -0.144648
v 0.015786 0.263122 -0.129004
v 0.026344 0.260001 -0.168987
v -0.010329 0.263122 -0.129004
v 0.015786 0.263122 -0.129004
v -0.071544 0.266290 -0.004289
v -0.083569 0.266290 -0.004289
v -0.052216 0.266290 -0.004289
v -0.064241 0.266290 -0.004289
v -0.094717 0.199515 -0.085775
v -0.078687 0.199515 -0.102929
v 0.052785 0.286158 -0.052997
v 0.112262 0.190678 0.033672
v 0.074796 0.190657 0.114914
v 0.002729 0.260001 -0.171270
v 0.002729 0.196179 -0.171270
v -0.077692 0.250327 0.110753
v -0.010329 0.196179 -0.129004
v -0.106804 0.190678 0.033672
v -0.062001 0.190657 0.114914
v 0.090487 0.250327 0.110752
v -0.057086 0.178789 -0.113217
v 0.026344 0.196179 -0.168987
v -0.101645 0.218448 -0.074576
v -0.066740 0.228605 -0.111844
v -0.068121 0.218448 -0.110370
v -0.103026 0.228605 -0.073102
v -0.068121 0.238762 -0.110370
v -0.101645 0.238762 -0.074576
v -0.072054 0.247372 -0.106171
v -0.097712 0.247372 -0.078776
v -0.097712 0.209838 -0.078776
v -0.072054 0.209838 -0.106171
v -0.091826 0.204085 -0.085060
v -0.077940 0.204085 -0.099886
v -0.084883 0.202064 -0.092473
v 0.017377 0.273084 -0.013400
v -0.014569 0.273084 -0.013400
v 0.014326 0.273084 -0.004011
v -0.011519 0.273084 -0.004011
v 0.006340 0.273084 0.001791
v -0.003532 0.273084 0.001791
v 0.114620 0.220810 0.034007
v 0.110957 0.220810 0.047895
v 0.112789 0.217836 0.040951
v 0.114620 0.235173 0.034007
v 0.115379 0.227991 0.031131
v 0.110957 0.235173 0.047895
v 0.112789 0.238147 0.040951
v 0.110199 0.227991 0.050771
v 0.112112 0.218903 0.031373
v 0.109794 0.215138 0.040161
v 0.113073 0.227991 0.027733
v 0.112113 0.237080 0.031373
v 0.109794 0.240845 0.040161
v 0.107477 0.237080 0.048949
v 0.106516 0.227991 0.052589
v 0.107477 0.218903 0.048949
v -0.104577 0.220451 0.047065
v -0.109617 0.220451 0.033616
v -0.107097 0.217476 0.040340
v -0.104577 0.234813 0.047065
v -0.103533 0.227632 0.049850
v -0.109617 0.234813 0.033615
v -0.107097 0.237788 0.040340
v -0.110661 0.227632 0.030830
v -0.107387 0.218543 0.030743
v -0.104198 0.214778 0.039254
v -0.108708 0.227632 0.027218
v -0.107387 0.236720 0.030743
v -0.104198 0.240485 0.039254
v -0.101008 0.236721 0.047764
v -0.099687 0.227632 0.051290
v -0.101008 0.218543 0.047764
v 0.094583 0.220400 0.095764
v 0.094583 0.213561 0.098597
v 0.093201 0.213561 0.098597
v 0.093109 0.227238 0.098597
v 0.094583 0.227238 0.098597
v 0.094583 0.220400 0.095764
v 0.094583 0.230070 0.105435
v 0.090963 0.230070 0.105435
v 0.094583 0.227238 0.112273
v 0.088856 0.227238 0.112273
v 0.088856 0.220400 0.115106
v 0.094583 0.220400 0.115106
v 0.088856 0.213561 0.112273
v 0.094583 0.213561 0.112273
v 0.090963 0.210729 0.105435
v 0.094583 0.210729 0.105435
v 0.096913 0.214996 0.100032
v 0.096913 0.214996 0.110838
v 0.096913 0.212758 0.105435
v 0.096913 0.225803 0.100032
v 0.096913 0.220400 0.097794
v 0.096913 0.225803 0.110838
v 0.096913 0.228041 0.105435
v 0.096913 0.220400 0.113076
v 0.096913 0.212758 0.105435
v 0.096913 0.214996 0.100032
v 0.096913 0.220400 0.097794
v 0.096913 0.220400 0.097794
v 0.096913 0.225803 0.100032
v 0.096913 0.228041 0.105435
v 0.096913 0.225803 0.110838
v 0.096913 0.220400 0.113076
v 0.096913 0.214996 0.110838
v 0.102855 0.216364 0.101399
v 0.102855 0.216364 0.109470
v 0.102855 0.214692 0.105435
v 0.102855 0.220400 0.099728
v 0.102855 0.224435 0.101399
v 0.102855 0.226107 0.105435
v 0.102855 0.224435 0.109470
v 0.102855 0.220400 0.111142
v 0.096659 0.220400 0.102540
v 0.101416 0.217286 0.105435
v 0.096659 0.217286 0.105435
v 0.101416 0.220400 0.102540
v 0.096659 0.223513 0.105435
v 0.101416 0.223513 0.105435
v 0.096659 0.220400 0.108330
v 0.101416 0.220400 0.108330
v 0.096659 0.217286 0.105435
v 0.101416 0.220400 0.108330
v 0.101416 0.217286 0.105435
v 0.101416 0.220400 0.108330
v 0.102855 0.220400 0.111142
v 0.102855 0.224435 0.109470
v 0.102855 0.216364 0.109470
v 0.101416 0.223513 0.105435
v 0.102855 0.226107 0.105435
v 0.102855 0.224435 0.101399
v 0.101416 0.220400 0.102540
v 0.102855 0.220400 0.099728
v 0.102855 0.216364 0.101399
v 0.101416 0.217286 0.105435
v 0.102855 0.214692 0.105435
v 0.101416 0.217286 0.105435
v 0.102855 0.214692 0.105435
v -0.082747 0.213561 0.098050
v -0.082747 0.220400 0.095218
v -0.081364 0.213561 0.098050
v -0.082747 0.227238 0.098050
v -0.081273 0.227238 0.098050
v -0.082747 0.220400 0.095218
v -0.082747 0.230070 0.104888
v -0.079126 0.230070 0.104888
v -0.082747 0.227238 0.111727
v -0.077019 0.227238 0.111727
v -0.082747 0.220400 0.114559
v -0.076423 0.220400 0.114559
v -0.077019 0.213561 0.111727
v -0.082747 0.213561 0.111727
v -0.079126 0.210729 0.104888
v -0.082747 0.210729 0.104888
v -0.085077 0.214996 0.110292
v -0.085077 0.214996 0.099485
v -0.085077 0.212758 0.104888
v -0.085077 0.225803 0.110292
v -0.085077 0.220400 0.112530
v -0.085077 0.225803 0.099485
v -0.085077 0.228041 0.104888
v -0.085077 0.220400 0.097247
v -0.085077 0.212758 0.104888
v -0.085077 0.214996 0.099485
v -0.085077 0.220400 0.097247
v -0.085077 0.220400 0.097247
v -0.085077 0.225803 0.099485
v -0.085077 0.228041 0.104888
v -0.085077 0.225803 0.110292
v -0.085077 0.220400 0.112530
v -0.085077 0.214996 0.110292
v -0.091018 0.216364 0.108924
v -0.091018 0.216364 0.100853
v -0.091018 0.214692 0.104888
v -0.091018 0.220400 0.110595
v -0.091018 0.224435 0.108924
v -0.091018 0.226107 0.104888
v -0.091018 0.224435 0.100853
v -0.091018 0.220400 0.099181
v -0.089580 0.217286 0.104888
v -0.084823 0.220400 0.101994
v -0.084823 0.217286 0.104888
v -0.089580 0.220400 0.101994
v -0.089580 0.220400 0.101994
v -0.084823 0.223513 0.104888
v -0.089580 0.223513 0.104888
v -0.084823 0.220400 0.107783
v -0.089580 0.220400 0.107783
v -0.084823 0.217286 0.104888
v -0.089580 0.217286 0.104888
v -0.089580 0.220400 0.107783
v -0.091018 0.220400 0.110595
v -0.091018 0.216364 0.108924
v -0.091018 0.224435 0.108924
v -0.089580 0.223513 0.104888
v -0.091018 0.226107 0.104888
v -0.091018 0.224435 0.100853
v -0.089580 0.220400 0.101994
v -0.091018 0.220400 0.099181
v -0.091018 0.216364 0.100853
v -0.089580 0.217286 0.104888
v -0.091018 0.214692 0.104888
v -0.089580 0.217286 0.104888
v -0.091018 0.214692 0.104888
v 0.017752 0.229112 0.597074
v 0.012147 0.230934 0.597074
v 0.015419 0.227141 0.593109
v 0.012163 0.228014 0.593109
v 0.017752 0.213634 0.608563
v 0.021227 0.218417 0.597074
v 0.017752 0.213634 0.597074
v 0.021227 0.218417 0.608563
v 0.021227 0.224329 0.597074
v 0.021227 0.224329 0.608563
v 0.021227 0.224329 0.608563
v 0.017752 0.229112 0.597074
v 0.021227 0.224329 0.597074
v 0.017752 0.229112 0.608563
v 0.012147 0.230934 0.597074
v 0.012147 0.230934 0.608563
v 0.022317 0.217972 0.614790
v 0.017752 0.213634 0.608563
v 0.018598 0.212470 0.616485
v 0.021227 0.218417 0.608563
v 0.021227 0.224329 0.608563
v 0.022317 0.224774 0.614790
v 0.022317 0.224774 0.614790
v 0.017752 0.229112 0.608563
v 0.021227 0.224329 0.608563
v 0.018598 0.230276 0.616485
v 0.018598 0.230276 0.616485
v 0.012147 0.230934 0.608563
v 0.017752 0.229112 0.608563
v 0.012147 0.232373 0.616485
v 0.025151 0.213437 0.623870
v 0.022729 0.206785 0.627442
v 0.022729 0.235961 0.627442
v 0.012147 0.239400 0.627442
v 0.029279 0.215800 0.630052
v 0.022729 0.206785 0.630052
v 0.029279 0.215800 0.626984
v 0.029279 0.226946 0.626984
v 0.029279 0.226946 0.630052
v 0.022729 0.235961 0.627442
v 0.022729 0.235961 0.630052
v 0.022729 0.235961 0.630052
v 0.012147 0.239400 0.627442
v 0.012147 0.239400 0.630052
v 0.025522 0.217021 0.632562
v 0.029279 0.226946 0.630052
v 0.029279 0.215800 0.630052
v 0.025522 0.225725 0.632562
v 0.020406 0.232765 0.635223
v 0.012147 0.239400 0.630052
v 0.022729 0.235961 0.630052
v 0.012147 0.235449 0.635223
v 0.023420 0.214138 0.647828
v 0.020406 0.209981 0.635223
v 0.020406 0.209981 0.651428
v 0.023583 0.214141 0.633683
v 0.025522 0.225725 0.651428
v 0.023311 0.228777 0.647972
v 0.025521 0.225725 0.649711
v 0.020406 0.232765 0.651428
v 0.020406 0.232765 0.651428
v 0.012147 0.235449 0.635223
v 0.020406 0.232765 0.635223
v 0.012147 0.235449 0.651428
v 0.016829 0.214904 0.656268
v 0.025522 0.217021 0.651428
v 0.020406 0.209981 0.651428
v 0.019733 0.218902 0.656268
v 0.025522 0.225725 0.651428
v 0.019733 0.223843 0.656268
v 0.020406 0.232765 0.651428
v 0.016829 0.227842 0.656268
v 0.012147 0.235449 0.651428
v 0.012147 0.229363 0.656268
v 0.025521 0.217021 0.649723
v 0.025522 0.217021 0.651428
v 0.020406 0.232765 0.635223
v 0.023304 0.228781 0.633652
v 0.023420 0.214138 0.647828
v 0.019239 0.228379 0.632553
v 0.023304 0.228781 0.633652
v 0.025522 0.225725 0.632562
v 0.012147 0.231316 0.632553
v 0.012147 0.231347 0.647925
v 0.023304 0.228781 0.633652
v 0.012147 0.231316 0.632553
v 0.023311 0.228777 0.647972
v 0.012147 0.211046 0.648103
v 0.023583 0.214141 0.633683
v 0.023420 0.214138 0.647828
v 0.012147 0.211257 0.632553
v 0.019239 0.214195 0.632553
v 0.023583 0.214141 0.633683
v 0.012147 0.211257 0.632553
v 0.025522 0.217021 0.632562
v 0.025140 0.229046 0.623546
v 0.012147 0.229263 0.614400
v 0.022317 0.217972 0.614790
v 0.012147 0.213224 0.614400
v 0.022317 0.224774 0.614790
v 0.012147 0.229263 0.614400
v 0.025140 0.229046 0.623546
v 0.022317 0.224774 0.614790
v 0.012147 0.231316 0.627921
v 0.019239 0.228379 0.627921
v 0.027079 0.229049 0.626065
v 0.012147 0.231316 0.627921
v 0.029279 0.226946 0.626984
v 0.019239 0.214195 0.627921
v 0.026834 0.213431 0.625964
v 0.029279 0.215800 0.626984
v 0.012147 0.211257 0.627922
v 0.012147 0.213224 0.614400
v 0.025151 0.213437 0.623870
v 0.012147 0.211257 0.627922
v 0.022317 0.217972 0.614790
v 0.012147 0.211812 0.597074
v 0.015419 0.215863 0.593109
v 0.012163 0.214990 0.593109
v 0.017752 0.213634 0.597074
v 0.012147 0.211812 0.608563
v 0.012147 0.211812 0.597074
v 0.012147 0.210373 0.616485
v 0.012147 0.211812 0.608563
v 0.012147 0.203346 0.627442
v 0.012147 0.203346 0.630052
v 0.012147 0.203346 0.627442
v 0.012147 0.207297 0.635223
v 0.022729 0.206785 0.630052
v 0.012147 0.203346 0.630052
v 0.020406 0.209981 0.635223
v 0.012147 0.207297 0.651428
v 0.012147 0.207297 0.635223
v 0.012147 0.213383 0.656268
v 0.012147 0.207297 0.651428
v 0.019733 0.218902 0.649686
v 0.016829 0.214904 0.656268
v 0.016829 0.214904 0.649664
v 0.019733 0.218902 0.656268
v 0.019733 0.223843 0.656268
v 0.019733 0.223843 0.649686
v 0.016829 0.227842 0.656268
v 0.016829 0.227842 0.649664
v 0.012147 0.229363 0.656268
v 0.012147 0.229363 0.649664
v 0.012147 0.213383 0.649664
v 0.012147 0.213383 0.656268
v 0.008908 0.227141 0.593109
v 0.006541 0.229112 0.597074
v 0.003065 0.218417 0.597074
v 0.006541 0.213634 0.608563
v 0.006541 0.213634 0.597074
v 0.003065 0.218417 0.608563
v 0.003065 0.224329 0.597074
v 0.003065 0.224329 0.608563
v 0.006541 0.229112 0.597074
v 0.006541 0.229112 0.608563
v 0.001976 0.217972 0.614790
v 0.006541 0.213634 0.608563
v 0.003065 0.218417 0.608563
v 0.005695 0.212470 0.616485
v 0.003065 0.224329 0.608563
v 0.001976 0.217972 0.614790
v 0.001976 0.224774 0.614790
v 0.006541 0.229112 0.608563
v 0.001976 0.224774 0.614790
v 0.003065 0.224329 0.608563
v 0.005695 0.230276 0.616485
v -0.000858 0.213437 0.623871
v 0.001564 0.206785 0.627442
v 0.001564 0.235961 0.627442
v -0.004987 0.215800 0.630052
v -0.004987 0.215800 0.626985
v 0.001564 0.206785 0.630052
v -0.004987 0.226946 0.626985
v -0.004987 0.226946 0.630052
v 0.001564 0.235961 0.630052
v -0.004987 0.226946 0.630052
v -0.001229 0.217021 0.632562
v -0.004987 0.215800 0.630052
v -0.001229 0.225725 0.632562
v 0.003886 0.232765 0.635223
v 0.001564 0.235961 0.630052
v 0.000873 0.214138 0.647828
v 0.003886 0.209981 0.635223
v 0.000710 0.214141 0.633683
v 0.003886 0.209981 0.651428
v -0.001229 0.225725 0.651428
v 0.000982 0.228777 0.647972
v 0.003886 0.232765 0.651428
v -0.001229 0.225725 0.649711
v 0.003886 0.232765 0.651428
v 0.003886 0.232765 0.635223
v -0.001229 0.217021 0.651428
v 0.007464 0.214904 0.656268
v 0.003886 0.209981 0.651428
v 0.004559 0.218902 0.656268
v -0.001229 0.225725 0.651428
v 0.004559 0.223843 0.656268
v 0.003886 0.232765 0.651428
v 0.007464 0.227842 0.656268
v -0.001229 0.217021 0.649723
v -0.001229 0.217021 0.651428
v 0.000990 0.228781 0.633652
v 0.000990 0.228781 0.633652
v 0.005054 0.228379 0.632553
v -0.001229 0.225725 0.632562
v 0.012147 0.231316 0.632553
v 0.000990 0.228781 0.633652
v 0.000982 0.228777 0.647972
v 0.000710 0.214141 0.633683
v 0.000873 0.214138 0.647828
v 0.012147 0.211257 0.632553
v 0.005054 0.214195 0.632553
v 0.000710 0.214141 0.633683
v -0.001229 0.217021 0.632562
v 0.012147 0.211257 0.632553
v -0.000846 0.229046 0.623546
v 0.001976 0.217972 0.614790
v 0.001976 0.224774 0.614790
v -0.000846 0.229046 0.623546
v 0.012147 0.229263 0.614400
v 0.001976 0.224774 0.614790
v 0.012147 0.231316 0.627921
v 0.005054 0.228379 0.627921
v -0.002786 0.229049 0.626065
v -0.004987 0.226946 0.626985
v 0.012147 0.231316 0.627921
v -0.002541 0.213431 0.625964
v 0.005054 0.214195 0.627921
v -0.004987 0.215800 0.626985
v 0.012147 0.211257 0.627922
v 0.012147 0.213224 0.614400
v -0.000858 0.213437 0.623871
v 0.001976 0.217972 0.614790
v 0.012147 0.211257 0.627922
v 0.008908 0.215863 0.593109
v 0.006541 0.213634 0.597074
v 0.012147 0.211812 0.608563
v 0.012147 0.211812 0.597074
v 0.012147 0.210373 0.616485
v 0.012147 0.211812 0.608563
v 0.012147 0.203346 0.627442
v 0.012147 0.203346 0.630052
v 0.012147 0.203346 0.627442
v 0.001564 0.206785 0.630052
v 0.012147 0.207297 0.635223
v 0.012147 0.203346 0.630052
v 0.003886 0.209981 0.635223
v 0.012147 0.207297 0.651428
v 0.012147 0.207297 0.635223
v 0.012147 0.213383 0.656268
v 0.004559 0.218902 0.649686
v 0.007464 0.214904 0.656268
v 0.004559 0.218902 0.656268
v 0.007464 0.214904 0.649664
v 0.004559 0.223843 0.656268
v 0.004559 0.223843 0.649686
v 0.007464 0.227842 0.656268
v 0.007464 0.227842 0.649664
v 0.012147 0.229363 0.656268
v 0.012147 0.229363 0.649664
v 0.012147 0.213383 0.649664
v 0.012147 0.213383 0.656268
v 0.005054 0.228379 0.632553
v 0.002117 0.221286 0.627922
v 0.002117 0.221286 0.632553
v 0.005054 0.228379 0.627921
v 0.012147 0.231316 0.632553
v 0.012147 0.231316 0.627921
v 0.019239 0.228379 0.632553
v 0.012147 0.231316 0.627921
v 0.012147 0.231316 0.632553
v 0.019239 0.228379 0.627921
v 0.022176 0.221286 0.632553
v 0.022176 0.221286 0.627922
v 0.019239 0.214195 0.632553
v 0.019239 0.214195 0.627921
v 0.012147 0.211257 0.632553
v 0.012147 0.211257 0.627922
v 0.005054 0.214195 0.632553
v 0.012147 0.211257 0.627922
v 0.012147 0.211257 0.632553
v 0.005054 0.214195 0.627921
v 0.002116 0.227303 0.332886
v 0.003168 0.221502 0.339007
v 0.000562 0.221502 0.332886
v 0.004373 0.226000 0.339007
v 0.007666 0.229292 0.339007
v 0.006363 0.231549 0.332886
v 0.012163 0.233103 0.332886
v 0.012163 0.230498 0.339007
v 0.017964 0.231549 0.332886
v 0.016661 0.229292 0.339007
v 0.022210 0.227303 0.332886
v 0.019954 0.226000 0.339007
v 0.023765 0.221502 0.332886
v 0.021159 0.221502 0.339007
v 0.022210 0.215701 0.332886
v 0.019954 0.217004 0.339007
v 0.017964 0.211455 0.332886
v 0.016661 0.213712 0.339007
v 0.012163 0.209901 0.332886
v 0.012163 0.212506 0.339007
v 0.006363 0.211455 0.332886
v 0.012163 0.212506 0.339007
v 0.012163 0.209901 0.332886
v 0.007666 0.213712 0.339007
v 0.004373 0.217004 0.339007
v 0.002116 0.215701 0.332886
v 0.004373 0.226000 0.339007
v 0.005652 0.221502 0.593109
v 0.003168 0.221502 0.339007
v 0.006524 0.224758 0.593109
v 0.007666 0.229292 0.339007
v 0.008908 0.227141 0.593109
v 0.012163 0.230498 0.339007
v 0.012163 0.228014 0.593109
v 0.016661 0.229292 0.339007
v 0.015419 0.227141 0.593109
v 0.019954 0.226000 0.339007
v 0.017803 0.224758 0.593109
v 0.021159 0.221502 0.339007
v 0.018675 0.221502 0.593109
v 0.019954 0.217004 0.339007
v 0.017803 0.218246 0.593109
v 0.016661 0.213712 0.339007
v 0.015419 0.215863 0.593109
v 0.012163 0.212506 0.339007
v 0.012163 0.214990 0.593109
v 0.007666 0.213712 0.339007
v 0.012163 0.214990 0.593109
v 0.012163 0.212506 0.339007
v 0.008908 0.215863 0.593109
v 0.004373 0.217004 0.339007
v 0.006524 0.218246 0.593109
v -0.000601 0.221502 0.247570
v 0.002116 0.227303 0.332886
v 0.000562 0.221502 0.332886
v 0.001109 0.227884 0.247570
v 0.006363 0.231549 0.332886
v 0.005782 0.232555 0.247570
v 0.012163 0.233103 0.332886
v 0.012163 0.234265 0.247570
v 0.017964 0.231549 0.332886
v 0.018545 0.232555 0.247570
v 0.022210 0.227303 0.332886
v 0.023217 0.227884 0.247570
v 0.023765 0.221502 0.332886
v 0.024927 0.221502 0.247570
v 0.022210 0.215701 0.332886
v 0.023217 0.215120 0.247569
v 0.017964 0.211455 0.332886
v 0.018545 0.210448 0.247569
v 0.012163 0.209901 0.332886
v 0.012163 0.208739 0.247569
v 0.012163 0.208739 0.247569
v 0.006363 0.211455 0.332886
v 0.012163 0.209901 0.332886
v 0.005782 0.210448 0.247569
v 0.002116 0.215701 0.332886
v 0.001109 0.215120 0.247569
v 0.017752 0.213634 0.597074
v 0.017803 0.218246 0.593109
v 0.015419 0.215863 0.593109
v 0.021227 0.218417 0.597074
v 0.018675 0.221502 0.593109
v 0.021227 0.224329 0.597074
v 0.017803 0.224758 0.593109
v 0.017752 0.229112 0.597074
v 0.015419 0.227141 0.593109
v 0.027079 0.229049 0.626065
v 0.023583 0.214141 0.633683
v 0.023304 0.228781 0.633652
v 0.022729 0.235961 0.630052
v 0.020406 0.232765 0.635223
v 0.012147 0.231347 0.647925
v 0.016829 0.227842 0.649664
v 0.023311 0.228777 0.647972
v 0.025521 0.217021 0.649723
v 0.019733 0.218902 0.649686
v 0.016829 0.214904 0.649664
v 0.019733 0.223843 0.649686
v 0.025521 0.225725 0.649711
v 0.012147 0.211046 0.648103
v 0.026834 0.213431 0.625964
v 0.027079 0.229049 0.626065
v 0.022176 0.221286 0.627922
v 0.026834 0.213431 0.625964
v 0.012147 0.213383 0.649664
v 0.023420 0.214138 0.647828
v 0.012147 0.229363 0.649664
v 0.022176 0.221286 0.632553
v 0.019239 0.228379 0.632553
v 0.006524 0.218246 0.593109
v 0.003065 0.218417 0.597074
v 0.005652 0.221502 0.593109
v 0.003065 0.224329 0.597074
v 0.006524 0.224758 0.593109
v -0.002786 0.229049 0.626065
v 0.000710 0.214141 0.633683
v 0.000990 0.228781 0.633652
v 0.007464 0.227842 0.649664
v 0.000982 0.228777 0.647972
v -0.001229 0.225725 0.649711
v 0.004559 0.223843 0.649686
v 0.004559 0.218902 0.649686
v -0.001229 0.217021 0.649723
v 0.007464 0.214904 0.649664
v -0.002541 0.213431 0.625964
v -0.002786 0.229049 0.626065
v 0.002117 0.221286 0.627922
v -0.002541 0.213431 0.625964
v 0.000873 0.214138 0.647828
v 0.002117 0.221286 0.632553
v 0.005054 0.214195 0.632553
v 0.005054 0.228379 0.632553
v 0.004960 0.233347 0.252760
v 0.012026 0.238440 0.246006
v 0.012026 0.235241 0.252760
v 0.003361 0.236118 0.246006
v 0.012026 0.238440 0.246006
v 0.003361 0.236118 0.158443
v 0.012026 0.238440 0.158443
v 0.003361 0.236118 0.246006
v 0.003361 0.236118 0.158443
v 0.012026 0.239949 0.155422
v 0.012026 0.238440 0.158443
v 0.002606 0.237425 0.155422
v 0.002606 0.237425 0.155422
v 0.012026 0.239953 0.148646
v 0.012026 0.239949 0.155422
v 0.002604 0.237428 0.148646
v 0.002604 0.237428 0.148646
v 0.012026 0.241908 0.146783
v 0.012026 0.239953 0.148646
v 0.001627 0.239122 0.146783
v 0.001627 0.239122 0.146783
v 0.012026 0.241904 0.141703
v 0.012026 0.241908 0.146783
v 0.001629 0.239118 0.141703
v -0.000212 0.228175 0.252760
v -0.002983 0.229775 0.246006
v -0.002983 0.229775 0.246006
v -0.002983 0.229775 0.158443
v -0.002983 0.229775 0.158443
v -0.004290 0.230529 0.155422
v -0.004290 0.230529 0.155422
v -0.004293 0.230531 0.148646
v -0.004293 0.230531 0.148646
v -0.005986 0.231509 0.146783
v -0.005986 0.231509 0.146783
v -0.005983 0.231507 0.141703
v -0.002105 0.221109 0.252760
v -0.005305 0.221109 0.246006
v -0.005305 0.221109 0.246006
v -0.005305 0.221109 0.158443
v -0.005305 0.221109 0.158443
v -0.006814 0.221109 0.155422
v -0.006814 0.221109 0.155422
v -0.006818 0.221109 0.148646
v -0.006818 0.221109 0.148646
v -0.008773 0.221109 0.146783
v -0.008773 0.221109 0.146783
v -0.008769 0.221109 0.141703
v -0.000212 0.214044 0.252760
v -0.002983 0.212444 0.246006
v -0.002983 0.212444 0.246006
v -0.002983 0.212444 0.158443
v -0.002983 0.212444 0.158443
v -0.004290 0.211689 0.155422
v -0.004290 0.211689 0.155422
v -0.004293 0.211687 0.148646
v -0.004293 0.211687 0.148646
v -0.005986 0.210710 0.146783
v -0.005986 0.210710 0.146783
v -0.005983 0.210712 0.141703
v 0.004960 0.208871 0.252760
v 0.003361 0.206100 0.246006
v 0.003361 0.206100 0.246006
v 0.003361 0.206100 0.158443
v 0.003361 0.206100 0.158443
v 0.002606 0.204793 0.155422
v 0.002606 0.204793 0.155422
v 0.002604 0.204790 0.148646
v 0.002604 0.204790 0.148646
v 0.001627 0.203097 0.146783
v 0.001627 0.203097 0.146783
v 0.001629 0.203100 0.141703
v 0.012026 0.206978 0.252760
v 0.012026 0.203778 0.246006
v 0.012026 0.203778 0.158443
v 0.012026 0.203778 0.246006
v 0.012026 0.203778 0.158443
v 0.012026 0.202269 0.155422
v 0.012026 0.202269 0.155422
v 0.012026 0.202266 0.148646
v 0.012026 0.202266 0.148646
v 0.012026 0.200310 0.146783
v 0.012026 0.200310 0.146783
v 0.012026 0.200314 0.141703
v 0.019092 0.208871 0.252760
v 0.012026 0.203778 0.246006
v 0.012026 0.206978 0.252760
v 0.020692 0.206100 0.246006
v 0.020692 0.206100 0.246006
v 0.012026 0.203778 0.158443
v 0.012026 0.203778 0.246006
v 0.020692 0.206100 0.158443
v 0.020692 0.206100 0.158443
v 0.012026 0.202269 0.155422
v 0.012026 0.203778 0.158443
v 0.021446 0.204793 0.155422
v 0.021446 0.204793 0.155422
v 0.012026 0.202266 0.148646
v 0.012026 0.202269 0.155422
v 0.021448 0.204790 0.148646
v 0.021448 0.204790 0.148646
v 0.012026 0.200310 0.146783
v 0.012026 0.202266 0.148646
v 0.022426 0.203097 0.146783
v 0.022426 0.203097 0.146783
v 0.012026 0.200314 0.141703
v 0.012026 0.200310 0.146783
v 0.022424 0.203100 0.141703
v 0.024264 0.214044 0.252760
v 0.027035 0.212444 0.246006
v 0.027035 0.212444 0.246006
v 0.027035 0.212444 0.158443
v 0.027035 0.212444 0.158443
v 0.028342 0.211689 0.155422
v 0.028342 0.211689 0.155422
v 0.028345 0.211687 0.148646
v 0.028345 0.211687 0.148646
v 0.030039 0.210710 0.146783
v 0.030039 0.210710 0.146783
v 0.030035 0.210712 0.141703
v 0.026157 0.221109 0.252760
v 0.029357 0.221109 0.246006
v 0.029357 0.221109 0.246006
v 0.029357 0.221109 0.158443
v 0.029357 0.221109 0.158443
v 0.030866 0.221109 0.155422
v 0.030866 0.221109 0.155422
v 0.030870 0.221109 0.148646
v 0.030870 0.221109 0.148646
v 0.032825 0.221109 0.146783
v 0.032825 0.221109 0.146783
v 0.032821 0.221109 0.141703
v 0.024264 0.228175 0.252760
v 0.027035 0.229775 0.246006
v 0.027035 0.229775 0.246006
v 0.027035 0.229775 0.158443
v 0.027035 0.229775 0.158443
v 0.028342 0.230529 0.155422
v 0.028342 0.230529 0.155422
v 0.028345 0.230531 0.148646
v 0.028345 0.230531 0.148646
v 0.030039 0.231509 0.146783
v 0.030039 0.231509 0.146783
v 0.030035 0.231507 0.141703
v 0.019092 0.233347 0.252760
v 0.020692 0.236118 0.246006
v 0.020692 0.236118 0.246006
v 0.020692 0.236118 0.158443
v 0.020692 0.236118 0.158443
v 0.021446 0.237425 0.155422
v 0.021446 0.237425 0.155422
v 0.021448 0.237428 0.148646
v 0.021448 0.237428 0.148646
v 0.022426 0.239122 0.146783
v 0.022426 0.239122 0.146783
v 0.022424 0.239118 0.141703
v 0.026157 0.221109 0.252760
v 0.019092 0.233347 0.252760
v 0.024264 0.228175 0.252760
v 0.012026 0.235241 0.252760
v 0.024264 0.214044 0.252760
v 0.019092 0.208871 0.252760
v 0.012026 0.206978 0.252760
v 0.004960 0.208871 0.252760
v -0.000212 0.214044 0.252760
v -0.002105 0.221109 0.252760
v 0.004960 0.233347 0.252760
v -0.000212 0.228175 0.252760
v -0.056262 0.235496 0.133496
v -0.024804 0.221409 0.134637
v -0.056262 0.219180 0.133496
v -0.024804 0.233609 0.134637
v -0.059702 0.217879 0.133496
v -0.056262 0.235496 0.133496
v -0.056262 0.219180 0.133496
v -0.059702 0.236797 0.133496
v -0.029006 0.218282 0.130849
v -0.056262 0.219180 0.133496
v -0.024804 0.221409 0.134637
v -0.055982 0.218697 0.130849
v -0.056262 0.235496 0.133496
v -0.026312 0.237464 0.130849
v -0.024804 0.233609 0.134637
v -0.055982 0.236048 0.130849
v 0.046904 0.221413 0.142177
v 0.051581 0.237400 0.130849
v 0.054158 0.221411 0.130849
v 0.044244 0.234786 0.142177
v 0.046464 0.247252 0.130849
v 0.038749 0.244484 0.142177
v 0.071700 0.244632 0.133569
v 0.082884 0.197821 0.133569
v 0.071700 0.197821 0.133569
v 0.082884 0.244632 0.133569
v -0.014090 0.244484 0.142177
v 0.046464 0.247252 0.130849
v 0.038749 0.244484 0.142177
v -0.021805 0.247252 0.130849
v 0.085135 0.249459 0.129196
v 0.068117 0.247252 0.130849
v 0.068117 0.249511 0.129194
v 0.071700 0.244632 0.133569
v 0.086178 0.248221 0.129197
v 0.082884 0.244632 0.133569
v 0.083929 0.243398 0.133569
v 0.085135 0.249459 0.123438
v 0.086178 0.248221 0.129197
v 0.085135 0.249459 0.129196
v 0.086178 0.248221 0.123438
v 0.044243 0.207663 0.142177
v 0.051581 0.205053 0.130849
v 0.046464 0.195201 0.130849
v 0.038749 0.197966 0.142177
v 0.068117 0.247252 0.130849
v 0.071700 0.197821 0.133569
v 0.068117 0.195201 0.130849
v 0.071700 0.244632 0.133569
v 0.086178 0.194232 0.129197
v 0.083929 0.199055 0.133569
v 0.086178 0.248221 0.129197
v 0.046904 0.221413 0.142177
v -0.019585 0.234786 0.142177
v 0.044244 0.234786 0.142177
v -0.022245 0.221413 0.142177
v -0.021805 0.195201 0.130849
v 0.038749 0.197966 0.142177
v 0.046464 0.195201 0.130849
v -0.014090 0.197966 0.142177
v 0.068117 0.192942 0.129194
v 0.082884 0.197821 0.133569
v 0.085135 0.192994 0.129196
v 0.068117 0.195201 0.130849
v 0.086178 0.194232 0.129197
v 0.086178 0.248221 0.129197
v 0.086178 0.194232 0.123438
v 0.086178 0.194232 0.129197
v 0.086178 0.248221 0.123438
v 0.086178 0.194232 0.129197
v 0.085135 0.192994 0.123438
v 0.085135 0.192994 0.129196
v 0.086178 0.194232 0.123438
v -0.019585 0.234786 0.142177
v -0.021805 0.247252 0.130849
v -0.014090 0.244484 0.142177
v -0.026312 0.237464 0.130849
v -0.055983 0.247252 0.130849
v -0.073002 0.249459 0.129196
v -0.055983 0.249511 0.129194
v -0.059566 0.244632 0.133569
v -0.074044 0.248221 0.129197
v -0.070750 0.244632 0.133569
v -0.071796 0.243398 0.133569
v -0.074044 0.248221 0.129197
v -0.073002 0.249459 0.123438
v -0.073002 0.249459 0.129196
v -0.074044 0.248221 0.123438
v -0.019584 0.207663 0.142177
v -0.021805 0.195201 0.130849
v -0.026541 0.205053 0.130849
v -0.014090 0.197966 0.142177
v -0.074044 0.194232 0.129197
v -0.071796 0.199055 0.133569
v -0.074044 0.248221 0.129197
v -0.074044 0.194232 0.129197
v -0.070750 0.197821 0.133569
v -0.073002 0.192994 0.129196
v -0.074044 0.194232 0.123438
v -0.074044 0.248221 0.123438
v -0.073002 0.192994 0.123438
v -0.074044 0.194232 0.129197
v -0.073002 0.192994 0.129196
v -0.074044 0.194232 0.123438
v -0.064893 0.192994 0.123438
v -0.073002 0.249459 0.123438
v -0.073002 0.192994 0.123438
v -0.064893 0.249459 0.123438
v 0.077305 0.249459 0.123438
v 0.085135 0.192994 0.123438
v 0.085135 0.249459 0.123438
v 0.077305 0.192994 0.123438
v 0.077669 0.206611 0.119321
v 0.077305 0.249459 0.123438
v 0.077656 0.237981 0.119336
v 0.077305 0.192994 0.123438
v -0.064528 0.206611 0.119321
v -0.064893 0.249459 0.123438
v -0.064893 0.192994 0.123438
v -0.064541 0.237981 0.119336
v 0.077305 0.249459 0.123438
v -0.064541 0.237981 0.119336
v 0.077656 0.237981 0.119336
v -0.064893 0.249459 0.123438
v -0.064528 0.206611 0.119321
v 0.077305 0.192994 0.123438
v 0.077669 0.206611 0.119321
v -0.064893 0.192994 0.123438
v 0.077669 0.206689 0.108671
v -0.064528 0.206611 0.119321
v 0.077669 0.206611 0.119321
v -0.064528 0.206689 0.108671
v -0.064528 0.206689 0.108671
v -0.064541 0.238058 0.108680
v -0.064541 0.238058 0.108680
v 0.077656 0.237981 0.119336
v -0.064541 0.237981 0.119336
v 0.077656 0.238058 0.108680
v 0.077669 0.206689 0.108671
v 0.077656 0.238058 0.108680
v 0.085135 0.249459 0.129196
v 0.077305 0.249459 0.123438
v 0.085135 0.249459 0.123438
v 0.068117 0.249511 0.129194
v 0.068117 0.192942 0.129194
v -0.064893 0.192994 0.123438
v -0.055983 0.192942 0.129194
v 0.077305 0.192994 0.123438
v 0.085135 0.192994 0.129196
v 0.085135 0.192994 0.123438
v -0.073002 0.192994 0.129196
v -0.073002 0.192994 0.123438
v -0.024804 0.221409 0.134637
v -0.029006 0.218282 0.130849
v -0.059566 0.244632 0.133569
v -0.055982 0.236048 0.130849
v -0.059702 0.236797 0.133496
v -0.055983 0.247252 0.130849
v -0.059566 0.197821 0.133569
v -0.055982 0.218697 0.130849
v -0.055983 0.195201 0.130849
v -0.059702 0.217879 0.133496
v -0.026312 0.237464 0.130849
v -0.055983 0.247252 0.130849
v -0.021805 0.247252 0.130849
v -0.055982 0.236048 0.130849
v -0.055983 0.195201 0.130849
v -0.026541 0.205053 0.130849
v -0.021805 0.195201 0.130849
v -0.055982 0.218697 0.130849
v -0.022245 0.221413 0.142177
v -0.024804 0.233609 0.134637
v -0.071796 0.243398 0.133569
v -0.071796 0.199055 0.133569
v -0.073002 0.249459 0.129196
v -0.064893 0.249459 0.123438
v -0.055983 0.249511 0.129194
v -0.073002 0.249459 0.123438
v 0.038749 0.244484 0.142177
v -0.014090 0.244484 0.142177
v -0.019584 0.207663 0.142177
v 0.044243 0.207663 0.142177
v -0.014090 0.197966 0.142177
v 0.038749 0.197966 0.142177
v -0.055983 0.192942 0.129194
v -0.073002 0.192994 0.129196
v -0.055983 0.195201 0.130849
v -0.021805 0.195201 0.130849
v 0.046464 0.195201 0.130849
v 0.083929 0.199055 0.133569
v 0.083929 0.243398 0.133569
v -0.021805 0.247252 0.130849
v 0.046464 0.247252 0.130849
v -0.074044 0.194232 0.123438
v -0.074044 0.248221 0.123438
v 0.086178 0.248221 0.123438
v 0.086178 0.194232 0.123438
v -0.059702 0.236797 0.133496
v -0.059702 0.217879 0.133496
v 0.051581 0.205053 0.130849
v 0.068117 0.195201 0.130849
v 0.046464 0.195201 0.130849
v -0.070750 0.244632 0.133569
v -0.059566 0.244632 0.133569
v -0.059566 0.197821 0.133569
v -0.029006 0.218282 0.130849
v -0.059566 0.197821 0.133569
v -0.070750 0.197821 0.133569
v 0.071700 0.197821 0.133569
v 0.054158 0.221411 0.130849
v 0.068117 0.247252 0.130849
v 0.046464 0.247252 0.130849
v 0.051581 0.237400 0.130849
vt 0.636899 0.989541
vt 0.626106 0.989541
vt 0.636899 0.987808
vt 0.626106 0.987808
vt 0.615311 0.989541
vt 0.615311 0.987808
vt 0.604707 0.989541
vt 0.604707 0.987808
vt 0.594151 0.989541
vt 0.594151 0.987808
vt 0.583547 0.987808
vt 0.583547 0.989541
vt 0.572754 0.989541
vt 0.572754 0.987808
vt 0.561965 0.989541
vt 0.561965 0.987808
vt 0.551361 0.989541
vt 0.551361 0.987808
vt 0.540805 0.989541
vt 0.540811 0.987808
vt 0.530288 0.987808
vt 0.530288 0.989541
vt 0.658117 0.989541
vt 0.668672 0.987808
vt 0.668672 0.989541
vt 0.658117 0.987808
vt 0.647519 0.989541
vt 0.647519 0.987808
vt 0.636899 0.989541
vt 0.626106 0.994203
vt 0.626106 0.989541
vt 0.636899 0.994203
vt 0.615311 0.994203
vt 0.615311 0.989541
vt 0.604707 0.994203
vt 0.604707 0.989541
vt 0.647519 0.989541
vt 0.647519 0.994203
vt 0.594151 0.994203
vt 0.594151 0.989541
vt 0.583547 0.994203
vt 0.583547 0.989541
vt 0.572754 0.994203
vt 0.572754 0.989541
vt 0.561965 0.994203
vt 0.561965 0.989541
vt 0.551361 0.994202
vt 0.551361 0.989541
vt 0.540805 0.994202
vt 0.540805 0.989541
vt 0.530288 0.994202
vt 0.530288 0.989541
vt 0.668672 0.989541
vt 0.658117 0.994203
vt 0.658117 0.989541
vt 0.668672 0.994202
vt 0.626106 0.987808
vt 0.636899 0.983147
vt 0.636899 0.987808
vt 0.626106 0.983147
vt 0.615311 0.987808
vt 0.615311 0.983147
vt 0.604707 0.987808
vt 0.604707 0.983147
vt 0.594151 0.987808
vt 0.594151 0.983147
vt 0.583547 0.987808
vt 0.583547 0.983147
vt 0.572754 0.987808
vt 0.572754 0.983147
vt 0.561965 0.987808
vt 0.561965 0.983147
vt 0.551361 0.987808
vt 0.551361 0.983147
vt 0.540811 0.987808
vt 0.540818 0.983147
vt 0.530288 0.987808
vt 0.530288 0.983147
vt 0.658117 0.987808
vt 0.668672 0.983147
vt 0.668672 0.987808
vt 0.658117 0.983147
vt 0.647519 0.987808
vt 0.647519 0.983147
vt 0.530288 0.989541
vt 0.528569 0.994202
vt 0.528569 0.989541
vt 0.530288 0.994202
vt 0.670495 0.989541
vt 0.668672 0.994202
vt 0.668672 0.989541
vt 0.670495 0.994202
vt 0.626106 0.994203
vt 0.636899 0.995935
vt 0.626106 0.995935
vt 0.636899 0.994203
vt 0.615311 0.995935
vt 0.604707 0.994203
vt 0.615311 0.994203
vt 0.604707 0.995935
vt 0.594151 0.995935
vt 0.594151 0.994203
vt 0.647519 0.994203
vt 0.647519 0.995935
vt 0.658117 0.994203
vt 0.668672 0.995935
vt 0.658117 0.995935
vt 0.668672 0.994202
vt 0.583547 0.995935
vt 0.583547 0.994203
vt 0.572754 0.995935
vt 0.572754 0.994203
vt 0.561965 0.994203
vt 0.561965 0.995935
vt 0.551361 0.994202
vt 0.551361 0.995935
vt 0.540805 0.994202
vt 0.540805 0.995935
vt 0.530288 0.995935
vt 0.530288 0.994202
vt 0.961695 0.636150
vt 0.952987 0.637837
vt 0.957173 0.636128
vt 0.969046 0.641114
vt 0.965864 0.637901
vt 0.970732 0.649822
vt 0.970755 0.645300
vt 0.965769 0.657172
vt 0.968981 0.653991
vt 0.957060 0.658860
vt 0.961582 0.658882
vt 0.949709 0.653896
vt 0.952891 0.657109
vt 0.948023 0.645187
vt 0.948000 0.649710
vt 0.949774 0.641019
vt 0.952040 0.609670
vt 0.967091 0.609670
vt 0.780620 0.986224
vt 0.795663 0.996051
vt 0.780620 0.996051
vt 0.795663 0.986224
vt 0.980969 0.615536
vt 0.810708 0.996051
vt 0.810708 0.986224
vt 0.991560 0.626232
vt 0.825752 0.996051
vt 0.825752 0.986224
vt 0.991560 0.626232
vt 0.997213 0.640167
vt 0.840796 0.996051
vt 0.840796 0.986224
vt 0.997213 0.655218
vt 0.855841 0.996051
vt 0.855841 0.986224
vt 0.991347 0.669097
vt 0.870885 0.996051
vt 0.870885 0.986224
vt 0.991347 0.669097
vt 0.980651 0.679687
vt 0.885930 0.996051
vt 0.885930 0.986224
vt 0.980651 0.679687
vt 0.966715 0.685340
vt 0.900974 0.996051
vt 0.900974 0.986224
vt 0.966715 0.685340
vt 0.951664 0.685340
vt 0.916018 0.996051
vt 0.916018 0.986224
vt 0.951664 0.685340
vt 0.937786 0.679474
vt 0.675310 0.986224
vt 0.690354 0.996051
vt 0.675310 0.996051
vt 0.690354 0.986224
vt 0.937786 0.679474
vt 0.927196 0.668777
vt 0.705399 0.996051
vt 0.705399 0.986224
vt 0.927196 0.668777
vt 0.921542 0.654842
vt 0.720443 0.996051
vt 0.720443 0.986224
vt 0.921542 0.639791
vt 0.735487 0.996051
vt 0.735487 0.986224
vt 0.927409 0.625913
vt 0.750532 0.996051
vt 0.750532 0.986224
vt 0.927409 0.625913
vt 0.938105 0.615323
vt 0.765576 0.996051
vt 0.765576 0.986224
vt 0.970171 0.931299
vt 0.959874 0.918533
vt 0.970171 0.918533
vt 0.959874 0.931299
vt 0.978940 0.932199
vt 0.971097 0.917633
vt 0.978940 0.917633
vt 0.970171 0.918533
vt 0.970171 0.931299
vt 0.971103 0.932199
vt 0.959874 0.940038
vt 0.970171 0.932199
vt 0.970171 0.940038
vt 0.959874 0.932199
vt 0.951105 0.917633
vt 0.958948 0.932199
vt 0.951105 0.932199
vt 0.959874 0.931299
vt 0.959874 0.918533
vt 0.958942 0.917633
vt 0.970175 0.940038
vt 0.959878 0.932199
vt 0.959878 0.940038
vt 0.970175 0.932199
vt 0.959874 0.917633
vt 0.970171 0.917633
vt 0.300361 0.531684
vt 0.290064 0.518918
vt 0.300361 0.518918
vt 0.290064 0.531684
vt 0.309130 0.532584
vt 0.301287 0.518018
vt 0.309130 0.518018
vt 0.300361 0.518918
vt 0.300361 0.531684
vt 0.301293 0.532584
vt 0.290064 0.540423
vt 0.300361 0.532584
vt 0.300361 0.540423
vt 0.290064 0.532584
vt 0.281295 0.518018
vt 0.289137 0.532584
vt 0.281295 0.532584
vt 0.290064 0.531684
vt 0.290064 0.518918
vt 0.289132 0.518018
vt 0.300372 0.540419
vt 0.290074 0.532579
vt 0.290074 0.540419
vt 0.300372 0.532579
vt 0.290064 0.518018
vt 0.300361 0.518018
vt 0.300449 0.558821
vt 0.290152 0.546055
vt 0.300449 0.546055
vt 0.290152 0.558821
vt 0.309218 0.559721
vt 0.301375 0.545156
vt 0.309218 0.545156
vt 0.300449 0.546055
vt 0.300449 0.558821
vt 0.301381 0.559721
vt 0.290152 0.567561
vt 0.300449 0.559721
vt 0.300449 0.567561
vt 0.290152 0.559721
vt 0.281383 0.545156
vt 0.289226 0.559721
vt 0.281383 0.559721
vt 0.290152 0.558821
vt 0.290152 0.546055
vt 0.289220 0.545156
vt 0.300446 0.567561
vt 0.290149 0.559721
vt 0.290149 0.567561
vt 0.300446 0.559721
vt 0.290152 0.545156
vt 0.300449 0.545156
vt 0.948142 0.942085
vt 0.958440 0.954852
vt 0.948143 0.954852
vt 0.958440 0.942085
vt 0.939374 0.941186
vt 0.947216 0.955751
vt 0.939374 0.955751
vt 0.948143 0.954852
vt 0.948142 0.942085
vt 0.947210 0.941186
vt 0.958440 0.933346
vt 0.948143 0.941186
vt 0.948142 0.933346
vt 0.958440 0.941186
vt 0.967212 0.955751
vt 0.959367 0.941186
vt 0.967206 0.941186
vt 0.958440 0.942085
vt 0.958440 0.954852
vt 0.959371 0.955751
vt 0.920243 0.933374
vt 0.930541 0.941214
vt 0.930541 0.933374
vt 0.920243 0.941214
vt 0.958440 0.955751
vt 0.948143 0.955751
vt 0.920243 0.942113
vt 0.930541 0.954880
vt 0.920243 0.954880
vt 0.930540 0.942113
vt 0.911474 0.941214
vt 0.919317 0.955779
vt 0.911474 0.955779
vt 0.920243 0.954880
vt 0.920243 0.942113
vt 0.919311 0.941214
vt 0.930541 0.933374
vt 0.920243 0.941214
vt 0.920243 0.933374
vt 0.930541 0.941214
vt 0.939312 0.955779
vt 0.931468 0.941214
vt 0.939306 0.941214
vt 0.930540 0.942113
vt 0.930541 0.954880
vt 0.931472 0.955779
vt 0.920243 0.933374
vt 0.930541 0.941214
vt 0.930541 0.933374
vt 0.920243 0.941214
vt 0.930541 0.955779
vt 0.920243 0.955779
vt 0.942251 0.931299
vt 0.931953 0.918533
vt 0.942250 0.918533
vt 0.931953 0.931299
vt 0.951019 0.932199
vt 0.943178 0.917633
vt 0.951019 0.917633
vt 0.942250 0.918533
vt 0.942251 0.931299
vt 0.943183 0.932199
vt 0.931953 0.940038
vt 0.942251 0.932199
vt 0.942251 0.940038
vt 0.931953 0.932199
vt 0.923181 0.917633
vt 0.931027 0.932199
vt 0.923187 0.932199
vt 0.931953 0.931299
vt 0.931953 0.918533
vt 0.931022 0.917633
vt 0.970173 0.940038
vt 0.959875 0.932199
vt 0.959875 0.940038
vt 0.970173 0.932199
vt 0.931953 0.917633
vt 0.942250 0.917633
vt 0.300411 0.585608
vt 0.290115 0.572842
vt 0.300411 0.572842
vt 0.290117 0.585608
vt 0.309182 0.586508
vt 0.301337 0.571942
vt 0.309182 0.571942
vt 0.300411 0.572842
vt 0.300411 0.585608
vt 0.301342 0.586508
vt 0.290116 0.594347
vt 0.300412 0.586508
vt 0.300413 0.594347
vt 0.290117 0.586508
vt 0.281347 0.571942
vt 0.289190 0.586508
vt 0.281347 0.586508
vt 0.290117 0.585608
vt 0.290115 0.572842
vt 0.289185 0.571942
vt 0.300421 0.594350
vt 0.290122 0.586510
vt 0.290122 0.594350
vt 0.300421 0.586510
vt 0.290113 0.571942
vt 0.300411 0.571942
vt 0.909539 0.707438
vt 0.921140 0.698379
vt 0.909539 0.698379
vt 0.921140 0.707438
vt 0.909539 0.716497
vt 0.921140 0.716497
vt 0.909539 0.725557
vt 0.921141 0.725557
vt 0.909539 0.734615
vt 0.921141 0.734615
vt 0.909539 0.743675
vt 0.921141 0.743675
vt 0.909521 0.734673
vt 0.921141 0.743675
vt 0.909539 0.743675
vt 0.921123 0.734673
vt 0.909521 0.725614
vt 0.921123 0.725614
vt 0.909521 0.716554
vt 0.921123 0.716555
vt 0.909521 0.707496
vt 0.921123 0.707496
vt 0.909539 0.698379
vt 0.921140 0.698379
vt 0.603039 0.412524
vt 0.619427 0.407198
vt 0.612098 0.412524
vt 0.595710 0.407198
vt 0.731187 0.706510
vt 0.726913 0.692058
vt 0.734591 0.694331
vt 0.723443 0.704472
vt 0.725672 0.691943
vt 0.722486 0.704589
vt 0.704695 0.704472
vt 0.693546 0.694333
vt 0.701224 0.692060
vt 0.696951 0.706511
vt 0.702465 0.691943
vt 0.705653 0.704589
vt 0.723411 0.713520
vt 0.704728 0.705513
vt 0.705653 0.704589
vt 0.704728 0.713520
vt 0.722486 0.704589
vt 0.723410 0.705513
vt 0.701191 0.691019
vt 0.725672 0.691943
vt 0.702465 0.691943
vt 0.726945 0.691018
vt 0.726945 0.683012
vt 0.701191 0.683012
vt 0.917507 0.931395
vt 0.912041 0.936383
vt 0.914748 0.929852
vt 0.914232 0.939234
vt 0.906392 0.942485
vt 0.905509 0.939091
vt 0.914748 0.900948
vt 0.917507 0.899405
vt 0.890555 0.942485
vt 0.891437 0.939091
vt 0.884905 0.936383
vt 0.882715 0.939234
vt 0.879440 0.931395
vt 0.882198 0.929851
vt 0.879440 0.899405
vt 0.882199 0.900948
vt 0.912042 0.894417
vt 0.914232 0.891565
vt 0.906392 0.888314
vt 0.905510 0.891709
vt 0.891438 0.891709
vt 0.890555 0.888314
vt 0.884906 0.894417
vt 0.882715 0.891565
vt 0.889794 0.838757
vt 0.882457 0.832369
vt 0.893473 0.832369
vt 0.885391 0.838757
vt 0.885391 0.843551
vt 0.889794 0.843551
vt 0.893473 0.832369
vt 0.896369 0.838153
vt 0.893473 0.838757
vt 0.894948 0.831989
vt 0.894828 0.839386
vt 0.891151 0.842350
vt 0.891149 0.839386
vt 0.894829 0.842350
vt 0.879558 0.838153
vt 0.882457 0.832369
vt 0.882457 0.838757
vt 0.880979 0.831989
vt 0.882457 0.832369
vt 0.893473 0.830904
vt 0.893473 0.832369
vt 0.882457 0.830904
vt 0.883943 0.839386
vt 0.881000 0.842350
vt 0.881009 0.839386
vt 0.883935 0.842350
vt 0.894610 0.843551
vt 0.889794 0.846515
vt 0.889794 0.843551
vt 0.894610 0.846515
vt 0.885391 0.843551
vt 0.880566 0.846515
vt 0.880566 0.843551
vt 0.885391 0.846515
vt 0.889794 0.843551
vt 0.885391 0.846515
vt 0.885391 0.843551
vt 0.889794 0.846515
vt 0.889794 0.838757
vt 0.882457 0.832369
vt 0.893473 0.832369
vt 0.885391 0.838757
vt 0.885391 0.843551
vt 0.889794 0.843551
vt 0.893473 0.832369
vt 0.896369 0.838153
vt 0.893473 0.838757
vt 0.894948 0.831989
vt 0.894828 0.839386
vt 0.891151 0.842350
vt 0.891149 0.839386
vt 0.894829 0.842350
vt 0.879558 0.838153
vt 0.882457 0.832369
vt 0.882457 0.838757
vt 0.880979 0.831989
vt 0.882457 0.832369
vt 0.893473 0.830904
vt 0.893473 0.832369
vt 0.882457 0.830904
vt 0.883943 0.839386
vt 0.881000 0.842350
vt 0.881009 0.839386
vt 0.883935 0.842350
vt 0.894618 0.843551
vt 0.889794 0.846515
vt 0.889794 0.843551
vt 0.894618 0.846515
vt 0.885391 0.843551
vt 0.880565 0.846515
vt 0.880565 0.843551
vt 0.885391 0.846515
vt 0.889794 0.843551
vt 0.885391 0.846515
vt 0.885391 0.843551
vt 0.889794 0.846515
vt 0.886455 0.854482
vt 0.887534 0.868275
vt 0.886455 0.868275
vt 0.887534 0.854482
vt 0.887534 0.854482
vt 0.888617 0.868275
vt 0.887534 0.868275
vt 0.888617 0.854482
vt 0.884301 0.854482
vt 0.885379 0.868275
vt 0.884301 0.868275
vt 0.885379 0.854482
vt 0.885379 0.854482
vt 0.886455 0.868275
vt 0.885379 0.868275
vt 0.886455 0.854482
vt 0.887534 0.848419
vt 0.886455 0.847618
vt 0.888617 0.849222
vt 0.887534 0.848419
vt 0.884301 0.849193
vt 0.885379 0.854482
vt 0.885379 0.848407
vt 0.885379 0.848407
vt 0.886455 0.868275
vt 0.887534 0.874354
vt 0.886455 0.875145
vt 0.888617 0.873575
vt 0.887534 0.874354
vt 0.885379 0.868275
vt 0.884301 0.873510
vt 0.885379 0.874334
vt 0.885379 0.874334
vt 0.886455 0.875145
vt 0.710250 0.870189
vt 0.706456 0.878402
vt 0.710252 0.878402
vt 0.706456 0.870189
vt 0.710251 0.861401
vt 0.706456 0.852900
vt 0.710251 0.852900
vt 0.706456 0.861401
vt 0.710252 0.870189
vt 0.706456 0.861401
vt 0.710251 0.861401
vt 0.706456 0.870189
vt 0.710252 0.878691
vt 0.706456 0.870189
vt 0.710252 0.870189
vt 0.706456 0.878691
vt 0.710252 0.886762
vt 0.706456 0.878691
vt 0.710252 0.878691
vt 0.706456 0.886761
vt 0.710252 0.894831
vt 0.706456 0.886761
vt 0.710252 0.886762
vt 0.706456 0.894831
vt 0.710252 0.903333
vt 0.706456 0.894831
vt 0.710252 0.894831
vt 0.706456 0.903333
vt 0.710252 0.912121
vt 0.706456 0.903333
vt 0.710252 0.903333
vt 0.706456 0.912120
vt 0.710252 0.886472
vt 0.706456 0.894831
vt 0.710252 0.894831
vt 0.706456 0.886472
vt 0.710252 0.878402
vt 0.706456 0.886472
vt 0.710252 0.886472
vt 0.706456 0.878402
vt 0.732768 0.905995
vt 0.737533 0.891329
vt 0.737533 0.899436
vt 0.732768 0.884770
vt 0.725058 0.882264
vt 0.725058 0.908500
vt 0.717347 0.884770
vt 0.712581 0.899436
vt 0.712581 0.891329
vt 0.717347 0.905995
vt 0.734782 0.978930
vt 0.744344 0.983955
vt 0.744344 0.978930
vt 0.734782 0.983955
vt 0.725514 0.978930
vt 0.725514 0.983955
vt 0.715841 0.978930
vt 0.715841 0.983955
vt 0.706028 0.978930
vt 0.706028 0.983955
vt 0.696212 0.983955
vt 0.696211 0.978930
vt 0.725514 0.983955
vt 0.715841 0.978930
vt 0.725514 0.978930
vt 0.715841 0.983955
vt 0.734782 0.983955
vt 0.734782 0.978930
vt 0.744392 0.978930
vt 0.734782 0.983955
vt 0.744392 0.983955
vt 0.753953 0.978930
vt 0.753953 0.983955
vt 0.763221 0.978930
vt 0.763221 0.983955
vt 0.772895 0.978930
vt 0.772895 0.983955
vt 0.782658 0.978930
vt 0.792475 0.983955
vt 0.792476 0.978930
vt 0.782660 0.983955
vt 0.772895 0.983955
vt 0.772895 0.978930
vt 0.763221 0.983955
vt 0.763221 0.978930
vt 0.753953 0.983955
vt 0.753953 0.978930
vt 0.753953 0.983955
vt 0.879895 0.851024
vt 0.881749 0.860345
vt 0.879895 0.869666
vt 0.842275 0.817444
vt 0.855881 0.816910
vt 0.856834 0.819545
vt 0.842665 0.815004
vt 0.853626 0.813979
vt 0.855197 0.810975
vt 0.855929 0.813924
vt 0.852312 0.811524
vt 0.856834 0.819545
vt 0.859178 0.831241
vt 0.856834 0.828189
vt 0.859178 0.816490
vt 0.855881 0.830821
vt 0.842275 0.830290
vt 0.856834 0.828189
vt 0.842666 0.832729
vt 0.839767 0.830296
vt 0.842275 0.817444
vt 0.842275 0.830290
vt 0.839767 0.817439
vt 0.855196 0.810973
vt 0.853626 0.813969
vt 0.855928 0.813920
vt 0.852311 0.811518
vt 0.842275 0.830290
vt 0.842275 0.817444
vt 0.870421 0.834564
vt 0.870421 0.813167
vt 0.873750 0.813241
vt 0.876747 0.819355
vt 0.873750 0.819355
vt 0.876747 0.813239
vt 0.876747 0.828374
vt 0.873750 0.828375
vt 0.873750 0.834490
vt 0.876747 0.834489
vt 0.870404 0.810170
vt 0.859175 0.813134
vt 0.870421 0.813167
vt 0.858483 0.810185
vt 0.859175 0.813133
vt 0.870404 0.810170
vt 0.870421 0.813167
vt 0.858483 0.810185
vt 0.855929 0.813924
vt 0.858483 0.810185
vt 0.859175 0.813133
vt 0.859175 0.813134
vt 0.858483 0.810185
vt 0.026413 0.579854
vt 0.025348 0.574978
vt 0.026413 0.575555
vt 0.025348 0.580429
vt 0.873750 0.819355
vt 0.873750 0.828375
vt 0.760383 0.806113
vt 0.756219 0.820807
vt 0.756219 0.805839
vt 0.760383 0.821222
vt 0.764997 0.806945
vt 0.764997 0.822195
vt 0.771652 0.809364
vt 0.768741 0.824047
vt 0.725974 0.812367
vt 0.740941 0.823075
vt 0.725974 0.823075
vt 0.740941 0.812367
vt 0.764997 0.822195
vt 0.771652 0.809364
vt 0.764997 0.806945
vt 0.768741 0.824047
vt 0.760383 0.821222
vt 0.760383 0.806113
vt 0.756219 0.820807
vt 0.751958 0.806113
vt 0.751958 0.821222
vt 0.740941 0.812367
vt 0.744737 0.823075
vt 0.740941 0.823075
vt 0.744782 0.812367
vt 0.748563 0.821586
vt 0.750160 0.817774
vt 0.748594 0.813949
vt 0.871611 0.952495
vt 0.902784 0.944811
vt 0.902784 0.954510
vt 0.871611 0.947846
vt 0.907130 0.945995
vt 0.909114 0.949499
vt 0.907308 0.953097
vt 0.871611 0.952495
vt 0.869231 0.947846
vt 0.871611 0.947846
vt 0.869231 0.952495
vt 0.744992 0.954401
vt 0.776179 0.952020
vt 0.776179 0.954401
vt 0.744992 0.952020
vt 0.776179 0.954401
vt 0.744992 0.952020
vt 0.744992 0.954401
vt 0.776179 0.952020
vt 0.740261 0.954401
vt 0.740261 0.952020
vt 0.740261 0.952020
vt 0.740261 0.954401
vt 0.736235 0.954401
vt 0.736235 0.952020
vt 0.732209 0.954401
vt 0.732209 0.952020
vt 0.031835 0.580867
vt 0.028259 0.580809
vt 0.030972 0.569397
vt 0.031328 0.582545
vt 0.028711 0.582502
vt 0.030008 0.583222
vt 0.996648 0.731107
vt 0.987656 0.695543
vt 0.996648 0.695543
vt 0.987654 0.731107
vt 0.996648 0.767267
vt 0.985736 0.767267
vt 0.889461 0.672714
vt 0.877911 0.667998
vt 0.889461 0.667998
vt 0.877911 0.672714
vt 0.930999 0.696532
vt 0.919273 0.776717
vt 0.985757 0.692723
vt 0.996648 0.801419
vt 0.996648 0.776717
vt 0.919273 0.801419
vt 0.996648 0.831685
vt 0.919273 0.831685
vt 0.996647 0.860348
vt 0.919272 0.860348
vt 0.996647 0.882511
vt 0.919272 0.882511
vt 0.996647 0.898836
vt 0.919272 0.898835
vt 0.980689 0.915683
vt 0.919272 0.915683
vt 0.980689 0.957440
vt 0.996647 0.935454
vt 0.996647 0.957440
vt 0.980689 0.935454
vt 0.877901 0.641640
vt 0.891314 0.641640
vt 0.877903 0.695382
vt 0.891917 0.695384
vt 0.877911 0.696531
vt 0.892300 0.696532
vt 0.996647 0.915683
vt 0.587853 0.978801
vt 0.564233 0.920233
vt 0.587852 0.920233
vt 0.564233 0.978801
vt 0.607947 0.920233
vt 0.607947 0.978801
vt 0.646327 0.978801
vt 0.607947 0.920233
vt 0.646327 0.917385
vt 0.607947 0.978801
vt 0.021360 0.544849
vt 0.032029 0.555556
vt 0.017871 0.551976
vt 0.034765 0.548531
vt 0.846170 0.911541
vt 0.875217 0.940484
vt 0.856160 0.947907
vt 0.865506 0.902076
vt 0.025623 0.557682
vt 0.012557 0.555124
vt 0.016864 0.544573
vt 0.011474 0.560063
vt 0.877911 0.667998
vt 0.870545 0.695383
vt 0.873215 0.641640
vt 0.877911 0.672714
vt 0.919198 0.995771
vt 0.980689 0.981415
vt 0.919257 0.981416
vt 0.979410 0.995801
vt 0.919189 0.981434
vt 0.979410 0.957500
vt 0.979401 0.981449
vt 0.919198 0.957470
vt 0.542562 0.978801
vt 0.542561 0.920233
vt 0.980687 0.981406
vt 0.996647 0.981406
vt 0.685723 0.681015
vt 0.730951 0.577306
vt 0.730951 0.681011
vt 0.685723 0.577304
vt 0.635104 0.695543
vt 0.625997 0.731107
vt 0.625997 0.695543
vt 0.635105 0.731107
vt 0.625997 0.767267
vt 0.636908 0.767267
vt 0.910004 0.658531
vt 0.898454 0.663246
vt 0.898454 0.658531
vt 0.910004 0.663246
vt 0.625997 0.776717
vt 0.703373 0.776717
vt 0.625997 0.801419
vt 0.703373 0.801419
vt 0.625998 0.831658
vt 0.703373 0.831658
vt 0.625998 0.860348
vt 0.703373 0.860348
vt 0.625998 0.882511
vt 0.703373 0.882511
vt 0.625998 0.898836
vt 0.703373 0.898835
vt 0.641957 0.914317
vt 0.703373 0.914317
vt 0.996646 0.935454
vt 0.980687 0.957440
vt 0.996647 0.957440
vt 0.980687 0.935454
vt 0.910013 0.632172
vt 0.896600 0.632172
vt 0.910010 0.685916
vt 0.895998 0.685917
vt 0.738349 0.695384
vt 0.752356 0.696531
vt 0.737966 0.696532
vt 0.752363 0.695382
vt 0.996646 0.915683
vt 0.980687 0.915683
vt 0.520890 0.920233
vt 0.497289 0.978801
vt 0.497289 0.920233
vt 0.520890 0.978801
vt 0.475363 0.920233
vt 0.475363 0.978801
vt 0.607947 0.920233
vt 0.646327 0.978801
vt 0.646327 0.917385
vt 0.607947 0.978801
vt 0.032004 0.508117
vt 0.021360 0.519486
vt 0.017867 0.511934
vt 0.034765 0.515804
vt 0.028510 0.527754
vt 0.036732 0.524179
vt 0.799784 0.930907
vt 0.777363 0.911541
vt 0.799783 0.916552
vt 0.790094 0.953243
vt 0.746520 0.940417
vt 0.756876 0.902064
vt 0.767373 0.947907
vt 0.025623 0.503800
vt 0.012557 0.508841
vt 0.011474 0.503902
vt 0.016864 0.516910
vt 0.917368 0.685916
vt 0.910004 0.658531
vt 0.914699 0.632172
vt 0.910004 0.663246
vt 0.980687 0.981406
vt 0.919198 0.995761
vt 0.919256 0.981405
vt 0.979410 0.995791
vt 0.703373 0.801419
vt 0.914465 0.776717
vt 0.919273 0.801419
vt 0.707962 0.776717
vt 0.917084 0.831685
vt 0.705329 0.831658
vt 0.906198 0.860348
vt 0.716206 0.860348
vt 0.730085 0.878747
vt 0.893448 0.878747
vt 0.743836 0.892454
vt 0.879697 0.892454
vt 0.865506 0.902076
vt 0.756876 0.902064
vt 0.777363 0.911541
vt 0.846170 0.911541
vt 0.919256 0.981405
vt 0.919257 0.957439
vt 0.616802 0.804142
vt 0.606828 0.729092
vt 0.616802 0.729092
vt 0.606828 0.804142
vt 0.691647 0.696532
vt 0.636889 0.692723
vt 0.752356 0.696531
vt 0.914465 0.776717
vt 0.707962 0.776717
vt 0.877911 0.696531
vt 0.663248 0.688023
vt 0.690633 0.695384
vt 0.667964 0.688023
vt 0.932012 0.695384
vt 0.959398 0.688023
vt 0.954682 0.688023
vt 0.870269 0.641640
vt 0.869397 0.696397
vt 0.917645 0.632172
vt 0.918518 0.686929
vt 0.023207 0.536584
vt 0.028510 0.536581
vt 0.823749 0.930907
vt 0.823749 0.916552
vt 0.833438 0.953243
vt 0.799783 0.916552
vt 0.823749 0.916552
vt 0.893473 0.838757
vt 0.882457 0.838757
vt 0.893473 0.838757
vt 0.882457 0.838757
vt 0.859175 0.834597
vt 0.859175 0.813133
vt 0.029260 0.569397
vt 0.038952 0.567792
vt 0.011470 0.555119
vt 0.811766 0.955338
vt 0.037504 0.532168
vt 0.737966 0.696532
vt 0.023207 0.527751
vt 0.038952 0.493691
vt 0.011471 0.508846
vt 0.892300 0.696532
vt 0.625998 0.914317
vt 0.036732 0.540155
vt 0.848073 0.837843
vt 0.857394 0.884701
vt 0.848073 0.882847
vt 0.857394 0.835989
vt 0.866714 0.882847
vt 0.866714 0.837843
vt 0.874616 0.877567
vt 0.874616 0.843123
vt 0.840172 0.843123
vt 0.840172 0.877567
vt 0.834891 0.851024
vt 0.834891 0.869666
vt 0.833038 0.860345
vt 0.622227 0.398582
vt 0.592910 0.398582
vt 0.619427 0.389967
vt 0.595710 0.389967
vt 0.612098 0.384642
vt 0.603039 0.384642
vt 0.702546 0.501250
vt 0.702510 0.487284
vt 0.705586 0.494041
vt 0.688538 0.500876
vt 0.695410 0.504018
vt 0.688634 0.487533
vt 0.685662 0.494041
vt 0.695410 0.484047
vt 0.706901 0.506459
vt 0.712846 0.494033
vt 0.695279 0.511126
vt 0.683562 0.506416
vt 0.678436 0.494033
vt 0.683226 0.482489
vt 0.695279 0.477441
vt 0.706900 0.481973
vt 0.702546 0.501250
vt 0.702510 0.487284
vt 0.705586 0.494041
vt 0.688538 0.500875
vt 0.695410 0.504018
vt 0.688634 0.487533
vt 0.685662 0.494041
vt 0.695410 0.484047
vt 0.706900 0.481973
vt 0.712846 0.494033
vt 0.695279 0.477441
vt 0.683225 0.482489
vt 0.678436 0.494033
vt 0.683562 0.506416
vt 0.695279 0.511126
vt 0.706901 0.506459
vt 0.201434 0.315545
vt 0.190816 0.315824
vt 0.190771 0.317745
vt 0.139664 0.314216
vt 0.139824 0.313303
vt 0.130060 0.312759
vt 0.148176 0.313806
vt 0.147765 0.316620
vt 0.155686 0.314216
vt 0.155056 0.319384
vt 0.163804 0.320349
vt 0.164325 0.314596
vt 0.171629 0.321359
vt 0.172163 0.314992
vt 0.180580 0.319958
vt 0.180896 0.315426
vt 0.209669 0.314035
vt 0.209669 0.325604
vt 0.207273 0.319820
vt 0.221239 0.314035
vt 0.215454 0.311640
vt 0.221239 0.325604
vt 0.223635 0.319820
vt 0.215454 0.328001
vt 0.181006 0.311237
vt 0.190867 0.311237
vt 0.200215 0.311237
vt 0.130882 0.311237
vt 0.140069 0.311237
vt 0.148368 0.311237
vt 0.155846 0.311237
vt 0.164450 0.311237
vt 0.172281 0.311237
vt 0.203496 0.330569
vt 0.203496 0.340950
vt 0.201345 0.335760
vt 0.208686 0.328419
vt 0.213877 0.330569
vt 0.216027 0.335760
vt 0.213877 0.340950
vt 0.208686 0.343101
vt 0.187975 0.344324
vt 0.197867 0.328793
vt 0.197867 0.344324
vt 0.187975 0.328793
vt 0.177302 0.344324
vt 0.177302 0.328793
vt 0.166578 0.344324
vt 0.166578 0.328793
vt 0.155817 0.344324
vt 0.166578 0.328793
vt 0.155817 0.328793
vt 0.166578 0.328793
vt 0.167132 0.323205
vt 0.172418 0.323336
vt 0.160484 0.321530
vt 0.177302 0.328793
vt 0.177317 0.324280
vt 0.182287 0.323339
vt 0.187975 0.328793
vt 0.187591 0.323453
vt 0.193714 0.322138
vt 0.197867 0.328793
vt 0.201081 0.324479
vt 0.155817 0.328793
vt 0.152343 0.323999
vt 0.190816 0.315824
vt 0.201434 0.315545
vt 0.190771 0.317745
vt 0.139824 0.313303
vt 0.139664 0.314216
vt 0.130060 0.312759
vt 0.148176 0.313806
vt 0.147765 0.316620
vt 0.155686 0.314216
vt 0.155058 0.319384
vt 0.164325 0.314596
vt 0.163804 0.320349
vt 0.171629 0.321358
vt 0.172163 0.314992
vt 0.180580 0.319957
vt 0.180896 0.315426
vt 0.209669 0.325604
vt 0.209669 0.314035
vt 0.207273 0.319820
vt 0.221239 0.325604
vt 0.215454 0.328001
vt 0.221239 0.314035
vt 0.223635 0.319820
vt 0.215454 0.311640
vt 0.181006 0.311237
vt 0.190867 0.311237
vt 0.200215 0.311237
vt 0.130882 0.311237
vt 0.140069 0.311237
vt 0.148368 0.311237
vt 0.155846 0.311237
vt 0.164451 0.311237
vt 0.172281 0.311237
vt 0.203496 0.340950
vt 0.203496 0.330569
vt 0.201345 0.335760
vt 0.208686 0.343101
vt 0.213877 0.340950
vt 0.216027 0.335760
vt 0.213877 0.330569
vt 0.208686 0.328419
vt 0.155817 0.328793
vt 0.166578 0.344323
vt 0.155817 0.344323
vt 0.166578 0.328793
vt 0.166578 0.328793
vt 0.177302 0.344323
vt 0.177302 0.328793
vt 0.187975 0.344323
vt 0.187975 0.328793
vt 0.197867 0.344323
vt 0.197867 0.328793
vt 0.187975 0.328793
vt 0.187591 0.323452
vt 0.193714 0.322138
vt 0.182287 0.323339
vt 0.177302 0.328793
vt 0.177317 0.324279
vt 0.172418 0.323335
vt 0.166578 0.328793
vt 0.167132 0.323205
vt 0.160484 0.321529
vt 0.155817 0.328793
vt 0.152343 0.323999
vt 0.197867 0.328793
vt 0.201081 0.324479
vt 0.273481 0.836744
vt 0.280256 0.833099
vt 0.278261 0.841195
vt 0.282196 0.839225
vt 0.519411 0.982151
vt 0.511694 0.997147
vt 0.519411 0.997147
vt 0.511694 0.982151
vt 0.503978 0.997147
vt 0.503978 0.982151
vt 0.473152 0.982150
vt 0.480869 0.997145
vt 0.473152 0.997145
vt 0.480869 0.982150
vt 0.488562 0.997145
vt 0.488562 0.982150
vt 0.260944 0.767175
vt 0.267767 0.757316
vt 0.256717 0.758606
vt 0.269382 0.765240
vt 0.271940 0.772949
vt 0.263828 0.776051
vt 0.259110 0.787366
vt 0.266735 0.796701
vt 0.267684 0.788938
vt 0.255865 0.795875
vt 0.255865 0.815256
vt 0.266868 0.805432
vt 0.266735 0.814897
vt 0.256195 0.805432
vt 0.246236 0.768366
vt 0.240459 0.760710
vt 0.239584 0.816053
vt 0.238877 0.805432
vt 0.237836 0.773653
vt 0.237408 0.760757
vt 0.241950 0.773653
vt 0.240446 0.784172
vt 0.236676 0.784172
vt 0.239584 0.794975
vt 0.236450 0.794975
vt 0.236450 0.816053
vt 0.238877 0.805432
vt 0.235463 0.805432
vt 0.231957 0.772825
vt 0.236676 0.784172
vt 0.237836 0.773653
vt 0.231957 0.782981
vt 0.228359 0.816962
vt 0.235463 0.805432
vt 0.236450 0.816053
vt 0.227092 0.805432
vt 0.211474 0.767541
vt 0.229179 0.760730
vt 0.206793 0.760726
vt 0.230818 0.767541
vt 0.206793 0.782402
vt 0.211474 0.787414
vt 0.209129 0.782402
vt 0.206793 0.793893
vt 0.206793 0.816963
vt 0.227092 0.805432
vt 0.228359 0.816962
vt 0.206793 0.805432
vt 0.371920 0.764944
vt 0.358678 0.766565
vt 0.366192 0.756418
vt 0.368389 0.769988
vt 0.358678 0.779344
vt 0.368490 0.776147
vt 0.366230 0.789546
vt 0.371984 0.781122
vt 0.378243 0.793164
vt 0.377805 0.783045
vt 0.209129 0.771273
vt 0.206793 0.771273
vt 0.228358 0.793893
vt 0.230044 0.787414
vt 0.211474 0.767541
vt 0.279653 0.825052
vt 0.278788 0.819600
vt 0.283121 0.816853
vt 0.275799 0.834301
vt 0.425790 0.980039
vt 0.443189 0.964361
vt 0.445383 0.980425
vt 0.423250 0.965788
vt 0.399486 0.979856
vt 0.382616 0.963341
vt 0.402411 0.965602
vt 0.379966 0.980064
vt 0.298166 0.825062
vt 0.298618 0.819221
vt 0.302045 0.834300
vt 0.294480 0.816860
vt 0.245934 0.787366
vt 0.467707 0.871493
vt 0.452972 0.884776
vt 0.446776 0.871493
vt 0.461850 0.884776
vt 0.473096 0.946553
vt 0.455937 0.932322
vt 0.457464 0.946553
vt 0.473096 0.929500
vt 0.464322 0.926396
vt 0.454073 0.928488
vt 0.473096 0.929500
vt 0.450901 0.925397
vt 0.464322 0.908516
vt 0.454073 0.906222
vt 0.450901 0.909690
vt 0.473096 0.905458
vt 0.473098 0.888493
vt 0.455937 0.903060
vt 0.473096 0.905458
vt 0.457464 0.888493
vt 0.307377 0.852439
vt 0.300029 0.856795
vt 0.300746 0.852455
vt 0.305888 0.859987
vt 0.527104 0.982151
vt 0.527104 0.997147
vt 0.256329 0.749001
vt 0.267432 0.749001
vt 0.240291 0.749001
vt 0.237202 0.749001
vt 0.240291 0.749001
vt 0.229179 0.749001
vt 0.237408 0.760757
vt 0.237202 0.749001
vt 0.229179 0.760730
vt 0.206793 0.749001
vt 0.229179 0.749001
vt 0.377804 0.762966
vt 0.378116 0.752820
vt 0.283827 0.642000
vt 0.278739 0.635223
vt 0.278739 0.642022
vt 0.283827 0.635223
vt 0.288915 0.635223
vt 0.288915 0.642000
vt 0.294003 0.635223
vt 0.294003 0.642022
vt 0.299073 0.635223
vt 0.299073 0.642022
vt 0.273669 0.642022
vt 0.273669 0.635223
vt 0.286542 0.838542
vt 0.287888 0.832130
vt 0.511689 0.997145
vt 0.519405 0.982150
vt 0.519405 0.997145
vt 0.511689 0.982150
vt 0.503973 0.997145
vt 0.503972 0.982150
vt 0.496255 0.997145
vt 0.496255 0.982150
vt 0.260944 0.767175
vt 0.267759 0.757317
vt 0.269382 0.765240
vt 0.256718 0.758604
vt 0.271941 0.772949
vt 0.260944 0.767175
vt 0.263829 0.776051
vt 0.266735 0.796701
vt 0.259110 0.787366
vt 0.267684 0.788938
vt 0.255865 0.795875
vt 0.246236 0.768366
vt 0.240471 0.760724
vt 0.239584 0.794975
vt 0.237837 0.773653
vt 0.241951 0.773653
vt 0.237431 0.760724
vt 0.240446 0.784172
vt 0.236676 0.784172
vt 0.236450 0.794975
vt 0.236676 0.784172
vt 0.231957 0.772825
vt 0.237837 0.773653
vt 0.231957 0.782981
vt 0.228359 0.793893
vt 0.236450 0.794975
vt 0.211474 0.767541
vt 0.229179 0.760724
vt 0.230819 0.767541
vt 0.206793 0.760726
vt 0.206793 0.782402
vt 0.211474 0.787414
vt 0.206793 0.793893
vt 0.209129 0.782402
vt 0.206793 0.793893
vt 0.228359 0.793893
vt 0.396846 0.766568
vt 0.383753 0.764861
vt 0.389674 0.756722
vt 0.387329 0.769951
vt 0.397022 0.778939
vt 0.387282 0.776157
vt 0.389960 0.789110
vt 0.383648 0.781171
vt 0.209129 0.771273
vt 0.206793 0.771273
vt 0.230044 0.787414
vt 0.278788 0.819601
vt 0.279653 0.825052
vt 0.283121 0.816854
vt 0.275799 0.834301
vt 0.442674 0.996367
vt 0.422997 0.994341
vt 0.382711 0.996548
vt 0.402240 0.994237
vt 0.379966 0.980064
vt 0.298165 0.825064
vt 0.298616 0.819221
vt 0.294480 0.816860
vt 0.302044 0.834302
vt 0.245934 0.787366
vt 0.452972 0.858209
vt 0.461850 0.858209
vt 0.455937 0.932322
vt 0.473096 0.946553
vt 0.457464 0.946553
vt 0.473096 0.929500
vt 0.464322 0.926396
vt 0.454073 0.928488
vt 0.450901 0.925397
vt 0.473096 0.929500
vt 0.454073 0.906222
vt 0.464322 0.908516
vt 0.450901 0.909690
vt 0.473096 0.905458
vt 0.473098 0.888493
vt 0.455937 0.903060
vt 0.457464 0.888493
vt 0.473096 0.905458
vt 0.300037 0.848113
vt 0.305901 0.844889
vt 0.527104 0.982151
vt 0.527104 0.997147
vt 0.256329 0.749001
vt 0.267432 0.749001
vt 0.240291 0.749001
vt 0.237202 0.749001
vt 0.240291 0.749001
vt 0.237431 0.760724
vt 0.229179 0.749001
vt 0.237202 0.749001
vt 0.229179 0.760724
vt 0.206793 0.749001
vt 0.229179 0.749001
vt 0.377804 0.762966
vt 0.283827 0.642000
vt 0.278739 0.635223
vt 0.283827 0.635223
vt 0.278739 0.642022
vt 0.288915 0.635223
vt 0.288914 0.642000
vt 0.294003 0.635223
vt 0.294003 0.642022
vt 0.299073 0.635223
vt 0.299073 0.642022
vt 0.273669 0.642022
vt 0.273669 0.635223
vt 0.310542 0.640881
vt 0.318446 0.636113
vt 0.318446 0.640880
vt 0.310540 0.636111
vt 0.302637 0.640881
vt 0.302637 0.636113
vt 0.310542 0.640881
vt 0.302637 0.636113
vt 0.302637 0.640881
vt 0.310542 0.636113
vt 0.318446 0.640881
vt 0.318446 0.636114
vt 0.326350 0.640881
vt 0.326350 0.636113
vt 0.334254 0.640881
vt 0.334254 0.636114
vt 0.326350 0.640881
vt 0.334254 0.636114
vt 0.334254 0.640881
vt 0.326350 0.636113
vt 0.272952 0.662823
vt 0.268040 0.658052
vt 0.272952 0.658052
vt 0.268040 0.662823
vt 0.268040 0.667595
vt 0.272952 0.667595
vt 0.272952 0.672365
vt 0.268040 0.672365
vt 0.272952 0.677137
vt 0.268040 0.677136
vt 0.272952 0.681908
vt 0.268040 0.681908
vt 0.272952 0.686679
vt 0.268040 0.686679
vt 0.272952 0.691451
vt 0.268040 0.691450
vt 0.272952 0.696222
vt 0.268040 0.696222
vt 0.272952 0.700993
vt 0.268040 0.700993
vt 0.272952 0.648509
vt 0.268040 0.643739
vt 0.272952 0.643739
vt 0.268040 0.648509
vt 0.268040 0.653281
vt 0.272952 0.653281
vt 0.248243 0.926158
vt 0.000975 0.922250
vt 0.248243 0.922253
vt 0.000975 0.926156
vt 0.248242 0.930063
vt 0.000975 0.930061
vt 0.248242 0.933966
vt 0.000975 0.933966
vt 0.248241 0.937870
vt 0.000976 0.937872
vt 0.248241 0.941774
vt 0.000976 0.941777
vt 0.248241 0.945679
vt 0.000976 0.945682
vt 0.248241 0.949585
vt 0.000976 0.949588
vt 0.248240 0.953492
vt 0.000977 0.953493
vt 0.248240 0.957399
vt 0.000977 0.957399
vt 0.248244 0.914440
vt 0.000974 0.910534
vt 0.248244 0.910534
vt 0.000974 0.914439
vt 0.248244 0.918347
vt 0.000974 0.918344
vt 0.334680 0.658052
vt 0.272952 0.662823
vt 0.272952 0.658052
vt 0.334680 0.662823
vt 0.272952 0.667595
vt 0.334680 0.667594
vt 0.272952 0.672365
vt 0.334680 0.672365
vt 0.272952 0.677137
vt 0.334680 0.677137
vt 0.272952 0.681908
vt 0.334680 0.681908
vt 0.272952 0.686679
vt 0.334680 0.686679
vt 0.272952 0.691451
vt 0.334680 0.691451
vt 0.272952 0.696222
vt 0.334680 0.696222
vt 0.272952 0.700993
vt 0.334680 0.700993
vt 0.334680 0.643739
vt 0.272952 0.648509
vt 0.272952 0.643739
vt 0.334680 0.648509
vt 0.272952 0.653281
vt 0.334680 0.653280
vt 0.305887 0.844921
vt 0.297980 0.844218
vt 0.300028 0.848112
vt 0.301671 0.838457
vt 0.294827 0.841151
vt 0.295376 0.833996
vt 0.290890 0.839187
vt 0.287893 0.832109
vt 0.286545 0.838500
vt 0.242513 0.786619
vt 0.230818 0.767541
vt 0.230044 0.787414
vt 0.236450 0.794975
vt 0.228358 0.793893
vt 0.425790 0.980039
vt 0.420950 0.974216
vt 0.423250 0.965788
vt 0.407022 0.962900
vt 0.409600 0.970419
vt 0.404597 0.974144
vt 0.415927 0.970413
vt 0.418602 0.962900
vt 0.399486 0.979856
vt 0.243118 0.769805
vt 0.454073 0.928488
vt 0.460418 0.917437
vt 0.454073 0.906222
vt 0.402787 0.979884
vt 0.402411 0.965602
vt 0.422651 0.980015
vt 0.288911 0.821223
vt 0.279653 0.825052
vt 0.297991 0.844218
vt 0.301685 0.838425
vt 0.294834 0.841154
vt 0.295380 0.833978
vt 0.290891 0.839204
vt 0.242514 0.786619
vt 0.230819 0.767541
vt 0.230044 0.787414
vt 0.420820 0.985808
vt 0.422997 0.994341
vt 0.418324 0.997147
vt 0.415764 0.989598
vt 0.409461 0.989507
vt 0.406793 0.996993
vt 0.404533 0.985716
vt 0.243118 0.769805
vt 0.454073 0.928488
vt 0.460418 0.917437
vt 0.454073 0.906222
vt 0.402240 0.994237
vt 0.288911 0.821225
vt 0.298165 0.825064
vt 0.279653 0.825052
vt 0.177146 0.767175
vt 0.171402 0.772718
vt 0.171402 0.767175
vt 0.177148 0.772718
vt 0.171402 0.772718
vt 0.177147 0.832032
vt 0.171401 0.832033
vt 0.177148 0.772718
vt 0.177147 0.832032
vt 0.171401 0.834211
vt 0.171401 0.832033
vt 0.177146 0.834211
vt 0.177146 0.834211
vt 0.171399 0.838432
vt 0.171401 0.834211
vt 0.177143 0.838432
vt 0.177143 0.838432
vt 0.171398 0.840002
vt 0.171399 0.838432
vt 0.177142 0.840002
vt 0.177142 0.840002
vt 0.171397 0.842870
vt 0.171398 0.840002
vt 0.177141 0.842870
vt 0.182892 0.767175
vt 0.182895 0.772718
vt 0.182895 0.772718
vt 0.182894 0.832032
vt 0.182894 0.832032
vt 0.182892 0.834210
vt 0.182892 0.834210
vt 0.182890 0.838432
vt 0.182890 0.838432
vt 0.182890 0.840003
vt 0.182890 0.840003
vt 0.182890 0.842870
vt 0.188640 0.767175
vt 0.188642 0.772718
vt 0.188642 0.772718
vt 0.188642 0.832032
vt 0.188642 0.832032
vt 0.188640 0.834210
vt 0.188640 0.834210
vt 0.188639 0.838432
vt 0.188639 0.838432
vt 0.188639 0.840002
vt 0.188639 0.840002
vt 0.188639 0.842870
vt 0.194389 0.767175
vt 0.194390 0.772718
vt 0.194390 0.772718
vt 0.194389 0.832031
vt 0.194389 0.832031
vt 0.194389 0.834209
vt 0.194389 0.834209
vt 0.194389 0.838430
vt 0.194389 0.838430
vt 0.194389 0.840001
vt 0.194389 0.840001
vt 0.194389 0.842870
vt 0.200138 0.767175
vt 0.200139 0.772718
vt 0.200139 0.772718
vt 0.200139 0.832030
vt 0.200139 0.832030
vt 0.200138 0.834207
vt 0.200138 0.834207
vt 0.200138 0.838430
vt 0.200138 0.838430
vt 0.200138 0.840001
vt 0.200138 0.840001
vt 0.200138 0.842870
vt 0.205888 0.767175
vt 0.205888 0.772718
vt 0.205888 0.832029
vt 0.205888 0.772718
vt 0.205888 0.832029
vt 0.205888 0.834206
vt 0.205888 0.834206
vt 0.205888 0.838430
vt 0.205888 0.838430
vt 0.205888 0.840002
vt 0.205888 0.840002
vt 0.205888 0.842870
vt 0.142668 0.767175
vt 0.136919 0.772718
vt 0.136919 0.767175
vt 0.142666 0.772718
vt 0.142666 0.772718
vt 0.136919 0.832029
vt 0.136919 0.772718
vt 0.142667 0.832030
vt 0.142667 0.832030
vt 0.136919 0.834206
vt 0.136919 0.832029
vt 0.142668 0.834207
vt 0.142668 0.834207
vt 0.136919 0.838430
vt 0.136919 0.834206
vt 0.142669 0.838430
vt 0.142669 0.838430
vt 0.136917 0.840002
vt 0.136919 0.838430
vt 0.142668 0.840001
vt 0.142668 0.840001
vt 0.136920 0.842870
vt 0.136917 0.840002
vt 0.142668 0.842870
vt 0.148417 0.767175
vt 0.148415 0.772718
vt 0.148415 0.772718
vt 0.148415 0.832031
vt 0.148415 0.832031
vt 0.148417 0.834209
vt 0.148417 0.834209
vt 0.148418 0.838430
vt 0.148418 0.838430
vt 0.148418 0.840001
vt 0.148418 0.840001
vt 0.148418 0.842870
vt 0.154165 0.767175
vt 0.154162 0.772718
vt 0.154162 0.772718
vt 0.154163 0.832032
vt 0.154163 0.832032
vt 0.154165 0.834210
vt 0.154165 0.834210
vt 0.154167 0.838432
vt 0.154167 0.838432
vt 0.154167 0.840002
vt 0.154167 0.840002
vt 0.154167 0.842870
vt 0.159911 0.767175
vt 0.159909 0.772718
vt 0.159909 0.772718
vt 0.159910 0.832032
vt 0.159910 0.832032
vt 0.159911 0.834210
vt 0.159911 0.834210
vt 0.159914 0.838432
vt 0.159914 0.838432
vt 0.159915 0.840003
vt 0.159915 0.840003
vt 0.159916 0.842870
vt 0.165655 0.767175
vt 0.165655 0.772718
vt 0.165655 0.772718
vt 0.165656 0.832032
vt 0.165656 0.832032
vt 0.165656 0.834211
vt 0.165656 0.834211
vt 0.165658 0.838432
vt 0.165658 0.838432
vt 0.165659 0.840002
vt 0.165659 0.840002
vt 0.165660 0.842870
vt 0.204823 0.691904
vt 0.213499 0.706933
vt 0.207148 0.700580
vt 0.222176 0.709258
vt 0.207148 0.683226
vt 0.213499 0.676875
vt 0.222176 0.674550
vt 0.230853 0.676875
vt 0.237205 0.683226
vt 0.239530 0.691904
vt 0.230853 0.706933
vt 0.237205 0.700580
vt 0.992838 0.372778
vt 0.979911 0.401621
vt 0.977868 0.372786
vt 0.991108 0.401626
vt 0.549775 0.874938
vt 0.533608 0.871844
vt 0.548580 0.871844
vt 0.532414 0.874938
vt 0.976304 0.397873
vt 0.977868 0.372786
vt 0.979911 0.401621
vt 0.975450 0.373133
vt 0.992838 0.372778
vt 0.994617 0.400317
vt 0.991108 0.401626
vt 0.995260 0.373096
vt 0.695624 0.526065
vt 0.711224 0.534520
vt 0.695624 0.537099
vt 0.708026 0.523533
vt 0.720715 0.530307
vt 0.716439 0.518790
vt 0.525225 0.754417
vt 0.568180 0.744154
vt 0.568180 0.754417
vt 0.525225 0.744154
vt 0.716426 0.469966
vt 0.727123 0.525706
vt 0.716439 0.518790
vt 0.727123 0.463057
vt 0.520771 0.742088
vt 0.522819 0.757704
vt 0.520770 0.757704
vt 0.525225 0.754417
vt 0.521931 0.741131
vt 0.525225 0.744154
vt 0.526357 0.743194
vt 0.515488 0.742088
vt 0.520771 0.740951
vt 0.520771 0.742088
vt 0.515488 0.740951
vt 0.682711 0.523511
vt 0.680223 0.534477
vt 0.669264 0.529344
vt 0.674346 0.518800
vt 0.522819 0.757704
vt 0.568180 0.754417
vt 0.570586 0.757704
vt 0.525225 0.754417
vt 0.571475 0.739181
vt 0.567048 0.743194
vt 0.521931 0.739181
vt 0.695624 0.526065
vt 0.708026 0.465252
vt 0.708026 0.523533
vt 0.695624 0.462678
vt 0.663645 0.463057
vt 0.674346 0.518800
vt 0.663645 0.525706
vt 0.674346 0.469965
vt 0.572635 0.757704
vt 0.568180 0.744154
vt 0.572634 0.742088
vt 0.570586 0.757704
vt 0.571475 0.741131
vt 0.521931 0.890111
vt 0.571475 0.895395
vt 0.571475 0.890111
vt 0.521931 0.895395
vt 0.571475 0.890111
vt 0.572611 0.895396
vt 0.572611 0.890111
vt 0.571475 0.895395
vt 0.708026 0.465252
vt 0.720675 0.458429
vt 0.716426 0.469966
vt 0.711148 0.454174
vt 0.522819 0.871587
vt 0.520771 0.887205
vt 0.520770 0.871588
vt 0.525225 0.874938
vt 0.521931 0.888162
vt 0.525225 0.885139
vt 0.526357 0.886098
vt 0.520771 0.888341
vt 0.515488 0.887205
vt 0.520771 0.887205
vt 0.515488 0.888341
vt 0.682711 0.465253
vt 0.669251 0.459853
vt 0.680186 0.454723
vt 0.674346 0.469965
vt 0.571475 0.890111
vt 0.567048 0.886099
vt 0.521931 0.890111
vt 0.571475 0.888162
vt 0.568180 0.885139
vt 0.572634 0.887205
vt 0.571475 0.895395
vt 0.521931 0.895395
vt 0.572611 0.895396
vt 0.571475 0.890111
vt 0.572611 0.890111
vt 0.571475 0.895395
vt 0.572612 0.903793
vt 0.520795 0.896352
vt 0.572610 0.896352
vt 0.520795 0.903793
vt 0.520795 0.903793
vt 0.572610 0.896352
vt 0.520795 0.896352
vt 0.572612 0.903793
vt 0.560115 0.907571
vt 0.520795 0.903793
vt 0.531328 0.907557
vt 0.572612 0.903793
vt 0.560115 0.907571
vt 0.520795 0.903793
vt 0.572612 0.903793
vt 0.531328 0.907557
vt 0.515489 0.749273
vt 0.504956 0.879764
vt 0.504956 0.749273
vt 0.515489 0.879764
vt 0.672693 0.593975
vt 0.681094 0.682122
vt 0.672693 0.682122
vt 0.681094 0.593975
vt 0.666146 0.682122
vt 0.672693 0.593975
vt 0.672693 0.682122
vt 0.666146 0.593975
vt 0.560044 0.917344
vt 0.531257 0.917337
vt 0.666146 0.593975
vt 0.659484 0.682122
vt 0.659484 0.593975
vt 0.666146 0.682122
vt 0.560044 0.917344
vt 0.531257 0.917337
vt 0.520771 0.742088
vt 0.515489 0.749273
vt 0.515488 0.742088
vt 0.520770 0.757704
vt 0.572635 0.757704
vt 0.577917 0.879764
vt 0.572635 0.871587
vt 0.577917 0.749274
vt 0.572634 0.742088
vt 0.577917 0.742088
vt 0.572634 0.887205
vt 0.577917 0.887205
vt 0.695624 0.455632
vt 0.692459 0.451745
vt 0.525225 0.874938
vt 0.533101 0.871587
vt 0.532414 0.874938
vt 0.522819 0.871587
vt 0.568180 0.874938
vt 0.549024 0.871587
vt 0.570631 0.871587
vt 0.549775 0.874938
vt 0.531802 0.844360
vt 0.522819 0.871587
vt 0.522819 0.840224
vt 0.533101 0.871587
vt 0.570631 0.871587
vt 0.561545 0.844570
vt 0.570586 0.840224
vt 0.549024 0.871587
vt 0.695624 0.462678
vt 0.708001 0.457900
vt 0.526357 0.886098
vt 0.567048 0.886099
vt 0.520771 0.887205
vt 0.515489 0.879764
vt 0.520770 0.871588
vt 0.515488 0.887205
vt 0.716439 0.518790
vt 0.716426 0.469966
vt 0.682711 0.465253
vt 0.682711 0.523511
vt 0.674346 0.469965
vt 0.674346 0.518800
vt 0.572635 0.871587
vt 0.572634 0.887205
vt 0.570631 0.871587
vt 0.570586 0.840224
vt 0.570586 0.777575
vt 0.567048 0.743194
vt 0.526357 0.743194
vt 0.522819 0.840224
vt 0.522819 0.777576
vt 0.571475 0.895395
vt 0.521931 0.895395
vt 0.521931 0.895395
vt 0.571475 0.895395
vt 0.992913 0.369626
vt 0.977759 0.369638
vt 0.561545 0.772880
vt 0.570586 0.757704
vt 0.570586 0.777575
vt 0.525225 0.885139
vt 0.525225 0.874938
vt 0.568180 0.874938
vt 0.549405 0.846832
vt 0.568180 0.874938
vt 0.568180 0.885139
vt 0.568180 0.754417
vt 0.546533 0.770515
vt 0.522819 0.757704
vt 0.522819 0.777576
vt 0.531860 0.772880
vn 0.0000 1.0000 0.0000
vn -0.9695 0.0000 -0.2449
vn -0.9973 0.0000 0.0728
vn -0.9248 0.0000 0.3805
vn -0.8447 0.0000 -0.5353
vn -0.7660 0.0000 0.6428
vn -0.5353 0.0000 0.8447
vn -0.2449 0.0000 0.9695
vn 0.0728 -0.0000 0.9973
vn 0.3805 0.0000 0.9248
vn 0.6428 0.0000 0.7660
vn 0.8447 0.0000 0.5353
vn -0.3805 0.0000 -0.9248
vn -0.6428 0.0000 -0.7660
vn 0.9695 0.0000 0.2449
vn 0.9973 0.0000 -0.0728
vn 0.9248 0.0000 -0.3805
vn 0.7660 0.0000 -0.6428
vn 0.5353 0.0000 -0.8447
vn 0.2449 0.0000 -0.9695
vn -0.0728 0.0000 -0.9973
vn 0.3951 0.0000 -0.9187
vn 0.9733 0.0000 -0.2295
vn 0.0000 -1.0000 -0.0000
vn 0.0159 0.9168 0.3990
vn 0.0385 0.2636 0.9639
vn 0.1674 0.9168 0.3626
vn 0.4044 0.2636 0.8758
vn 0.2934 0.9168 0.2709
vn 0.7087 0.2636 0.6544
vn 0.3747 0.9168 0.1380
vn 0.9052 0.2636 0.3333
vn 0.3990 0.9168 -0.0159
vn 0.9639 0.2636 -0.0385
vn 0.3626 0.9168 -0.1674
vn 0.8758 0.2636 -0.4044
vn 0.2709 0.9168 -0.2934
vn 0.6544 0.2636 -0.7087
vn 0.1380 0.9168 -0.3747
vn 0.3333 0.2636 -0.9052
vn -0.0159 0.9168 -0.3990
vn -0.0385 0.2636 -0.9639
vn -0.1674 0.9168 -0.3625
vn -0.1674 0.9168 -0.3626
vn -0.4044 0.2636 -0.8758
vn -0.2934 0.9168 -0.2709
vn -0.7087 0.2636 -0.6544
vn -0.3747 0.9168 -0.1380
vn -0.9052 0.2636 -0.3333
vn -0.3990 0.9168 0.0159
vn -0.9639 0.2636 0.0385
vn -0.3626 0.9168 0.1674
vn -0.8758 0.2636 0.4044
vn -0.2709 0.9168 0.2934
vn -0.6544 0.2636 0.7087
vn -0.1380 0.9168 0.3747
vn -0.3333 0.2636 0.9052
vn -0.7234 0.0000 -0.6904
vn -0.7235 0.0000 -0.6904
vn -0.6904 -0.0000 0.7235
vn 0.7234 0.0000 0.6904
vn 0.7235 0.0000 0.6904
vn 0.6904 -0.0000 -0.7235
vn -0.4882 0.7071 0.5115
vn -0.4882 0.7071 0.5116
vn 0.4882 0.7071 -0.5115
vn 0.4882 0.7071 -0.5116
vn 0.0213 0.0000 -0.9998
vn 0.0214 0.0000 -0.9998
vn -0.9998 0.0000 -0.0213
vn -0.0213 0.0000 0.9998
vn -0.0214 -0.0000 0.9998
vn 0.9998 0.0000 0.0213
vn -0.7069 0.7071 -0.0151
vn 0.7069 0.7071 0.0151
vn 0.7528 0.0000 -0.6583
vn 0.7527 0.0000 -0.6583
vn 0.7527 0.0001 -0.6583
vn -0.6583 0.0000 -0.7528
vn -0.7528 0.0000 0.6583
vn 0.6583 -0.0000 0.7528
vn -0.4655 0.7071 -0.5323
vn 0.4655 0.7071 0.5323
vn -0.9780 0.0000 0.2088
vn 0.2088 -0.0000 0.9780
vn 0.9780 -0.0000 -0.2088
vn 0.9779 0.0000 -0.2089
vn -0.2088 -0.0000 -0.9780
vn 0.1477 0.7071 0.6915
vn 0.1476 0.7071 0.6915
vn -0.1476 0.7072 -0.6915
vn -0.1476 0.7071 -0.6915
vn -0.4221 -0.0000 0.9065
vn -0.4220 0.0000 0.9066
vn 0.9065 -0.0000 0.4221
vn 0.4221 -0.0000 -0.9065
vn -0.9065 -0.0000 -0.4221
vn 0.6410 0.7071 0.2985
vn -0.6410 0.7071 -0.2985
vn 0.4511 0.0000 0.8925
vn 0.4510 -0.0000 0.8925
vn 0.8925 0.0000 -0.4511
vn -0.4511 -0.0000 -0.8925
vn -0.8925 -0.0000 0.4511
vn 0.6311 0.7071 -0.3190
vn 0.6311 0.7071 -0.3189
vn -0.6311 0.7071 0.3190
vn -0.6311 0.7071 0.3189
vn 0.9681 -0.0000 0.2507
vn 0.9681 -0.0000 0.2508
vn 0.2507 0.0000 -0.9681
vn -0.9681 -0.0000 -0.2507
vn -0.2507 0.0000 0.9681
vn 0.1773 0.7071 -0.6845
vn -0.1773 0.7071 0.6845
vn 0.5690 0.2505 -0.7832
vn 0.0000 0.2505 -0.9681
vn -0.5690 0.2505 -0.7832
vn -0.9207 0.2505 -0.2992
vn -0.9207 0.2505 0.2992
vn -0.5690 0.2505 0.7832
vn 0.0000 0.2505 0.9681
vn 0.5690 0.2505 0.7832
vn 0.9207 0.2505 0.2992
vn 0.9207 0.2505 -0.2992
vn 0.9631 0.0000 -0.2692
vn 0.5792 0.7990 -0.1619
vn 0.6958 0.6965 -0.1753
vn -0.9630 0.0000 -0.2693
vn -0.6965 0.6958 -0.1755
vn -0.5797 0.7985 -0.1621
vn -0.0036 0.0000 -1.0000
vn -0.0036 -0.0001 -1.0000
vn -0.0037 0.0000 -1.0000
vn 0.0026 0.0001 1.0000
vn 0.0026 -0.0001 1.0000
vn 0.0026 0.0003 1.0000
vn 0.0026 -0.0000 1.0000
vn 0.2575 0.7402 0.6211
vn 0.5874 0.7718 0.2435
vn 0.0000 0.7000 0.7142
vn 0.0000 0.7000 0.7141
vn 0.6438 0.7652 0.0000
vn 0.5874 0.7718 -0.2435
vn 0.2575 0.7402 -0.6211
vn -0.0000 0.7000 -0.7141
vn -0.2575 0.7402 0.6211
vn -0.5874 0.7718 0.2435
vn -0.6438 0.7652 0.0000
vn -0.5874 0.7718 -0.2435
vn -0.2575 0.7402 -0.6211
vn 0.0000 0.9745 0.2246
vn 1.0000 0.0000 0.0000
vn 0.0000 0.0000 -1.0000
vn -1.0000 0.0000 0.0000
vn 0.0000 0.0000 1.0000
vn 0.0000 0.7682 0.6402
vn 0.0000 -0.7682 0.6402
vn 0.0000 -0.7682 -0.6402
vn 0.0000 0.7682 -0.6402
vn -0.5992 0.4325 0.6737
vn -0.5500 0.4193 0.7222
vn 0.6158 -0.3763 0.6923
vn 0.5948 -0.3717 0.7128
vn 0.5948 -0.3717 -0.7128
vn 0.6158 -0.3763 -0.6923
vn -0.5500 0.4193 -0.7222
vn -0.5992 0.4325 -0.6737
vn 0.5992 0.4325 0.6737
vn 0.5501 0.4194 0.7222
vn -0.6157 -0.3762 0.6923
vn -0.5948 -0.3717 0.7128
vn -0.5948 -0.3716 -0.7128
vn -0.6158 -0.3763 -0.6923
vn 0.5501 0.4194 -0.7222
vn 0.5992 0.4325 -0.6737
vn 0.3090 0.0000 0.9511
vn 0.8090 0.0000 0.5878
vn 0.8090 0.0000 -0.5878
vn 0.3090 0.0000 -0.9511
vn -0.3090 0.0000 -0.9511
vn -0.8090 0.0000 -0.5878
vn -0.8090 0.0000 0.5878
vn -0.3090 0.0000 0.9511
vn -0.8812 0.1831 0.4358
vn -0.7629 0.5646 0.3150
vn -0.7357 0.5372 0.4124
vn -0.5069 0.8268 0.2437
vn -0.4931 0.8205 0.2893
vn -0.2174 0.9749 0.0486
vn -0.2109 0.9751 0.0683
vn 0.0342 0.9749 -0.2201
vn 0.0543 0.9751 -0.2149
vn 0.2100 0.8268 -0.5218
vn 0.2565 0.8205 -0.5109
vn 0.2644 0.5646 -0.7819
vn 0.3634 0.5372 -0.7611
vn 0.3772 0.1831 -0.9078
vn 0.3772 -0.1831 -0.9078
vn 0.2645 -0.5646 -0.7819
vn 0.3635 -0.5372 -0.7611
vn 0.2100 -0.8268 -0.5218
vn 0.2565 -0.8205 -0.5109
vn 0.0342 -0.9749 -0.2201
vn 0.0543 -0.9751 -0.2149
vn -0.2174 -0.9749 0.0486
vn -0.2109 -0.9751 0.0683
vn -0.5069 -0.8268 0.2437
vn -0.4931 -0.8205 0.2893
vn -0.7629 -0.5646 0.3151
vn -0.7357 -0.5372 0.4124
vn -0.8812 -0.1831 0.4358
vn -0.7299 -0.0000 -0.6836
vn 0.2529 -0.1261 -0.9592
vn 0.6821 -0.0447 -0.7299
vn 0.3443 0.7973 -0.4957
vn 0.2253 -0.0590 -0.9725
vn -0.7306 -0.0001 -0.6828
vn -0.7306 -0.0000 -0.6828
vn -0.9399 -0.1261 0.3172
vn -0.6821 -0.0447 0.7299
vn -0.4989 0.7936 0.3484
vn -0.9652 0.0108 0.2614
vn 0.3403 -0.8781 -0.3362
vn 0.0024 -1.0000 0.0023
vn -0.3361 -0.8782 0.3403
vn -0.3361 -0.8782 0.3402
vn -0.7060 -0.0125 0.7081
vn -0.7067 -0.0130 0.7074
vn -0.7070 -0.0132 0.7071
vn -0.7058 -0.0124 0.7083
vn 0.7072 -0.0130 -0.7069
vn 0.7079 -0.0125 -0.7062
vn 0.7070 -0.0131 -0.7071
vn 0.7082 -0.0124 -0.7059
vn -0.0972 0.9911 -0.0908
vn 0.5296 0.6889 0.4949
vn 0.9844 0.1657 -0.0592
vn 0.9713 0.1854 -0.1488
vn 0.5895 0.0905 -0.8027
vn 0.2095 0.0108 -0.9778
vn -0.9712 0.0000 -0.2384
vn -0.1955 -0.0080 0.9807
vn -0.2261 -0.0000 0.9741
vn 0.1511 0.0600 0.9867
vn 0.8464 0.1562 0.5091
vn 0.7938 0.1732 0.5830
vn -0.9618 0.0000 -0.2737
vn 0.1856 0.0000 -0.9826
vn -0.3421 0.0000 0.9397
vn 0.5268 0.0000 -0.8500
vn -0.0013 0.0000 1.0000
vn 0.9775 0.0000 -0.2107
vn 0.7190 0.0000 0.6950
vn 0.5556 0.0000 0.8315
vn 0.7967 0.0000 0.6043
vn 0.0005 0.0000 1.0000
vn 0.9636 0.0064 0.2673
vn 0.9626 0.0015 0.2708
vn 0.9816 -0.0000 0.1911
vn 0.9974 0.0000 -0.0721
vn 0.9349 -0.0000 -0.3550
vn 0.8219 -0.0000 -0.5696
vn 0.7060 0.0000 -0.7082
vn 0.5612 0.0000 -0.8277
vn 0.2181 0.0000 -0.9759
vn 0.0005 -0.1754 0.9845
vn 0.0007 -0.1754 0.9845
vn 0.0004 0.3089 0.9511
vn 0.0002 0.3089 0.9511
vn 0.0005 0.3090 0.9511
vn 0.0001 0.3088 0.9511
vn 0.0000 0.7499 0.6616
vn -0.0000 0.7496 0.6619
vn 0.0001 0.7499 0.6616
vn -0.0000 0.7495 0.6620
vn 0.4397 0.0000 -0.8982
vn 0.2286 0.0000 -0.9735
vn 0.3630 0.0000 -0.9318
vn 0.9695 -0.0000 0.2451
vn 0.0283 0.9972 -0.0697
vn 0.0314 0.9973 -0.0665
vn 0.0275 0.9971 -0.0705
vn 0.0322 0.9973 -0.0658
vn 0.9743 0.0000 0.2251
vn -0.0004 -1.0000 -0.0005
vn -0.0001 -1.0000 -0.0011
vn -0.0001 -1.0000 -0.0013
vn -0.0004 -1.0000 0.0000
vn -1.0000 0.0000 0.0010
vn -1.0000 -0.0001 -0.0007
vn -1.0000 0.0000 -0.0001
vn -1.0000 0.0000 0.0009
vn -1.0000 0.0000 0.0001
vn -1.0000 0.0000 0.0002
vn -1.0000 0.0001 0.0006
vn 0.0000 -0.0005 1.0000
vn 0.0962 0.0000 -0.9954
vn 0.0000 0.0159 0.9999
vn -0.5556 -0.0000 0.8315
vn -0.7967 0.0000 0.6043
vn -0.0005 0.0000 1.0000
vn -0.9445 -0.0000 0.3286
vn -0.9832 0.0000 0.1827
vn -0.9979 0.0000 -0.0646
vn -0.9351 0.0000 -0.3545
vn -0.7983 0.0000 -0.6022
vn -0.7060 -0.0000 -0.7082
vn -0.5932 0.0000 -0.8050
vn -0.2181 0.0000 -0.9759
vn -0.0005 -0.1754 0.9845
vn -0.0006 -0.1754 0.9845
vn -0.0005 0.3090 0.9511
vn -0.0001 0.3088 0.9511
vn -0.0001 0.7499 0.6616
vn -0.4199 0.0000 -0.9076
vn -0.2286 0.0000 -0.9735
vn -0.3380 0.0000 -0.9411
vn -0.3381 0.0000 -0.9411
vn -0.9654 -0.0000 0.2607
vn -0.0196 0.9962 -0.0847
vn -0.0016 0.9977 -0.0682
vn -0.0057 0.9975 -0.0698
vn -0.0122 0.9973 -0.0718
vn -0.0305 0.9974 -0.0658
vn -0.0255 0.9971 -0.0711
vn 0.0001 -1.0000 -0.0006
vn 0.0000 -1.0000 -0.0011
vn 0.0000 -1.0000 -0.0005
vn 0.0003 -1.0000 -0.0010
vn 1.0000 -0.0001 -0.0008
vn 1.0000 0.0001 0.0013
vn 1.0000 0.0000 -0.0001
vn 1.0000 0.0000 0.0009
vn 1.0000 0.0001 0.0005
vn 1.0000 0.0000 0.0001
vn 1.0000 0.0001 0.0006
vn -0.0000 1.0000 0.0019
vn -0.0000 1.0000 0.0025
vn -0.0962 0.0000 -0.9954
vn -0.9372 0.0070 0.3487
vn -0.9364 0.0040 0.3508
vn -0.9364 0.0036 0.3509
vn -0.9373 0.0074 0.3483
vn 0.0000 0.9895 0.1447
vn -0.9415 0.0061 0.3370
vn -0.9486 0.0000 0.3165
vn 0.9415 0.0061 0.3370
vn 0.9486 0.0000 0.3165
vn -1.0000 -0.0002 -0.0056
vn -1.0000 -0.0002 -0.0062
vn 1.0000 -0.0002 -0.0056
vn 1.0000 -0.0002 -0.0062
vn 0.0196 0.9962 -0.0847
vn 0.0122 0.9973 -0.0718
vn 0.0057 0.9975 -0.0698
vn 0.0070 0.9975 -0.0703
vn 0.0000 1.0000 0.0031
vn -0.7307 0.0000 -0.6828
vn 0.0172 0.9972 -0.0734
vn -0.0006 -1.0000 -0.0004
vn -0.0003 0.9977 -0.0672
vn 0.0000 0.9977 -0.0671
vn 0.0001 0.9895 0.1447
vn 0.0007 -1.0000 -0.0005
vn -0.0001 0.9895 0.1447
vn -0.9470 0.0053 0.3212
vn 0.9470 0.0053 0.3212
vn 0.0068 0.9975 -0.0704
vn -0.0172 0.9972 -0.0734
vn 0.9669 0.0000 0.2550
vn 0.6823 -0.7197 -0.1284
vn 0.7898 -0.2981 -0.5360
vn 0.7898 0.2981 -0.5360
vn 0.6823 0.7197 -0.1284
vn 0.5302 0.7197 0.4482
vn 0.4227 0.2981 0.8558
vn 0.4227 -0.2981 0.8558
vn 0.5302 -0.7197 0.4482
vn -0.9364 -0.0000 0.3509
vn -0.6917 -0.7197 -0.0592
vn -0.8397 -0.2981 -0.4540
vn -0.8397 0.2981 -0.4540
vn -0.6917 0.7197 -0.0592
vn -0.4825 0.7197 0.4992
vn -0.3346 0.2981 0.8940
vn -0.3346 -0.2981 0.8940
vn -0.4825 -0.7197 0.4992
vn 0.0000 -0.3827 -0.9239
vn 0.0000 0.3827 -0.9239
vn 0.0000 0.9239 -0.3827
vn 0.0000 0.9239 0.3827
vn 0.0000 0.3827 0.9239
vn 0.0000 -0.3827 0.9239
vn 0.0000 -0.9239 0.3827
vn 0.0000 -0.9239 -0.3827
vn 0.6270 -0.7197 -0.2981
vn 0.6270 -0.2981 -0.7197
vn 0.6270 0.2981 -0.7197
vn 0.6270 0.7197 -0.2981
vn 0.6270 0.7197 0.2981
vn 0.6270 0.2981 0.7197
vn 0.6270 -0.2981 0.7197
vn 0.6270 -0.7197 0.2981
vn 0.0000 -0.6808 -0.7324
vn 0.0000 0.6808 -0.7324
vn 0.0000 0.6809 0.7324
vn 0.0000 -0.6808 0.7324
vn -0.8749 0.1853 0.4474
vn -0.8749 -0.1853 0.4474
vn -0.9280 0.2536 0.2728
vn -0.8574 0.4755 0.1970
vn -0.9280 0.2536 -0.2728
vn -0.8574 0.4755 -0.1970
vn -0.8749 -0.1853 -0.4474
vn -0.8749 0.1853 -0.4474
vn -0.9280 -0.2536 -0.2728
vn -0.8574 -0.4755 -0.1970
vn -0.9280 -0.2536 0.2728
vn -0.8574 -0.4755 0.1970
vn -0.6270 -0.7197 -0.2981
vn -0.6270 -0.2981 -0.7197
vn -0.6270 0.2981 -0.7197
vn -0.6270 0.7197 -0.2981
vn -0.6270 0.7197 0.2981
vn -0.6270 0.2981 0.7197
vn -0.6270 -0.2981 0.7197
vn -0.6270 -0.7197 0.2981
vn 0.0000 0.6808 0.7324
vn 0.8749 -0.1853 0.4474
vn 0.8749 0.1853 0.4474
vn 0.8574 0.4755 0.1970
vn 0.9280 0.2536 0.2728
vn 0.9280 0.2536 -0.2728
vn 0.8574 0.4755 -0.1970
vn 0.8749 0.1853 -0.4474
vn 0.8749 -0.1853 -0.4474
vn 0.8574 -0.4755 -0.1970
vn 0.9280 -0.2536 -0.2728
vn 0.9280 -0.2536 0.2728
vn 0.8574 -0.4755 0.1970
vn -0.2586 -0.7956 0.5478
vn -0.2112 -0.7874 0.5791
vn -0.8090 0.5878 0.0000
vn -0.8090 -0.5877 0.0000
vn -0.3091 -0.9510 0.0000
vn -0.7911 0.5873 0.1708
vn -0.7957 0.5781 0.1806
vn -0.9850 0.0000 0.1724
vn -0.7957 -0.5781 0.1806
vn -0.7911 -0.5873 0.1708
vn -0.3046 -0.9372 0.1702
vn -0.3046 -0.9371 0.1703
vn -0.6694 0.5256 0.5251
vn -0.6426 0.5863 0.4934
vn -0.2638 -0.8119 0.5207
vn -0.2639 -0.8119 0.5207
vn -0.2639 -0.8119 0.5208
vn -0.8090 -0.5878 0.0000
vn -0.3090 -0.9511 0.0000
vn -0.5554 0.0000 -0.8316
vn -0.2500 -0.7693 -0.5879
vn -0.8096 0.5870 0.0000
vn -0.7963 0.6048 -0.0091
vn -0.8095 -0.5871 -0.0008
vn -0.8094 -0.5873 0.0002
vn -0.8099 -0.5865 0.0001
vn -0.8090 -0.5879 -0.0015
vn -0.3090 -0.9510 0.0000
vn -0.5190 0.3771 -0.7671
vn -0.5190 0.3770 -0.7671
vn -0.6415 0.0000 -0.7671
vn -0.5190 -0.3771 -0.7671
vn -0.5189 -0.3771 -0.7671
vn -0.5190 -0.3770 -0.7671
vn -0.1982 -0.6101 -0.7671
vn -0.1983 -0.6101 -0.7671
vn -0.8083 -0.5888 -0.0000
vn -0.8086 -0.5883 0.0002
vn -0.8090 0.5878 0.0015
vn -0.8081 0.5891 0.0000
vn 0.1909 0.4516 -0.8716
vn 0.1899 0.4557 -0.8696
vn 0.1913 0.4498 -0.8724
vn 0.1895 0.4575 -0.8688
vn 0.2218 0.9751 -0.0017
vn 0.2240 0.9746 0.0001
vn 0.2217 0.9751 -0.0019
vn 0.2243 0.9745 0.0002
vn 0.2646 -0.9644 0.0028
vn 0.2457 -0.9693 -0.0132
vn 0.2108 -0.5088 -0.8347
vn 0.2157 -0.4768 -0.8521
vn -0.6667 -0.5285 0.5256
vn -0.6730 -0.5267 0.5192
vn -0.6722 -0.5272 0.5199
vn -0.6426 -0.5863 0.4933
vn 0.0383 0.0000 -0.9993
vn 0.3655 0.7847 -0.5007
vn 0.1213 0.9814 -0.1491
vn 0.1746 0.4215 0.8898
vn 0.1531 0.5258 0.8367
vn 0.1620 -0.5265 0.8346
vn 0.1823 -0.4398 0.8794
vn 0.1201 -0.9824 -0.1429
vn 0.3808 -0.7742 -0.5055
vn -0.2049 0.7641 0.6116
vn -0.2512 0.7730 0.5825
vn -0.3091 0.9510 0.0000
vn -0.3046 0.9371 0.1703
vn -0.2638 0.8119 0.5207
vn -0.2639 0.8119 0.5207
vn -0.2638 0.8119 0.5208
vn -0.3090 0.9511 0.0000
vn -0.2500 0.7693 -0.5879
vn -0.2500 0.7694 -0.5879
vn -0.1982 0.6101 -0.7671
vn -0.1983 0.6101 -0.7671
vn -0.1982 0.6102 -0.7671
vn 0.8091 -0.5877 0.0000
vn 0.8091 0.5877 0.0000
vn 0.8090 0.5877 0.0000
vn 0.3089 0.9511 0.0000
vn 0.3089 -0.9511 -0.0000
vn 0.2110 -0.7866 0.5802
vn 0.2583 -0.7947 0.5493
vn 0.8090 0.5879 0.0000
vn 0.8090 -0.5878 0.0000
vn 0.3091 -0.9510 0.0000
vn 0.7957 0.5782 0.1806
vn 0.7911 0.5874 0.1708
vn 0.9850 0.0000 0.1724
vn 0.7957 -0.5782 0.1806
vn 0.7911 -0.5874 0.1708
vn 0.3046 -0.9372 0.1702
vn 0.3046 -0.9371 0.1702
vn 0.6425 0.5863 0.4934
vn 0.6618 0.5273 0.5329
vn 0.6629 0.5269 0.5319
vn 0.6693 0.5256 0.5251
vn 0.2639 -0.8119 0.5208
vn 0.2638 -0.8119 0.5207
vn 0.8090 0.5878 0.0000
vn 0.3090 -0.9511 0.0000
vn 0.5554 0.0000 -0.8316
vn 0.2500 -0.7693 -0.5879
vn 0.2500 -0.7694 -0.5879
vn 0.7963 0.6048 -0.0091
vn 0.8096 0.5870 0.0000
vn 0.8090 -0.5878 -0.0017
vn 0.8099 -0.5865 0.0000
vn 0.5190 0.3771 -0.7671
vn 0.5190 0.3770 -0.7671
vn 0.6415 0.0000 -0.7671
vn 0.5190 -0.3771 -0.7671
vn 0.1982 -0.6101 -0.7671
vn 0.1981 -0.6101 -0.7671
vn 0.8087 -0.5882 0.0003
vn 0.8083 -0.5888 0.0000
vn 0.8085 0.5885 0.0008
vn 0.8083 0.5888 0.0003
vn 0.8081 0.5891 0.0000
vn 0.8090 0.5878 0.0015
vn -0.1899 0.4557 -0.8696
vn -0.1909 0.4516 -0.8716
vn -0.1912 0.4499 -0.8724
vn -0.1895 0.4575 -0.8688
vn -0.2243 0.9745 0.0002
vn -0.2217 0.9751 -0.0019
vn -0.2646 -0.9644 0.0028
vn -0.2457 -0.9693 -0.0132
vn -0.2157 -0.4768 -0.8521
vn -0.2108 -0.5088 -0.8347
vn 0.6426 -0.5864 0.4932
vn 0.6667 -0.5285 0.5256
vn -0.0383 0.0000 -0.9993
vn -0.3655 0.7847 -0.5007
vn -0.1213 0.9814 -0.1491
vn -0.1531 0.5258 0.8367
vn -0.1746 0.4215 0.8899
vn -0.1620 -0.5265 0.8346
vn -0.1823 -0.4398 0.8794
vn -0.3808 -0.7743 -0.5055
vn -0.1201 -0.9824 -0.1429
vn 0.2048 0.7633 0.6127
vn 0.2509 0.7721 0.5839
vn 0.3091 0.9510 0.0000
vn 0.3046 0.9371 0.1703
vn 0.2638 0.8119 0.5207
vn 0.2639 0.8119 0.5207
vn 0.2638 0.8119 0.5208
vn 0.3090 0.9511 0.0000
vn 0.2499 0.7694 -0.5879
vn 0.2500 0.7693 -0.5879
vn 0.1982 0.6101 -0.7671
vn 0.1981 0.6102 -0.7671
vn -0.8090 0.5877 0.0000
vn -0.3089 0.9511 0.0000
vn -0.3088 -0.9511 -0.0000
vn -0.9239 0.3827 0.0000
vn -0.3827 0.9239 0.0000
vn 0.3827 0.9239 0.0000
vn 0.9239 0.3826 0.0000
vn 0.9239 -0.3826 0.0000
vn 0.3827 -0.9239 0.0000
vn -0.3827 -0.9239 0.0000
vn -0.9239 -0.3827 0.0000
vn 0.8933 -0.2393 -0.3804
vn 0.8934 -0.2392 -0.3804
vn 0.6539 -0.6540 -0.3804
vn 0.6539 -0.6541 -0.3804
vn 0.2393 -0.8933 -0.3804
vn 0.2395 -0.8933 -0.3803
vn -0.2393 -0.8934 -0.3803
vn -0.2394 -0.8933 -0.3804
vn -0.6540 -0.6539 -0.3804
vn -0.6539 -0.6541 -0.3803
vn -0.8933 -0.2395 -0.3803
vn -0.8933 -0.2392 -0.3804
vn -0.8933 0.2394 -0.3804
vn -0.8934 0.2393 -0.3803
vn -0.6540 0.6540 -0.3803
vn -0.6538 0.6540 -0.3804
vn -0.2393 0.8933 -0.3804
vn -0.2394 0.8933 -0.3803
vn 0.2393 0.8934 -0.3803
vn 0.2395 0.8933 -0.3804
vn 0.6539 0.6540 -0.3804
vn 0.6538 0.6540 -0.3804
vn 0.8933 0.2393 -0.3804
vn 0.8933 0.2392 -0.3804
vn 0.9659 -0.2587 -0.0094
vn 0.7070 -0.7072 -0.0094
vn 0.7069 -0.7072 -0.0094
vn 0.2589 -0.9658 -0.0094
vn 0.2591 -0.9658 -0.0094
vn -0.2589 -0.9659 -0.0094
vn -0.2590 -0.9658 -0.0094
vn -0.7070 -0.7072 -0.0094
vn -0.7069 -0.7072 -0.0094
vn -0.9659 -0.2587 -0.0094
vn -0.9659 0.2587 -0.0094
vn -0.7070 0.7072 -0.0094
vn -0.7069 0.7072 -0.0094
vn -0.2589 0.9659 -0.0094
vn -0.2590 0.9658 -0.0094
vn 0.2589 0.9658 -0.0094
vn 0.2591 0.9658 -0.0094
vn 0.7070 0.7072 -0.0094
vn 0.7069 0.7072 -0.0094
vn 0.9659 0.2587 -0.0094
vn 0.9658 -0.2588 -0.0132
vn 0.9659 -0.2587 -0.0132
vn 0.7070 -0.7071 -0.0132
vn 0.2588 -0.9658 -0.0132
vn -0.2588 -0.9658 -0.0132
vn -0.2587 -0.9659 -0.0132
vn -0.7070 -0.7071 -0.0132
vn -0.7070 -0.7070 -0.0132
vn -0.7071 -0.7070 -0.0132
vn -0.9658 -0.2588 -0.0132
vn -0.9658 -0.2589 -0.0132
vn -0.9658 0.2588 -0.0132
vn -0.9658 0.2589 -0.0132
vn -0.7070 0.7070 -0.0132
vn -0.2587 0.9659 -0.0132
vn 0.2587 0.9659 -0.0132
vn 0.2588 0.9659 -0.0132
vn 0.7070 0.7070 -0.0132
vn 0.7070 0.7071 -0.0132
vn 0.9658 0.2588 -0.0132
vn 0.9659 0.2587 -0.0132
vn -0.5483 0.5486 0.6312
vn -0.6710 0.4875 0.5586
vn -0.7519 -0.2014 0.6277
vn -0.8408 0.0000 0.5413
vn -0.7458 0.1998 0.6356
vn -0.5607 -0.5610 0.6090
vn -0.6829 -0.4961 0.5362
vn -0.6732 -0.5270 0.5188
vn -0.7457 0.3625 -0.5591
vn -0.5719 0.4155 -0.7073
vn -0.5456 0.0415 -0.8370
vn -0.5335 -0.0872 -0.8413
vn -0.5598 -0.4068 -0.7219
vn -0.7629 -0.3375 -0.5514
vn 0.1285 0.5732 0.8093
vn -0.0066 -0.0004 1.0000
vn -0.0064 -0.0004 1.0000
vn -0.0065 -0.0008 1.0000
vn -0.0048 0.0020 1.0000
vn -0.0062 0.0003 1.0000
vn -0.0047 0.0014 1.0000
vn 0.1129 -0.4873 0.8659
vn -0.7110 0.5394 0.4511
vn -0.6616 0.5272 0.5333
vn -0.7060 -0.5364 0.4624
vn 0.1363 0.9850 -0.1061
vn 0.0986 0.0410 0.9943
vn 0.1309 0.0000 0.9914
vn 0.0994 -0.0413 0.9942
vn 0.1314 -0.9854 -0.1084
vn 0.1775 -0.5465 0.8184
vn 0.1918 -0.6327 0.7503
vn 0.2094 0.6446 0.7353
vn 0.1323 0.5611 0.8171
vn 0.0018 -0.0007 -1.0000
vn 0.0020 0.0006 -1.0000
vn 0.0024 0.0002 -1.0000
vn 0.0027 0.0000 -1.0000
vn 0.0017 0.0007 -1.0000
vn 0.5468 0.5470 0.6339
vn 0.6688 0.4860 0.5625
vn 0.7427 0.1990 0.6394
vn 0.7489 -0.2006 0.6316
vn 0.8375 0.0000 0.5464
vn 0.6807 -0.4947 0.5403
vn 0.5591 -0.5594 0.6119
vn 0.6731 -0.5269 0.5189
vn 0.7457 0.3625 -0.5591
vn 0.5456 0.0415 -0.8370
vn 0.5719 0.4155 -0.7073
vn 0.5598 -0.4067 -0.7220
vn 0.5335 -0.0873 -0.8413
vn 0.7630 -0.3374 -0.5513
vn -0.1285 0.5733 0.8092
vn 0.0047 0.0016 1.0000
vn 0.0048 0.0018 1.0000
vn 0.0049 0.0020 1.0000
vn 0.0064 -0.0004 1.0000
vn 0.0065 -0.0008 1.0000
vn 0.0047 0.0014 1.0000
vn 0.0063 0.0000 1.0000
vn -0.1129 -0.4873 0.8659
vn 0.7110 0.5395 0.4511
vn 0.6616 0.5272 0.5333
vn 0.7060 -0.5364 0.4624
vn -0.1363 0.9850 -0.1062
vn -0.0986 0.0410 0.9943
vn -0.1309 0.0000 0.9914
vn -0.0993 -0.0413 0.9942
vn -0.1314 -0.9854 -0.1084
vn -0.1775 -0.5465 0.8184
vn -0.1918 -0.6327 0.7503
vn -0.2093 0.6446 0.7353
vn -0.1323 0.5611 0.8171
vn -0.0023 -0.0003 -1.0000
vn -0.0016 0.0000 -1.0000
vn -0.0018 -0.0007 -1.0000
vn -0.0024 0.0002 -1.0000
vn -0.0018 0.0007 -1.0000
vn 0.2354 -0.8784 -0.4161
vn 0.2353 -0.8784 -0.4161
vn 0.2588 -0.9659 -0.0000
vn 0.2331 -0.8700 -0.4345
vn 0.2588 -0.9659 -0.0005
vn 0.1817 -0.6782 -0.7120
vn 0.2588 -0.9659 0.0008
vn 0.2588 -0.9659 0.0007
vn 0.6430 -0.6430 -0.4161
vn 0.7071 -0.7071 -0.0000
vn 0.6369 -0.6369 -0.4345
vn 0.7071 -0.7071 -0.0005
vn 0.4965 -0.4965 -0.7120
vn 0.7071 -0.7071 0.0008
vn 0.8784 -0.2354 -0.4161
vn 0.9659 -0.2588 0.0000
vn 0.8700 -0.2331 -0.4345
vn 0.9659 -0.2588 -0.0005
vn 0.6782 -0.1817 -0.7120
vn 0.9659 -0.2588 0.0008
vn 0.8784 0.2354 -0.4161
vn 0.8784 0.2353 -0.4161
vn 0.9659 0.2588 0.0000
vn 0.8700 0.2331 -0.4345
vn 0.9659 0.2588 -0.0005
vn 0.6782 0.1817 -0.7120
vn 0.9659 0.2588 0.0008
vn 0.6430 0.6430 -0.4161
vn 0.7071 0.7071 0.0000
vn 0.6369 0.6369 -0.4345
vn 0.7071 0.7071 -0.0005
vn 0.4965 0.4965 -0.7120
vn 0.7071 0.7071 0.0008
vn 0.7071 0.7071 0.0007
vn 0.2354 0.8784 -0.4161
vn 0.2588 0.9659 0.0000
vn 0.2331 0.8700 -0.4345
vn 0.2588 0.9659 -0.0005
vn 0.1817 0.6782 -0.7120
vn 0.2588 0.9659 0.0008
vn -0.2354 0.8783 -0.4161
vn -0.2588 0.9659 0.0000
vn -0.2331 0.8700 -0.4344
vn -0.2331 0.8700 -0.4345
vn -0.2588 0.9659 -0.0005
vn -0.1817 0.6782 -0.7120
vn -0.2588 0.9659 0.0008
vn -0.6430 0.6430 -0.4161
vn -0.7071 0.7071 0.0000
vn -0.6369 0.6369 -0.4345
vn -0.7071 0.7071 -0.0005
vn -0.4965 0.4965 -0.7120
vn -0.7071 0.7071 0.0008
vn -0.8783 0.2354 -0.4161
vn -0.8784 0.2354 -0.4160
vn -0.9659 0.2588 0.0000
vn -0.8700 0.2331 -0.4345
vn -0.9659 0.2588 -0.0005
vn -0.6782 0.1817 -0.7120
vn -0.9659 0.2588 0.0008
vn -0.9659 0.2588 0.0007
vn -0.8784 -0.2354 -0.4160
vn -0.8784 -0.2354 -0.4161
vn -0.9659 -0.2588 0.0000
vn -0.8700 -0.2331 -0.4345
vn -0.9659 -0.2588 -0.0005
vn -0.6782 -0.1817 -0.7120
vn -0.9659 -0.2588 0.0007
vn -0.9659 -0.2588 0.0008
vn -0.6430 -0.6430 -0.4161
vn -0.7071 -0.7071 -0.0000
vn -0.6369 -0.6369 -0.4345
vn -0.7071 -0.7071 -0.0005
vn -0.4965 -0.4965 -0.7120
vn -0.7071 -0.7071 0.0008
vn -0.2354 -0.8783 -0.4161
vn -0.2354 -0.8784 -0.4161
vn -0.2588 -0.9659 -0.0000
vn -0.2331 -0.8700 -0.4345
vn -0.2588 -0.9659 -0.0005
vn -0.1817 -0.6782 -0.7120
vn -0.2588 -0.9659 0.0008
vn 0.0363 0.0000 -0.9993
vn -0.0006 -0.0018 -1.0000
vn -0.0011 0.0066 -1.0000
vn -0.0336 0.7887 -0.6139
vn 0.0152 0.9839 -0.1779
vn -0.0165 -0.7041 -0.7099
vn 0.0467 -0.9789 -0.1992
vn -0.8345 -0.1345 -0.5344
vn -0.8109 -0.1613 -0.5624
vn -0.7335 -0.3809 -0.5630
vn -0.7084 -0.4014 -0.5806
vn 0.0000 -0.9714 -0.2374
vn -0.0017 -0.5911 -0.8066
vn -0.0008 -0.5911 -0.8066
vn 0.0000 -0.5911 -0.8066
vn 0.0226 -0.7049 -0.7089
vn -0.5131 -0.4323 -0.7415
vn -0.5118 -0.4337 -0.7416
vn -0.7649 -0.6442 0.0000
vn -0.7648 -0.6442 0.0000
vn -0.8185 0.1290 -0.5599
vn -0.8311 0.1609 -0.5323
vn -0.7335 0.3810 -0.5629
vn -0.7084 0.4014 -0.5805
vn 0.6047 0.0000 -0.7965
vn -0.8893 0.0000 -0.4573
vn 0.0000 0.9715 -0.2372
vn -0.0019 0.6708 -0.7416
vn 0.0436 0.5905 -0.8058
vn -0.5121 0.4334 -0.7416
vn -0.5129 0.4326 -0.7415
vn -0.5118 0.4337 -0.7416
vn -0.5131 0.4323 -0.7415
vn -0.7648 0.6442 0.0000
vn -0.7649 0.6442 0.0000
vn 0.7084 -0.4014 -0.5806
vn 0.7656 -0.3526 -0.5380
vn 0.0017 -0.5911 -0.8066
vn -0.0226 -0.7049 -0.7089
vn 0.5122 -0.4333 -0.7416
vn 0.5128 -0.4327 -0.7415
vn 0.5118 -0.4337 -0.7416
vn 0.5131 -0.4323 -0.7415
vn 0.7649 -0.6442 0.0000
vn 0.7545 0.3627 -0.5470
vn 0.7084 0.4014 -0.5805
vn 0.8893 0.0000 -0.4573
vn 0.5121 0.4334 -0.7416
vn 0.5128 0.4327 -0.7415
vn 0.5131 0.4323 -0.7415
vn 0.5117 0.4337 -0.7416
vn 0.7649 0.6442 0.0000
vn 0.0001 0.0000 1.0000
vn -0.0001 0.0000 1.0000
vn -0.9963 -0.0003 -0.0855
vn -0.9962 -0.0001 -0.0875
vn -0.9964 -0.0004 -0.0844
vn -0.9961 0.0000 -0.0882
vn 0.9961 0.0000 0.0882
vn 0.9964 0.0004 0.0844
vn -0.0000 -0.3365 0.9417
vn -0.0000 0.2894 0.9572
vn -0.0000 1.0000 0.0073
vn 1.0000 0.0004 0.0000
vn 0.0000 -1.0000 -0.0073
vn -1.0000 -0.0004 -0.0000
vn -0.0027 -1.0000 0.0037
vn 0.0020 -1.0000 0.0051
vn -0.0020 -1.0000 0.0057
vn -0.0020 1.0000 0.0057
vn -0.0010 1.0000 0.0075
vn 0.0023 1.0000 0.0054
vn 0.0020 1.0000 0.0051
vn -0.0027 1.0000 0.0037
vn 0.0026 1.0000 0.0039
vn 0.6166 0.1149 -0.7789
vn 0.8483 0.0323 -0.5285
vn -0.5772 0.0177 -0.8164
vn -0.6046 -0.0001 -0.7965
vn -0.6047 0.0000 -0.7965
vn -0.5787 -0.0069 -0.8155
vn 0.8229 -0.1637 -0.5441
vn 0.9469 0.0000 -0.3214
vn -0.0060 0.0001 -1.0000
vn -0.0054 -0.0004 -1.0000
vn 0.0026 -1.0000 0.0039
vn -0.0010 -1.0000 0.0075
vn 0.0023 -1.0000 0.0054
vn 0.0019 0.6708 -0.7416
vn -0.0436 0.5905 -0.8058
vn 0.0000 0.5911 -0.8066
vn -0.0001 -0.0000 -1.0000
vn 0.0002 0.0000 1.0000
vn -0.0002 0.0000 1.0000
vn -0.3446 -0.9110 -0.2265
vn -0.3464 0.9157 -0.2037
vn -0.0007 0.0082 -1.0000
vn 0.0000 0.0093 -1.0000
vn 0.0000 0.7201 -0.6938
vn 0.8194 -0.2053 -0.5352
vn 0.9314 0.1803 -0.3162
vn 0.0000 -0.0037 -1.0000
vn -0.0014 -0.0029 -1.0000
vn 0.0000 -0.6713 -0.7411
vn 0.0000 -0.6713 -0.7412
g Gun.002_Gun.002_Material_1.004
usemtl Material_1.004
s 1
f 1/1/1 2/2/1 3/3/1
f 2/2/1 4/4/1 3/3/1
f 5/5/1 4/4/1 2/2/1
f 5/5/1 6/6/1 4/4/1
f 7/7/1 6/6/1 5/5/1
f 7/7/1 8/8/1 6/6/1
f 9/9/1 8/8/1 7/7/1
f 9/9/1 10/10/1 8/8/1
f 11/11/1 9/9/1 12/12/1
f 11/11/1 10/10/1 9/9/1
f 13/13/1 11/11/1 12/12/1
f 13/13/1 14/14/1 11/11/1
f 15/15/1 14/14/1 13/13/1
f 15/15/1 16/16/1 14/14/1
f 17/17/1 16/16/1 15/15/1
f 17/17/1 18/18/1 16/16/1
f 19/19/1 18/18/1 17/17/1
f 19/19/1 20/20/1 18/18/1
f 21/21/1 19/19/1 22/22/1
f 21/21/1 20/20/1 19/19/1
f 23/23/1 24/24/1 25/25/1
f 23/23/1 26/26/1 24/24/1
f 27/27/1 26/26/1 23/23/1
f 27/27/1 28/28/1 26/26/1
f 1/1/1 3/3/1 27/27/1
f 3/3/1 28/28/1 27/27/1
f 29/29/2 30/30/2 31/31/2
f 29/29/2 32/32/2 30/30/2
f 31/31/3 33/33/3 34/34/3
f 31/31/3 30/30/3 33/33/3
f 34/34/4 35/35/4 36/36/4
f 34/34/4 33/33/4 35/35/4
f 37/37/5 32/32/5 29/29/5
f 37/37/5 38/38/5 32/32/5
f 36/36/6 39/39/6 40/40/6
f 36/36/6 35/35/6 39/39/6
f 40/40/7 41/41/7 42/42/7
f 40/40/7 39/39/7 41/41/7
f 42/42/8 43/43/8 44/44/8
f 42/42/8 41/41/8 43/43/8
f 44/44/9 45/45/9 46/46/9
f 44/44/9 43/43/9 45/45/9
f 46/46/10 47/47/10 48/48/10
f 46/46/10 45/45/10 47/47/10
f 48/48/11 49/49/11 50/50/11
f 48/48/11 47/47/11 49/49/11
f 50/50/12 51/51/12 52/52/12
f 50/50/12 49/49/12 51/51/12
f 53/53/13 54/54/13 55/55/13
f 53/53/13 56/56/13 54/54/13
f 55/55/14 38/38/14 37/37/14
f 55/55/14 54/54/14 38/38/14
f 57/57/15 58/58/15 59/59/15
f 57/57/15 60/60/15 58/58/15
f 61/61/16 60/60/16 57/57/16
f 61/61/16 62/62/16 60/60/16
f 63/63/17 62/62/17 61/61/17
f 63/63/17 64/64/17 62/62/17
f 65/65/18 64/64/18 63/63/18
f 65/65/18 66/66/18 64/64/18
f 67/67/19 66/66/19 65/65/19
f 67/67/19 68/68/19 66/66/19
f 69/69/20 68/68/20 67/67/20
f 69/69/20 70/70/20 68/68/20
f 71/71/21 70/70/21 69/69/21
f 71/71/21 72/72/21 70/70/21
f 73/73/13 72/72/13 71/71/13
f 73/73/13 74/74/13 72/72/13
f 75/75/14 74/74/14 73/73/14
f 75/75/14 76/76/14 74/74/14
f 77/77/5 76/76/5 75/75/5
f 77/77/5 78/78/5 76/76/5
f 79/79/10 80/80/10 81/81/10
f 79/79/10 82/82/10 80/80/10
f 83/83/11 82/82/11 79/79/11
f 83/83/11 84/84/11 82/82/11
f 59/59/12 84/84/12 83/83/12
f 59/59/12 58/58/12 84/84/12
f 85/85/22 86/86/22 87/87/22
f 85/85/22 88/88/22 86/86/22
f 89/89/23 90/90/23 91/91/23
f 89/89/23 92/92/23 90/90/23
f 93/93/24 94/94/24 95/95/24
f 93/93/24 96/96/24 94/94/24
f 97/97/24 98/98/24 99/99/24
f 97/97/24 100/100/24 98/98/24
f 95/95/24 99/99/24 93/93/24
f 95/95/24 97/97/24 99/99/24
f 98/98/24 101/101/24 102/102/24
f 98/98/24 100/100/24 101/101/24
f 103/103/24 94/94/24 96/96/24
f 103/103/24 104/104/24 94/94/24
f 105/105/24 106/106/24 107/107/24
f 105/105/24 108/108/24 106/106/24
f 103/103/24 107/107/24 104/104/24
f 103/103/24 105/105/24 107/107/24
f 109/109/24 102/102/24 101/101/24
f 109/109/24 110/110/24 102/102/24
f 110/110/24 111/111/24 112/112/24
f 110/110/24 109/109/24 111/111/24
f 111/111/24 113/113/24 112/112/24
f 111/111/24 114/114/24 113/113/24
f 114/114/24 115/115/24 113/113/24
f 114/114/24 116/116/24 115/115/24
f 116/116/24 117/117/24 115/115/24
f 116/116/24 118/118/24 117/117/24
f 119/119/24 117/117/24 118/118/24
f 119/119/24 120/120/24 117/117/24
f 121/121/1 122/122/1 123/123/1
f 124/124/1 121/121/1 125/125/1
f 126/126/1 124/124/1 127/127/1
f 128/128/1 126/126/1 129/129/1
f 130/130/1 128/128/1 131/131/1
f 132/132/1 130/130/1 133/133/1
f 134/134/1 132/132/1 135/135/1
f 122/122/1 134/134/1 136/136/1
f 124/124/1 122/122/1 121/121/1
f 128/128/1 124/124/1 126/126/1
f 132/132/1 128/128/1 130/130/1
f 122/122/1 132/132/1 134/134/1
f 128/128/1 122/122/1 124/124/1
f 132/132/1 122/122/1 128/128/1
f 137/137/25 121/121/25 123/123/25
f 137/137/25 138/138/25 121/121/25
f 139/139/26 140/140/26 141/141/26
f 139/139/26 142/142/26 140/140/26
f 138/138/27 125/125/27 121/121/27
f 138/138/27 143/143/27 125/125/27
f 142/142/28 144/144/28 140/140/28
f 142/142/28 145/145/28 144/144/28
f 143/143/29 124/124/29 125/125/29
f 143/143/29 146/146/29 124/124/29
f 145/145/30 147/147/30 144/144/30
f 145/145/30 148/148/30 147/147/30
f 149/149/31 127/127/31 124/124/31
f 149/149/31 150/150/31 127/127/31
f 148/148/32 151/151/32 147/147/32
f 148/148/32 152/152/32 151/151/32
f 150/150/33 126/126/33 127/127/33
f 150/150/33 153/153/33 126/126/33
f 152/152/34 154/154/34 151/151/34
f 152/152/34 155/155/34 154/154/34
f 153/153/35 129/129/35 126/126/35
f 153/153/35 156/156/35 129/129/35
f 155/155/36 157/157/36 154/154/36
f 155/155/36 158/158/36 157/157/36
f 159/159/37 128/128/37 129/129/37
f 159/159/37 160/160/37 128/128/37
f 158/158/38 161/161/38 157/157/38
f 158/158/38 162/162/38 161/161/38
f 163/163/39 131/131/39 128/128/39
f 163/163/39 164/164/39 131/131/39
f 162/162/40 165/165/40 161/161/40
f 162/162/40 166/166/40 165/165/40
f 167/167/41 130/130/41 131/131/41
f 167/167/41 168/168/41 130/130/41
f 166/166/42 169/169/42 165/165/42
f 166/166/42 170/170/42 169/169/42
f 171/171/43 133/133/43 130/130/43
f 171/171/44 172/172/44 133/133/44
f 173/173/45 174/174/45 175/175/45
f 173/173/45 176/176/45 174/174/45
f 177/177/46 132/132/46 133/133/46
f 177/177/46 178/178/46 132/132/46
f 176/176/47 179/179/47 174/174/47
f 176/176/47 180/180/47 179/179/47
f 181/181/48 135/135/48 132/132/48
f 181/181/48 182/182/48 135/135/48
f 180/180/49 183/183/49 179/179/49
f 180/180/49 184/184/49 183/183/49
f 182/182/50 134/134/50 135/135/50
f 182/182/50 185/185/50 134/134/50
f 184/184/51 186/186/51 183/183/51
f 184/184/51 187/187/51 186/186/51
f 185/185/52 136/136/52 134/134/52
f 185/185/52 188/188/52 136/136/52
f 187/187/53 189/189/53 186/186/53
f 187/187/53 190/190/53 189/189/53
f 191/191/54 122/122/54 136/136/54
f 191/191/54 192/192/54 122/122/54
f 190/190/55 193/193/55 189/189/55
f 190/190/55 194/194/55 193/193/55
f 192/192/56 123/123/56 122/122/56
f 192/192/56 137/137/56 123/123/56
f 194/194/57 141/141/57 193/193/57
f 194/194/57 139/139/57 141/141/57
f 195/195/1 196/196/1 197/197/1
f 195/195/1 198/198/1 196/196/1
f 199/199/58 200/200/59 201/201/59
f 199/199/58 202/202/59 200/200/59
f 199/199/58 203/203/58 202/202/59
f 204/204/58 203/203/58 199/199/58
f 205/205/60 206/206/60 207/207/60
f 205/205/60 208/208/60 206/206/60
f 209/209/61 210/210/62 211/211/62
f 209/209/61 212/212/62 210/210/62
f 209/209/61 213/213/61 212/212/62
f 214/214/61 213/213/61 209/209/61
f 215/215/63 216/216/63 217/217/63
f 215/215/63 218/218/63 216/216/63
f 206/206/64 198/198/64 195/195/64
f 206/206/65 208/208/65 198/198/65
f 219/219/66 197/197/66 196/196/66
f 219/219/67 220/220/67 197/197/67
f 221/221/1 222/222/1 223/223/1
f 221/221/1 224/224/1 222/222/1
f 225/225/68 226/226/68 227/227/68
f 225/225/68 228/228/68 226/226/68
f 225/225/68 229/229/68 228/228/68
f 230/230/69 229/229/68 225/225/68
f 231/231/70 232/232/70 233/233/70
f 231/231/70 234/234/70 232/232/70
f 235/235/71 236/236/71 237/237/71
f 235/235/71 238/238/71 236/236/71
f 235/235/71 239/239/71 238/238/71
f 240/240/72 239/239/71 235/235/71
f 241/241/73 242/242/73 243/243/73
f 241/241/73 244/244/73 242/242/73
f 232/232/74 224/224/74 221/221/74
f 232/232/74 234/234/74 224/224/74
f 245/245/75 223/223/75 222/222/75
f 245/245/75 246/246/75 223/223/75
f 247/247/1 248/248/1 249/249/1
f 247/247/1 250/250/1 248/248/1
f 251/251/76 252/252/77 253/253/76
f 251/251/76 254/254/78 252/252/77
f 251/251/76 255/255/76 254/254/78
f 256/256/76 255/255/76 251/251/76
f 257/257/79 258/258/79 259/259/79
f 257/257/79 260/260/79 258/258/79
f 261/261/80 262/262/80 263/263/80
f 261/261/80 264/264/80 262/262/80
f 261/261/80 265/265/80 264/264/80
f 266/266/80 265/265/80 261/261/80
f 267/267/81 268/268/81 269/269/81
f 267/267/81 270/270/81 268/268/81
f 258/258/82 250/250/82 247/247/82
f 258/258/82 260/260/82 250/250/82
f 271/271/83 249/249/83 248/248/83
f 271/271/83 272/272/83 249/249/83
f 273/273/1 274/274/1 275/275/1
f 273/273/1 276/276/1 274/274/1
f 277/277/84 278/278/84 279/279/84
f 277/277/84 280/280/84 278/278/84
f 277/277/84 281/281/84 280/280/84
f 282/282/84 281/281/84 277/277/84
f 283/283/85 284/284/85 285/285/85
f 283/283/85 286/286/85 284/284/85
f 287/287/86 288/288/86 289/289/86
f 287/287/86 290/290/86 288/288/86
f 287/287/86 291/291/86 290/290/86
f 292/292/87 291/291/86 287/287/86
f 293/293/88 294/294/88 295/295/88
f 293/293/88 296/296/88 294/294/88
f 284/284/89 276/276/89 273/273/89
f 284/284/90 286/286/90 276/276/90
f 297/297/91 275/275/91 274/274/91
f 297/297/92 298/298/92 275/275/92
f 299/299/1 300/300/1 301/301/1
f 299/299/1 302/302/1 300/300/1
f 303/303/93 304/304/93 305/305/93
f 303/303/93 306/306/93 304/304/93
f 303/303/93 307/307/93 306/306/93
f 308/308/94 307/307/93 303/303/93
f 309/309/95 310/310/95 311/311/95
f 309/309/95 312/312/95 310/310/95
f 313/313/96 314/314/96 315/315/96
f 313/313/96 316/316/96 314/314/96
f 313/313/96 317/317/96 316/316/96
f 318/318/96 317/317/96 313/313/96
f 319/319/97 320/320/97 321/321/97
f 319/319/97 322/322/97 320/320/97
f 310/310/98 302/302/98 299/299/98
f 310/310/98 312/312/98 302/302/98
f 323/323/99 301/301/99 300/300/99
f 323/323/99 324/324/99 301/301/99
f 325/325/1 326/326/1 327/327/1
f 325/325/1 328/328/1 326/326/1
f 329/329/100 330/330/100 331/331/100
f 329/329/100 332/332/100 330/330/100
f 329/329/100 333/333/100 332/332/100
f 334/334/101 333/333/100 329/329/100
f 335/335/102 336/336/102 337/337/102
f 335/335/102 338/338/102 336/336/102
f 339/339/103 340/340/103 341/341/103
f 339/339/103 342/342/103 340/340/103
f 339/339/103 343/343/103 342/342/103
f 344/344/103 343/343/103 339/339/103
f 345/345/104 346/346/104 347/347/104
f 345/345/104 348/348/104 346/346/104
f 336/336/105 328/328/105 325/325/105
f 336/336/106 338/338/106 328/328/106
f 349/349/107 327/327/107 326/326/107
f 349/349/108 350/350/108 327/327/108
f 351/351/1 352/352/1 353/353/1
f 351/351/1 354/354/1 352/352/1
f 355/355/109 356/356/109 357/357/109
f 355/355/109 358/358/110 356/356/109
f 355/355/109 359/359/109 358/358/110
f 360/360/109 359/359/109 355/355/109
f 361/361/111 362/362/111 363/363/111
f 361/361/111 364/364/111 362/362/111
f 365/365/112 366/366/112 367/367/112
f 365/365/112 368/368/112 366/366/112
f 365/365/112 369/369/112 368/368/112
f 370/370/112 369/369/112 365/365/112
f 371/371/113 372/372/113 373/373/113
f 371/371/113 374/374/113 372/372/113
f 362/362/114 354/354/114 351/351/114
f 362/362/114 364/364/114 354/354/114
f 375/375/115 353/353/115 352/352/115
f 375/375/115 376/376/115 353/353/115
f 377/377/116 378/378/116 379/379/116
f 377/377/116 380/380/116 378/378/116
f 381/381/117 380/380/117 377/377/117
f 381/381/117 382/382/117 380/380/117
f 383/383/118 382/382/118 381/381/118
f 383/383/118 384/384/118 382/382/118
f 385/385/119 384/384/119 383/383/119
f 385/385/119 386/386/119 384/384/119
f 387/387/120 386/386/120 385/385/120
f 387/387/120 388/388/120 386/386/120
f 389/389/121 390/390/121 391/391/121
f 389/389/121 392/392/121 390/390/121
f 393/393/122 392/392/122 389/389/122
f 393/393/122 394/394/122 392/392/122
f 395/395/123 394/394/123 393/393/123
f 395/395/123 396/396/123 394/394/123
f 397/397/124 396/396/124 395/395/124
f 397/397/124 398/398/124 396/396/124
f 399/399/125 398/398/125 397/397/125
f 399/399/125 400/400/125 398/398/125
f 401/401/1 402/402/1 403/403/1
f 401/401/1 404/404/1 402/402/1
f 405/405/126 406/406/126 407/407/126
f 405/405/126 408/408/126 406/406/126
f 408/408/127 409/409/127 406/406/127
f 408/408/128 410/410/128 409/409/128
f 411/411/129 412/412/129 413/413/129
f 411/411/129 414/414/129 412/412/129
f 411/411/130 415/415/130 416/416/130
f 411/411/131 413/413/131 415/415/131
f 416/416/1 409/409/1 410/410/1
f 416/416/1 415/415/1 409/409/1
f 417/417/132 418/418/133 419/419/133
f 417/417/132 420/420/132 418/418/133
f 421/421/132 417/417/132 419/419/133
f 422/422/134 417/417/132 421/421/132
f 423/423/135 424/424/136 425/425/137
f 423/423/135 426/426/138 424/424/136
f 427/427/138 423/423/135 428/428/138
f 427/427/138 426/426/138 423/423/135
f 429/429/139 430/430/139 431/431/139
f 429/429/139 432/432/139 430/430/139
f 430/430/140 433/433/140 434/434/140
f 430/430/140 432/432/140 433/433/140
f 435/435/141 429/429/141 431/431/141
f 435/435/142 436/436/142 429/429/142
f 434/434/143 437/437/143 438/438/143
f 434/434/143 433/433/143 437/437/143
f 437/437/144 439/439/144 438/438/144
f 437/437/144 440/440/144 439/439/144
f 439/439/145 441/441/145 442/442/145
f 439/439/145 440/440/145 441/441/145
f 442/442/146 443/443/146 444/444/146
f 442/442/146 441/441/146 443/443/146
f 445/445/147 436/436/147 435/435/147
f 445/445/147 446/446/147 436/436/147
f 447/447/148 445/445/148 448/448/148
f 447/447/148 446/446/148 445/445/148
f 449/449/149 447/447/149 448/448/149
f 449/449/149 450/450/149 447/447/149
f 451/451/150 450/450/150 449/449/150
f 451/451/150 452/452/150 450/450/150
f 443/443/151 451/451/151 444/444/151
f 443/443/151 452/452/151 451/451/151
f 439/439/1 434/434/1 438/438/1
f 439/439/1 430/430/1 434/434/1
f 431/431/1 439/439/1 442/442/1
f 431/431/1 430/430/1 439/439/1
f 451/451/1 448/448/1 445/445/1
f 451/451/1 449/449/1 448/448/1
f 444/444/1 445/445/1 435/435/1
f 444/444/1 451/451/1 445/445/1
f 442/442/1 435/435/1 431/431/1
f 442/442/1 444/444/1 435/435/1
f 453/453/152 454/454/152 455/455/152
f 453/453/152 456/456/152 454/454/152
f 453/453/1 457/457/1 456/456/1
f 453/453/1 458/458/1 457/457/1
f 459/459/153 460/460/153 461/461/153
f 459/459/153 462/462/153 460/460/153
f 463/463/154 464/464/154 465/465/154
f 463/463/154 466/466/154 464/464/154
f 467/467/155 468/468/155 469/469/155
f 467/467/155 470/470/155 468/468/155
f 471/471/156 472/472/156 473/473/156
f 471/471/156 474/474/156 472/472/156
f 475/475/154 476/476/154 477/477/154
f 475/475/154 478/478/154 476/476/154
f 479/479/153 480/480/153 481/481/153
f 479/479/153 482/482/153 480/480/153
f 483/483/155 484/484/155 485/485/155
f 483/483/155 486/486/155 484/484/155
f 487/487/154 488/488/154 489/489/154
f 487/487/154 490/490/154 488/488/154
f 491/491/152 492/492/152 493/493/152
f 491/491/152 494/494/152 492/492/152
f 491/491/1 495/495/1 494/494/1
f 491/491/1 496/496/1 495/495/1
f 497/497/153 498/498/153 499/499/153
f 497/497/153 500/500/153 498/498/153
f 501/501/154 502/502/154 503/503/154
f 501/501/154 504/504/154 502/502/154
f 505/505/155 506/506/155 507/507/155
f 505/505/155 508/508/155 506/506/155
f 509/509/156 510/510/156 511/511/156
f 509/509/156 512/512/156 510/510/156
f 513/513/154 514/514/154 515/515/154
f 513/513/154 516/516/154 514/514/154
f 517/517/153 518/518/153 519/519/153
f 517/517/153 520/520/153 518/518/153
f 521/521/155 522/522/155 523/523/155
f 521/521/155 524/524/155 522/522/155
f 525/525/154 526/526/154 527/527/154
f 525/525/154 528/528/154 526/526/154
f 529/529/157 530/530/157 531/531/157
f 529/529/157 532/532/157 530/530/157
f 533/533/158 534/534/158 535/535/158
f 533/533/158 536/536/158 534/534/158
f 537/537/159 538/538/159 539/539/159
f 537/537/159 540/540/159 538/538/159
f 541/541/160 542/542/160 543/543/160
f 541/541/160 544/544/160 542/542/160
f 545/545/161 529/529/161 546/546/161
f 545/545/162 532/532/162 529/529/162
f 547/547/163 533/533/163 548/548/163
f 547/547/164 536/536/164 533/533/164
f 549/549/165 550/550/165 537/537/165
f 549/549/166 551/551/166 550/550/166
f 552/552/167 544/544/167 541/541/167
f 552/552/168 546/546/168 544/544/168
f 553/553/169 554/554/169 555/555/169
f 553/553/170 530/530/170 554/554/170
f 535/535/171 556/556/171 557/557/171
f 535/535/172 534/534/172 556/556/172
f 558/558/173 559/559/173 539/539/173
f 558/558/174 560/560/174 559/559/174
f 542/542/175 561/561/175 543/543/175
f 542/542/176 562/562/176 561/561/176
f 563/563/177 564/564/177 565/565/177
f 563/563/177 566/566/177 564/564/177
f 567/567/178 568/568/178 569/569/178
f 567/567/178 570/570/178 568/568/178
f 571/571/153 572/572/153 573/573/153
f 571/571/153 574/574/153 572/572/153
f 575/575/179 576/576/179 577/577/179
f 575/575/179 578/578/179 576/576/179
f 579/579/180 580/580/180 581/581/180
f 579/579/180 582/582/180 580/580/180
f 583/583/181 584/584/181 585/585/181
f 583/583/181 586/586/181 584/584/181
f 587/587/182 588/588/182 589/589/182
f 587/587/182 590/590/182 588/588/182
f 591/591/155 592/592/155 593/593/155
f 591/591/155 594/594/155 592/592/155
f 595/595/183 596/596/183 597/597/183
f 595/595/183 598/598/183 596/596/183
f 599/599/184 600/600/184 601/601/184
f 599/599/184 602/602/184 600/600/184
f 603/603/1 604/604/1 605/605/1
f 603/603/1 606/606/1 604/604/1
f 607/607/1 603/603/1 608/608/1
f 607/607/1 606/606/1 603/603/1
f 609/609/1 610/610/1 611/611/1
f 609/609/1 612/612/1 610/610/1
f 608/608/1 609/609/1 607/607/1
f 608/608/1 612/612/1 609/609/1
f 613/613/185 614/614/185 615/615/185
f 613/613/185 616/616/185 614/614/185
f 617/617/186 616/616/186 613/613/186
f 617/617/187 618/618/187 616/616/187
f 619/619/188 618/618/188 617/617/188
f 619/619/189 620/620/189 618/618/189
f 621/621/190 620/620/190 619/619/190
f 621/621/191 622/622/191 620/620/191
f 623/623/192 621/621/192 624/624/192
f 623/623/193 622/622/193 621/621/193
f 625/625/194 626/626/194 627/627/194
f 625/625/195 628/628/195 626/626/195
f 629/629/196 627/627/196 630/630/196
f 629/629/197 625/625/197 627/627/197
f 631/631/198 632/632/198 630/630/198
f 631/631/198 633/633/198 632/632/198
f 634/634/199 633/633/199 631/631/199
f 634/634/199 635/635/199 633/633/199
f 636/636/200 635/635/200 634/634/200
f 636/636/201 637/637/201 635/635/201
f 638/638/202 637/637/202 636/636/202
f 638/638/203 639/639/203 637/637/203
f 640/640/204 641/641/204 642/642/204
f 640/640/205 643/643/205 641/641/205
f 644/644/206 640/640/206 645/645/206
f 644/644/207 643/643/207 640/640/207
f 646/646/208 645/645/208 647/647/208
f 646/646/209 644/644/209 645/645/209
f 648/648/210 647/647/210 649/649/210
f 648/648/211 646/646/211 647/647/211
f 615/615/212 650/650/212 649/649/212
f 615/615/212 614/614/212 650/650/212
f 651/651/213 652/652/213 653/653/213
f 654/654/214 655/655/214 656/656/214
f 654/654/215 657/657/215 655/655/215
f 658/658/216 659/659/216 660/660/216
f 658/658/217 661/661/217 659/659/217
f 662/662/218 663/663/219 664/664/218
f 662/662/218 665/665/219 663/663/219
f 666/666/220 667/667/220 668/668/220
f 666/666/221 669/669/221 667/667/221
f 670/670/1 671/671/1 672/672/1
f 670/670/1 673/673/1 671/671/1
f 674/674/222 675/675/222 676/676/222
f 674/674/223 677/677/223 675/675/223
f 662/662/218 678/678/219 679/679/219
f 662/662/218 664/664/218 678/678/219
f 665/665/219 680/680/219 663/663/219
f 665/665/219 681/681/219 680/680/219
f 682/682/224 683/683/224 684/684/224
f 682/682/224 685/685/224 683/683/224
f 684/684/225 686/686/225 687/687/225
f 684/684/225 683/683/225 686/686/225
f 686/686/226 688/688/226 687/687/226
f 686/686/226 689/689/227 688/688/226
f 690/690/228 691/691/229 692/692/230
f 690/690/228 693/693/231 691/691/229
f 694/694/232 695/695/233 696/696/234
f 694/694/232 697/697/235 695/695/233
f 698/698/236 699/699/236 700/700/236
f 698/698/236 659/659/236 699/699/236
f 701/701/236 674/674/236 676/676/236
f 701/701/236 702/702/236 674/674/236
f 703/703/237 704/704/237 705/705/237
f 703/703/237 706/706/237 704/704/237
f 680/680/219 707/707/219 708/708/219
f 680/680/219 681/681/219 707/707/219
f 709/709/238 710/710/238 711/711/238
f 709/709/239 712/712/239 710/710/239
f 713/713/240 712/712/240 709/709/240
f 713/713/240 714/714/240 712/712/240
f 715/715/241 714/714/241 713/713/241
f 715/715/111 716/716/111 714/714/111
f 717/717/242 718/718/242 719/719/242
f 717/717/242 720/720/242 718/718/242
f 721/721/243 722/722/243 723/723/243
f 721/721/244 724/724/244 722/722/244
f 725/725/245 723/723/245 726/726/245
f 725/725/245 721/721/245 723/723/245
f 727/727/246 728/728/246 711/711/246
f 727/727/247 729/729/247 728/728/247
f 730/730/1 731/731/1 732/732/1
f 733/733/1 731/731/1 730/730/1
f 733/733/1 734/734/1 731/731/1
f 733/733/1 735/735/1 734/734/1
f 733/733/1 736/736/1 735/735/1
f 737/737/1 738/738/1 739/739/1
f 737/737/1 740/740/1 738/738/1
f 741/741/1 742/742/1 743/743/1
f 744/744/248 745/745/248 746/746/248
f 744/744/248 747/747/248 745/745/248
f 748/748/249 749/749/249 750/750/249
f 748/748/249 751/751/249 749/749/249
f 752/752/250 753/753/250 754/754/250
f 752/752/250 755/755/250 753/753/250
f 756/756/251 751/751/251 748/748/251
f 756/756/251 757/757/251 751/751/251
f 754/754/252 758/758/252 759/759/252
f 754/754/252 753/753/252 758/758/252
f 760/760/253 757/757/253 756/756/253
f 760/760/253 761/761/253 757/757/253
f 762/762/254 761/761/254 760/760/254
f 762/762/254 763/763/254 761/761/254
f 764/764/24 765/765/24 766/766/24
f 767/767/24 765/765/24 764/764/24
f 767/767/24 768/768/24 765/765/24
f 769/769/24 768/768/24 767/767/24
f 770/770/255 771/771/255 772/772/255
f 770/770/255 773/773/255 771/771/255
f 774/774/256 773/773/256 770/770/256
f 774/774/256 775/775/256 773/773/256
f 776/776/257 777/777/257 778/778/257
f 776/776/257 779/779/257 777/777/257
f 780/780/258 775/775/258 781/781/258
f 780/780/259 782/782/259 775/775/259
f 783/783/260 781/781/260 784/784/260
f 783/783/260 785/785/260 781/781/260
f 786/786/261 785/785/261 783/783/261
f 786/786/261 787/787/261 785/785/261
f 788/788/262 787/787/262 786/786/262
f 788/788/262 789/789/262 787/787/262
f 790/790/263 789/789/263 788/788/263
f 790/790/263 791/791/263 789/789/263
f 792/792/264 791/791/264 790/790/264
f 792/792/264 793/793/264 791/791/264
f 793/793/265 794/794/265 795/795/265
f 793/793/265 792/792/265 794/794/265
f 796/796/266 797/797/266 798/798/266
f 796/796/266 799/799/266 797/797/266
f 800/800/267 778/778/267 777/777/267
f 800/800/268 801/801/268 778/778/268
f 776/776/269 802/802/270 779/779/271
f 776/776/269 803/803/272 802/802/270
f 803/803/273 804/804/274 802/802/275
f 803/803/273 805/805/276 804/804/274
f 799/799/277 806/806/277 797/797/277
f 799/799/277 794/794/277 806/806/277
f 807/807/278 808/808/278 809/809/278
f 807/807/278 810/810/278 808/808/278
f 811/811/279 807/807/279 809/809/279
f 811/811/279 812/812/279 807/807/279
f 813/813/280 814/814/280 815/815/280
f 813/813/280 816/816/280 814/814/280
f 817/817/24 818/818/24 819/819/24
f 817/817/24 820/820/24 818/818/24
f 821/821/281 822/822/282 823/823/283
f 821/821/281 824/824/284 822/822/282
f 784/784/285 775/775/285 774/774/285
f 781/781/285 775/775/285 784/784/285
f 825/825/286 826/826/287 827/827/288
f 825/825/286 828/828/289 826/826/287
f 829/829/290 830/830/291 831/831/292
f 829/829/290 832/832/293 830/830/291
f 833/833/294 834/834/295 835/835/155
f 833/833/294 836/836/296 834/834/295
f 837/837/297 838/838/297 839/839/297
f 837/837/297 840/840/297 838/838/297
f 808/808/298 841/841/298 842/842/298
f 808/808/298 810/810/298 841/841/298
f 843/843/154 798/798/154 844/844/154
f 843/843/154 796/796/154 798/798/154
f 845/845/299 846/846/299 847/847/299
f 845/845/299 848/848/299 846/846/299
f 849/849/300 850/850/300 851/851/300
f 849/849/300 852/852/300 850/850/300
f 852/852/301 853/853/301 850/850/301
f 852/852/301 854/854/301 853/853/301
f 855/855/302 856/856/302 857/857/302
f 855/855/302 858/858/302 856/856/302
f 854/854/303 859/859/303 853/853/303
f 860/860/303 859/859/303 854/854/303
f 860/860/304 861/861/304 859/859/304
f 860/860/304 862/862/304 861/861/304
f 862/862/305 863/863/305 861/861/305
f 862/862/305 864/864/305 863/863/305
f 864/864/306 865/865/306 863/863/306
f 864/864/306 866/866/306 865/865/306
f 866/866/307 867/867/307 865/865/307
f 866/866/307 868/868/307 867/867/307
f 868/868/308 869/869/308 867/867/308
f 868/868/308 870/870/308 869/869/308
f 870/870/309 871/871/309 869/869/309
f 870/870/309 872/872/309 871/871/309
f 873/873/310 874/874/310 875/875/310
f 873/873/310 876/876/310 874/874/310
f 857/857/311 877/877/312 855/855/311
f 857/857/311 878/878/312 877/877/312
f 879/879/313 856/856/313 858/858/313
f 879/879/314 880/880/314 856/856/314
f 881/881/273 882/882/274 883/883/276
f 881/881/273 884/884/315 882/882/274
f 885/885/316 876/876/316 873/873/316
f 885/885/316 886/886/316 876/876/316
f 887/887/317 888/888/317 889/889/317
f 887/887/317 890/890/317 888/888/317
f 888/888/318 891/891/319 889/889/319
f 888/888/318 892/892/318 891/891/319
f 893/893/320 894/894/320 895/895/320
f 893/893/320 896/896/320 894/894/320
f 897/897/24 898/898/24 899/899/24
f 897/897/24 900/900/24 898/898/24
f 901/901/24 900/900/24 902/902/24
f 901/901/24 898/898/24 900/900/24
f 903/903/321 904/904/321 905/905/321
f 903/903/322 906/906/323 904/904/324
f 904/904/325 907/907/325 908/908/325
f 904/904/326 909/909/326 907/907/326
f 910/910/327 911/911/328 912/912/329
f 910/910/327 913/913/330 911/911/328
f 914/914/331 915/915/332 916/916/333
f 917/917/334 915/915/332 914/914/331
f 918/918/335 919/919/336 920/920/153
f 918/918/335 921/921/337 919/919/336
f 922/922/1 923/923/1 924/924/1
f 922/922/1 925/925/1 923/923/1
f 926/926/1 922/922/1 924/924/1
f 926/926/1 927/927/1 922/922/1
f 928/928/1 927/927/1 926/926/1
f 928/928/1 929/929/1 927/927/1
f 930/930/1 928/928/1 931/931/1
f 930/930/1 929/929/1 928/928/1
f 931/931/1 932/932/1 930/930/1
f 933/933/1 932/932/1 931/931/1
f 934/934/1 932/932/1 933/933/1
f 932/932/1 934/934/1 935/935/1
f 934/934/1 936/936/338 935/935/1
f 934/934/1 937/937/339 936/936/338
f 841/841/340 887/887/340 842/842/340
f 841/841/340 890/890/340 887/887/340
f 796/796/154 938/938/154 939/939/154
f 796/796/154 843/843/154 938/938/154
f 940/940/156 941/941/156 942/942/156
f 940/940/156 943/943/156 941/941/156
f 827/827/288 911/911/328 913/913/330
f 827/827/288 826/826/287 911/911/328
f 854/854/341 944/944/342 860/860/343
f 854/854/341 945/945/344 944/944/342
f 946/946/345 947/947/345 948/948/345
f 946/946/345 949/949/345 947/947/345
f 950/950/346 951/951/346 945/945/346
f 950/950/347 952/952/347 951/951/347
f 953/953/348 954/954/348 782/782/348
f 953/953/349 955/955/349 954/954/349
f 830/830/291 956/956/350 831/831/292
f 830/830/291 957/957/351 956/956/350
f 958/958/352 914/914/331 916/916/333
f 958/958/352 959/959/353 914/914/331
f 817/817/24 960/960/24 961/961/24
f 821/821/354 962/962/354 963/963/354
f 821/821/355 964/964/356 962/962/357
f 937/937/339 965/965/358 936/936/338
f 937/937/339 966/966/358 965/965/358
f 967/967/152 453/453/152 455/455/152
f 968/968/152 454/454/152 456/456/152
f 969/969/152 491/491/152 493/493/152
f 970/970/152 492/492/152 494/494/152
f 971/971/359 663/663/219 680/680/219
f 972/972/219 681/681/219 665/665/219
f 765/765/24 973/973/24 766/766/24
f 821/821/355 823/823/360 964/964/356
f 974/974/361 828/828/289 825/825/286
f 828/828/289 975/975/24 826/826/287
f 976/976/362 903/903/322 962/962/363
f 901/901/24 902/902/24 977/977/24
f 946/946/345 948/948/345 978/978/364
f 901/901/24 979/979/24 898/898/24
f 912/912/329 980/980/365 910/910/327
f 981/981/24 912/912/329 911/911/328
f 982/982/366 947/947/345 949/949/345
f 951/951/367 944/944/367 945/945/367
f 953/953/368 782/782/368 780/780/368
f 806/806/265 794/794/265 792/792/265
f 983/983/309 869/869/309 871/871/309
f 964/964/356 976/976/369 962/962/357
f 906/906/323 903/903/322 976/976/362
f 984/984/24 961/961/24 977/977/24
f 961/961/24 901/901/24 977/977/24
f 909/909/370 904/904/324 906/906/323
f 985/985/213 986/986/213 987/987/213
f 985/985/213 988/988/213 986/986/213
f 988/988/213 989/989/213 986/986/213
f 988/988/213 990/990/213 989/989/213
f 990/990/213 991/991/213 989/989/213
f 990/990/213 992/992/213 991/991/213
f 992/992/213 653/653/213 991/991/213
f 992/992/213 651/651/213 653/653/213
f 993/993/213 987/987/213 994/994/213
f 993/993/213 985/985/213 987/987/213
f 995/995/213 994/994/213 996/996/213
f 995/995/213 993/993/213 994/994/213
f 997/997/213 995/995/213 996/996/213
f 404/404/1 998/998/1 402/402/1
f 404/404/1 999/999/1 998/998/1
f 999/999/1 1000/1000/1 998/998/1
f 999/999/1 1001/1001/1 1000/1000/1
f 1001/1001/1 1002/1002/1 1000/1000/1
f 1001/1001/1 1003/1003/1 1002/1002/1
f 741/741/1 739/739/1 738/738/1
f 741/741/1 743/743/1 739/739/1
f 961/961/24 820/820/24 817/817/24
f 961/961/24 984/984/24 820/820/24
f 1004/1004/371 1005/1005/371 1006/1006/371
f 1007/1007/371 1004/1004/371 1008/1008/371
f 1009/1009/371 1007/1007/371 1010/1010/371
f 1005/1005/371 1009/1009/371 1011/1011/371
f 1007/1007/371 1005/1005/371 1004/1004/371
f 1009/1009/371 1005/1005/371 1007/1007/371
f 1012/1012/372 1006/1006/372 1013/1013/372
f 1012/1012/372 1004/1004/372 1006/1006/372
f 1014/1014/373 1004/1004/373 1012/1012/373
f 1014/1014/373 1008/1008/373 1004/1004/373
f 1015/1015/374 1008/1008/374 1014/1014/374
f 1015/1015/374 1007/1007/374 1008/1008/374
f 1016/1016/375 1007/1007/375 1015/1015/375
f 1016/1016/375 1010/1010/375 1007/1007/375
f 1017/1017/376 1010/1010/376 1016/1016/376
f 1017/1017/376 1009/1009/376 1010/1010/376
f 1018/1018/377 1009/1009/377 1017/1017/377
f 1018/1018/377 1011/1011/377 1009/1009/377
f 1019/1019/378 1011/1011/378 1018/1018/378
f 1019/1019/378 1005/1005/378 1011/1011/378
f 1013/1013/379 1005/1005/379 1019/1019/379
f 1013/1013/379 1006/1006/379 1005/1005/379
f 1020/1020/380 1021/1021/380 1022/1022/380
f 1023/1023/380 1020/1020/380 1024/1024/380
f 1025/1025/380 1023/1023/380 1026/1026/380
f 1021/1021/380 1025/1025/380 1027/1027/380
f 1023/1023/380 1021/1021/380 1020/1020/380
f 1025/1025/380 1021/1021/380 1023/1023/380
f 1022/1022/381 1028/1028/381 1029/1029/381
f 1022/1022/381 1021/1021/381 1028/1028/381
f 1021/1021/382 1030/1030/382 1028/1028/382
f 1021/1021/382 1027/1027/382 1030/1030/382
f 1027/1027/383 1031/1031/383 1030/1030/383
f 1027/1027/383 1025/1025/383 1031/1031/383
f 1025/1025/384 1032/1032/384 1031/1031/384
f 1025/1025/384 1026/1026/384 1032/1032/384
f 1026/1026/385 1033/1033/385 1032/1032/385
f 1026/1026/385 1023/1023/385 1033/1033/385
f 1023/1023/386 1034/1034/386 1033/1033/386
f 1023/1023/386 1024/1024/386 1034/1034/386
f 1024/1024/387 1035/1035/387 1034/1034/387
f 1024/1024/387 1020/1020/387 1035/1035/387
f 1020/1020/388 1029/1029/388 1035/1035/388
f 1020/1020/388 1022/1022/388 1029/1029/388
f 1036/1036/389 1037/1037/389 1038/1038/389
f 1039/1039/390 1040/1040/390 1041/1041/390
f 1042/1042/391 1039/1039/391 1043/1043/391
f 1042/1042/391 1040/1040/391 1039/1039/391
f 1044/1044/392 1043/1043/392 1045/1045/392
f 1044/1044/392 1042/1042/392 1043/1043/392
f 1046/1046/393 1044/1044/393 1045/1045/393
f 1046/1046/393 1047/1047/393 1044/1044/393
f 1048/1048/394 1047/1047/394 1046/1046/394
f 1048/1048/394 1049/1049/394 1047/1047/394
f 1050/1050/395 1049/1049/395 1048/1048/395
f 1050/1050/395 1051/1051/395 1049/1049/395
f 1038/1038/396 1051/1051/396 1050/1050/396
f 1038/1038/396 1037/1037/396 1051/1051/396
f 1052/1052/153 1053/1053/153 1054/1054/153
f 1055/1055/153 1052/1052/153 1056/1056/153
f 1057/1057/153 1055/1055/153 1058/1058/153
f 1053/1053/153 1057/1057/153 1059/1059/153
f 1055/1055/153 1053/1053/153 1052/1052/153
f 1057/1057/153 1053/1053/153 1055/1055/153
f 1037/1037/397 1060/1060/397 1051/1051/397
f 1037/1037/397 1061/1061/397 1060/1060/397
f 1036/1036/398 1061/1061/398 1037/1037/398
f 1036/1036/398 1062/1062/398 1061/1061/398
f 1040/1040/399 1063/1063/399 1041/1041/399
f 1040/1040/399 1064/1064/399 1063/1063/399
f 1042/1042/400 1064/1064/400 1040/1040/400
f 1042/1042/400 1065/1065/400 1064/1064/400
f 1044/1044/401 1065/1065/401 1042/1042/401
f 1044/1044/401 1066/1066/401 1065/1065/401
f 1047/1047/402 1066/1066/402 1044/1044/402
f 1047/1047/402 1067/1067/402 1066/1066/402
f 1049/1049/403 1067/1067/403 1047/1047/403
f 1049/1049/403 1068/1068/403 1067/1067/403
f 1051/1051/404 1068/1068/404 1049/1049/404
f 1051/1051/404 1060/1060/404 1068/1068/404
f 1069/1069/153 1070/1070/153 1071/1071/153
f 1072/1072/153 1070/1070/153 1069/1069/153
f 1073/1073/153 1070/1070/153 1072/1072/153
f 1074/1074/153 1070/1070/153 1073/1073/153
f 1075/1075/153 1070/1070/153 1074/1074/153
f 1076/1076/153 1070/1070/153 1075/1075/153
f 1077/1077/405 1078/1078/405 1079/1079/405
f 1077/1077/405 1080/1080/405 1078/1078/405
f 1081/1081/406 1080/1080/406 1077/1077/406
f 1081/1081/406 1082/1082/406 1080/1080/406
f 1083/1083/407 1082/1082/407 1081/1081/407
f 1083/1083/407 1084/1084/407 1082/1082/407
f 1085/1085/408 1086/1086/408 1083/1083/408
f 1085/1085/408 1087/1087/408 1086/1086/408
f 1088/1088/409 1089/1089/409 1090/1090/409
f 1088/1088/410 1091/1091/410 1089/1089/410
f 1090/1090/411 1092/1092/411 1088/1088/411
f 1090/1090/412 1093/1093/412 1092/1092/412
f 1092/1092/413 1094/1094/413 1095/1095/413
f 1092/1092/414 1093/1093/414 1094/1094/414
f 1095/1095/415 1096/1096/415 1097/1097/415
f 1095/1095/416 1094/1094/416 1096/1096/416
f 1097/1097/417 1098/1098/417 1095/1095/417
f 1097/1097/418 1099/1099/418 1098/1098/418
f 1100/1100/419 1091/1091/419 1088/1088/419
f 1100/1100/420 1101/1101/420 1091/1091/420
f 1102/1102/389 1103/1103/389 1104/1104/389
f 1105/1105/390 1106/1106/390 1107/1107/390
f 1108/1108/391 1106/1106/391 1105/1105/391
f 1108/1108/391 1109/1109/391 1106/1106/391
f 1110/1110/392 1109/1109/392 1108/1108/392
f 1110/1110/392 1111/1111/392 1109/1109/392
f 1112/1112/393 1111/1111/393 1110/1110/393
f 1112/1112/393 1113/1113/393 1111/1111/393
f 1112/1112/394 1114/1114/394 1113/1113/394
f 1112/1112/394 1115/1115/394 1114/1114/394
f 1115/1115/395 1116/1116/395 1114/1114/395
f 1115/1115/395 1117/1117/395 1116/1116/395
f 1117/1117/396 1104/1104/396 1116/1116/396
f 1117/1117/396 1102/1102/396 1104/1104/396
f 1118/1118/155 1119/1119/155 1120/1120/155
f 1121/1121/155 1118/1118/155 1122/1122/155
f 1123/1123/155 1121/1121/155 1124/1124/155
f 1119/1119/155 1123/1123/155 1125/1125/155
f 1121/1121/155 1119/1119/155 1118/1118/155
f 1123/1123/155 1119/1119/155 1121/1121/155
f 1126/1126/421 1102/1102/421 1117/1117/421
f 1126/1126/421 1127/1127/421 1102/1102/421
f 1127/1127/422 1103/1103/422 1102/1102/422
f 1127/1127/422 1128/1128/422 1103/1103/422
f 1129/1129/423 1105/1105/423 1107/1107/423
f 1129/1129/423 1130/1130/423 1105/1105/423
f 1130/1130/424 1108/1108/424 1105/1105/424
f 1130/1130/424 1131/1131/424 1108/1108/424
f 1131/1131/425 1110/1110/425 1108/1108/425
f 1131/1131/425 1132/1132/425 1110/1110/425
f 1132/1132/426 1112/1112/426 1110/1110/426
f 1132/1132/426 1133/1133/426 1112/1112/426
f 1133/1133/427 1115/1115/427 1112/1112/427
f 1133/1133/427 1134/1134/427 1115/1115/427
f 1134/1134/428 1117/1117/428 1115/1115/428
f 1134/1134/428 1126/1126/428 1117/1117/428
f 1135/1135/155 1136/1136/155 1137/1137/155
f 1138/1138/155 1136/1136/155 1135/1135/155
f 1139/1139/155 1136/1136/155 1138/1138/155
f 1140/1140/155 1136/1136/155 1139/1139/155
f 1141/1141/155 1136/1136/155 1140/1140/155
f 1142/1142/155 1136/1136/155 1141/1141/155
f 1143/1143/405 1144/1144/405 1145/1145/405
f 1143/1143/405 1146/1146/405 1144/1144/405
f 1147/1147/406 1148/1148/406 1144/1144/406
f 1147/1147/406 1149/1149/406 1148/1148/406
f 1149/1149/429 1150/1150/429 1148/1148/429
f 1149/1149/429 1151/1151/429 1150/1150/429
f 1151/1151/408 1152/1152/408 1150/1150/408
f 1151/1151/408 1153/1153/408 1152/1152/408
f 1154/1154/430 1155/1155/430 1156/1156/430
f 1154/1154/431 1157/1157/431 1155/1155/431
f 1157/1157/432 1158/1158/432 1159/1159/432
f 1157/1157/433 1154/1154/433 1158/1158/433
f 1160/1160/434 1158/1158/434 1161/1161/434
f 1160/1160/435 1159/1159/435 1158/1158/435
f 1161/1161/436 1162/1162/436 1160/1160/436
f 1161/1161/437 1163/1163/437 1162/1162/437
f 1163/1163/438 1164/1164/438 1165/1165/438
f 1163/1163/439 1161/1161/439 1164/1164/439
f 1156/1156/440 1166/1166/440 1154/1154/440
f 1156/1156/441 1167/1167/441 1166/1166/441
f 1168/1168/442 1169/1169/442 1170/1170/442
f 1169/1169/443 1171/1171/443 1170/1170/443
f 1172/1172/444 1173/1173/444 1174/1174/444
f 1172/1172/444 1175/1175/444 1173/1173/444
f 1175/1175/155 1176/1176/155 1173/1173/155
f 1175/1175/155 1177/1177/155 1176/1176/155
f 1178/1178/445 1179/1179/445 1180/1180/445
f 1178/1178/445 1181/1181/445 1179/1179/445
f 1181/1181/446 1182/1182/446 1179/1179/446
f 1181/1181/446 1183/1183/446 1182/1182/446
f 1184/1184/447 1185/1185/447 1186/1186/447
f 1184/1184/448 1187/1187/448 1185/1185/448
f 1184/1184/449 1188/1188/449 1187/1187/449
f 1184/1184/449 1189/1189/449 1188/1188/449
f 1190/1190/450 1191/1191/450 1192/1192/450
f 1190/1190/451 1193/1193/451 1191/1191/451
f 1194/1194/452 1195/1195/452 1196/1196/452
f 1194/1194/453 1197/1197/453 1195/1195/453
f 1198/1198/454 1186/1186/454 1199/1199/454
f 1198/1198/455 1184/1184/455 1186/1186/455
f 1200/1200/456 1197/1197/457 1194/1194/458
f 1200/1200/456 1201/1201/456 1197/1197/457
f 1202/1202/444 1199/1199/444 1203/1203/444
f 1202/1202/444 1204/1204/444 1199/1199/444
f 1202/1202/155 1205/1205/155 1204/1204/155
f 1202/1202/155 1206/1206/155 1205/1205/155
f 1206/1206/459 1207/1207/459 1205/1205/459
f 1206/1206/459 1208/1208/459 1207/1207/459
f 1209/1209/460 1210/1210/460 1200/1200/460
f 1209/1209/460 1211/1211/460 1210/1210/460
f 1212/1212/461 1213/1213/461 1214/1214/461
f 1212/1212/461 1215/1215/461 1213/1213/461
f 1216/1216/462 1217/1217/462 1218/1218/462
f 1216/1216/462 1219/1219/462 1217/1217/462
f 1220/1220/463 1221/1221/463 1222/1222/463
f 1220/1220/464 1223/1223/464 1221/1221/464
f 1224/1224/465 1225/1225/466 1226/1226/467
f 1224/1224/465 1227/1227/468 1225/1225/466
f 1228/1228/469 1229/1229/469 1230/1230/469
f 1228/1228/469 1231/1231/469 1229/1229/469
f 1232/1232/470 1233/1233/470 1234/1234/470
f 1232/1232/470 1235/1235/471 1233/1233/470
f 1235/1235/472 1236/1236/472 1233/1233/472
f 1235/1235/472 1237/1237/472 1236/1236/472
f 1237/1237/473 1238/1238/473 1236/1236/474
f 1237/1237/473 1239/1239/475 1238/1238/473
f 1239/1239/476 1240/1240/476 1238/1238/477
f 1239/1239/476 1241/1241/476 1240/1240/476
f 1242/1242/294 1224/1224/294 1226/1226/294
f 1242/1242/294 1243/1243/294 1224/1224/294
f 1244/1244/478 1225/1225/466 1227/1227/468
f 1244/1244/478 1245/1245/479 1225/1225/466
f 1243/1243/480 1246/1246/480 1222/1222/480
f 1243/1243/481 1242/1242/481 1246/1246/481
f 1247/1247/482 1248/1248/483 1249/1249/484
f 1247/1247/482 1250/1250/485 1248/1248/483
f 1251/1251/486 1252/1252/487 1253/1253/488
f 1251/1251/486 1254/1254/489 1252/1252/487
f 1255/1255/490 1256/1256/490 1257/1257/490
f 1255/1255/491 1258/1258/491 1256/1256/491
f 1259/1259/492 1260/1260/492 1261/1261/492
f 1259/1259/493 1262/1262/493 1260/1260/493
f 1193/1193/494 1263/1263/495 1207/1207/496
f 1193/1193/497 1190/1190/497 1263/1263/497
f 1264/1264/498 1265/1265/498 1266/1266/498
f 1264/1264/498 1267/1267/498 1265/1265/498
f 1268/1268/499 1269/1269/499 1270/1270/499
f 1268/1268/500 1271/1271/500 1269/1269/500
f 1272/1272/501 1273/1273/501 1274/1274/501
f 1272/1272/502 1275/1275/502 1273/1273/502
f 1276/1276/503 1277/1277/503 1278/1278/503
f 1276/1276/504 1279/1279/504 1277/1277/504
f 1280/1280/505 1281/1281/505 1282/1282/505
f 1280/1280/506 1283/1283/506 1281/1281/506
f 1284/1284/507 1285/1285/507 1286/1286/507
f 1284/1284/508 1287/1287/508 1285/1285/508
f 1288/1288/509 1174/1174/509 1289/1289/509
f 1288/1288/509 1172/1172/509 1174/1174/509
f 1290/1290/510 1185/1185/510 1291/1291/510
f 1290/1290/510 1186/1186/510 1185/1185/510
f 1292/1292/511 1186/1186/512 1290/1290/512
f 1292/1292/511 1199/1199/513 1186/1186/512
f 1293/1293/514 1199/1199/514 1294/1294/514
f 1293/1293/514 1203/1203/514 1199/1199/514
f 1295/1295/515 1296/1296/515 1297/1297/516
f 1295/1295/515 1298/1298/515 1296/1296/515
f 1299/1299/509 1221/1221/509 1300/1300/509
f 1299/1299/509 1222/1222/509 1221/1221/509
f 1301/1301/517 1234/1234/517 1302/1302/518
f 1301/1301/517 1232/1232/519 1234/1234/517
f 1303/1303/520 1304/1304/520 1305/1305/520
f 1303/1303/520 1306/1306/520 1304/1304/520
f 1303/1303/153 1307/1307/153 1306/1306/153
f 1303/1303/153 1308/1308/153 1307/1307/153
f 1308/1308/521 1309/1309/522 1307/1307/522
f 1308/1308/521 1310/1310/521 1309/1309/522
f 1310/1310/523 1311/1311/523 1309/1309/523
f 1310/1310/523 1312/1312/523 1311/1311/523
f 1313/1313/524 1304/1304/524 1314/1314/524
f 1313/1313/524 1305/1305/524 1304/1304/524
f 1169/1169/525 1315/1315/525 1171/1171/525
f 1169/1169/526 1316/1316/526 1315/1315/526
f 1317/1317/527 1318/1318/527 1319/1319/527
f 1317/1317/527 1320/1320/527 1318/1318/527
f 1321/1321/153 1320/1320/153 1317/1317/153
f 1321/1321/153 1322/1322/153 1320/1320/153
f 1323/1323/528 1322/1322/528 1321/1321/528
f 1323/1323/528 1324/1324/528 1322/1322/528
f 1182/1182/529 1324/1324/529 1323/1323/529
f 1182/1182/529 1183/1183/529 1324/1324/529
f 1325/1325/530 1326/1326/530 1327/1327/530
f 1325/1325/531 1328/1328/531 1326/1326/531
f 1329/1329/532 1330/1330/532 1327/1327/532
f 1329/1329/532 1331/1331/532 1330/1330/532
f 1332/1332/533 1333/1333/533 1334/1334/533
f 1332/1332/534 1335/1335/534 1333/1333/534
f 1195/1195/535 1335/1335/535 1332/1332/535
f 1195/1195/536 1197/1197/536 1335/1335/536
f 1336/1336/537 1328/1328/537 1325/1325/537
f 1336/1336/538 1337/1337/539 1328/1328/540
f 1197/1197/541 1338/1338/541 1335/1335/541
f 1197/1197/542 1201/1201/542 1338/1338/542
f 1339/1339/543 1337/1337/543 1340/1340/543
f 1339/1339/543 1341/1341/543 1337/1337/543
f 1342/1342/153 1339/1339/153 1340/1340/153
f 1342/1342/153 1343/1343/153 1339/1339/153
f 1338/1338/528 1343/1343/528 1342/1342/528
f 1338/1338/528 1344/1344/528 1343/1343/528
f 1210/1210/544 1344/1344/544 1338/1338/544
f 1210/1210/544 1211/1211/544 1344/1344/544
f 1345/1345/545 1346/1346/545 1347/1347/545
f 1345/1345/545 1348/1348/545 1346/1346/545
f 1217/1217/546 1349/1349/546 1350/1350/546
f 1217/1217/547 1219/1219/547 1349/1349/547
f 1351/1351/548 1352/1352/548 1353/1353/548
f 1351/1351/549 1354/1354/549 1352/1352/549
f 1355/1355/550 1356/1356/550 1357/1357/550
f 1355/1355/551 1358/1358/551 1356/1356/551
f 1229/1229/544 1359/1359/544 1360/1360/544
f 1229/1229/544 1231/1231/544 1359/1359/544
f 1361/1361/552 1362/1362/552 1363/1363/552
f 1361/1361/553 1364/1364/553 1362/1362/553
f 1365/1365/554 1364/1364/554 1361/1361/554
f 1365/1365/554 1366/1366/554 1364/1364/554
f 1367/1367/555 1366/1366/555 1365/1365/555
f 1367/1367/555 1368/1368/555 1366/1366/555
f 1240/1240/556 1368/1368/556 1367/1367/556
f 1240/1240/557 1241/1241/557 1368/1368/557
f 1355/1355/153 1369/1369/153 1358/1358/153
f 1355/1355/153 1370/1370/153 1369/1369/153
f 1360/1360/558 1356/1356/558 1371/1371/558
f 1360/1360/559 1359/1359/559 1356/1356/559
f 1370/1370/560 1351/1351/561 1369/1369/562
f 1370/1370/560 1354/1354/563 1351/1351/561
f 1372/1372/564 1373/1373/565 1374/1374/566
f 1372/1372/564 1375/1375/567 1373/1373/565
f 1251/1251/568 1376/1376/568 1377/1377/568
f 1251/1251/569 1253/1253/569 1376/1376/569
f 1378/1378/570 1255/1255/570 1379/1379/570
f 1378/1378/571 1380/1380/571 1255/1255/571
f 1381/1381/572 1382/1382/572 1383/1383/572
f 1381/1381/573 1384/1384/573 1382/1382/573
f 1335/1335/574 1385/1385/574 1333/1333/574
f 1335/1335/575 1338/1338/575 1385/1385/575
f 1264/1264/576 1386/1386/576 1387/1387/576
f 1264/1264/576 1266/1266/576 1386/1386/576
f 1388/1388/577 1389/1389/577 1390/1390/577
f 1388/1388/578 1391/1391/578 1389/1389/578
f 1392/1392/579 1393/1393/579 1394/1394/579
f 1392/1392/580 1395/1395/580 1393/1393/580
f 1396/1396/581 1397/1397/581 1398/1398/581
f 1396/1396/582 1399/1399/582 1397/1397/582
f 1400/1400/583 1401/1401/583 1402/1402/583
f 1400/1400/584 1403/1403/584 1401/1401/584
f 1404/1404/585 1284/1284/585 1286/1286/585
f 1404/1404/586 1405/1405/586 1284/1284/586
f 1319/1319/587 1406/1406/587 1407/1407/587
f 1319/1319/587 1318/1318/587 1406/1406/587
f 1326/1326/588 1408/1408/588 1409/1409/588
f 1326/1326/588 1328/1328/588 1408/1408/588
f 1328/1328/589 1410/1410/589 1408/1408/590
f 1328/1328/589 1337/1337/591 1410/1410/589
f 1337/1337/592 1411/1411/592 1412/1412/592
f 1337/1337/592 1341/1341/592 1411/1411/592
f 1413/1413/593 1414/1414/593 1415/1415/593
f 1413/1413/594 1416/1416/594 1414/1414/594
f 1352/1352/592 1417/1417/592 1418/1418/592
f 1352/1352/592 1354/1354/592 1417/1417/592
f 1363/1363/595 1419/1419/595 1302/1302/595
f 1363/1363/596 1362/1362/596 1419/1419/596
f 1420/1420/445 1421/1421/445 1422/1422/445
f 1420/1420/445 1423/1423/445 1421/1421/445
f 1424/1424/155 1420/1420/155 1422/1422/155
f 1424/1424/155 1425/1425/155 1420/1420/155
f 1426/1426/444 1425/1425/444 1424/1424/444
f 1426/1426/597 1427/1427/597 1425/1425/597
f 1428/1428/598 1427/1427/598 1426/1426/598
f 1428/1428/598 1429/1429/598 1427/1427/598
f 1421/1421/599 1430/1430/599 1431/1431/599
f 1421/1421/599 1423/1423/599 1430/1430/599
f 1432/1432/600 1433/1433/600 1434/1434/600
f 1432/1432/600 1435/1435/600 1433/1433/600
f 1436/1436/601 1435/1435/601 1432/1432/601
f 1436/1436/601 1437/1437/601 1435/1435/601
f 1438/1438/602 1439/1439/602 1440/1440/602
f 1438/1438/602 1441/1441/602 1439/1439/602
f 1442/1442/603 1441/1441/603 1438/1438/603
f 1442/1442/603 1443/1443/603 1441/1441/603
f 1444/1444/604 1443/1443/604 1442/1442/604
f 1444/1444/604 1445/1445/604 1443/1443/604
f 1446/1446/605 1445/1445/605 1444/1444/605
f 1446/1446/605 1447/1447/605 1445/1445/605
f 1448/1448/606 1449/1449/606 1450/1450/606
f 1448/1448/606 1451/1451/606 1449/1449/606
f 1434/1434/607 1451/1451/607 1448/1448/607
f 1434/1434/607 1433/1433/607 1451/1451/607
f 1452/1452/608 1453/1453/608 1454/1454/608
f 1452/1452/609 1455/1455/609 1453/1453/609
f 1456/1456/610 1452/1452/610 1457/1457/610
f 1456/1456/610 1455/1455/611 1452/1452/610
f 1458/1458/612 1456/1456/612 1457/1457/612
f 1458/1458/613 1459/1459/613 1456/1456/613
f 1460/1460/614 1459/1459/614 1458/1458/614
f 1460/1460/615 1461/1461/615 1459/1459/615
f 1462/1462/616 1461/1461/616 1460/1460/616
f 1462/1462/617 1463/1463/617 1461/1461/617
f 1464/1464/618 1463/1463/618 1462/1462/618
f 1464/1464/619 1465/1465/619 1463/1463/619
f 1466/1466/620 1465/1465/620 1464/1464/620
f 1466/1466/621 1467/1467/621 1465/1465/621
f 1468/1468/622 1467/1467/622 1466/1466/622
f 1468/1468/623 1469/1469/623 1467/1467/623
f 1470/1470/624 1469/1469/624 1468/1468/624
f 1470/1470/625 1471/1471/625 1469/1469/625
f 1472/1472/626 1473/1473/626 1474/1474/626
f 1472/1472/627 1475/1475/627 1473/1473/627
f 1476/1476/628 1472/1472/628 1477/1477/628
f 1476/1476/628 1475/1475/629 1472/1472/628
f 1454/1454/630 1476/1476/630 1477/1477/630
f 1454/1454/631 1453/1453/631 1476/1476/631
f 1478/1478/632 1479/1479/632 1480/1480/632
f 1478/1478/632 1481/1481/632 1479/1479/632
f 1482/1482/633 1481/1481/633 1478/1478/633
f 1482/1482/634 1483/1483/634 1481/1481/634
f 1484/1484/635 1483/1483/635 1482/1482/635
f 1484/1484/636 1485/1485/636 1483/1483/636
f 1486/1486/637 1485/1485/637 1484/1484/637
f 1486/1486/638 1487/1487/638 1485/1485/638
f 1488/1488/639 1487/1487/639 1486/1486/639
f 1488/1488/640 1489/1489/640 1487/1487/640
f 1490/1490/641 1489/1489/641 1488/1488/641
f 1490/1490/641 1491/1491/641 1489/1489/641
f 1492/1492/642 1491/1491/642 1490/1490/642
f 1492/1492/642 1493/1493/642 1491/1491/642
f 1494/1494/643 1493/1493/643 1492/1492/643
f 1494/1494/644 1495/1495/644 1493/1493/644
f 1496/1496/645 1495/1495/645 1494/1494/645
f 1496/1496/646 1497/1497/646 1495/1495/646
f 1498/1498/647 1499/1499/647 1500/1500/647
f 1498/1498/648 1501/1501/648 1499/1499/648
f 1502/1502/649 1501/1501/649 1498/1498/649
f 1502/1502/650 1503/1503/650 1501/1501/650
f 1480/1480/651 1503/1503/651 1502/1502/651
f 1480/1480/651 1479/1479/651 1503/1503/651
f 1504/1504/652 1505/1505/653 1506/1506/653
f 1504/1504/652 1507/1507/652 1505/1505/653
f 1507/1507/654 1508/1508/654 1505/1505/654
f 1507/1507/654 1509/1509/654 1508/1508/654
f 1509/1509/655 1510/1510/655 1508/1508/655
f 1509/1509/655 1511/1511/655 1510/1510/655
f 1511/1511/656 1512/1512/657 1510/1510/657
f 1511/1511/656 1513/1513/656 1512/1512/657
f 1513/1513/658 1514/1514/659 1512/1512/660
f 1513/1513/658 1515/1515/658 1514/1514/659
f 1515/1515/661 1516/1516/662 1514/1514/662
f 1515/1515/661 1517/1517/661 1516/1516/662
f 1517/1517/663 1518/1518/664 1516/1516/664
f 1517/1517/663 1519/1519/663 1518/1518/664
f 1519/1519/665 1520/1520/665 1518/1518/665
f 1519/1519/665 1521/1521/665 1520/1520/665
f 1521/1521/666 1522/1522/666 1520/1520/666
f 1521/1521/666 1523/1523/666 1522/1522/666
f 1524/1524/667 1525/1525/668 1526/1526/668
f 1524/1524/667 1527/1527/667 1525/1525/668
f 1527/1527/669 1528/1528/670 1525/1525/670
f 1527/1527/669 1529/1529/669 1528/1528/670
f 1529/1529/671 1506/1506/672 1528/1528/672
f 1529/1529/671 1504/1504/671 1506/1506/672
f 1530/1530/673 1531/1531/673 1532/1532/673
f 1533/1533/674 1531/1531/674 1530/1530/674
f 1534/1534/675 1535/1535/675 1536/1536/675
f 1534/1534/676 1533/1533/676 1535/1535/676
f 1533/1533/677 1534/1534/677 1531/1531/677
f 1536/1536/678 1537/1537/678 1538/1538/678
f 1535/1535/679 1537/1537/679 1536/1536/679
f 1539/1539/680 1207/1207/496 1263/1263/495
f 1540/1540/681 1296/1296/681 1298/1298/681
f 1540/1540/682 1214/1214/682 1296/1296/682
f 1212/1212/683 1214/1214/683 1540/1540/683
f 1541/1541/684 1213/1213/684 1215/1215/684
f 1542/1542/685 1213/1213/685 1541/1541/685
f 1541/1541/686 1543/1543/686 1542/1542/686
f 1544/1544/687 1545/1545/687 1546/1546/687
f 1547/1547/688 1548/1548/689 1549/1549/690
f 1550/1550/691 1551/1551/691 1545/1545/691
f 1550/1550/692 1547/1547/688 1551/1551/693
f 1550/1550/692 1548/1548/689 1547/1547/688
f 1549/1549/694 1552/1552/694 1547/1547/694
f 1199/1199/695 1204/1204/695 1553/1553/695
f 1199/1199/696 1553/1553/696 1198/1198/696
f 1539/1539/697 1205/1205/697 1207/1207/697
f 1271/1271/698 1554/1554/698 1269/1269/698
f 1555/1555/699 1275/1275/699 1272/1272/699
f 1555/1555/700 1278/1278/700 1275/1275/700
f 1555/1555/701 1276/1276/701 1278/1278/701
f 1282/1282/702 1281/1281/702 1556/1556/702
f 1549/1549/703 1557/1557/703 1552/1552/703
f 1552/1552/704 1558/1558/704 1547/1547/704
f 1544/1544/705 1559/1559/705 1545/1545/705
f 1545/1545/706 1551/1551/706 1546/1546/706
f 1560/1560/707 1262/1262/707 1259/1259/707
f 1560/1560/708 1249/1249/709 1262/1262/710
f 1560/1560/708 1561/1561/711 1249/1249/709
f 1562/1562/712 1405/1405/712 1404/1404/712
f 1562/1562/713 1563/1563/713 1405/1405/713
f 1564/1564/714 1563/1563/714 1562/1562/714
f 1565/1565/715 1564/1564/715 1566/1566/715
f 1564/1564/716 1565/1565/716 1563/1563/716
f 1566/1566/717 1316/1316/717 1565/1565/717
f 1566/1566/718 1315/1315/718 1316/1316/718
f 1338/1338/719 1567/1567/719 1385/1385/719
f 1413/1413/720 1568/1568/720 1416/1416/720
f 1568/1568/721 1347/1347/721 1346/1346/721
f 1568/1568/722 1413/1413/722 1347/1347/722
f 1569/1569/723 1345/1345/723 1350/1350/723
f 1569/1569/724 1348/1348/724 1345/1345/724
f 1350/1350/725 1349/1349/725 1569/1569/725
f 1570/1570/726 1544/1544/726 1571/1571/726
f 1572/1572/727 1573/1573/728 1570/1570/729
f 1574/1574/730 1575/1575/730 1576/1576/731
f 1575/1575/732 1573/1573/728 1572/1572/727
f 1575/1575/730 1574/1574/730 1573/1573/733
f 1552/1552/734 1576/1576/734 1575/1575/734
f 1340/1340/735 1337/1337/735 1577/1577/735
f 1577/1577/736 1337/1337/539 1336/1336/538
f 1342/1342/737 1567/1567/737 1338/1338/737
f 1578/1578/738 1391/1391/738 1388/1388/738
f 1394/1394/739 1579/1579/739 1392/1392/739
f 1398/1398/740 1579/1579/740 1394/1394/740
f 1398/1398/741 1397/1397/741 1579/1579/741
f 1401/1401/742 1403/1403/742 1580/1580/742
f 1557/1557/743 1576/1576/743 1552/1552/743
f 1581/1581/744 1552/1552/744 1575/1575/744
f 1559/1559/745 1544/1544/745 1570/1570/745
f 1572/1572/746 1570/1570/746 1571/1571/746
f 1383/1383/747 1582/1582/748 1583/1583/749
f 1374/1374/750 1582/1582/748 1383/1383/747
f 1374/1374/750 1584/1584/751 1582/1582/748
f 1585/1585/752 1586/1586/752 1587/1587/752
f 1585/1585/753 1588/1588/753 1586/1586/753
f 1589/1589/754 1590/1590/754 1591/1591/754
f 1589/1589/754 1592/1592/754 1590/1590/754
f 1593/1593/755 1594/1594/755 1595/1595/755
f 1593/1593/755 1596/1596/755 1594/1594/755
f 1597/1597/756 1598/1598/756 1599/1599/756
f 1597/1597/756 1600/1600/756 1598/1598/756
f 1601/1601/757 1602/1602/757 1603/1603/757
f 1601/1601/757 1604/1604/757 1602/1602/757
f 1605/1605/758 1606/1606/758 1607/1607/758
f 1605/1605/759 1608/1608/759 1606/1606/759
f 1609/1609/760 1588/1588/760 1585/1585/760
f 1609/1609/760 1610/1610/760 1588/1588/760
f 1611/1611/761 1590/1590/761 1592/1592/761
f 1611/1611/761 1612/1612/761 1590/1590/761
f 1613/1613/762 1596/1596/762 1593/1593/762
f 1613/1613/762 1614/1614/762 1596/1596/762
f 1615/1615/763 1600/1600/763 1597/1597/763
f 1615/1615/763 1616/1616/763 1600/1600/763
f 1617/1617/764 1604/1604/764 1601/1601/764
f 1617/1617/764 1618/1618/764 1604/1604/764
f 1619/1619/765 1608/1608/765 1605/1605/765
f 1619/1619/765 1620/1620/765 1608/1608/765
f 1621/1621/766 1610/1610/766 1609/1609/766
f 1621/1621/766 1622/1622/766 1610/1610/766
f 1623/1623/767 1612/1612/767 1611/1611/767
f 1623/1623/767 1624/1624/767 1612/1612/767
f 1625/1625/768 1614/1614/768 1613/1613/768
f 1625/1625/768 1626/1626/768 1614/1614/768
f 1627/1627/769 1616/1616/769 1615/1615/769
f 1627/1627/769 1628/1628/769 1616/1616/769
f 1629/1629/770 1618/1618/770 1617/1617/770
f 1629/1629/770 1630/1630/770 1618/1618/770
f 1631/1631/771 1620/1620/771 1619/1619/771
f 1631/1631/771 1632/1632/771 1620/1620/771
f 1633/1633/772 1622/1622/772 1621/1621/772
f 1633/1633/773 1634/1634/773 1622/1622/773
f 1635/1635/774 1624/1624/774 1623/1623/774
f 1635/1635/774 1636/1636/774 1624/1624/774
f 1637/1637/775 1626/1626/775 1625/1625/775
f 1637/1637/775 1638/1638/775 1626/1626/775
f 1639/1639/776 1628/1628/776 1627/1627/776
f 1639/1639/776 1640/1640/776 1628/1628/776
f 1641/1641/777 1630/1630/777 1629/1629/777
f 1641/1641/777 1642/1642/777 1630/1630/777
f 1643/1643/778 1632/1632/778 1631/1631/778
f 1643/1643/778 1644/1644/778 1632/1632/778
f 1645/1645/779 1634/1634/779 1633/1633/779
f 1645/1645/779 1646/1646/779 1634/1634/779
f 1647/1647/780 1636/1636/780 1635/1635/780
f 1647/1647/780 1648/1648/780 1636/1636/780
f 1649/1649/781 1638/1638/781 1637/1637/781
f 1649/1649/781 1650/1650/781 1638/1638/781
f 1651/1651/782 1640/1640/782 1639/1639/782
f 1651/1651/782 1652/1652/782 1640/1640/782
f 1653/1653/783 1642/1642/783 1641/1641/783
f 1653/1653/783 1654/1654/783 1642/1642/783
f 1655/1655/784 1644/1644/784 1643/1643/784
f 1655/1655/785 1656/1656/785 1644/1644/785
f 1657/1657/786 1646/1646/786 1645/1645/786
f 1657/1657/786 1658/1658/786 1646/1646/786
f 1647/1647/787 1659/1659/787 1648/1648/787
f 1647/1647/787 1660/1660/787 1659/1659/787
f 1661/1661/788 1650/1650/788 1649/1649/788
f 1661/1661/788 1662/1662/788 1650/1650/788
f 1663/1663/789 1652/1652/789 1651/1651/789
f 1663/1663/789 1664/1664/789 1652/1652/789
f 1665/1665/790 1654/1654/790 1653/1653/790
f 1665/1665/790 1666/1666/790 1654/1654/790
f 1667/1667/791 1656/1656/791 1655/1655/791
f 1667/1667/791 1668/1668/791 1656/1656/791
f 1669/1669/792 1670/1670/792 1671/1671/792
f 1669/1669/792 1672/1672/792 1670/1670/792
f 1673/1673/793 1674/1674/793 1675/1675/793
f 1673/1673/793 1676/1676/793 1674/1674/793
f 1677/1677/794 1678/1678/794 1679/1679/794
f 1677/1677/795 1680/1680/795 1678/1678/795
f 1681/1681/796 1682/1682/796 1683/1683/796
f 1681/1681/796 1684/1684/796 1682/1682/796
f 1685/1685/797 1686/1686/797 1687/1687/797
f 1685/1685/797 1688/1688/797 1686/1686/797
f 1689/1689/798 1690/1690/798 1691/1691/798
f 1689/1689/798 1692/1692/798 1690/1690/798
f 1693/1693/799 1672/1672/799 1669/1669/799
f 1693/1693/799 1694/1694/799 1672/1672/799
f 1695/1695/800 1676/1676/800 1673/1673/800
f 1695/1695/800 1696/1696/800 1676/1676/800
f 1697/1697/801 1680/1680/801 1677/1677/801
f 1697/1697/801 1698/1698/801 1680/1680/801
f 1699/1699/802 1684/1684/802 1681/1681/802
f 1699/1699/802 1700/1700/802 1684/1684/802
f 1701/1701/803 1688/1688/803 1685/1685/803
f 1701/1701/803 1702/1702/803 1688/1688/803
f 1703/1703/804 1692/1692/804 1689/1689/804
f 1703/1703/804 1704/1704/804 1692/1692/804
f 1705/1705/805 1694/1694/805 1693/1693/805
f 1705/1705/806 1706/1706/806 1694/1694/806
f 1707/1707/807 1696/1696/807 1695/1695/807
f 1707/1707/807 1708/1708/807 1696/1696/807
f 1709/1709/808 1698/1698/808 1697/1697/808
f 1709/1709/808 1710/1710/808 1698/1698/808
f 1711/1711/809 1700/1700/809 1699/1699/809
f 1711/1711/809 1712/1712/809 1700/1700/809
f 1713/1713/810 1702/1702/810 1701/1701/810
f 1713/1713/810 1714/1714/810 1702/1702/810
f 1715/1715/811 1704/1704/811 1703/1703/811
f 1715/1715/812 1716/1716/812 1704/1704/812
f 1717/1717/813 1706/1706/813 1705/1705/813
f 1717/1717/814 1718/1718/814 1706/1706/814
f 1719/1719/815 1708/1708/815 1707/1707/815
f 1719/1719/815 1720/1720/815 1708/1708/815
f 1721/1721/816 1710/1710/816 1709/1709/816
f 1721/1721/816 1722/1722/816 1710/1710/816
f 1723/1723/817 1712/1712/817 1711/1711/817
f 1723/1723/817 1724/1724/817 1712/1712/817
f 1725/1725/818 1714/1714/818 1713/1713/818
f 1725/1725/818 1726/1726/818 1714/1714/818
f 1727/1727/819 1716/1716/819 1715/1715/819
f 1727/1727/820 1728/1728/820 1716/1716/820
f 1729/1729/821 1718/1718/821 1717/1717/821
f 1729/1729/821 1730/1730/821 1718/1718/821
f 1731/1731/822 1720/1720/822 1719/1719/822
f 1731/1731/822 1732/1732/822 1720/1720/822
f 1733/1733/823 1722/1722/823 1721/1721/823
f 1733/1733/823 1734/1734/823 1722/1722/823
f 1735/1735/824 1724/1724/824 1723/1723/824
f 1735/1735/824 1736/1736/824 1724/1724/824
f 1737/1737/825 1726/1726/825 1725/1725/825
f 1737/1737/825 1738/1738/825 1726/1726/825
f 1739/1739/826 1728/1728/826 1727/1727/826
f 1739/1739/826 1740/1740/826 1728/1728/826
f 1587/1587/827 1730/1730/827 1729/1729/827
f 1587/1587/828 1586/1586/828 1730/1730/828
f 1589/1589/829 1732/1732/829 1731/1731/829
f 1589/1589/829 1591/1591/829 1732/1732/829
f 1595/1595/830 1734/1734/830 1733/1733/830
f 1595/1595/830 1594/1594/830 1734/1734/830
f 1599/1599/831 1736/1736/831 1735/1735/831
f 1599/1599/831 1598/1598/831 1736/1736/831
f 1603/1603/832 1738/1738/832 1737/1737/832
f 1603/1603/832 1602/1602/832 1738/1738/832
f 1607/1607/833 1740/1740/833 1739/1739/833
f 1607/1607/833 1606/1606/833 1740/1740/833
f 1741/1741/154 1742/1742/154 1743/1743/154
f 1741/1741/154 1744/1744/154 1742/1742/154
f 1744/1744/154 1745/1745/154 1746/1746/154
f 1744/1744/154 1741/1741/154 1745/1745/154
f 1744/1744/154 1747/1747/154 1748/1748/154
f 1744/1744/154 1746/1746/154 1747/1747/154
f 1749/1749/154 1744/1744/154 1748/1748/154
f 1750/1750/154 1744/1744/154 1749/1749/154
f 1751/1751/154 1750/1750/154 1752/1752/154
f 1751/1751/154 1744/1744/154 1750/1750/154
f 1753/1753/834 1754/1754/834 1755/1755/834
f 1753/1753/834 1756/1756/834 1754/1754/834
f 1757/1757/835 1758/1758/154 1759/1759/154
f 1757/1757/835 1760/1760/836 1758/1758/154
f 1761/1761/837 1762/1762/837 1763/1763/837
f 1761/1761/838 1764/1764/838 1762/1762/838
f 1765/1765/839 1766/1766/839 1767/1767/839
f 1765/1765/840 1768/1768/840 1766/1766/840
f 1769/1769/841 1770/1770/841 1771/1771/841
f 1769/1769/842 1772/1772/842 1770/1770/842
f 1772/1772/843 1773/1773/843 1770/1770/843
f 1772/1772/844 1774/1774/844 1773/1773/844
f 1775/1775/154 1776/1776/154 1777/1777/154
f 1775/1775/154 1778/1778/154 1776/1776/154
f 1779/1779/845 1780/1780/845 1781/1781/845
f 1779/1779/845 1782/1782/845 1780/1780/845
f 1783/1783/846 1784/1784/847 1785/1785/848
f 1784/1784/849 1783/1783/849 1786/1786/849
f 1787/1787/850 1788/1788/850 1783/1783/850
f 1787/1787/851 1789/1789/851 1788/1788/851
f 1790/1790/852 1791/1791/853 1792/1792/853
f 1790/1790/852 1793/1793/852 1791/1791/853
f 1794/1794/854 1771/1771/854 1795/1795/854
f 1794/1794/855 1769/1769/855 1771/1771/855
f 1796/1796/856 1794/1794/856 1795/1795/856
f 1796/1796/857 1797/1797/857 1794/1794/857
f 1798/1798/858 1799/1799/858 1800/1800/858
f 1798/1798/858 1801/1801/858 1799/1799/858
f 1789/1789/859 1802/1802/859 1803/1803/859
f 1789/1789/859 1804/1804/859 1802/1802/859
f 1805/1805/154 1806/1806/154 1807/1807/154
f 1805/1805/154 1808/1808/154 1806/1806/154
f 1809/1809/860 1810/1810/860 1811/1811/860
f 1809/1809/860 1812/1812/860 1810/1810/860
f 1813/1813/861 1814/1814/861 1815/1815/861
f 1813/1813/862 1816/1816/862 1814/1814/862
f 1817/1817/863 1814/1814/864 1803/1803/865
f 1817/1817/863 1815/1815/866 1814/1814/864
f 1818/1818/155 1819/1819/155 1820/1820/155
f 1818/1818/155 1821/1821/155 1819/1819/155
f 1822/1822/867 1823/1823/868 1824/1824/867
f 1822/1822/867 1825/1825/868 1823/1823/868
f 1826/1826/869 1827/1827/869 1828/1828/869
f 1826/1826/870 1829/1829/870 1827/1827/870
f 1830/1830/871 1831/1831/871 1832/1832/871
f 1833/1833/872 1831/1831/872 1830/1830/872
f 1834/1834/873 1835/1835/874 1836/1836/875
f 1834/1834/873 1831/1831/876 1835/1835/874
f 1837/1837/877 1838/1838/877 1839/1839/877
f 1837/1837/877 1840/1840/877 1838/1838/877
f 1841/1841/878 1842/1842/878 1843/1843/878
f 1841/1841/879 1844/1844/879 1842/1842/879
f 1845/1845/880 1836/1836/880 1846/1846/880
f 1845/1845/880 1847/1847/880 1836/1836/880
f 1848/1848/881 1849/1849/882 1850/1850/883
f 1848/1848/881 1846/1846/884 1849/1849/882
f 1851/1851/153 1847/1847/153 1845/1845/153
f 1851/1851/153 1852/1852/153 1847/1847/153
f 1853/1853/885 1854/1854/885 1855/1855/885
f 1853/1853/885 1856/1856/885 1854/1854/885
f 1857/1857/156 1858/1858/886 1859/1859/886
f 1857/1857/156 1860/1860/156 1858/1858/886
f 1861/1861/156 1862/1862/887 1863/1863/887
f 1861/1861/156 1864/1864/156 1862/1862/887
f 1865/1865/888 1866/1866/889 1867/1867/890
f 1865/1865/888 1868/1868/891 1866/1866/889
f 1869/1869/892 1870/1870/892 1871/1871/892
f 1869/1869/893 1872/1872/893 1870/1870/893
f 1873/1873/894 1874/1874/894 1875/1875/894
f 1873/1873/894 1876/1876/894 1874/1874/894
f 1877/1877/895 1878/1878/895 1879/1879/895
f 1877/1877/895 1880/1880/895 1878/1878/895
f 1881/1881/896 1882/1882/896 1883/1883/896
f 1881/1881/896 1884/1884/896 1882/1882/896
f 1885/1885/897 1872/1872/897 1869/1869/897
f 1885/1885/897 1886/1886/897 1872/1872/897
f 1887/1887/898 1888/1888/898 1889/1889/898
f 1887/1887/898 1890/1890/898 1888/1888/898
f 1891/1891/899 1867/1867/899 1892/1892/899
f 1891/1891/899 1865/1865/899 1867/1867/899
f 1893/1893/900 1894/1894/901 1895/1895/24
f 1893/1893/900 1896/1896/902 1894/1894/901
f 1897/1897/903 1898/1898/904 1899/1899/905
f 1897/1897/903 1900/1900/906 1898/1898/904
f 1901/1901/907 1900/1900/906 1897/1897/903
f 1901/1901/907 1902/1902/1 1900/1900/906
f 1898/1898/904 1903/1903/908 1899/1899/905
f 1898/1898/904 1904/1904/1 1903/1903/908
f 1905/1905/909 1843/1843/909 1906/1906/909
f 1905/1905/910 1841/1841/910 1843/1843/910
f 1907/1907/911 1908/1908/911 1909/1909/911
f 1907/1907/912 1910/1910/912 1908/1908/912
f 1911/1911/913 1912/1912/913 1913/1913/913
f 1911/1911/914 1914/1914/914 1912/1912/914
f 1915/1915/154 1916/1916/154 1917/1917/154
f 1915/1915/154 1918/1918/154 1916/1916/154
f 1919/1919/154 1920/1920/154 1921/1921/154
f 1919/1919/154 1922/1922/154 1920/1920/154
f 1923/1923/915 1924/1924/915 1826/1826/915
f 1923/1923/916 1905/1905/916 1924/1924/916
f 1757/1757/835 1925/1925/917 1760/1760/836
f 1757/1757/835 1926/1926/918 1925/1925/917
f 1927/1927/919 1928/1928/920 1929/1929/921
f 1927/1927/919 1930/1930/24 1928/1928/920
f 1806/1806/154 1931/1931/154 1807/1807/154
f 1806/1806/154 1932/1932/154 1931/1931/154
f 1805/1805/154 1933/1933/154 1808/1808/154
f 1805/1805/154 1934/1934/154 1933/1933/154
f 1934/1934/154 1935/1935/154 1933/1933/154
f 1934/1934/154 1936/1936/154 1935/1935/154
f 1849/1849/922 1937/1937/922 1938/1938/922
f 1849/1849/923 1939/1939/923 1937/1937/923
f 1940/1940/924 1813/1813/924 1937/1937/924
f 1940/1940/924 1941/1941/924 1813/1813/924
f 1778/1778/154 1942/1942/925 1776/1776/154
f 1778/1778/154 1943/1943/154 1942/1942/925
f 1896/1896/902 1928/1928/920 1894/1894/901
f 1896/1896/902 1929/1929/921 1928/1928/920
f 1944/1944/848 1785/1785/848 1945/1945/848
f 1944/1944/848 1832/1832/848 1785/1785/848
f 1858/1858/886 1946/1946/926 1859/1859/886
f 1858/1858/886 1947/1947/926 1946/1946/926
f 1862/1862/887 1948/1948/927 1863/1863/887
f 1862/1862/887 1949/1949/927 1948/1948/927
f 1950/1950/928 1768/1768/928 1765/1765/928
f 1762/1762/929 1764/1764/929 1951/1951/929
f 1785/1785/848 1784/1784/847 1945/1945/848
f 1952/1952/154 1953/1953/154 1954/1954/154
f 1937/1937/924 1939/1939/924 1940/1940/924
f 1760/1760/836 1955/1955/930 1956/1956/931
f 1849/1849/932 1957/1957/932 1939/1939/932
f 1826/1826/933 1924/1924/933 1829/1829/933
f 1920/1920/154 1922/1922/154 1958/1958/154
f 1923/1923/934 1841/1841/934 1905/1905/934
f 1925/1925/917 1955/1955/930 1760/1760/836
f 1959/1959/935 1960/1960/936 1757/1757/835
f 1960/1960/936 1926/1926/918 1757/1757/835
f 1835/1835/937 1831/1831/937 1833/1833/937
f 1816/1816/924 1813/1813/924 1941/1941/924
f 1961/1961/932 1814/1814/932 1816/1816/932
f 1962/1962/154 1953/1953/154 1952/1952/154
f 1963/1963/154 1953/1953/154 1962/1962/154
f 1788/1788/938 1786/1786/938 1783/1783/938
f 1830/1830/848 1832/1832/848 1944/1944/848
f 1964/1964/154 1963/1963/154 1965/1965/154
f 1965/1965/154 1963/1963/154 1962/1962/154
