# Blender v2.80 (sub 75) OBJ File: ''
# www.blender.org
mtllib TankHull.mtl
o Hull_Object_1.002
v 0.083719 0.060116 0.274280
v -0.083270 0.060170 0.274141
v 0.083719 0.067639 0.270619
v -0.083273 0.067694 0.270480
v -0.083273 0.067694 0.270480
v 0.083719 0.125024 0.293016
v 0.083719 0.067639 0.270619
v -0.083273 0.125078 0.292877
v 0.083719 0.128078 0.300806
v -0.083273 0.125078 0.292877
v -0.083270 0.128133 0.300667
v 0.083719 0.125024 0.293016
v 0.083719 0.060116 0.274280
v -0.083270 0.128133 0.300667
v -0.083270 0.060170 0.274141
v 0.083719 0.128078 0.300806
v -0.083270 0.128133 0.300667
v -0.083273 0.067694 0.270480
v -0.083270 0.060170 0.274141
v -0.083273 0.125078 0.292877
v 0.083719 0.125024 0.293016
v 0.083719 0.060116 0.274280
v 0.083719 0.067639 0.270619
v 0.083719 0.128078 0.300806
v 0.153465 0.183408 -0.075470
v 0.140937 0.183408 0.036889
v 0.153724 0.183408 0.036889
v 0.140677 0.183408 -0.075470
v 0.153724 0.183408 0.036889
v 0.138504 0.178833 0.036889
v 0.156198 0.178833 0.036889
v 0.140937 0.183408 0.036889
v 0.155897 0.178833 -0.075470
v 0.156198 0.178833 0.036889
v 0.140677 0.183408 -0.075470
v 0.155897 0.178833 -0.075470
v 0.138203 0.178833 -0.075470
v 0.153465 0.183408 -0.075470
v 0.138504 0.178833 0.036889
v 0.138203 0.178833 -0.075470
v -0.153465 0.183408 -0.075469
v -0.140936 0.183408 0.036889
v -0.140677 0.183408 -0.075469
v -0.153724 0.183408 0.036889
v -0.153724 0.183408 0.036889
v -0.138504 0.178833 0.036889
v -0.140936 0.183408 0.036889
v -0.156198 0.178833 0.036889
v -0.155897 0.178833 -0.075469
v -0.156198 0.178833 0.036889
v -0.140677 0.183408 -0.075469
v -0.155897 0.178833 -0.075469
v -0.153465 0.183408 -0.075469
v -0.138203 0.178833 -0.075469
v -0.138504 0.178833 0.036889
v -0.138203 0.178833 -0.075469
v -0.130387 0.185750 0.093588
v -0.140232 0.181721 0.055811
v -0.134345 0.181721 0.094337
v -0.136321 0.185748 0.055260
v -0.126428 0.181721 0.092838
v -0.136321 0.185748 0.055260
v -0.130387 0.185750 0.093588
v -0.132246 0.181721 0.054678
v -0.136321 0.177694 0.055260
v -0.130387 0.177693 0.093588
v -0.132246 0.181721 0.054678
v -0.140232 0.181721 0.055811
v -0.130387 0.177693 0.093588
v -0.136321 0.177694 0.055260
v -0.137012 0.183736 0.051213
v -0.139728 0.181722 0.008201
v -0.139026 0.181721 0.051405
v -0.137714 0.183736 0.008211
v -0.134999 0.181721 0.051021
v -0.135700 0.181722 0.008221
v -0.137714 0.179707 0.008211
v -0.137012 0.179707 0.051213
v -0.137012 0.179707 0.051213
v -0.137714 0.179707 0.008211
v -0.136859 0.183736 -0.102609
v -0.138869 0.181722 -0.102942
v -0.134849 0.181722 -0.102276
v -0.136859 0.179707 -0.102609
v -0.136859 0.179707 -0.102609
v -0.130996 0.184039 -0.130117
v -0.129127 0.186053 -0.129349
v -0.127259 0.184039 -0.128581
v -0.129127 0.182025 -0.129349
v -0.129127 0.182025 -0.129349
v -0.121483 0.187884 -0.149098
v -0.119690 0.189898 -0.148180
v -0.117898 0.187884 -0.147261
v -0.119690 0.185870 -0.148180
v -0.119690 0.185870 -0.148180
v -0.110255 0.189096 -0.167011
v -0.081104 0.186664 -0.208781
v -0.111972 0.187081 -0.168080
v -0.079189 0.188678 -0.207972
v -0.108536 0.187081 -0.165943
v -0.077274 0.186664 -0.207163
v -0.079189 0.184649 -0.207972
v -0.110255 0.185067 -0.167011
v -0.110255 0.185067 -0.167011
v -0.079189 0.184649 -0.207972
v -0.078514 0.186620 -0.225872
v -0.076433 0.188634 -0.226165
v -0.074351 0.186620 -0.226458
v -0.076433 0.184606 -0.226165
v -0.076433 0.184606 -0.226165
v -0.087995 0.187971 -0.251384
v -0.089671 0.185957 -0.250207
v -0.086319 0.185957 -0.252562
v -0.087995 0.183942 -0.251384
v -0.087995 0.183942 -0.251384
v -0.104979 0.185957 -0.265239
v -0.104020 0.187971 -0.267120
v -0.103063 0.185957 -0.269002
v -0.104020 0.183942 -0.267120
v -0.104020 0.183942 -0.267120
v -0.115895 0.185957 -0.267066
v -0.116306 0.187971 -0.269177
v -0.116716 0.185957 -0.271288
v -0.116306 0.183942 -0.269177
v -0.116306 0.183942 -0.269177
v -0.130959 0.187971 -0.260191
v -0.129532 0.185957 -0.258703
v -0.132388 0.185957 -0.261678
v -0.130959 0.183942 -0.260191
v -0.130959 0.183942 -0.260191
v -0.143408 0.187971 -0.241649
v -0.141591 0.185957 -0.240741
v -0.145224 0.185957 -0.242557
v -0.143408 0.183942 -0.241649
v -0.143408 0.183942 -0.241649
v -0.151379 0.187737 -0.212669
v -0.153368 0.189751 -0.213082
v -0.155357 0.187737 -0.213495
v -0.153368 0.185723 -0.213082
v -0.153368 0.185723 -0.213082
v -0.156594 0.184527 -0.149790
v -0.154579 0.182513 -0.149730
v -0.158609 0.182513 -0.149851
v -0.156594 0.180499 -0.149790
v -0.156594 0.180499 -0.149790
v -0.155458 0.181721 0.039553
v -0.157470 0.183736 0.039693
v -0.159483 0.181721 0.039833
v -0.157470 0.179707 0.039693
v -0.157470 0.179707 0.039693
v -0.149569 0.185750 0.081503
v -0.152959 0.181721 0.043130
v -0.157020 0.185749 0.043527
v -0.145572 0.181721 0.081001
v -0.153566 0.181721 0.082005
v -0.157020 0.185749 0.043527
v -0.160981 0.181721 0.043912
v -0.149569 0.185750 0.081503
v -0.157020 0.177693 0.043527
v -0.153566 0.181721 0.082005
v -0.160981 0.181721 0.043912
v -0.149569 0.177693 0.081503
v -0.152959 0.181721 0.043130
v -0.149569 0.177693 0.081503
v -0.157020 0.177693 0.043527
v -0.137012 0.183736 0.051213
v -0.139026 0.181721 0.051405
v -0.134999 0.181721 0.051021
v -0.137012 0.183736 0.051213
v -0.134999 0.181721 0.051021
v -0.137012 0.179707 0.051213
v -0.137012 0.179707 0.051213
v -0.139026 0.181721 0.051405
v -0.155458 0.181721 0.039553
v -0.157470 0.183736 0.039693
v -0.155458 0.181721 0.039553
v -0.157470 0.179707 0.039693
v -0.157470 0.179707 0.039693
v -0.159483 0.181721 0.039833
v -0.157470 0.183736 0.039693
v -0.159483 0.181721 0.039833
v -0.134345 0.181721 0.094337
v -0.126428 0.181721 0.092838
v -0.130387 0.185750 0.093588
v -0.130387 0.177693 0.093588
v -0.149569 0.177693 0.081503
v -0.149569 0.185750 0.081503
v -0.153566 0.181721 0.082005
v -0.145572 0.181721 0.081001
v 0.120451 0.178664 0.105895
v 0.131281 0.181863 0.089706
v 0.131281 0.178664 0.089706
v 0.120451 0.181863 0.105895
v 0.121517 0.178664 0.113539
v 0.120451 0.178664 0.105895
v 0.121517 0.181863 0.113539
v 0.128272 0.178664 0.116827
v 0.121517 0.181863 0.113539
v 0.121517 0.178664 0.113539
v 0.128272 0.181863 0.116827
v 0.134760 0.178664 0.111939
v 0.128272 0.181863 0.116827
v 0.128272 0.178664 0.116827
v 0.134760 0.181863 0.111939
v 0.131281 0.178664 0.089706
v 0.134760 0.181863 0.111939
v 0.134760 0.178664 0.111939
v 0.131281 0.181863 0.089706
v 0.132481 0.182692 0.110976
v 0.127826 0.181068 0.112941
v 0.128049 0.182692 0.114884
v 0.130482 0.181068 0.110132
v -0.097309 0.124075 0.292220
v -0.161242 0.137724 0.228912
v -0.181284 0.124075 0.292220
v -0.097309 0.137724 0.228912
v -0.181275 0.140726 0.213982
v -0.161232 0.140726 0.213982
v -0.097309 0.122102 0.291818
v -0.161236 0.135749 0.228510
v -0.097309 0.135749 0.228510
v -0.181282 0.122101 0.291819
v -0.181266 0.138750 0.213593
v -0.161232 0.138747 0.213604
v -0.097309 0.135749 0.228510
v -0.161242 0.137724 0.228912
v -0.097309 0.137724 0.228912
v -0.161236 0.135749 0.228510
v -0.097309 0.135749 0.228510
v -0.097309 0.124075 0.292220
v -0.097309 0.122102 0.291818
v -0.097309 0.137724 0.228912
v -0.181282 0.122101 0.291819
v -0.097309 0.124075 0.292220
v -0.181284 0.124075 0.292220
v -0.097309 0.122102 0.291818
v -0.181266 0.138750 0.213593
v -0.181284 0.124075 0.292220
v -0.181275 0.140726 0.213982
v -0.181282 0.122101 0.291819
v -0.161232 0.138747 0.213604
v -0.181275 0.140726 0.213982
v -0.161232 0.140726 0.213982
v -0.181266 0.138750 0.213593
v -0.161232 0.138747 0.213604
v -0.161242 0.137724 0.228912
v -0.161236 0.135749 0.228510
v -0.161232 0.140726 0.213982
v 0.161243 0.137724 0.228912
v 0.097309 0.124075 0.292220
v 0.181285 0.124075 0.292220
v 0.097309 0.137724 0.228912
v 0.181275 0.140726 0.213981
v 0.161233 0.140726 0.213981
v 0.097309 0.122102 0.291818
v 0.161237 0.135749 0.228510
v 0.181283 0.122101 0.291819
v 0.097309 0.135749 0.228510
v 0.181267 0.138750 0.213592
v 0.161233 0.138747 0.213603
v 0.161243 0.137724 0.228912
v 0.097309 0.135749 0.228510
v 0.097309 0.137724 0.228912
v 0.161237 0.135749 0.228510
v 0.097309 0.135749 0.228510
v 0.097309 0.124075 0.292220
v 0.097309 0.137724 0.228912
v 0.097309 0.122102 0.291818
v 0.097309 0.124075 0.292220
v 0.181283 0.122101 0.291819
v 0.181285 0.124075 0.292220
v 0.097309 0.122102 0.291818
v 0.181285 0.124075 0.292220
v 0.181267 0.138750 0.213592
v 0.181275 0.140726 0.213981
v 0.181283 0.122101 0.291819
v 0.181275 0.140726 0.213981
v 0.161233 0.138747 0.213603
v 0.161233 0.140726 0.213981
v 0.181267 0.138750 0.213592
v 0.161233 0.138747 0.213603
v 0.161243 0.137724 0.228912
v 0.161233 0.140726 0.213981
v 0.161237 0.135749 0.228510
v -0.100941 0.074826 0.291240
v -0.101949 0.087418 0.289495
v -0.101949 0.074692 0.289495
v -0.100941 0.087418 0.291240
v -0.098927 0.075094 0.291240
v -0.098927 0.087418 0.291240
v -0.097920 0.075228 0.289495
v -0.097920 0.087418 0.289495
v -0.100941 0.074826 0.287751
v -0.100941 0.087418 0.287751
v -0.098927 0.075094 0.287751
v -0.098927 0.087418 0.287751
v -0.098927 0.087418 0.287751
v -0.098927 0.075094 0.287751
v -0.097462 0.068841 0.291240
v -0.097985 0.067939 0.289495
v -0.096418 0.070645 0.291240
v -0.095895 0.071547 0.289495
v -0.097462 0.068841 0.287751
v -0.096418 0.070645 0.287751
v -0.096418 0.070645 0.287751
v -0.089338 0.068841 0.291240
v -0.088815 0.067939 0.289495
v -0.090382 0.070645 0.291240
v -0.090905 0.071547 0.289495
v -0.089338 0.068841 0.287751
v -0.090382 0.070645 0.287751
v -0.090382 0.070645 0.287751
v -0.084852 0.074692 0.289495
v -0.085859 0.074826 0.291240
v -0.087873 0.075094 0.291240
v -0.088880 0.075228 0.289495
v -0.085859 0.074826 0.287751
v -0.087873 0.075094 0.287751
v -0.087873 0.075094 0.287751
v -0.084852 0.087418 0.289496
v -0.085859 0.087418 0.291240
v -0.087873 0.087418 0.291240
v -0.088880 0.087418 0.289495
v -0.085859 0.087418 0.287751
v -0.087873 0.087418 0.287751
v -0.087873 0.087418 0.287751
v -0.102483 0.096235 0.289493
v -0.084766 0.090838 0.284096
v -0.102483 0.090838 0.284096
v -0.084766 0.096235 0.289493
v -0.102483 0.090838 0.294890
v -0.084766 0.090838 0.294890
v -0.102483 0.085441 0.289493
v -0.084766 0.085441 0.289493
v -0.084766 0.085441 0.289493
v -0.102483 0.085441 0.289493
v -0.102483 0.085441 0.289493
v -0.102483 0.096235 0.289493
v -0.102483 0.090838 0.284096
v -0.102483 0.090838 0.294890
v -0.084766 0.096235 0.289493
v -0.084766 0.085441 0.289493
v -0.084766 0.090838 0.284096
v -0.084766 0.090838 0.294890
v 0.100942 0.074826 0.291240
v 0.101950 0.087418 0.289495
v 0.100942 0.087418 0.291240
v 0.101950 0.074692 0.289495
v 0.098928 0.075094 0.291239
v 0.098928 0.087418 0.291240
v 0.097921 0.075228 0.289495
v 0.097921 0.087418 0.289495
v 0.100942 0.074826 0.287751
v 0.100942 0.087418 0.287751
v 0.098928 0.075094 0.287751
v 0.098928 0.087418 0.287751
v 0.098928 0.087418 0.287751
v 0.098928 0.075094 0.287751
v 0.097463 0.068841 0.291239
v 0.097986 0.067939 0.289495
v 0.096419 0.070645 0.291239
v 0.095896 0.071547 0.289495
v 0.097463 0.068841 0.287751
v 0.096419 0.070645 0.287751
v 0.096419 0.070645 0.287751
v 0.089339 0.068841 0.291240
v 0.088816 0.067939 0.289495
v 0.090383 0.070645 0.291240
v 0.090906 0.071547 0.289495
v 0.089339 0.068841 0.287751
v 0.090383 0.070645 0.287751
v 0.090383 0.070645 0.287751
v 0.084853 0.074692 0.289495
v 0.085860 0.074826 0.291240
v 0.087874 0.075094 0.291240
v 0.088881 0.075228 0.289495
v 0.085860 0.074826 0.287751
v 0.087874 0.075094 0.287751
v 0.087874 0.075094 0.287751
v 0.084853 0.087418 0.289495
v 0.085860 0.087418 0.291240
v 0.087874 0.087418 0.291240
v 0.088881 0.087418 0.289495
v 0.085860 0.087418 0.287751
v 0.087874 0.087418 0.287751
v 0.087874 0.087418 0.287751
v 0.084767 0.090838 0.284096
v 0.102483 0.096235 0.289493
v 0.102483 0.090838 0.284096
v 0.084767 0.096235 0.289493
v 0.102483 0.090838 0.294889
v 0.084767 0.090838 0.294889
v 0.102483 0.085441 0.289493
v 0.084767 0.085441 0.289493
v 0.084767 0.085441 0.289493
v 0.102483 0.085441 0.289493
v 0.102483 0.096235 0.289493
v 0.102483 0.085441 0.289493
v 0.102483 0.090838 0.284096
v 0.102483 0.090838 0.294889
v 0.084767 0.085441 0.289493
v 0.084767 0.096235 0.289493
v 0.084767 0.090838 0.284096
v 0.084767 0.090838 0.294889
v -0.057082 0.159881 0.215432
v -0.065712 0.170540 0.207614
v -0.065712 0.159892 0.212285
v -0.057082 0.174918 0.207604
v -0.065712 0.149488 0.212573
v -0.057082 0.145110 0.212583
v -0.048452 0.170540 0.207614
v -0.048452 0.159892 0.212285
v -0.048452 0.149488 0.212573
v -0.056772 0.177236 0.211374
v -0.047484 0.175712 0.207494
v -0.056772 0.178163 0.207062
v -0.048315 0.175004 0.211767
v -0.050716 0.170513 0.216236
v -0.056772 0.170800 0.217125
v -0.051668 0.168793 0.217504
v -0.056772 0.168812 0.217550
v -0.040684 0.169015 0.208674
v -0.042123 0.168907 0.212842
v -0.045086 0.166942 0.215807
v -0.047267 0.165539 0.217617
v -0.050839 0.164584 0.213655
v -0.051668 0.168793 0.217504
v -0.056772 0.164534 0.213246
v -0.047267 0.165539 0.217617
v -0.038196 0.159868 0.210287
v -0.039857 0.160578 0.214311
v -0.044872 0.160166 0.218222
v -0.047094 0.160090 0.219058
v -0.049230 0.160081 0.214065
v -0.047094 0.160090 0.219058
v -0.040684 0.150721 0.211900
v -0.042123 0.152248 0.215779
v -0.045086 0.153652 0.218150
v -0.047267 0.154730 0.219523
v -0.050857 0.155006 0.214474
v -0.047267 0.154730 0.219523
v -0.047484 0.144025 0.213081
v -0.048315 0.146151 0.216855
v -0.050645 0.149743 0.219788
v -0.051731 0.151488 0.220560
v -0.051731 0.151488 0.220560
v -0.053294 0.155064 0.214774
v -0.056772 0.141574 0.213513
v -0.056772 0.143919 0.217248
v -0.056772 0.149364 0.220905
v -0.056772 0.151377 0.220625
v -0.056772 0.151377 0.220625
v -0.056772 0.155359 0.214884
v -0.066061 0.144024 0.213081
v -0.065230 0.146151 0.216855
v -0.062900 0.149743 0.219788
v -0.061814 0.151488 0.220560
v -0.060251 0.155064 0.214774
v -0.061814 0.151488 0.220560
v -0.072860 0.150721 0.211900
v -0.071421 0.152248 0.215780
v -0.068459 0.153652 0.218150
v -0.066278 0.154730 0.219523
v -0.062658 0.155056 0.214475
v -0.066278 0.154730 0.219523
v -0.075349 0.159868 0.210287
v -0.073688 0.160578 0.214311
v -0.068672 0.160166 0.218222
v -0.066451 0.160090 0.219058
v -0.066451 0.160090 0.219058
v -0.064320 0.160081 0.214065
v -0.072860 0.169015 0.208675
v -0.071421 0.168907 0.212842
v -0.068459 0.166942 0.215807
v -0.066278 0.165539 0.217617
v -0.066278 0.165539 0.217617
v -0.062703 0.164584 0.213656
v -0.066061 0.175712 0.207494
v -0.065230 0.175004 0.211767
v -0.062828 0.170513 0.216236
v -0.061877 0.168793 0.217504
v -0.061877 0.168793 0.217504
v -0.056772 0.170800 0.210311
v -0.046634 0.165987 0.213501
v -0.046634 0.167981 0.208688
v -0.056772 0.167981 0.217118
v -0.046634 0.161173 0.215495
v -0.056772 0.161173 0.219938
v -0.056772 0.154366 0.217118
v -0.046634 0.156360 0.213501
v -0.056772 0.151546 0.210311
v -0.046634 0.154366 0.208688
v -0.066911 0.165987 0.213501
v -0.066911 0.167981 0.208688
v -0.066911 0.161173 0.215495
v -0.066911 0.156360 0.213501
v -0.066911 0.154366 0.208688
v -0.061837 0.161663 0.209754
v -0.059708 0.162818 0.254072
v -0.059708 0.162892 0.209754
v -0.061773 0.161626 0.254072
v -0.061837 0.159204 0.209754
v -0.061773 0.159241 0.254072
v -0.059708 0.157975 0.209754
v -0.059708 0.158049 0.254072
v -0.057579 0.159204 0.209754
v -0.059708 0.158049 0.254072
v -0.059708 0.157975 0.209754
v -0.057643 0.159241 0.254072
v -0.057579 0.161663 0.209754
v -0.057643 0.161626 0.254072
v -0.059708 0.162892 0.209754
v -0.059708 0.162818 0.254072
v -0.057643 0.159241 0.254072
v -0.061773 0.159241 0.254072
v -0.059708 0.158049 0.254072
v -0.061773 0.161626 0.254072
v -0.059708 0.162818 0.254072
v -0.057643 0.161626 0.254072
v -0.057342 0.190578 0.143958
v -0.024233 0.190578 0.176117
v -0.024233 0.190578 0.143958
v -0.057342 0.190578 0.176117
v -0.057342 0.178438 0.143958
v -0.024233 0.190578 0.143958
v -0.024233 0.178438 0.143958
v -0.057342 0.190578 0.143958
v -0.057342 0.178438 0.176117
v -0.057342 0.190578 0.143958
v -0.057342 0.178438 0.143958
v -0.057342 0.190578 0.176117
v -0.024233 0.178438 0.176117
v -0.057342 0.190578 0.176117
v -0.057342 0.178438 0.176117
v -0.024233 0.190578 0.176117
v -0.024233 0.178438 0.143958
v -0.024233 0.190578 0.176117
v -0.024233 0.178438 0.176117
v -0.024233 0.190578 0.143958
v -0.091461 0.189872 0.156778
v -0.082874 0.181147 0.151154
v -0.091461 0.181147 0.156778
v -0.082874 0.189872 0.151154
v -0.082325 0.190879 0.151999
v -0.091461 0.189872 0.156778
v -0.090913 0.190879 0.157623
v -0.082874 0.189872 0.151154
v -0.080370 0.181147 0.173850
v -0.071782 0.189872 0.168226
v -0.080370 0.189872 0.173850
v -0.071782 0.181147 0.168226
v -0.080918 0.190879 0.173005
v -0.072331 0.190879 0.167381
v -0.082874 0.181147 0.151154
v -0.082325 0.190879 0.151999
v -0.072331 0.190879 0.167381
v -0.082874 0.189872 0.151154
v -0.071782 0.189872 0.168226
v -0.071782 0.181147 0.168226
v -0.080370 0.189872 0.173850
v -0.091461 0.181147 0.156778
v -0.080370 0.181147 0.173850
v -0.091461 0.189872 0.156778
v -0.090913 0.190879 0.157623
v -0.080918 0.190879 0.173005
v -0.106839 0.178439 0.171594
v -0.112163 0.180387 0.164178
v -0.112163 0.178439 0.164178
v -0.106839 0.180387 0.171594
v -0.097661 0.178439 0.177726
v -0.097661 0.180387 0.177726
v -0.086835 0.178439 0.179879
v -0.086835 0.180387 0.179879
v -0.076009 0.178439 0.177726
v -0.076009 0.180387 0.177726
v -0.066832 0.178439 0.171594
v -0.066832 0.180387 0.171594
v -0.060699 0.178439 0.162416
v -0.060699 0.180387 0.162416
v -0.058546 0.178439 0.151590
v -0.058546 0.180387 0.151590
v -0.060699 0.178439 0.140764
v -0.058546 0.180387 0.151590
v -0.058546 0.178439 0.151590
v -0.060699 0.180387 0.140764
v -0.066832 0.178439 0.131587
v -0.066832 0.180387 0.131587
v -0.076009 0.178439 0.125454
v -0.076009 0.180387 0.125454
v -0.086835 0.178439 0.123301
v -0.086835 0.180387 0.123301
v -0.097661 0.178439 0.125454
v -0.097661 0.180387 0.125454
v -0.106839 0.178439 0.131587
v -0.106839 0.180387 0.131587
v -0.112163 0.180350 0.139002
v -0.112163 0.178439 0.139002
v -0.086835 0.183408 0.176799
v -0.104663 0.183408 0.169414
v -0.096482 0.183408 0.174880
v -0.112302 0.183408 0.159307
v -0.077188 0.183408 0.174880
v -0.069010 0.183408 0.169415
v -0.063545 0.183408 0.161237
v -0.061626 0.183408 0.151590
v -0.063545 0.183408 0.141943
v -0.069010 0.183408 0.133765
v -0.077188 0.183408 0.128300
v -0.086835 0.183408 0.126381
v -0.096482 0.183408 0.128300
v -0.104663 0.183408 0.133767
v -0.104663 0.183408 0.169414
v -0.112163 0.180387 0.164178
v -0.106839 0.180387 0.171594
v -0.112302 0.183408 0.159307
v -0.096482 0.183408 0.174880
v -0.097661 0.180387 0.177726
v -0.086835 0.183408 0.176799
v -0.086835 0.180387 0.179879
v -0.077188 0.183408 0.174880
v -0.076009 0.180387 0.177726
v -0.069010 0.183408 0.169415
v -0.066832 0.180387 0.171594
v -0.063545 0.183408 0.161237
v -0.060699 0.180387 0.162416
v -0.061626 0.183408 0.151590
v -0.058546 0.180387 0.151590
v -0.063545 0.183408 0.141943
v -0.060699 0.180387 0.140764
v -0.069010 0.183408 0.133765
v -0.066832 0.180387 0.131587
v -0.077188 0.183408 0.128300
v -0.076009 0.180387 0.125454
v -0.086835 0.183408 0.126381
v -0.086835 0.180387 0.123301
v -0.096482 0.183408 0.128300
v -0.097661 0.180387 0.125454
v -0.104663 0.183408 0.133767
v -0.106839 0.180387 0.131587
v -0.112163 0.180350 0.139002
v -0.112302 0.183408 0.143874
v -0.112163 0.180350 0.139002
v -0.112302 0.183408 0.159307
v -0.112302 0.183408 0.143874
v -0.112163 0.180387 0.164178
v -0.113048 0.182281 0.185752
v -0.110978 0.182219 0.189805
v -0.110978 0.182281 0.185752
v -0.113048 0.182219 0.189805
v -0.113048 0.182219 0.189805
v -0.113047 0.178439 0.183984
v -0.113047 0.178438 0.194290
v -0.113048 0.182281 0.185752
v -0.113047 0.178439 0.183984
v -0.110978 0.178439 0.183984
v -0.110978 0.182219 0.189805
v -0.110978 0.178439 0.183984
v -0.110978 0.182281 0.185752
v -0.110978 0.178438 0.194290
v -0.110978 0.178438 0.194290
v -0.113047 0.178438 0.194290
v -0.078918 0.182281 0.185752
v -0.076848 0.182219 0.189805
v -0.076848 0.182281 0.185752
v -0.078918 0.182219 0.189805
v -0.078918 0.182219 0.189805
v -0.078918 0.178439 0.183984
v -0.078918 0.178438 0.194289
v -0.078918 0.182281 0.185752
v -0.078918 0.178439 0.183984
v -0.076848 0.178439 0.183984
v -0.076848 0.182219 0.189805
v -0.076848 0.178439 0.183984
v -0.076848 0.182281 0.185752
v -0.076848 0.178438 0.194289
v -0.076848 0.178438 0.194289
v -0.078918 0.178438 0.194289
v 0.085060 0.181147 0.151154
v 0.093647 0.189872 0.156778
v 0.093647 0.181147 0.156778
v 0.085060 0.189872 0.151154
v 0.084511 0.190879 0.151999
v 0.093647 0.189872 0.156778
v 0.085060 0.189872 0.151154
v 0.093098 0.190879 0.157622
v 0.073968 0.189872 0.168226
v 0.082556 0.181147 0.173850
v 0.082556 0.189872 0.173850
v 0.073968 0.181147 0.168226
v 0.083104 0.190879 0.173005
v 0.074517 0.190879 0.167381
v 0.085060 0.181147 0.151154
v 0.073968 0.189872 0.168226
v 0.074517 0.190879 0.167381
v 0.073968 0.181147 0.168226
v 0.084511 0.190879 0.151999
v 0.085060 0.189872 0.151154
v 0.082556 0.189872 0.173850
v 0.093098 0.190879 0.157622
v 0.083104 0.190879 0.173005
v 0.093647 0.189872 0.156778
v 0.093647 0.181147 0.156778
v 0.082556 0.181147 0.173850
v 0.114349 0.180333 0.164178
v 0.109025 0.178439 0.171593
v 0.114349 0.178439 0.164178
v 0.109025 0.180387 0.171593
v 0.099847 0.178439 0.177726
v 0.099847 0.180387 0.177726
v 0.089021 0.178439 0.179879
v 0.089021 0.180387 0.179879
v 0.078195 0.178439 0.177726
v 0.078195 0.180387 0.177726
v 0.069017 0.178439 0.171593
v 0.069017 0.180387 0.171593
v 0.062885 0.178439 0.162416
v 0.062885 0.180387 0.162416
v 0.060732 0.178439 0.151590
v 0.060732 0.180387 0.151590
v 0.060732 0.180387 0.151590
v 0.062885 0.178439 0.140764
v 0.060732 0.178439 0.151590
v 0.062885 0.180387 0.140764
v 0.069017 0.178439 0.131586
v 0.069017 0.180387 0.131586
v 0.078195 0.178439 0.125454
v 0.078195 0.180387 0.125454
v 0.089021 0.178439 0.123301
v 0.089021 0.180387 0.123301
v 0.099847 0.178439 0.125454
v 0.099847 0.180387 0.125454
v 0.109024 0.178439 0.131586
v 0.109024 0.180387 0.131586
v 0.114349 0.178439 0.139002
v 0.114349 0.180387 0.139002
v 0.098668 0.183408 0.128300
v 0.114488 0.183408 0.143873
v 0.106849 0.183408 0.133766
v 0.114488 0.183408 0.159306
v 0.089021 0.183408 0.126381
v 0.079374 0.183408 0.128300
v 0.071196 0.183408 0.133765
v 0.065731 0.183408 0.141943
v 0.063812 0.183408 0.151590
v 0.065731 0.183408 0.161237
v 0.071196 0.183408 0.169415
v 0.079374 0.183408 0.174880
v 0.089021 0.183408 0.176799
v 0.098668 0.183408 0.174880
v 0.114349 0.180333 0.164178
v 0.106849 0.183408 0.169413
v 0.109025 0.180387 0.171593
v 0.114488 0.183408 0.159306
v 0.098668 0.183408 0.174880
v 0.099847 0.180387 0.177726
v 0.089021 0.183408 0.176799
v 0.089021 0.180387 0.179879
v 0.079374 0.183408 0.174880
v 0.078195 0.180387 0.177726
v 0.071196 0.183408 0.169415
v 0.069017 0.180387 0.171593
v 0.065731 0.183408 0.161237
v 0.062885 0.180387 0.162416
v 0.063812 0.183408 0.151590
v 0.060732 0.180387 0.151590
v 0.065731 0.183408 0.141943
v 0.062885 0.180387 0.140764
v 0.071196 0.183408 0.133765
v 0.069017 0.180387 0.131586
v 0.079374 0.183408 0.128300
v 0.078195 0.180387 0.125454
v 0.089021 0.183408 0.126381
v 0.089021 0.180387 0.123301
v 0.098668 0.183408 0.128300
v 0.099847 0.180387 0.125454
v 0.106849 0.183408 0.133766
v 0.109024 0.180387 0.131586
v 0.114349 0.180387 0.139002
v 0.114488 0.183408 0.143873
v 0.114488 0.183408 0.159306
v 0.114349 0.180387 0.139002
v 0.114488 0.183408 0.143873
v 0.114349 0.180333 0.164178
v 0.078079 0.182219 0.191444
v 0.080149 0.182281 0.187391
v 0.078079 0.182281 0.187391
v 0.080149 0.182219 0.191444
v 0.080149 0.178439 0.185623
v 0.080149 0.182219 0.191444
v 0.080149 0.178438 0.195929
v 0.080149 0.182281 0.187391
v 0.080149 0.178439 0.185623
v 0.078079 0.178439 0.185623
v 0.078079 0.178439 0.185623
v 0.078079 0.182219 0.191444
v 0.078079 0.182281 0.187391
v 0.078079 0.178438 0.195929
v 0.078079 0.178438 0.195929
v 0.080149 0.178438 0.195929
v 0.043964 0.182219 0.191444
v 0.046034 0.182281 0.187391
v 0.043964 0.182281 0.187391
v 0.046034 0.182219 0.191444
v 0.046034 0.178439 0.185623
v 0.046034 0.182219 0.191444
v 0.046034 0.178438 0.195929
v 0.046034 0.182281 0.187391
v 0.046034 0.178439 0.185623
v 0.043964 0.178439 0.185623
v 0.043964 0.178439 0.185623
v 0.043964 0.182219 0.191444
v 0.043964 0.182281 0.187391
v 0.043964 0.178438 0.195929
v 0.043964 0.178438 0.195929
v 0.046034 0.178438 0.195929
v 0.000000 0.167570 0.223472
v -0.002717 0.158664 0.221908
v 0.000000 0.158664 0.223476
v -0.002713 0.167569 0.221905
v -0.002717 0.158664 0.218770
v -0.002713 0.167570 0.218772
v -0.002713 0.167570 0.218772
v 0.000000 0.158664 0.217201
v -0.002717 0.158664 0.218770
v 0.000000 0.167570 0.217206
v 0.002718 0.158664 0.218770
v 0.002714 0.167570 0.218772
v 0.002718 0.158664 0.221908
v 0.002714 0.167569 0.221905
v 0.001976 0.158842 0.212425
v 0.001976 0.164549 0.224816
v 0.001976 0.158842 0.228253
v 0.001976 0.164549 0.215862
v -0.002308 0.158842 0.228253
v -0.002308 0.164549 0.215862
v -0.002308 0.158842 0.212425
v -0.002308 0.164549 0.224816
v -0.002308 0.164549 0.224816
v 0.001976 0.164549 0.215862
v -0.002308 0.164549 0.215862
v 0.001976 0.164549 0.224816
v 0.001976 0.158842 0.212425
v -0.002308 0.164549 0.215862
v 0.001976 0.164549 0.215862
v -0.002308 0.158842 0.212425
v 0.001976 0.164549 0.224816
v -0.002308 0.158842 0.228253
v 0.001976 0.158842 0.228253
v -0.002308 0.164549 0.224816
v -0.006107 0.186648 0.206733
v 0.006108 0.158914 0.211988
v 0.006108 0.186648 0.206733
v -0.006107 0.158914 0.211988
v -0.006107 0.186648 0.205726
v 0.006108 0.157680 0.210914
v -0.006107 0.157680 0.210915
v 0.006108 0.186648 0.205726
v 0.006108 0.186648 0.206733
v -0.006107 0.186648 0.205726
v -0.006107 0.186648 0.206733
v 0.006108 0.186648 0.205726
v -0.006107 0.186648 0.205726
v -0.006107 0.158914 0.211988
v -0.006107 0.186648 0.206733
v -0.006107 0.157680 0.210915
v 0.006108 0.158914 0.211988
v 0.006108 0.186648 0.205726
v 0.006108 0.186648 0.206733
v 0.006108 0.157680 0.210914
v -0.006107 0.157680 0.228733
v 0.006108 0.158914 0.228733
v -0.006107 0.158914 0.228733
v 0.006108 0.157680 0.228733
v 0.006108 0.157680 0.210914
v -0.006107 0.157680 0.228733
v -0.006107 0.157680 0.210915
v 0.006108 0.157680 0.228733
v 0.006108 0.158914 0.211988
v 0.006108 0.157680 0.228733
v 0.006108 0.157680 0.210914
v 0.006108 0.158914 0.228733
v -0.006107 0.158914 0.211988
v 0.006108 0.158914 0.228733
v 0.006108 0.158914 0.211988
v -0.006107 0.158914 0.228733
v -0.006107 0.157680 0.228733
v -0.006107 0.158914 0.211988
v -0.006107 0.157680 0.210915
v -0.006107 0.158914 0.228733
v 0.005758 0.179577 0.226767
v 0.000000 0.181164 0.216500
v 0.000000 0.181972 0.226767
v 0.005186 0.179005 0.216500
v 0.008135 0.173812 0.226767
v 0.007327 0.173812 0.216500
v 0.005739 0.168054 0.226767
v 0.005168 0.168626 0.216500
v -0.000025 0.165677 0.226767
v -0.000025 0.166485 0.216500
v -0.005783 0.168073 0.226767
v -0.000025 0.166485 0.216500
v -0.000025 0.165677 0.226767
v -0.005211 0.168644 0.216500
v -0.008160 0.173837 0.226767
v -0.007352 0.173837 0.216500
v -0.005764 0.179595 0.226767
v -0.005193 0.179023 0.216500
v 0.029941 0.145323 0.224832
v 0.081425 0.145316 0.228904
v 0.081425 0.145323 0.224832
v 0.029941 0.145316 0.228904
v 0.025615 0.138831 0.222677
v 0.081425 0.145323 0.224832
v 0.085751 0.138831 0.222677
v 0.029941 0.145323 0.224832
v 0.029941 0.145316 0.228904
v 0.025615 0.138831 0.222677
v 0.025615 0.136839 0.233008
v 0.029941 0.145323 0.224832
v 0.085751 0.136839 0.233008
v 0.029941 0.145316 0.228904
v 0.025615 0.136839 0.233008
v 0.081425 0.145316 0.228904
v 0.085751 0.138831 0.222677
v 0.081425 0.145316 0.228904
v 0.085751 0.136839 0.233008
v 0.081425 0.145323 0.224832
v 0.071672 0.156340 0.218178
v 0.067113 0.161109 0.220257
v 0.067120 0.156396 0.220971
v 0.071680 0.167653 0.216344
v 0.071680 0.167653 0.216344
v 0.071672 0.156385 0.211076
v 0.071676 0.172769 0.207855
v 0.071672 0.156340 0.218178
v 0.065181 0.172157 0.209413
v 0.071680 0.167653 0.216344
v 0.071676 0.172769 0.207855
v 0.065175 0.167654 0.216835
v 0.067113 0.161109 0.220257
v 0.037941 0.156396 0.220971
v 0.067120 0.156396 0.220971
v 0.037948 0.161109 0.220257
v 0.043043 0.164579 0.218446
v 0.067113 0.161109 0.220257
v 0.063046 0.164579 0.218446
v 0.037948 0.161109 0.220257
v 0.034434 0.156340 0.218178
v 0.037948 0.161109 0.220257
v 0.034427 0.167653 0.216344
v 0.037941 0.156396 0.220971
v 0.034427 0.167653 0.216344
v 0.034434 0.156385 0.211076
v 0.034434 0.156340 0.218178
v 0.034431 0.172769 0.207855
v 0.041194 0.166363 0.217515
v 0.034427 0.167653 0.216344
v 0.040924 0.167654 0.216835
v 0.065175 0.167654 0.216835
v 0.063599 0.170826 0.209339
v 0.064895 0.166363 0.217515
v 0.065181 0.172157 0.209413
v 0.042516 0.172444 0.208804
v 0.063581 0.172444 0.208804
v 0.042507 0.170826 0.209339
v 0.040924 0.167654 0.216835
v 0.040901 0.172155 0.209417
v 0.041194 0.166363 0.217515
v 0.063599 0.170826 0.209339
v 0.063046 0.164579 0.218446
v 0.064895 0.166363 0.217515
v 0.019799 0.169717 0.211184
v 0.019799 0.140478 0.213371
v 0.019799 0.139874 0.216342
v 0.019799 0.169696 0.208213
v 0.024102 0.166337 0.215943
v 0.019799 0.139874 0.216342
v 0.024102 0.138878 0.220461
v 0.019799 0.169717 0.211184
v 0.034460 0.166337 0.215943
v 0.024102 0.138878 0.220461
v 0.034460 0.138878 0.220461
v 0.024102 0.166337 0.215943
v 0.034431 0.169696 0.208213
v 0.019799 0.169717 0.211184
v 0.034431 0.169717 0.211184
v 0.019799 0.169696 0.208213
v 0.024102 0.166337 0.215943
v 0.034460 0.166337 0.215943
v 0.034431 0.169717 0.211184
v 0.034431 0.140478 0.213371
v 0.034431 0.169696 0.208213
v 0.034460 0.166337 0.215943
v 0.071680 0.167653 0.216344
v 0.064895 0.166363 0.217515
v 0.065175 0.167654 0.216835
v 0.086308 0.169717 0.211184
v 0.086308 0.140478 0.213371
v 0.086308 0.169696 0.208213
v 0.086308 0.139874 0.216342
v 0.082005 0.166337 0.215943
v 0.086308 0.139874 0.216342
v 0.086308 0.169717 0.211184
v 0.082005 0.138878 0.220461
v 0.082005 0.138878 0.220461
v 0.071646 0.166337 0.215943
v 0.071646 0.138878 0.220461
v 0.082005 0.166337 0.215943
v 0.086308 0.169717 0.211184
v 0.071676 0.169696 0.208213
v 0.071676 0.169717 0.211184
v 0.086308 0.169696 0.208213
v 0.082005 0.166337 0.215943
v 0.071646 0.166337 0.215943
v 0.071676 0.140478 0.213371
v 0.071646 0.166337 0.215943
v 0.071676 0.169717 0.211184
v 0.071646 0.138878 0.220461
v 0.037941 0.156396 0.220971
v 0.067120 0.154327 0.211450
v 0.067120 0.156396 0.220971
v 0.037941 0.154327 0.211450
v 0.071672 0.156340 0.218178
v 0.071672 0.156385 0.211076
v 0.034434 0.156340 0.218178
v 0.034434 0.156385 0.211076
v 0.034427 0.167653 0.216344
v 0.040901 0.172155 0.209417
v 0.034431 0.172769 0.207855
v 0.040924 0.167654 0.216835
v 0.071672 0.148837 0.219055
v 0.034434 0.151902 0.218556
v 0.034434 0.148837 0.219055
v 0.071672 0.151902 0.218556
v 0.071672 0.148318 0.211986
v 0.034434 0.148837 0.219055
v 0.034434 0.148318 0.211986
v 0.071672 0.148837 0.219055
v 0.071672 0.151902 0.218556
v 0.071672 0.148318 0.211986
v 0.071672 0.156807 0.210473
v 0.071672 0.148837 0.219055
v 0.034434 0.156807 0.210473
v 0.071672 0.151902 0.218556
v 0.071672 0.156807 0.210473
v 0.034434 0.151902 0.218556
v 0.034434 0.148318 0.211986
v 0.034434 0.151902 0.218556
v 0.034434 0.156807 0.210473
v 0.034434 0.148837 0.219055
v 0.063581 0.172444 0.208804
v 0.042516 0.172444 0.208804
v 0.011000 0.178272 0.193401
v 0.000825 0.184030 0.196743
v 0.000826 0.178273 0.196707
v 0.011023 0.184029 0.193430
v 0.011023 0.184029 0.193430
v 0.000825 0.187855 0.193999
v 0.000825 0.184030 0.196743
v 0.009410 0.187854 0.191210
v 0.017289 0.178270 0.184746
v 0.017325 0.184027 0.184756
v 0.017325 0.184027 0.184756
v 0.014716 0.187852 0.183907
v 0.017289 0.178267 0.174047
v 0.017325 0.184027 0.184756
v 0.017325 0.184023 0.174034
v 0.017325 0.184023 0.174034
v 0.014716 0.187850 0.174880
v 0.011000 0.178264 0.165392
v 0.011023 0.184021 0.165359
v 0.011023 0.184021 0.165359
v 0.009410 0.187847 0.167578
v 0.000825 0.178263 0.162086
v 0.000825 0.184020 0.162046
v 0.000825 0.184020 0.162046
v 0.000825 0.187847 0.164788
v -0.009349 0.178264 0.165392
v -0.009372 0.184021 0.165359
v -0.009372 0.184021 0.165359
v -0.007759 0.187847 0.167578
v -0.015638 0.178267 0.174047
v -0.009372 0.184021 0.165359
v -0.009349 0.178264 0.165392
v -0.015674 0.184023 0.174034
v -0.015674 0.184023 0.174034
v -0.013065 0.187850 0.174880
v -0.015638 0.178270 0.184746
v -0.015674 0.184023 0.174034
v -0.015674 0.184027 0.184756
v -0.015674 0.184027 0.184756
v -0.013065 0.187852 0.183907
v -0.009349 0.178272 0.193401
v -0.015674 0.184027 0.184756
v -0.009372 0.184029 0.193430
v -0.009372 0.184029 0.193430
v -0.007759 0.187854 0.191210
v -0.009372 0.184029 0.193430
v -0.009349 0.178272 0.193401
v 0.009410 0.187847 0.167578
v 0.014716 0.187852 0.183907
v 0.014716 0.187850 0.174880
v 0.009410 0.187854 0.191210
v 0.000825 0.187847 0.164788
v -0.007759 0.187847 0.167578
v -0.013065 0.187850 0.174880
v -0.013065 0.187852 0.183907
v 0.000825 0.187855 0.193999
v -0.007759 0.187854 0.191210
v 0.100631 0.181914 0.190422
v 0.100631 0.178781 0.187761
v 0.100631 0.181914 0.187761
v 0.100631 0.178781 0.190422
v 0.034289 0.178781 0.187761
v 0.100631 0.181914 0.187761
v 0.100631 0.178781 0.187761
v 0.034289 0.181914 0.187761
v 0.034289 0.181914 0.190422
v 0.100631 0.178781 0.190422
v 0.100631 0.181914 0.190422
v 0.034289 0.178781 0.190422
v 0.100631 0.181914 0.190422
v 0.100631 0.181914 0.187761
v 0.027143 0.178438 0.196732
v 0.027143 0.182373 0.186053
v 0.027143 0.178438 0.186053
v 0.027143 0.182373 0.196732
v 0.034557 0.182373 0.196732
v 0.034557 0.178438 0.186053
v 0.034557 0.182373 0.186053
v 0.034557 0.178438 0.196732
v 0.027143 0.182373 0.196732
v 0.034557 0.182373 0.186053
v 0.027143 0.182373 0.186053
v 0.034557 0.182373 0.196732
v 0.027143 0.178438 0.196732
v 0.034557 0.182373 0.196732
v 0.027143 0.182373 0.196732
v 0.034557 0.178438 0.196732
v 0.030238 0.178438 0.178321
v 0.030238 0.182373 0.178321
v 0.030238 0.182373 0.178321
v 0.030238 0.178438 0.178321
v -0.068871 0.178780 0.189307
v -0.120763 0.181913 0.189531
v -0.120763 0.178780 0.189531
v -0.068871 0.181913 0.189307
v -0.068871 0.178780 0.186646
v -0.068871 0.181913 0.189307
v -0.068871 0.178780 0.189307
v -0.068871 0.181913 0.186646
v -0.131094 0.178780 0.186646
v -0.068871 0.181913 0.186646
v -0.068871 0.178780 0.186646
v -0.131094 0.181913 0.186646
v -0.123239 0.181913 0.190973
v -0.131094 0.178780 0.190858
v -0.123239 0.178780 0.190973
v -0.131094 0.181913 0.190858
v -0.120763 0.181913 0.189531
v -0.120763 0.178780 0.189531
v -0.131049 0.178438 0.191721
v -0.137726 0.182185 0.191721
v -0.137726 0.178438 0.191721
v -0.131049 0.182185 0.191721
v -0.131049 0.178438 0.184165
v -0.131049 0.182185 0.191721
v -0.131049 0.178438 0.191721
v -0.131049 0.182185 0.184165
v -0.132074 0.178706 0.183337
v -0.131049 0.182185 0.184165
v -0.131049 0.178438 0.184165
v -0.132074 0.181987 0.183337
v -0.137726 0.182185 0.184190
v -0.132074 0.181987 0.183337
v -0.137726 0.181987 0.183384
v -0.131049 0.182185 0.184165
v -0.138327 0.180346 0.174686
v -0.128313 0.180346 0.174686
v -0.137726 0.178438 0.191721
v -0.137726 0.182185 0.184190
v -0.137726 0.178439 0.184190
v -0.137726 0.182185 0.191721
v -0.131049 0.182185 0.191721
v -0.137726 0.182185 0.191721
v -0.137726 0.178706 0.183384
v -0.137726 0.181987 0.183384
v 0.049740 0.180129 0.141644
v 0.047323 0.178438 0.141644
v 0.049740 0.178438 0.141644
v 0.047323 0.180129 0.141644
v 0.049740 0.178438 0.119515
v 0.047323 0.180129 0.119515
v 0.049740 0.180129 0.119515
v 0.047323 0.178438 0.119515
v 0.030802 0.179865 0.140339
v 0.042397 0.181030 0.130445
v 0.030054 0.182153 0.130445
v 0.042009 0.178909 0.140339
v 0.048806 0.178439 0.137542
v 0.049100 0.179564 0.130445
v 0.048806 0.178439 0.123349
v 0.042009 0.178909 0.120551
v 0.030802 0.179865 0.120551
v -0.036045 0.179438 0.130790
v -0.036045 0.182283 0.130790
v -0.036045 0.180861 0.129367
v -0.036045 0.180861 0.132212
v -0.036045 0.179438 0.130790
v 0.030329 0.180999 0.129367
v 0.030329 0.179860 0.130789
v -0.036045 0.180861 0.129367
v -0.036045 0.180861 0.132212
v 0.030329 0.179860 0.130789
v 0.030329 0.180999 0.132212
v -0.036045 0.179438 0.130790
v -0.036045 0.182283 0.130790
v 0.030329 0.182065 0.130789
v -0.036045 0.180861 0.132212
v -0.036045 0.180861 0.129367
v -0.036045 0.182283 0.130790
v 0.049740 0.180129 0.119515
v 0.047323 0.180129 0.141644
v 0.049740 0.180129 0.141644
v 0.047323 0.180129 0.119515
v 0.047323 0.180129 0.141644
v 0.047323 0.178438 0.119515
v 0.047323 0.178438 0.141644
v 0.047323 0.180129 0.119515
v 0.049740 0.180129 0.119515
v 0.049740 0.178438 0.141644
v 0.049740 0.178438 0.119515
v 0.049740 0.180129 0.141644
v -0.160545 0.184387 0.028513
v -0.134279 0.184387 0.024134
v -0.160545 0.184387 0.024134
v -0.134279 0.184387 0.028513
v -0.160545 0.184387 0.024134
v -0.135499 0.183414 0.024134
v -0.159325 0.183414 0.024134
v -0.134279 0.184387 0.024134
v -0.160545 0.184387 0.028513
v -0.135498 0.183414 0.028513
v -0.134279 0.184387 0.028513
v -0.159325 0.183414 0.028513
v -0.134279 0.178816 0.028513
v -0.134279 0.184387 0.024134
v -0.134279 0.184387 0.028513
v -0.134279 0.178816 0.024134
v -0.134279 0.178816 0.024134
v -0.135499 0.183414 0.024134
v -0.134279 0.184387 0.024134
v -0.135499 0.178816 0.024134
v -0.135499 0.178816 0.024134
v -0.135498 0.183414 0.028513
v -0.135499 0.183414 0.024134
v -0.135498 0.178816 0.028513
v -0.134279 0.178816 0.028513
v -0.135498 0.183414 0.028513
v -0.135498 0.178816 0.028513
v -0.134279 0.184387 0.028513
v -0.160545 0.178816 0.024134
v -0.160545 0.184387 0.028513
v -0.160545 0.184387 0.024134
v -0.160545 0.178816 0.028513
v -0.160545 0.178816 0.028513
v -0.159325 0.183414 0.028513
v -0.160545 0.184387 0.028513
v -0.159325 0.178816 0.028513
v -0.159325 0.178816 0.028513
v -0.159325 0.183414 0.024134
v -0.159325 0.183414 0.028513
v -0.159325 0.178816 0.024134
v -0.160545 0.178816 0.024134
v -0.159325 0.183414 0.024134
v -0.159325 0.178816 0.024134
v -0.160545 0.184387 0.024134
v -0.134279 0.184166 -0.071678
v -0.160545 0.184387 -0.074585
v -0.160545 0.184387 -0.070206
v -0.134279 0.184387 -0.074585
v -0.160545 0.184387 -0.074585
v -0.135499 0.183414 -0.074585
v -0.159325 0.183414 -0.074585
v -0.134279 0.184387 -0.074585
v -0.159325 0.183414 -0.070206
v -0.134279 0.184166 -0.071678
v -0.160545 0.184387 -0.070206
v -0.135499 0.183193 -0.071678
v -0.134279 0.178994 -0.074585
v -0.134279 0.184166 -0.071678
v -0.134279 0.178773 -0.071678
v -0.134279 0.184387 -0.074585
v -0.134279 0.178994 -0.074585
v -0.135499 0.183414 -0.074585
v -0.134279 0.184387 -0.074585
v -0.135499 0.178994 -0.074585
v -0.135499 0.178994 -0.074585
v -0.135499 0.183193 -0.071678
v -0.135499 0.183414 -0.074585
v -0.135499 0.178773 -0.071678
v -0.134279 0.178773 -0.071678
v -0.135499 0.183193 -0.071678
v -0.135499 0.178773 -0.071678
v -0.134279 0.184166 -0.071678
v -0.160545 0.178994 -0.074585
v -0.160545 0.184387 -0.070206
v -0.160545 0.184387 -0.074585
v -0.160545 0.178994 -0.070206
v -0.160545 0.178994 -0.070206
v -0.159325 0.183414 -0.070206
v -0.160545 0.184387 -0.070206
v -0.159325 0.178994 -0.070206
v -0.159325 0.178994 -0.070206
v -0.159325 0.183414 -0.074585
v -0.159325 0.183414 -0.070206
v -0.159325 0.178994 -0.074585
v -0.160545 0.178994 -0.074585
v -0.159325 0.183414 -0.074585
v -0.159325 0.178994 -0.074585
v -0.160545 0.184387 -0.074585
v 0.134279 0.184387 0.024133
v 0.160545 0.184387 0.028513
v 0.160545 0.184387 0.024133
v 0.134279 0.184387 0.028513
v 0.135499 0.183414 0.024133
v 0.160545 0.184387 0.024133
v 0.159326 0.183414 0.024133
v 0.134279 0.184387 0.024133
v 0.135499 0.183414 0.028513
v 0.160545 0.184387 0.028513
v 0.134279 0.184387 0.028513
v 0.159326 0.183414 0.028513
v 0.134279 0.184387 0.024133
v 0.134279 0.178816 0.028513
v 0.134279 0.184387 0.028513
v 0.134279 0.178816 0.024133
v 0.135499 0.183414 0.024133
v 0.134279 0.178816 0.024133
v 0.134279 0.184387 0.024133
v 0.135499 0.178816 0.024133
v 0.135499 0.183414 0.028513
v 0.135499 0.178816 0.024133
v 0.135499 0.183414 0.024133
v 0.135499 0.178816 0.028513
v 0.134279 0.178816 0.028513
v 0.135499 0.183414 0.028513
v 0.134279 0.184387 0.028513
v 0.135499 0.178816 0.028513
v 0.160545 0.184387 0.028513
v 0.160545 0.178816 0.024133
v 0.160545 0.184387 0.024133
v 0.160545 0.178816 0.028513
v 0.159326 0.183414 0.028513
v 0.160545 0.178816 0.028513
v 0.160545 0.184387 0.028513
v 0.159326 0.178816 0.028513
v 0.159326 0.183414 0.024133
v 0.159326 0.178816 0.028513
v 0.159326 0.183414 0.028513
v 0.159326 0.178816 0.024133
v 0.160545 0.178816 0.024133
v 0.159326 0.183414 0.024133
v 0.160545 0.184387 0.024133
v 0.159326 0.178816 0.024133
v 0.134279 0.184387 -0.074586
v 0.160545 0.184387 -0.070206
v 0.160545 0.184387 -0.074585
v 0.134279 0.184387 -0.070206
v 0.135499 0.183414 -0.074585
v 0.160545 0.184387 -0.074585
v 0.159325 0.183414 -0.074585
v 0.134279 0.184387 -0.074586
v 0.135499 0.183414 -0.070206
v 0.160545 0.184387 -0.070206
v 0.134279 0.184387 -0.070206
v 0.159325 0.183414 -0.070206
v 0.134279 0.184387 -0.074586
v 0.134279 0.178994 -0.070206
v 0.134279 0.184387 -0.070206
v 0.134279 0.178994 -0.074585
v 0.135499 0.183414 -0.074585
v 0.134279 0.178994 -0.074585
v 0.134279 0.184387 -0.074586
v 0.135499 0.178994 -0.074585
v 0.135499 0.183414 -0.070206
v 0.135499 0.178994 -0.074585
v 0.135499 0.183414 -0.074585
v 0.135499 0.178994 -0.070206
v 0.134279 0.178994 -0.070206
v 0.135499 0.183414 -0.070206
v 0.134279 0.184387 -0.070206
v 0.135499 0.178994 -0.070206
v 0.160545 0.184387 -0.070206
v 0.160545 0.178994 -0.074585
v 0.160545 0.184387 -0.074585
v 0.160545 0.178994 -0.070206
v 0.159325 0.183414 -0.070206
v 0.160545 0.178994 -0.070206
v 0.160545 0.184387 -0.070206
v 0.159325 0.178994 -0.070206
v 0.159325 0.183414 -0.074585
v 0.159325 0.178994 -0.070206
v 0.159325 0.183414 -0.070206
v 0.159325 0.178994 -0.074585
v 0.160545 0.178994 -0.074585
v 0.159325 0.183414 -0.074585
v 0.160545 0.184387 -0.074585
v 0.159325 0.178994 -0.074585
v -0.151633 0.184399 -0.139777
v -0.063325 0.184399 -0.294488
v -0.151633 0.184399 -0.294487
v -0.063325 0.184399 -0.139777
v -0.063325 0.184399 -0.139777
v -0.157733 0.178465 -0.132843
v -0.055740 0.178465 -0.132844
v -0.151633 0.184399 -0.139777
v -0.151633 0.184399 -0.139777
v -0.157733 0.178465 -0.293611
v -0.157733 0.178465 -0.132843
v -0.151633 0.184399 -0.294487
v -0.063325 0.184399 -0.139777
v -0.055741 0.178465 -0.293607
v -0.063325 0.184399 -0.294488
v -0.055740 0.178465 -0.132844
v 0.063325 0.184399 -0.294488
v 0.151633 0.184399 -0.139778
v 0.151633 0.184399 -0.294487
v 0.063325 0.184399 -0.139778
v 0.157733 0.178465 -0.132844
v 0.063325 0.184399 -0.139778
v 0.055740 0.178465 -0.132844
v 0.151633 0.184399 -0.139778
v 0.157733 0.178465 -0.293611
v 0.151633 0.184399 -0.139778
v 0.157733 0.178465 -0.132844
v 0.151633 0.184399 -0.294487
v 0.063325 0.184399 -0.139778
v 0.055740 0.178465 -0.293607
v 0.055740 0.178465 -0.132844
v 0.063325 0.184399 -0.294488
v -0.108896 0.195634 -0.205515
v -0.139884 0.197332 -0.215369
v -0.110640 0.197347 -0.201766
v -0.138144 0.195624 -0.219109
v -0.108174 0.191500 -0.207067
v -0.137424 0.191500 -0.220658
v -0.108896 0.187365 -0.205515
v -0.138144 0.188492 -0.219109
v -0.139884 0.186784 -0.215369
v -0.110640 0.185652 -0.201766
v -0.112384 0.187365 -0.198017
v -0.139884 0.186784 -0.215369
v -0.110640 0.185652 -0.201766
v -0.141624 0.188492 -0.211629
v -0.113106 0.191500 -0.196464
v -0.142344 0.191500 -0.210080
v -0.112384 0.195634 -0.198017
v -0.141624 0.195624 -0.211629
v -0.112384 0.187365 -0.198017
v -0.112384 0.195634 -0.198017
v -0.113106 0.191500 -0.196464
v -0.110640 0.197347 -0.201766
v -0.108896 0.187365 -0.205515
v -0.110640 0.185652 -0.201766
v -0.108896 0.195634 -0.205515
v -0.108174 0.191500 -0.207067
v -0.138144 0.195624 -0.219109
v -0.138144 0.188492 -0.219109
v -0.139884 0.186784 -0.215369
v -0.137424 0.191500 -0.220658
v -0.141624 0.188492 -0.211629
v -0.142344 0.191500 -0.210080
v -0.139884 0.197332 -0.215369
v -0.141624 0.195624 -0.211629
v -0.140003 0.191537 -0.218192
v -0.138521 0.185406 -0.217503
v -0.142496 0.185406 -0.219352
v -0.138521 0.191537 -0.217503
v -0.142119 0.191537 -0.213641
v -0.142496 0.185406 -0.219352
v -0.144613 0.185406 -0.214801
v -0.140003 0.191537 -0.218192
v -0.140638 0.191537 -0.212952
v -0.140003 0.191537 -0.218192
v -0.142119 0.191537 -0.213641
v -0.138521 0.191537 -0.217503
v -0.142119 0.191537 -0.213641
v -0.140638 0.185406 -0.212952
v -0.140638 0.191537 -0.212952
v -0.144613 0.185406 -0.214801
v -0.132246 0.189364 -0.216830
v -0.134159 0.185412 -0.217720
v -0.134159 0.189364 -0.217720
v -0.132246 0.185412 -0.216830
v -0.136043 0.189364 -0.208668
v -0.132246 0.185412 -0.216830
v -0.132246 0.189364 -0.216830
v -0.136043 0.184295 -0.208668
v -0.137956 0.189364 -0.209558
v -0.136043 0.184295 -0.208668
v -0.136043 0.189364 -0.208668
v -0.137956 0.184295 -0.209558
v -0.134159 0.185412 -0.217720
v -0.137956 0.189364 -0.209558
v -0.134159 0.189364 -0.217720
v -0.137956 0.184295 -0.209558
v -0.114302 0.189364 -0.208483
v -0.116215 0.184295 -0.209372
v -0.116215 0.189364 -0.209372
v -0.114302 0.184295 -0.208483
v -0.118099 0.189364 -0.200321
v -0.114302 0.184295 -0.208483
v -0.114302 0.189364 -0.208483
v -0.118099 0.184295 -0.200321
v -0.120011 0.189364 -0.201210
v -0.118099 0.184295 -0.200321
v -0.118099 0.189364 -0.200321
v -0.120011 0.184295 -0.201210
v -0.116215 0.189364 -0.209372
v -0.120011 0.184295 -0.201210
v -0.120011 0.189364 -0.201210
v -0.116215 0.184295 -0.209372
v -0.138521 0.191537 -0.217503
v -0.140638 0.185406 -0.212952
v -0.138521 0.185406 -0.217503
v -0.140638 0.191537 -0.212952
v 0.023546 0.178959 -0.223482
v 0.027055 0.183953 -0.210389
v 0.027055 0.178959 -0.210389
v 0.023546 0.183953 -0.223482
v 0.013962 0.178959 -0.233067
v 0.013962 0.183953 -0.233067
v 0.000869 0.178959 -0.236575
v 0.013962 0.183953 -0.233067
v 0.013962 0.178959 -0.233067
v 0.000869 0.183953 -0.236575
v -0.012224 0.178959 -0.233067
v -0.012224 0.183953 -0.233067
v -0.021808 0.178959 -0.223482
v -0.021808 0.183953 -0.223482
v -0.025317 0.178959 -0.210389
v -0.025317 0.183953 -0.210389
v -0.021808 0.178959 -0.197297
v -0.021808 0.183953 -0.197297
v -0.012224 0.178959 -0.187712
v -0.012224 0.183953 -0.187712
v 0.000869 0.178959 -0.184204
v 0.000869 0.183953 -0.184204
v 0.013962 0.178959 -0.187712
v 0.013962 0.183953 -0.187712
v 0.023546 0.178959 -0.197297
v 0.013962 0.183953 -0.187712
v 0.013962 0.178959 -0.187712
v 0.023546 0.183953 -0.197297
v 0.000869 0.187028 -0.233391
v 0.020789 0.187028 -0.221890
v 0.012370 0.187028 -0.230310
v 0.023871 0.187028 -0.210389
v -0.010632 0.187028 -0.230309
v -0.019051 0.187028 -0.221890
v -0.022133 0.187028 -0.210389
v -0.019051 0.187028 -0.198888
v -0.010632 0.187028 -0.190469
v 0.000869 0.187028 -0.187388
v 0.020789 0.187028 -0.198889
v 0.012370 0.187028 -0.190469
v 0.020789 0.187028 -0.221890
v 0.027055 0.183953 -0.210389
v 0.023546 0.183953 -0.223482
v 0.023871 0.187028 -0.210389
v 0.012370 0.187028 -0.230310
v 0.013962 0.183953 -0.233067
v 0.000869 0.187028 -0.233391
v 0.000869 0.183953 -0.236575
v -0.010632 0.187028 -0.230309
v -0.012224 0.183953 -0.233067
v -0.019051 0.187028 -0.221890
v -0.021808 0.183953 -0.223482
v -0.022133 0.187028 -0.210389
v -0.025317 0.183953 -0.210389
v -0.019051 0.187028 -0.198888
v -0.021808 0.183953 -0.197297
v -0.010632 0.187028 -0.190469
v -0.012224 0.183953 -0.187712
v 0.000869 0.187028 -0.187388
v 0.000869 0.183953 -0.184204
v 0.012370 0.187028 -0.190469
v 0.013962 0.183953 -0.187712
v 0.020789 0.187028 -0.198889
v 0.023546 0.183953 -0.197297
v 0.100942 0.079720 -0.294852
v 0.101949 0.092312 -0.293108
v 0.101949 0.079586 -0.293108
v 0.100942 0.092312 -0.294852
v 0.098927 0.079988 -0.294852
v 0.098927 0.092312 -0.294852
v 0.097920 0.080122 -0.293108
v 0.097920 0.092312 -0.293108
v 0.100942 0.079720 -0.291363
v 0.100942 0.092312 -0.291363
v 0.098927 0.079988 -0.291363
v 0.098927 0.092312 -0.291363
v 0.098927 0.092312 -0.291363
v 0.098927 0.079988 -0.291363
v 0.097463 0.073735 -0.294852
v 0.097517 0.072833 -0.293108
v 0.096418 0.075539 -0.294852
v 0.095896 0.076441 -0.293108
v 0.096994 0.073735 -0.291363
v 0.096418 0.075539 -0.291363
v 0.096418 0.075539 -0.291363
v 0.089338 0.073735 -0.294852
v 0.088816 0.072833 -0.293108
v 0.096418 0.075539 -0.294852
v 0.090383 0.075539 -0.294852
v 0.096418 0.075539 -0.294852
v 0.090905 0.076441 -0.293108
v 0.089338 0.073735 -0.291363
v 0.090383 0.075539 -0.291363
v 0.096418 0.075539 -0.291363
v 0.090383 0.075539 -0.291363
v 0.090905 0.076441 -0.293108
v 0.096418 0.075539 -0.291363
v 0.084852 0.079586 -0.293108
v 0.085859 0.079720 -0.294852
v 0.090383 0.075539 -0.294852
v 0.087873 0.079988 -0.294852
v 0.090905 0.076441 -0.293108
v 0.090383 0.075539 -0.294852
v 0.088880 0.080122 -0.293108
v 0.085859 0.079720 -0.291363
v 0.090383 0.075539 -0.291363
v 0.087873 0.079988 -0.291363
v 0.087873 0.079988 -0.291363
v 0.090383 0.075539 -0.291363
v 0.084852 0.092312 -0.293108
v 0.085859 0.092312 -0.294852
v 0.087873 0.092312 -0.294852
v 0.088880 0.092312 -0.293108
v 0.085859 0.092312 -0.291363
v 0.087873 0.092312 -0.291363
v 0.087873 0.092312 -0.291363
v 0.102483 0.101129 -0.293105
v 0.084767 0.095732 -0.287708
v 0.102483 0.095732 -0.287708
v 0.084767 0.101129 -0.293105
v 0.102483 0.095732 -0.298502
v 0.084767 0.095732 -0.298502
v 0.102483 0.090335 -0.293105
v 0.084767 0.090335 -0.293105
v 0.084767 0.090335 -0.293105
v 0.102483 0.090335 -0.293105
v 0.102483 0.090335 -0.293105
v 0.102483 0.101129 -0.293105
v 0.102483 0.095732 -0.287708
v 0.102483 0.095732 -0.298502
v 0.084767 0.101129 -0.293105
v 0.084767 0.090335 -0.293105
v 0.084767 0.095732 -0.287708
v 0.084767 0.095732 -0.298502
v -0.100942 0.079720 -0.294852
v -0.101949 0.092312 -0.293108
v -0.100942 0.092312 -0.294852
v -0.101949 0.079586 -0.293108
v -0.098928 0.079988 -0.294852
v -0.098928 0.092312 -0.294852
v -0.097921 0.080122 -0.293108
v -0.097921 0.092312 -0.293108
v -0.100942 0.079720 -0.291363
v -0.100942 0.092312 -0.291363
v -0.098928 0.079988 -0.291363
v -0.098928 0.092312 -0.291363
v -0.098928 0.092312 -0.291363
v -0.098928 0.079988 -0.291363
v -0.097463 0.073735 -0.294852
v -0.097985 0.072833 -0.293108
v -0.096418 0.075539 -0.294852
v -0.095896 0.076441 -0.293108
v -0.097463 0.073735 -0.291363
v -0.096418 0.075539 -0.291363
v -0.096418 0.075539 -0.291363
v -0.089338 0.073735 -0.294852
v -0.088816 0.072833 -0.293108
v -0.090383 0.075539 -0.294852
v -0.090906 0.076441 -0.293108
v -0.089338 0.073735 -0.291363
v -0.090383 0.075539 -0.291363
v -0.090383 0.075539 -0.291363
v -0.090906 0.076441 -0.293108
v -0.084852 0.079586 -0.293108
v -0.085859 0.079720 -0.294852
v -0.090383 0.075539 -0.294852
v -0.087874 0.079988 -0.294852
v -0.090906 0.076441 -0.293108
v -0.090383 0.075539 -0.294852
v -0.088881 0.080122 -0.293108
v -0.085859 0.079720 -0.291363
v -0.090383 0.075539 -0.291363
v -0.087874 0.079988 -0.291363
v -0.087874 0.079988 -0.291363
v -0.090383 0.075539 -0.291363
v -0.084852 0.092312 -0.293108
v -0.085859 0.092312 -0.294852
v -0.087874 0.092312 -0.294852
v -0.088881 0.092312 -0.293108
v -0.085859 0.092312 -0.291363
v -0.087874 0.092312 -0.291363
v -0.087874 0.092312 -0.291363
v -0.084767 0.095732 -0.287708
v -0.102483 0.101129 -0.293105
v -0.102483 0.095732 -0.287708
v -0.084767 0.101129 -0.293105
v -0.102483 0.095732 -0.298502
v -0.084767 0.095732 -0.298502
v -0.102483 0.090335 -0.293105
v -0.084767 0.090335 -0.293105
v -0.084767 0.090335 -0.293105
v -0.102483 0.090335 -0.293105
v -0.102483 0.101129 -0.293105
v -0.102483 0.090335 -0.293105
v -0.102483 0.095732 -0.287708
v -0.102483 0.095732 -0.298502
v -0.084767 0.090335 -0.293105
v -0.084767 0.101129 -0.293105
v -0.084767 0.095732 -0.287708
v -0.084767 0.095732 -0.298502
v -0.085919 0.082153 -0.287575
v -0.074423 0.091067 -0.289113
v -0.069388 0.082153 -0.287575
v -0.080883 0.091067 -0.289113
v -0.069388 0.072095 -0.285841
v -0.085919 0.072095 -0.285841
v -0.074423 0.063182 -0.284303
v -0.080883 0.063182 -0.284303
v -0.080883 0.063182 -0.284303
v -0.074423 0.063557 -0.282126
v -0.080883 0.063557 -0.282126
v -0.074423 0.063182 -0.284303
v -0.074423 0.063182 -0.284303
v -0.069388 0.072471 -0.283663
v -0.074423 0.063557 -0.282126
v -0.069388 0.072095 -0.285841
v -0.069388 0.082529 -0.285397
v -0.069388 0.072471 -0.283663
v -0.069388 0.082153 -0.287575
v -0.074423 0.091442 -0.286935
v -0.069388 0.082529 -0.285397
v -0.074423 0.091067 -0.289113
v -0.074423 0.091067 -0.289113
v -0.080883 0.091442 -0.286935
v -0.074423 0.091442 -0.286935
v -0.080883 0.091067 -0.289113
v -0.080883 0.091067 -0.289113
v -0.085919 0.082529 -0.285397
v -0.080883 0.091442 -0.286935
v -0.085919 0.082153 -0.287575
v -0.085919 0.072471 -0.283663
v -0.085919 0.082529 -0.285397
v -0.085919 0.072095 -0.285841
v -0.080883 0.063557 -0.282126
v -0.085919 0.072471 -0.283663
v -0.080883 0.063182 -0.284303
v 0.085918 0.072095 -0.285841
v 0.074423 0.063182 -0.284304
v 0.069387 0.072095 -0.285841
v 0.080883 0.063182 -0.284304
v 0.085918 0.082153 -0.287575
v 0.074423 0.091067 -0.289113
v 0.080883 0.091067 -0.289113
v 0.069387 0.082153 -0.287575
v 0.074423 0.063557 -0.282126
v 0.080883 0.063182 -0.284304
v 0.080883 0.063557 -0.282126
v 0.074423 0.063182 -0.284304
v 0.069387 0.072471 -0.283663
v 0.074423 0.063182 -0.284304
v 0.074423 0.063557 -0.282126
v 0.069387 0.072095 -0.285841
v 0.069387 0.082529 -0.285398
v 0.069387 0.072471 -0.283663
v 0.069387 0.082153 -0.287575
v 0.074423 0.091442 -0.286935
v 0.069387 0.082529 -0.285398
v 0.074423 0.091067 -0.289113
v 0.080883 0.091442 -0.286935
v 0.074423 0.091067 -0.289113
v 0.074423 0.091442 -0.286935
v 0.080883 0.091067 -0.289113
v 0.085918 0.082529 -0.285398
v 0.080883 0.091067 -0.289113
v 0.080883 0.091442 -0.286935
v 0.085918 0.082153 -0.287575
v 0.085918 0.072471 -0.283663
v 0.085918 0.082529 -0.285398
v 0.085918 0.072095 -0.285841
v 0.080883 0.063557 -0.282126
v 0.085918 0.072471 -0.283663
v 0.080883 0.063182 -0.284304
v -0.005807 0.054738 -0.282331
v -0.005807 0.063744 -0.282250
v -0.005807 0.063597 -0.283702
v -0.005739 0.047816 -0.274048
v 0.005806 0.046746 -0.275608
v -0.005739 0.047816 -0.274048
v -0.005807 0.046746 -0.275608
v 0.005874 0.047816 -0.274048
v 0.005806 0.054738 -0.282331
v -0.005807 0.046746 -0.275608
v -0.005807 0.054738 -0.282331
v 0.005806 0.046746 -0.275608
v 0.005806 0.063597 -0.283702
v -0.005807 0.063597 -0.283702
v 0.005806 0.063744 -0.282250
v -0.005807 0.063597 -0.283702
v -0.005807 0.063744 -0.282250
v 0.005806 0.063597 -0.283702
v 0.005806 0.054738 -0.282331
v 0.005874 0.047816 -0.274048
v 0.005806 0.046746 -0.275608
v 0.005806 0.063744 -0.282250
v 0.005258 0.058363 -0.287003
v -0.005005 0.058363 -0.287003
v -0.005005 0.058363 -0.281437
v 0.000126 0.058363 -0.291032
v 0.005258 0.058363 -0.281437
v 0.005258 0.050705 -0.287003
v 0.005258 0.058363 -0.287003
v 0.005258 0.050705 -0.278399
v -0.005005 0.050705 -0.287003
v -0.005005 0.058363 -0.281437
v -0.005005 0.058363 -0.287003
v -0.005005 0.050705 -0.278399
v 0.000126 0.050705 -0.291032
v 0.000126 0.058363 -0.291032
v -0.005005 0.050705 -0.287003
v 0.005258 0.050705 -0.278399
v -0.005005 0.050705 -0.278399
v 0.005258 0.050705 -0.287003
v 0.009164 0.090591 -0.286546
v -0.000000 0.091684 -0.290040
v -0.000000 0.094329 -0.287205
v 0.007670 0.088555 -0.289488
v 0.012885 0.081466 -0.285097
v 0.010773 0.080902 -0.288298
v 0.009164 0.072342 -0.283648
v 0.007670 0.073249 -0.287109
v -0.000000 0.068604 -0.282988
v -0.000000 0.070120 -0.286557
v -0.009164 0.072342 -0.283648
v -0.007670 0.073249 -0.287109
v -0.010922 0.080902 -0.288298
v -0.013034 0.081466 -0.285096
v -0.007670 0.088555 -0.289488
v -0.009164 0.090591 -0.286546
v 0.010773 0.080902 -0.288298
v -0.000000 0.070120 -0.286557
v -0.007670 0.073249 -0.287109
v 0.007670 0.073249 -0.287109
v -0.010922 0.080902 -0.288298
v 0.007670 0.088555 -0.289488
v -0.007670 0.088555 -0.289488
v -0.000000 0.091684 -0.290040
v -0.003971 0.186781 -0.276832
v -0.000950 0.186781 -0.272058
v -0.000950 0.186781 -0.281607
v -0.003971 0.181752 -0.276832
v -0.000950 0.186781 -0.281607
v -0.000950 0.181752 -0.281607
v -0.003971 0.186781 -0.276832
v -0.000950 0.181752 -0.272058
v -0.003971 0.181752 -0.276832
v -0.000950 0.186781 -0.272058
v 0.040168 0.181752 -0.272058
v 0.040168 0.186781 -0.272058
v 0.043189 0.181752 -0.276832
v 0.043189 0.186781 -0.276833
v 0.040168 0.181752 -0.281607
v 0.043189 0.186781 -0.276833
v 0.043189 0.181752 -0.276832
v 0.040168 0.186781 -0.281607
v 0.008686 0.181752 -0.266177
v 0.003741 0.186782 -0.277159
v 0.003741 0.181752 -0.277159
v 0.008686 0.186782 -0.266177
v 0.019341 0.181752 -0.261232
v 0.019341 0.186781 -0.261232
v 0.029996 0.181752 -0.266177
v 0.019341 0.186781 -0.261232
v 0.019341 0.181752 -0.261232
v 0.029996 0.186782 -0.266177
v 0.034941 0.181752 -0.277159
v 0.034941 0.186782 -0.277159
v 0.029996 0.181752 -0.287488
v 0.034941 0.186782 -0.277159
v 0.034941 0.181752 -0.277159
v 0.029996 0.186782 -0.287488
v 0.019341 0.181752 -0.292433
v 0.019341 0.186781 -0.292433
v 0.008686 0.181752 -0.287487
v 0.019341 0.186781 -0.292433
v 0.019341 0.181752 -0.292433
v 0.008686 0.186782 -0.287488
v 0.003741 0.181752 -0.277159
v 0.003741 0.186782 -0.277159
v 0.012724 0.193591 -0.270263
v 0.019341 0.193859 -0.266975
v 0.025958 0.193591 -0.270264
v 0.008686 0.186782 -0.266177
v 0.009653 0.193014 -0.277146
v 0.003741 0.186782 -0.277159
v 0.012724 0.193591 -0.270263
v 0.019341 0.193859 -0.266975
v 0.019341 0.186781 -0.261232
v 0.029996 0.186782 -0.266177
v 0.025958 0.193591 -0.270264
v 0.029029 0.193014 -0.277146
v 0.034941 0.186782 -0.277159
v 0.029996 0.186782 -0.287488
v 0.025958 0.192438 -0.284064
v 0.019341 0.192170 -0.287123
v 0.019341 0.186781 -0.292433
v 0.008686 0.186782 -0.287488
v 0.012724 0.192438 -0.284064
v -0.115370 0.095999 0.217825
v -0.096202 0.071910 0.207845
v -0.115370 0.071905 0.207845
v -0.096202 0.096004 0.217825
v -0.115370 0.105979 0.241918
v -0.096202 0.105984 0.241918
v -0.115370 0.095999 0.266012
v -0.096202 0.105984 0.241918
v -0.115370 0.105979 0.241918
v -0.096202 0.096004 0.266012
v -0.115370 0.071905 0.275992
v -0.096202 0.071910 0.275992
v -0.115370 0.047812 0.266012
v -0.096202 0.047817 0.266012
v -0.115370 0.037832 0.241918
v -0.096202 0.037837 0.241918
v -0.115370 0.047812 0.217825
v -0.096202 0.037837 0.241918
v -0.115370 0.037832 0.241918
v -0.096202 0.047817 0.217825
v 0.096203 0.071910 0.207844
v 0.115371 0.095999 0.217824
v 0.115371 0.071905 0.207844
v 0.096203 0.096004 0.217824
v 0.115371 0.105979 0.241918
v 0.096203 0.105984 0.241918
v 0.096203 0.105984 0.241918
v 0.115371 0.095999 0.266012
v 0.115371 0.105979 0.241918
v 0.096203 0.096004 0.266012
v 0.115371 0.071905 0.275991
v 0.096203 0.071910 0.275991
v 0.115371 0.047812 0.266012
v 0.096203 0.047817 0.266012
v 0.115371 0.037832 0.241918
v 0.096203 0.037837 0.241918
v 0.096203 0.037837 0.241918
v 0.115371 0.047812 0.217824
v 0.115371 0.037832 0.241918
v 0.096203 0.047817 0.217825
v -0.156587 0.126349 -0.292445
v -0.156587 0.112376 -0.296158
v -0.156587 0.109068 -0.293280
v -0.156587 0.125614 -0.294388
v -0.156587 0.076847 -0.327184
v -0.156587 0.075137 -0.326580
v -0.155218 0.076847 -0.327184
v -0.156587 0.075137 -0.326580
v -0.156587 0.076847 -0.327184
v -0.155218 0.075137 -0.326580
v -0.155218 0.112376 -0.296158
v -0.156587 0.076847 -0.327184
v -0.156587 0.112376 -0.296158
v -0.155218 0.076847 -0.327184
v -0.155218 0.109068 -0.293280
v -0.156587 0.107825 -0.289845
v -0.156587 0.109068 -0.293280
v -0.155218 0.107825 -0.289845
v -0.155218 0.125614 -0.294388
v -0.156587 0.125614 -0.294388
v -0.155218 0.109068 -0.293280
v -0.155218 0.076847 -0.327184
v -0.155218 0.112376 -0.296158
v -0.155218 0.075137 -0.326580
v -0.155218 0.126349 -0.292445
v -0.155218 0.125614 -0.294388
v -0.107770 0.126349 -0.292445
v -0.107770 0.112376 -0.296158
v -0.107770 0.109068 -0.293280
v -0.107770 0.125614 -0.294388
v -0.107770 0.076847 -0.327184
v -0.107770 0.075137 -0.326580
v -0.106402 0.076847 -0.327184
v -0.107770 0.075137 -0.326580
v -0.107770 0.076847 -0.327184
v -0.106402 0.075137 -0.326580
v -0.106402 0.112376 -0.296158
v -0.107770 0.076847 -0.327184
v -0.107770 0.112376 -0.296158
v -0.106402 0.076847 -0.327184
v -0.106402 0.109068 -0.293280
v -0.107770 0.107825 -0.289844
v -0.107770 0.109068 -0.293280
v -0.106402 0.107825 -0.289844
v -0.106402 0.125614 -0.294388
v -0.107770 0.125614 -0.294388
v -0.106402 0.109068 -0.293280
v -0.106402 0.076847 -0.327184
v -0.106402 0.112376 -0.296158
v -0.106402 0.075137 -0.326580
v -0.106402 0.126349 -0.292445
v -0.106402 0.125614 -0.294388
v -0.156587 0.125614 -0.294388
v -0.155218 0.126349 -0.292445
v -0.155218 0.125614 -0.294388
v -0.156587 0.126349 -0.292445
v -0.107770 0.125614 -0.294388
v -0.106402 0.126349 -0.292445
v -0.106402 0.125614 -0.294388
v -0.107770 0.126349 -0.292445
v -0.160907 0.126219 -0.296518
v -0.101766 0.124210 -0.294504
v -0.160907 0.124205 -0.294504
v -0.101766 0.126225 -0.296518
v -0.160907 0.128234 -0.294504
v -0.101766 0.128239 -0.294504
v -0.160907 0.126219 -0.292490
v -0.101766 0.126225 -0.292490
v -0.160907 0.124205 -0.294504
v -0.101766 0.124210 -0.294504
v -0.160907 0.124205 -0.294504
v -0.160907 0.128234 -0.294504
v -0.160907 0.126219 -0.296518
v -0.160907 0.126219 -0.292490
v -0.101766 0.126225 -0.292490
v -0.101766 0.126225 -0.296518
v -0.101766 0.128239 -0.294504
v -0.101766 0.124210 -0.294504
v -0.153956 0.105889 -0.296399
v -0.181293 0.109068 -0.293280
v -0.153956 0.109068 -0.293280
v -0.181295 0.074537 -0.327163
v -0.132115 0.105889 -0.296399
v -0.102504 0.074536 -0.327165
v -0.181293 0.107657 -0.291843
v -0.153956 0.104478 -0.294962
v -0.153956 0.107657 -0.291842
v -0.181295 0.071642 -0.327136
v -0.132115 0.104478 -0.294962
v -0.102504 0.071641 -0.327137
v -0.181293 0.107657 -0.291843
v -0.153956 0.109068 -0.293280
v -0.181293 0.109068 -0.293280
v -0.153956 0.107657 -0.291842
v -0.181293 0.107657 -0.291843
v -0.181295 0.074537 -0.327163
v -0.181295 0.071642 -0.327136
v -0.181293 0.109068 -0.293280
v -0.153956 0.107657 -0.291842
v -0.153956 0.105889 -0.296399
v -0.153956 0.109068 -0.293280
v -0.153956 0.104478 -0.294962
v -0.102504 0.071641 -0.327137
v -0.181295 0.074537 -0.327163
v -0.102504 0.074536 -0.327165
v -0.181295 0.071642 -0.327136
v -0.153956 0.104478 -0.294962
v -0.132115 0.105889 -0.296399
v -0.153956 0.105889 -0.296399
v -0.153956 0.104478 -0.294962
v -0.132115 0.104478 -0.294962
v -0.132115 0.105889 -0.296399
v -0.102514 0.107657 -0.291843
v -0.102504 0.074536 -0.327165
v -0.102514 0.109068 -0.293280
v -0.102504 0.071641 -0.327137
v -0.132104 0.107657 -0.291843
v -0.102514 0.109068 -0.293280
v -0.132104 0.109068 -0.293280
v -0.102514 0.107657 -0.291843
v -0.132115 0.104478 -0.294962
v -0.132104 0.109068 -0.293280
v -0.132115 0.105889 -0.296399
v -0.132104 0.107657 -0.291843
v -0.102514 0.109068 -0.293280
v -0.132104 0.109068 -0.293280
v -0.102514 0.107657 -0.291843
v -0.132104 0.107657 -0.291843
v 0.156586 0.109068 -0.293281
v 0.156586 0.126349 -0.292445
v 0.156586 0.107825 -0.289845
v 0.156586 0.112376 -0.296158
v 0.156586 0.076847 -0.327184
v 0.156586 0.075137 -0.326580
v 0.156586 0.075137 -0.326580
v 0.155218 0.076847 -0.327184
v 0.156586 0.076847 -0.327184
v 0.155218 0.075137 -0.326580
v 0.156586 0.076847 -0.327184
v 0.155218 0.112376 -0.296158
v 0.156586 0.112376 -0.296158
v 0.155218 0.076847 -0.327184
v 0.156586 0.107825 -0.289845
v 0.155218 0.109068 -0.293281
v 0.156586 0.109068 -0.293281
v 0.155218 0.107825 -0.289845
v 0.155218 0.125614 -0.294388
v 0.156586 0.125614 -0.294388
v 0.155218 0.109068 -0.293281
v 0.155218 0.126349 -0.292445
v 0.155218 0.125614 -0.294388
v 0.155218 0.107825 -0.289845
v 0.155218 0.112376 -0.296158
v 0.155218 0.076847 -0.327184
v 0.107770 0.109068 -0.293281
v 0.107770 0.126349 -0.292445
v 0.107770 0.107825 -0.289845
v 0.107770 0.112376 -0.296158
v 0.107770 0.076847 -0.327184
v 0.107770 0.075137 -0.326580
v 0.107770 0.075137 -0.326580
v 0.106401 0.076847 -0.327184
v 0.107770 0.076847 -0.327184
v 0.106401 0.075137 -0.326580
v 0.107770 0.076847 -0.327184
v 0.106401 0.112376 -0.296158
v 0.107770 0.112376 -0.296158
v 0.106401 0.076847 -0.327184
v 0.107770 0.107825 -0.289845
v 0.106401 0.109068 -0.293281
v 0.107770 0.109068 -0.293281
v 0.106401 0.107825 -0.289845
v 0.106401 0.125614 -0.294388
v 0.107770 0.125614 -0.294388
v 0.106401 0.126349 -0.292445
v 0.106401 0.109068 -0.293281
v 0.106401 0.107825 -0.289845
v 0.106401 0.112376 -0.296158
v 0.106401 0.076847 -0.327184
v 0.106401 0.075137 -0.326580
v 0.155218 0.126349 -0.292445
v 0.156586 0.125614 -0.294388
v 0.155218 0.125614 -0.294388
v 0.156586 0.126349 -0.292445
v 0.106401 0.126349 -0.292445
v 0.107770 0.125614 -0.294388
v 0.106401 0.125614 -0.294388
v 0.107770 0.126349 -0.292445
v 0.101765 0.124210 -0.294504
v 0.160907 0.126219 -0.296519
v 0.160906 0.124205 -0.294504
v 0.101765 0.126225 -0.296519
v 0.160907 0.128234 -0.294504
v 0.101766 0.128239 -0.294504
v 0.160907 0.126219 -0.292490
v 0.101765 0.126225 -0.292490
v 0.160906 0.124205 -0.294504
v 0.101765 0.124210 -0.294504
v 0.160907 0.128234 -0.294504
v 0.160906 0.124205 -0.294504
v 0.160907 0.126219 -0.296519
v 0.160907 0.126219 -0.292490
v 0.101765 0.126225 -0.296519
v 0.101765 0.126225 -0.292490
v 0.101766 0.128239 -0.294504
v 0.101765 0.124210 -0.294504
v 0.181292 0.109068 -0.293281
v 0.153955 0.105889 -0.296400
v 0.153955 0.109068 -0.293281
v 0.181294 0.074537 -0.327164
v 0.132114 0.105889 -0.296400
v 0.102504 0.074536 -0.327165
v 0.153955 0.104478 -0.294962
v 0.181292 0.107657 -0.291843
v 0.153955 0.107657 -0.291843
v 0.181294 0.071642 -0.327137
v 0.132114 0.104478 -0.294962
v 0.102504 0.071641 -0.327137
v 0.153955 0.109068 -0.293281
v 0.181292 0.107657 -0.291843
v 0.181292 0.109068 -0.293281
v 0.153955 0.107657 -0.291843
v 0.181292 0.107657 -0.291843
v 0.181294 0.074537 -0.327164
v 0.181292 0.109068 -0.293281
v 0.181294 0.071642 -0.327137
v 0.153955 0.105889 -0.296400
v 0.153955 0.107657 -0.291843
v 0.153955 0.109068 -0.293281
v 0.153955 0.104478 -0.294962
v 0.181294 0.074537 -0.327164
v 0.102504 0.071641 -0.327137
v 0.102504 0.074536 -0.327165
v 0.181294 0.071642 -0.327137
v 0.132114 0.105889 -0.296400
v 0.153955 0.104478 -0.294962
v 0.153955 0.105889 -0.296400
v 0.132114 0.105889 -0.296400
v 0.132114 0.104478 -0.294962
v 0.153955 0.104478 -0.294962
v 0.102504 0.074536 -0.327165
v 0.102514 0.107657 -0.291843
v 0.102514 0.109068 -0.293281
v 0.102504 0.071641 -0.327137
v 0.102514 0.109068 -0.293281
v 0.132104 0.107657 -0.291843
v 0.132104 0.109068 -0.293281
v 0.102514 0.107657 -0.291843
v 0.132104 0.109068 -0.293281
v 0.132114 0.104478 -0.294962
v 0.132114 0.105889 -0.296400
v 0.132104 0.107657 -0.291843
v 0.102514 0.109068 -0.293281
v 0.132104 0.109068 -0.293281
v 0.102514 0.107657 -0.291843
v 0.132104 0.107657 -0.291843
v 0.000663 0.135885 -0.297324
v -0.004590 0.135243 -0.297245
v -0.006958 0.137476 -0.297519
v -0.002365 0.134715 -0.297180
v -0.012918 0.153075 -0.299434
v -0.013195 0.156077 -0.299803
v -0.006603 0.173137 -0.301898
v -0.002911 0.175441 -0.302181
v 0.001524 0.172805 -0.301857
v 0.012216 0.159009 -0.300163
v 0.010714 0.148949 -0.298928
v 0.013082 0.154327 -0.299588
v 0.001262 0.135025 -0.296351
v -0.002296 0.133289 -0.301036
v 0.001262 0.134665 -0.301205
v -0.002296 0.133649 -0.296182
v -0.002296 0.133289 -0.301036
v -0.005065 0.134306 -0.296263
v -0.005065 0.133946 -0.301117
v -0.002296 0.133649 -0.296182
v -0.007779 0.136865 -0.296577
v -0.007779 0.136505 -0.301431
v 0.011523 0.148359 -0.297989
v 0.011523 0.147999 -0.302842
v -0.013863 0.152789 -0.298532
v -0.013863 0.152428 -0.303386
v -0.014172 0.156142 -0.298944
v -0.014172 0.155782 -0.303798
v -0.007417 0.173623 -0.301091
v -0.007417 0.173263 -0.305944
v 0.014039 0.154164 -0.298701
v 0.014039 0.153804 -0.303555
v 0.013091 0.159375 -0.299341
v 0.013091 0.159015 -0.304195
v 0.002234 0.173384 -0.301061
v 0.002234 0.173023 -0.305915
v -0.003015 0.176361 -0.301427
v -0.003015 0.176001 -0.306280
v -0.002365 0.134285 -0.301158
v 0.001262 0.134665 -0.301205
v -0.002296 0.133289 -0.301036
v 0.000663 0.135456 -0.301302
v -0.005065 0.133946 -0.301117
v -0.002365 0.134285 -0.301158
v -0.002296 0.133289 -0.301036
v -0.004590 0.134814 -0.301223
v -0.007779 0.136505 -0.301431
v -0.006958 0.137046 -0.301497
v -0.013863 0.152428 -0.303386
v -0.012918 0.152645 -0.303413
v -0.013195 0.155648 -0.303781
v -0.014172 0.155782 -0.303798
v -0.007417 0.173263 -0.305944
v -0.013195 0.155648 -0.303781
v -0.006603 0.172707 -0.305876
v -0.002911 0.175011 -0.306159
v -0.003015 0.176001 -0.306280
v 0.002234 0.173023 -0.305915
v -0.002911 0.175011 -0.306159
v 0.001524 0.172376 -0.305835
v 0.012216 0.158579 -0.304141
v 0.013091 0.159015 -0.304195
v 0.014039 0.153804 -0.303555
v 0.012216 0.158579 -0.304141
v 0.013082 0.153898 -0.303566
v 0.011523 0.147999 -0.302842
v 0.010714 0.148519 -0.302906
v -0.002365 0.134285 -0.301158
v 0.000663 0.135885 -0.297324
v 0.000663 0.135456 -0.301302
v -0.002365 0.134715 -0.297180
v -0.004590 0.135243 -0.297245
v -0.002365 0.134285 -0.301158
v -0.004590 0.134814 -0.301223
v -0.002365 0.134715 -0.297180
v -0.006958 0.137476 -0.297519
v -0.006958 0.137046 -0.301497
v -0.012918 0.153075 -0.299434
v -0.012918 0.152645 -0.303413
v -0.013195 0.156077 -0.299803
v -0.013195 0.155648 -0.303781
v -0.006603 0.173137 -0.301898
v -0.006603 0.172707 -0.305876
v -0.002911 0.175441 -0.302181
v -0.002911 0.175011 -0.306159
v 0.001524 0.172376 -0.305835
v 0.001524 0.172805 -0.301857
v 0.012216 0.158579 -0.304141
v 0.012216 0.159009 -0.300163
v 0.013082 0.153898 -0.303566
v 0.013082 0.154327 -0.299588
v 0.010714 0.148519 -0.302906
v 0.010714 0.148949 -0.298928
v 0.013091 0.159375 -0.299341
v 0.011523 0.148359 -0.297989
v 0.014039 0.154164 -0.298701
v 0.001262 0.135025 -0.296351
v 0.002234 0.173384 -0.301061
v -0.003015 0.176361 -0.301427
v -0.007417 0.173623 -0.301091
v -0.014172 0.156142 -0.298944
v -0.013863 0.152789 -0.298532
v -0.007779 0.136865 -0.296577
v -0.002296 0.133649 -0.296182
v -0.005065 0.134306 -0.296263
v -0.096389 0.073001 -0.248295
v -0.108780 0.065653 -0.261022
v -0.108780 0.073001 -0.248295
v -0.096389 0.065653 -0.261022
v -0.108780 0.050053 -0.261022
v -0.096389 0.050053 -0.261022
v -0.108780 0.043608 -0.248295
v -0.096389 0.043608 -0.248295
v -0.096389 0.043608 -0.248295
v -0.108780 0.050957 -0.235568
v -0.108780 0.043608 -0.248295
v -0.096389 0.050957 -0.235568
v -0.108780 0.065653 -0.235568
v -0.096389 0.065653 -0.235568
v -0.108780 0.073001 -0.248295
v -0.096389 0.073001 -0.248295
v -0.108780 0.065653 -0.235568
v -0.108780 0.065653 -0.261022
v -0.108780 0.050053 -0.261022
v -0.108780 0.073001 -0.248295
v -0.108780 0.043608 -0.248295
v -0.108780 0.050957 -0.235568
v 0.127973 0.063639 -0.270053
v 0.108702 0.068973 -0.260815
v 0.127973 0.068973 -0.260815
v 0.108702 0.063639 -0.270053
v 0.127973 0.052971 -0.270053
v 0.108702 0.052971 -0.270053
v 0.127973 0.047637 -0.260815
v 0.108702 0.047637 -0.260815
v 0.127973 0.052971 -0.251576
v 0.108702 0.047637 -0.260815
v 0.127973 0.047637 -0.260815
v 0.108702 0.052971 -0.251576
v 0.127973 0.063639 -0.251576
v 0.108702 0.063639 -0.251576
v 0.127973 0.068973 -0.260815
v 0.108702 0.068973 -0.260815
v -0.016206 0.195762 -0.327963
v -0.020929 0.080442 -0.322575
v -0.020929 0.194153 -0.339239
v -0.016206 0.082063 -0.311269
v -0.032321 0.079746 -0.327431
v -0.032321 0.193511 -0.343732
v -0.044329 0.079746 -0.327431
v -0.044329 0.193511 -0.343732
v -0.055720 0.080442 -0.322575
v -0.055720 0.194153 -0.339239
v -0.060443 0.175378 -0.321793
v -0.061156 0.082461 -0.308484
v -0.060443 0.085422 -0.287837
v -0.060443 0.176869 -0.311463
v -0.060443 0.178360 -0.301134
v -0.016206 0.178360 -0.301134
v -0.016206 0.085422 -0.287837
v -0.017127 0.195790 -0.327767
v -0.021642 0.080543 -0.321871
v -0.017126 0.082064 -0.311257
v -0.021640 0.194254 -0.338533
v -0.032517 0.079887 -0.326448
v -0.032517 0.193650 -0.342759
v -0.044132 0.079887 -0.326448
v -0.044132 0.193650 -0.342759
v -0.055007 0.080543 -0.321871
v -0.055009 0.194254 -0.338533
v -0.017125 0.178360 -0.301134
v -0.017122 0.085422 -0.287837
v -0.016206 0.199168 -0.304111
v -0.017125 0.178360 -0.301134
v -0.016206 0.178360 -0.301134
v -0.017127 0.199168 -0.304111
v -0.017127 0.195790 -0.327767
v -0.016206 0.199168 -0.304111
v -0.016206 0.195762 -0.327963
v -0.017127 0.199168 -0.304111
v -0.021640 0.194254 -0.338533
v -0.020929 0.194153 -0.339239
v -0.016206 0.082063 -0.311269
v -0.021642 0.080543 -0.321871
v -0.020929 0.080442 -0.322575
v -0.017126 0.082064 -0.311257
v -0.032321 0.193511 -0.343732
v -0.032517 0.193650 -0.342759
v -0.032321 0.079746 -0.327431
v -0.032517 0.079887 -0.326448
v -0.044329 0.193511 -0.343732
v -0.044132 0.193650 -0.342759
v -0.044132 0.079887 -0.326448
v -0.044329 0.079746 -0.327431
v -0.055009 0.194254 -0.338533
v -0.055720 0.194153 -0.339239
v -0.055007 0.080543 -0.321871
v -0.055720 0.080442 -0.322575
v -0.061156 0.082461 -0.308484
v -0.060168 0.082463 -0.308472
v -0.060566 0.180549 -0.315134
v -0.059635 0.197254 -0.317523
v -0.060567 0.197250 -0.317547
v -0.059602 0.180551 -0.315116
v -0.060443 0.196210 -0.324833
v -0.059511 0.196213 -0.324810
v -0.060443 0.085422 -0.287837
v -0.059634 0.085422 -0.287837
v -0.060443 0.176869 -0.311463
v -0.059602 0.180551 -0.315116
v -0.059634 0.176869 -0.311463
v -0.016206 0.085422 -0.287837
v -0.017122 0.085422 -0.287837
v -0.041220 0.175160 -0.313823
v -0.042642 0.190995 -0.314615
v -0.041220 0.190794 -0.316022
v -0.042642 0.175361 -0.312416
v -0.042642 0.175361 -0.312416
v -0.041220 0.191196 -0.313208
v -0.042642 0.190995 -0.314615
v -0.041220 0.175563 -0.311009
v -0.041220 0.175563 -0.311009
v -0.039799 0.190995 -0.314615
v -0.041220 0.191196 -0.313208
v -0.039799 0.175361 -0.312416
v -0.039799 0.175361 -0.312416
v -0.041220 0.190794 -0.316022
v -0.039799 0.190995 -0.314615
v -0.041220 0.175160 -0.313823
v -0.032960 0.174813 -0.316238
v -0.034381 0.190647 -0.317030
v -0.032960 0.190446 -0.318437
v -0.034381 0.175014 -0.314831
v -0.034381 0.175014 -0.314831
v -0.032960 0.190848 -0.315623
v -0.034381 0.190647 -0.317030
v -0.032960 0.175215 -0.313425
v -0.032960 0.175215 -0.313425
v -0.031539 0.190647 -0.317030
v -0.032960 0.190848 -0.315623
v -0.031539 0.175014 -0.314831
v -0.031539 0.175014 -0.314831
v -0.032960 0.190446 -0.318437
v -0.031539 0.190647 -0.317030
v -0.032960 0.174813 -0.316238
v -0.032961 0.173579 -0.324829
v -0.034382 0.189410 -0.325620
v -0.032961 0.189209 -0.327027
v -0.034382 0.173780 -0.323422
v -0.034382 0.173780 -0.323422
v -0.032961 0.189611 -0.324213
v -0.034382 0.189410 -0.325620
v -0.032961 0.173981 -0.322015
v -0.032961 0.173981 -0.322015
v -0.031540 0.189410 -0.325620
v -0.032961 0.189611 -0.324213
v -0.031540 0.173780 -0.323422
v -0.031540 0.173780 -0.323422
v -0.032961 0.189209 -0.327027
v -0.031540 0.189410 -0.325620
v -0.032961 0.173579 -0.324829
v -0.047514 0.189981 -0.321660
v -0.046093 0.174148 -0.320868
v -0.047514 0.174349 -0.319461
v -0.046093 0.189780 -0.323067
v -0.046093 0.190182 -0.320253
v -0.047514 0.174349 -0.319461
v -0.046093 0.174550 -0.318054
v -0.047514 0.189981 -0.321660
v -0.044672 0.189981 -0.321660
v -0.046093 0.174550 -0.318054
v -0.044672 0.174349 -0.319461
v -0.046093 0.190182 -0.320253
v -0.046093 0.189780 -0.323067
v -0.044672 0.174349 -0.319461
v -0.046093 0.174148 -0.320868
v -0.044672 0.189981 -0.321660
v -0.041017 0.173290 -0.326836
v -0.042438 0.189121 -0.327628
v -0.041017 0.188920 -0.329034
v -0.042438 0.173491 -0.325429
v -0.042438 0.173491 -0.325429
v -0.041017 0.189322 -0.326221
v -0.042438 0.189121 -0.327628
v -0.041017 0.173692 -0.324023
v -0.041017 0.173692 -0.324023
v -0.039596 0.189121 -0.327628
v -0.041017 0.189322 -0.326221
v -0.039596 0.173491 -0.325429
v -0.039596 0.173491 -0.325429
v -0.041017 0.188920 -0.329034
v -0.039596 0.189121 -0.327628
v -0.041017 0.173290 -0.326836
v -0.023280 0.191135 -0.320913
v -0.039359 0.189057 -0.335460
v -0.049750 0.189666 -0.331199
v -0.027584 0.189666 -0.331199
v -0.049750 0.192603 -0.310629
v -0.054053 0.191135 -0.320913
v -0.023280 0.191135 -0.320913
v -0.039359 0.193211 -0.306376
v -0.027584 0.192603 -0.310629
v -0.023280 0.188950 -0.320568
v -0.027584 0.192603 -0.310629
v -0.027584 0.190416 -0.310283
v -0.023280 0.191135 -0.320913
v -0.039359 0.193211 -0.306376
v -0.039359 0.191023 -0.306030
v -0.049750 0.190416 -0.310283
v -0.049750 0.192603 -0.310629
v -0.054053 0.188950 -0.320568
v -0.054053 0.191135 -0.320913
v -0.049750 0.187479 -0.330853
v -0.049750 0.189666 -0.331199
v -0.039359 0.186869 -0.335115
v -0.039359 0.189057 -0.335460
v -0.039359 0.186869 -0.335115
v -0.027584 0.189666 -0.331199
v -0.027584 0.187479 -0.330853
v -0.023280 0.188950 -0.320568
v -0.039359 0.191023 -0.306030
v -0.049750 0.190416 -0.310283
v -0.027584 0.190416 -0.310283
v -0.049750 0.187479 -0.330853
v -0.054053 0.188950 -0.320568
v -0.039359 0.186869 -0.335115
v -0.027584 0.187479 -0.330853
v -0.053858 0.136053 -0.298894
v -0.066323 0.094179 -0.292768
v -0.066323 0.136053 -0.298894
v -0.053858 0.094179 -0.292768
v -0.009906 0.136055 -0.298894
v -0.022792 0.094178 -0.292768
v -0.022792 0.136056 -0.298894
v -0.009906 0.094178 -0.292768
v -0.053858 0.136053 -0.298894
v -0.066323 0.136569 -0.295155
v -0.053858 0.136569 -0.295155
v -0.066323 0.136053 -0.298894
v -0.066323 0.094179 -0.292768
v -0.066323 0.136569 -0.295155
v -0.066323 0.136053 -0.298894
v -0.066323 0.094672 -0.289160
v -0.066323 0.094179 -0.292768
v -0.053858 0.094672 -0.289160
v -0.066323 0.094672 -0.289160
v -0.053858 0.094179 -0.292768
v -0.022792 0.094178 -0.292768
v -0.009906 0.094672 -0.289161
v -0.022792 0.094672 -0.289161
v -0.009906 0.094178 -0.292768
v -0.009906 0.094178 -0.292768
v -0.009906 0.136573 -0.295156
v -0.009906 0.094672 -0.289161
v -0.009906 0.136055 -0.298894
v -0.009906 0.136055 -0.298894
v -0.022792 0.136574 -0.295156
v -0.009906 0.136573 -0.295156
v -0.022792 0.136056 -0.298894
v -0.060093 0.171828 -0.300207
v -0.064848 0.085406 -0.287842
v -0.064848 0.171828 -0.300207
v -0.060093 0.085406 -0.287842
v -0.064848 0.172026 -0.298814
v -0.060093 0.171828 -0.300207
v -0.064848 0.171828 -0.300207
v -0.060083 0.172028 -0.298815
v -0.060093 0.085406 -0.287842
v -0.064848 0.085605 -0.286450
v -0.064848 0.085406 -0.287842
v -0.060083 0.085605 -0.286450
v -0.064848 0.085406 -0.287842
v -0.064848 0.172026 -0.298814
v -0.064848 0.171828 -0.300207
v -0.064848 0.085605 -0.286450
v -0.060566 0.180549 -0.315134
v -0.060443 0.196210 -0.324833
v -0.060567 0.197250 -0.317547
v -0.059511 0.196213 -0.324810
v -0.059602 0.180551 -0.315116
v -0.059634 0.175378 -0.321793
v -0.059635 0.197254 -0.317523
v -0.060567 0.197250 -0.317547
v -0.059635 0.197254 -0.317523
v -0.060443 0.178360 -0.301134
v -0.059634 0.176869 -0.311463
v -0.060443 0.176869 -0.311463
v -0.059634 0.178360 -0.301134
v -0.051487 0.177886 -0.312783
v -0.038114 0.088341 -0.292177
v -0.038114 0.178979 -0.305140
v -0.051487 0.087248 -0.299820
v -0.051487 0.175699 -0.328069
v -0.051487 0.085062 -0.315106
v -0.038114 0.174606 -0.335712
v -0.038114 0.083969 -0.322749
v -0.024742 0.175699 -0.328069
v -0.038114 0.083969 -0.322749
v -0.038114 0.174606 -0.335712
v -0.024742 0.085062 -0.315106
v -0.024742 0.177886 -0.312783
v -0.024742 0.087248 -0.299820
v -0.038114 0.178979 -0.305140
v -0.038114 0.088341 -0.292177
v -0.051487 0.175699 -0.328069
v -0.024742 0.175699 -0.328069
v -0.038114 0.174606 -0.335712
v -0.024742 0.177886 -0.312783
v -0.038114 0.178979 -0.305140
v -0.051487 0.177886 -0.312783
v -0.038114 0.083969 -0.322749
v -0.051487 0.087248 -0.299820
v -0.051487 0.085062 -0.315106
v -0.038114 0.088341 -0.292177
v -0.024742 0.087248 -0.299820
v -0.024742 0.085062 -0.315106
v -0.026982 0.101654 -0.326290
v -0.019524 0.127623 -0.318907
v -0.019524 0.096661 -0.314378
v -0.026982 0.119495 -0.328910
v -0.038114 0.102868 -0.327978
v -0.038114 0.117858 -0.330179
v -0.056705 0.096787 -0.314397
v -0.049247 0.119495 -0.328910
v -0.049247 0.101654 -0.326290
v -0.056705 0.127623 -0.318907
v -0.058242 0.132588 -0.293223
v -0.058242 0.094903 -0.287710
v -0.019228 0.132607 -0.293089
v -0.019119 0.094919 -0.287595
v -0.019119 0.094919 -0.287595
v -0.055761 0.092764 -0.308143
v -0.021004 0.092764 -0.308143
v -0.058242 0.094903 -0.287710
v -0.045899 0.125268 -0.325590
v -0.030330 0.125268 -0.325590
v -0.038114 0.122547 -0.328512
v -0.024002 0.132262 -0.318642
v -0.052259 0.132277 -0.318598
v -0.052859 0.136779 -0.293817
v -0.030333 0.097044 -0.321452
v -0.019524 0.096661 -0.314378
v -0.026982 0.101654 -0.326290
v -0.019524 0.127623 -0.318907
v -0.026982 0.119495 -0.328910
v -0.038114 0.098836 -0.325032
v -0.038114 0.102868 -0.327978
v -0.049247 0.119495 -0.328910
v -0.038114 0.117858 -0.330179
v -0.045896 0.097044 -0.321452
v -0.056705 0.096787 -0.314397
v -0.049247 0.101654 -0.326290
v -0.056705 0.127623 -0.318907
v -0.058242 0.132588 -0.293223
v -0.019228 0.132607 -0.293089
v -0.024625 0.136793 -0.293720
v -0.038114 0.117858 -0.330179
v -0.038114 0.102868 -0.327978
v -0.016606 0.085406 -0.287842
v -0.011801 0.171828 -0.300207
v -0.011801 0.085406 -0.287842
v -0.016606 0.171829 -0.300207
v -0.011801 0.085605 -0.286450
v -0.016606 0.085406 -0.287842
v -0.011801 0.085406 -0.287842
v -0.016612 0.085605 -0.286450
v -0.016606 0.171829 -0.300207
v -0.011801 0.172027 -0.298814
v -0.011801 0.171828 -0.300207
v -0.016614 0.172031 -0.298815
v -0.011801 0.171828 -0.300207
v -0.011801 0.085605 -0.286450
v -0.011801 0.085406 -0.287842
v -0.011801 0.172027 -0.298814
v -0.060168 0.082463 -0.308472
v -0.059634 0.176869 -0.311463
v -0.059634 0.085422 -0.287837
v -0.059634 0.178360 -0.301134
v 0.020928 0.080442 -0.322575
v 0.016206 0.195762 -0.327963
v 0.020928 0.194153 -0.339239
v 0.016206 0.082063 -0.311269
v 0.032320 0.079746 -0.327431
v 0.032320 0.193511 -0.343732
v 0.044328 0.079746 -0.327431
v 0.044328 0.193511 -0.343732
v 0.055720 0.080442 -0.322575
v 0.055720 0.194153 -0.339239
v 0.060442 0.175378 -0.321793
v 0.061155 0.082461 -0.308484
v 0.060442 0.085422 -0.286611
v 0.060442 0.176869 -0.311463
v 0.060442 0.178360 -0.301134
v 0.016206 0.178360 -0.301134
v 0.016206 0.085422 -0.287837
v 0.021642 0.080543 -0.321871
v 0.017126 0.195790 -0.327767
v 0.017126 0.082064 -0.311257
v 0.021640 0.194254 -0.338533
v 0.032517 0.079887 -0.326448
v 0.032516 0.193650 -0.342760
v 0.044131 0.079887 -0.326448
v 0.044132 0.193650 -0.342760
v 0.055006 0.080543 -0.321871
v 0.055008 0.194254 -0.338533
v 0.017124 0.178360 -0.301134
v 0.017121 0.085422 -0.287837
v 0.017124 0.178360 -0.301134
v 0.016206 0.199168 -0.304111
v 0.016206 0.178360 -0.301134
v 0.017126 0.199168 -0.304111
v 0.017126 0.195790 -0.327767
v 0.016206 0.199168 -0.304111
v 0.017126 0.199168 -0.304111
v 0.016206 0.195762 -0.327963
v 0.021640 0.194254 -0.338533
v 0.020928 0.194153 -0.339239
v 0.021642 0.080543 -0.321871
v 0.016206 0.082063 -0.311269
v 0.020928 0.080442 -0.322575
v 0.017126 0.082064 -0.311257
v 0.032320 0.193511 -0.343732
v 0.032516 0.193650 -0.342760
v 0.032320 0.079746 -0.327431
v 0.032517 0.079887 -0.326448
v 0.044328 0.193511 -0.343732
v 0.044132 0.193650 -0.342760
v 0.044131 0.079887 -0.326448
v 0.044328 0.079746 -0.327431
v 0.055008 0.194254 -0.338533
v 0.055720 0.194153 -0.339239
v 0.055006 0.080543 -0.321871
v 0.055720 0.080442 -0.322575
v 0.061155 0.082461 -0.308484
v 0.060168 0.082463 -0.308472
v 0.059634 0.197254 -0.317524
v 0.060566 0.180549 -0.315134
v 0.060566 0.197250 -0.317547
v 0.059601 0.180551 -0.315116
v 0.060442 0.196210 -0.324833
v 0.059511 0.196213 -0.324810
v 0.060442 0.085422 -0.286611
v 0.059634 0.085422 -0.286611
v 0.059601 0.180551 -0.315116
v 0.060442 0.176869 -0.311463
v 0.059634 0.176869 -0.311463
v 0.016206 0.085422 -0.287837
v 0.017121 0.085422 -0.287837
v 0.042641 0.190995 -0.314615
v 0.041220 0.175160 -0.313823
v 0.041220 0.190794 -0.316022
v 0.042641 0.175361 -0.312416
v 0.041220 0.191196 -0.313208
v 0.042641 0.175361 -0.312416
v 0.042641 0.190995 -0.314615
v 0.041220 0.175563 -0.311010
v 0.039799 0.190995 -0.314615
v 0.041220 0.175563 -0.311010
v 0.041220 0.191196 -0.313208
v 0.039799 0.175361 -0.312416
v 0.041220 0.190794 -0.316022
v 0.039799 0.175361 -0.312416
v 0.039799 0.190995 -0.314615
v 0.041220 0.175160 -0.313823
v 0.034380 0.190647 -0.317030
v 0.032959 0.174813 -0.316238
v 0.032959 0.190446 -0.318437
v 0.034380 0.175014 -0.314832
v 0.032959 0.190848 -0.315623
v 0.034380 0.175014 -0.314832
v 0.034380 0.190647 -0.317030
v 0.032959 0.175215 -0.313425
v 0.031538 0.190647 -0.317030
v 0.032959 0.175215 -0.313425
v 0.032959 0.190848 -0.315623
v 0.031538 0.175014 -0.314832
v 0.032959 0.190446 -0.318437
v 0.031538 0.175014 -0.314832
v 0.031538 0.190647 -0.317030
v 0.032959 0.174813 -0.316238
v 0.034381 0.189410 -0.325620
v 0.032960 0.173579 -0.324829
v 0.032960 0.189209 -0.327027
v 0.034381 0.173780 -0.323422
v 0.032960 0.189611 -0.324214
v 0.034381 0.173780 -0.323422
v 0.034381 0.189410 -0.325620
v 0.032960 0.173981 -0.322015
v 0.031539 0.189410 -0.325620
v 0.032960 0.173981 -0.322015
v 0.032960 0.189611 -0.324214
v 0.031539 0.173780 -0.323422
v 0.032960 0.189209 -0.327027
v 0.031539 0.173780 -0.323422
v 0.031539 0.189410 -0.325620
v 0.032960 0.173579 -0.324829
v 0.046092 0.174148 -0.320868
v 0.047514 0.189981 -0.321660
v 0.047514 0.174349 -0.319461
v 0.046092 0.189780 -0.323067
v 0.047514 0.174349 -0.319461
v 0.046092 0.190182 -0.320253
v 0.046092 0.174550 -0.318055
v 0.047514 0.189981 -0.321660
v 0.046092 0.174550 -0.318055
v 0.044671 0.189981 -0.321660
v 0.044671 0.174349 -0.319461
v 0.046092 0.190182 -0.320253
v 0.044671 0.174349 -0.319461
v 0.046092 0.189780 -0.323067
v 0.046092 0.174148 -0.320868
v 0.044671 0.189981 -0.321660
v 0.042438 0.189121 -0.327628
v 0.041017 0.173290 -0.326836
v 0.041017 0.188920 -0.329035
v 0.042438 0.173491 -0.325430
v 0.041017 0.189322 -0.326221
v 0.042438 0.173491 -0.325430
v 0.042438 0.189121 -0.327628
v 0.041017 0.173692 -0.324023
v 0.039595 0.189121 -0.327628
v 0.041017 0.173692 -0.324023
v 0.041017 0.189322 -0.326221
v 0.039595 0.173491 -0.325430
v 0.041017 0.188920 -0.329035
v 0.039595 0.173491 -0.325430
v 0.039595 0.189121 -0.327628
v 0.041017 0.173290 -0.326836
v 0.023280 0.191135 -0.320913
v 0.039358 0.193211 -0.306376
v 0.049749 0.192603 -0.310629
v 0.027584 0.192603 -0.310629
v 0.049749 0.189666 -0.331199
v 0.054053 0.191135 -0.320913
v 0.023280 0.191135 -0.320913
v 0.039358 0.189057 -0.335460
v 0.027584 0.189666 -0.331199
v 0.023280 0.188950 -0.320568
v 0.027584 0.192603 -0.310629
v 0.023280 0.191135 -0.320913
v 0.027584 0.190416 -0.310283
v 0.039358 0.193211 -0.306376
v 0.039358 0.191023 -0.306030
v 0.049749 0.190416 -0.310283
v 0.049749 0.192603 -0.310629
v 0.054053 0.188950 -0.320568
v 0.054053 0.191135 -0.320913
v 0.049749 0.187479 -0.330854
v 0.049749 0.189666 -0.331199
v 0.039358 0.186869 -0.335115
v 0.039358 0.189057 -0.335460
v 0.039358 0.186869 -0.335115
v 0.027584 0.189666 -0.331199
v 0.027584 0.187479 -0.330853
v 0.023280 0.188950 -0.320568
v 0.039358 0.186869 -0.335115
v 0.049749 0.187479 -0.330854
v 0.027584 0.187479 -0.330853
v 0.049749 0.190416 -0.310283
v 0.054053 0.188950 -0.320568
v 0.039358 0.191023 -0.306030
v 0.027584 0.190416 -0.310283
v 0.066322 0.094179 -0.291542
v 0.053857 0.136053 -0.298894
v 0.066322 0.136053 -0.298894
v 0.053857 0.094179 -0.292768
v 0.022791 0.094178 -0.292768
v 0.009906 0.136055 -0.298894
v 0.022791 0.136056 -0.298894
v 0.009906 0.094178 -0.292768
v 0.066322 0.136569 -0.295155
v 0.053857 0.136053 -0.298894
v 0.053857 0.136569 -0.295155
v 0.066322 0.136053 -0.298894
v 0.066322 0.094179 -0.291542
v 0.066322 0.136569 -0.295155
v 0.066322 0.094672 -0.287934
v 0.066322 0.136053 -0.298894
v 0.053857 0.094672 -0.289161
v 0.066322 0.094179 -0.291542
v 0.066322 0.094672 -0.287934
v 0.053857 0.094179 -0.292768
v 0.009906 0.094672 -0.289161
v 0.022791 0.094178 -0.292768
v 0.022791 0.094672 -0.289161
v 0.009906 0.094178 -0.292768
v 0.009906 0.136573 -0.295156
v 0.009906 0.094178 -0.292768
v 0.009906 0.094672 -0.289161
v 0.009906 0.136055 -0.298894
v 0.022791 0.136574 -0.295156
v 0.009906 0.136055 -0.298894
v 0.009906 0.136573 -0.295156
v 0.022791 0.136056 -0.298894
v 0.064847 0.085406 -0.286616
v 0.060093 0.171828 -0.300207
v 0.064847 0.171828 -0.300207
v 0.060093 0.085406 -0.286616
v 0.064847 0.172026 -0.298814
v 0.060093 0.171828 -0.300207
v 0.060082 0.172028 -0.298815
v 0.064847 0.171828 -0.300207
v 0.064847 0.085605 -0.285224
v 0.060093 0.085406 -0.286616
v 0.064847 0.085406 -0.286616
v 0.060082 0.085605 -0.286450
v 0.064847 0.172026 -0.298814
v 0.064847 0.085406 -0.286616
v 0.064847 0.171828 -0.300207
v 0.064847 0.085605 -0.285224
v 0.060566 0.180549 -0.315134
v 0.060442 0.196210 -0.324833
v 0.060566 0.197250 -0.317547
v 0.059601 0.180551 -0.315116
v 0.059511 0.196213 -0.324810
v 0.059633 0.175378 -0.321793
v 0.059634 0.197254 -0.317524
v 0.060566 0.197250 -0.317547
v 0.059634 0.197254 -0.317524
v 0.059634 0.176869 -0.311463
v 0.060442 0.178360 -0.301134
v 0.060442 0.176869 -0.311463
v 0.059634 0.178360 -0.301134
v 0.038114 0.088341 -0.292177
v 0.051486 0.177886 -0.312783
v 0.038114 0.178979 -0.305140
v 0.051486 0.087248 -0.298594
v 0.051486 0.175699 -0.328069
v 0.051486 0.085062 -0.315106
v 0.038114 0.174606 -0.335712
v 0.038114 0.083969 -0.322749
v 0.038114 0.083969 -0.322749
v 0.024741 0.175699 -0.328069
v 0.038114 0.174606 -0.335712
v 0.024741 0.085062 -0.315106
v 0.024741 0.177886 -0.312783
v 0.024741 0.087248 -0.299820
v 0.038114 0.178979 -0.305140
v 0.038114 0.088341 -0.292177
v 0.051486 0.175699 -0.328069
v 0.038114 0.178979 -0.305140
v 0.051486 0.177886 -0.312783
v 0.024741 0.177886 -0.312783
v 0.024741 0.175699 -0.328069
v 0.038114 0.174606 -0.335712
v 0.038114 0.083969 -0.322749
v 0.024741 0.087248 -0.299820
v 0.024741 0.085062 -0.315106
v 0.038114 0.088341 -0.292177
v 0.051486 0.085062 -0.315106
v 0.051486 0.087248 -0.298594
v 0.019523 0.127623 -0.318907
v 0.026981 0.101654 -0.326290
v 0.019523 0.096661 -0.314378
v 0.026981 0.118572 -0.328910
v 0.038114 0.102868 -0.327978
v 0.038114 0.117858 -0.330179
v 0.049246 0.119495 -0.328910
v 0.056704 0.096787 -0.314397
v 0.049246 0.101654 -0.326290
v 0.056704 0.127623 -0.318907
v 0.058241 0.132588 -0.293223
v 0.058241 0.094903 -0.287710
v 0.019227 0.132607 -0.293089
v 0.019118 0.094919 -0.287595
v 0.019118 0.094919 -0.287595
v 0.055760 0.092764 -0.308143
v 0.058241 0.094903 -0.287710
v 0.021003 0.092764 -0.308143
v 0.052258 0.132277 -0.318598
v 0.024624 0.136793 -0.293720
v 0.052858 0.136779 -0.293817
v 0.024001 0.132262 -0.318642
v 0.045899 0.125268 -0.325590
v 0.038114 0.122547 -0.328512
v 0.030332 0.097044 -0.321452
v 0.019523 0.096661 -0.314378
v 0.026981 0.101654 -0.326290
v 0.019523 0.127623 -0.318907
v 0.030329 0.124345 -0.325590
v 0.026981 0.118572 -0.328910
v 0.038114 0.098836 -0.325033
v 0.038114 0.102868 -0.327978
v 0.049246 0.119495 -0.328910
v 0.038114 0.117858 -0.330179
v 0.056704 0.096787 -0.314397
v 0.045896 0.097044 -0.321452
v 0.049246 0.101654 -0.326290
v 0.056704 0.127623 -0.318907
v 0.058241 0.132588 -0.293223
v 0.019227 0.132607 -0.293089
v 0.038114 0.117858 -0.330179
v 0.038114 0.102868 -0.327978
v 0.011801 0.171828 -0.300207
v 0.016605 0.085406 -0.287843
v 0.011801 0.085406 -0.287843
v 0.016605 0.171829 -0.300207
v 0.011801 0.085605 -0.286450
v 0.016605 0.085406 -0.287843
v 0.016612 0.085605 -0.286450
v 0.011801 0.085406 -0.287843
v 0.011801 0.172027 -0.298814
v 0.016605 0.171829 -0.300207
v 0.011801 0.171828 -0.300207
v 0.016613 0.172031 -0.298815
v 0.011801 0.085605 -0.286450
v 0.011801 0.171828 -0.300207
v 0.011801 0.085406 -0.287843
v 0.011801 0.172027 -0.298814
v 0.060168 0.082463 -0.308472
v 0.059634 0.176869 -0.311463
v 0.059634 0.085422 -0.286611
v 0.059634 0.178360 -0.301134
v -0.161242 0.130779 0.213653
v -0.185952 0.132129 0.213538
v -0.185952 0.130779 0.213654
v -0.163093 0.148758 0.212145
v -0.185949 0.106902 -0.289660
v -0.163093 0.148758 0.212145
v -0.163094 0.123884 -0.290971
v -0.185952 0.132129 0.213538
v -0.163094 0.123884 -0.290971
v -0.163086 0.152833 0.211782
v -0.163086 0.127910 -0.291281
v -0.163093 0.148758 0.212145
v -0.161242 0.127910 -0.291281
v -0.163086 0.152833 0.211782
v -0.161242 0.152829 0.211782
v -0.163086 0.127910 -0.291281
v -0.161242 0.127910 -0.291281
v -0.163094 0.123884 -0.290971
v -0.163086 0.127910 -0.291281
v -0.161242 0.105424 -0.289546
v -0.185949 0.106902 -0.289660
v -0.185952 0.130779 0.213654
v -0.185952 0.132129 0.213538
v -0.185953 0.105424 -0.289546
v -0.161242 0.130779 0.213653
v -0.185953 0.105424 -0.289546
v -0.161242 0.105424 -0.289546
v -0.185952 0.130779 0.213654
v -0.161242 0.152829 0.211782
v -0.163086 0.152833 0.211782
v -0.185949 0.106902 -0.289660
v -0.185953 0.105424 -0.289546
v 0.185953 0.132129 0.213538
v 0.161242 0.130779 0.213653
v 0.185953 0.130779 0.213653
v 0.163094 0.148758 0.212145
v 0.185948 0.106902 -0.289660
v 0.163094 0.148758 0.212145
v 0.185953 0.132129 0.213538
v 0.163093 0.123884 -0.290972
v 0.163093 0.123884 -0.290972
v 0.163086 0.152833 0.211781
v 0.163094 0.148758 0.212145
v 0.163086 0.127910 -0.291281
v 0.163086 0.152833 0.211781
v 0.161242 0.127910 -0.291281
v 0.161242 0.152829 0.211781
v 0.163086 0.127910 -0.291281
v 0.163093 0.123884 -0.290972
v 0.161242 0.127910 -0.291281
v 0.163086 0.127910 -0.291281
v 0.161242 0.105424 -0.289546
v 0.185953 0.130779 0.213653
v 0.185948 0.106902 -0.289660
v 0.185953 0.132129 0.213538
v 0.185952 0.105424 -0.289546
v 0.185952 0.105424 -0.289546
v 0.161242 0.130779 0.213653
v 0.161242 0.105424 -0.289546
v 0.185953 0.130779 0.213653
v 0.161242 0.152829 0.211781
v 0.163086 0.152833 0.211781
v 0.185948 0.106902 -0.289660
v 0.185952 0.105424 -0.289546
v 0.090950 0.094367 0.297107
v 0.096644 0.098258 0.294878
v 0.090950 0.098258 0.294878
v 0.096644 0.094367 0.297107
v 0.161243 0.178441 0.207198
v 0.120140 0.183936 0.201811
v 0.120140 0.183935 0.206182
v 0.161243 0.178454 0.198403
v 0.161242 0.179590 -0.299880
v 0.152541 0.184754 -0.294425
v 0.161242 0.179565 -0.293460
v 0.152541 0.184280 -0.300652
v 0.090950 0.055332 -0.280924
v -0.090950 0.105424 -0.289546
v 0.090950 0.105424 -0.289546
v -0.090950 0.055332 -0.280924
v 0.096643 0.105424 -0.289546
v 0.152541 0.184280 -0.300652
v 0.161242 0.179590 -0.299880
v 0.090950 0.089150 -0.298770
v 0.096643 0.088630 -0.290146
v 0.090950 0.088630 -0.290146
v 0.096643 0.089150 -0.298770
v 0.096644 0.124991 0.292220
v 0.096644 0.106421 0.287907
v 0.096644 0.137724 0.228912
v 0.096644 0.123026 0.293532
v 0.096644 0.101075 0.289483
v 0.096644 0.131533 0.228912
v 0.096644 0.078927 0.282254
v 0.090950 0.124991 0.292220
v 0.096644 0.123026 0.293532
v 0.096644 0.124991 0.292220
v 0.090950 0.123026 0.293532
v 0.090950 0.106421 0.287907
v 0.090950 0.064051 0.268632
v 0.090952 0.072007 0.278046
v 0.090950 0.124991 0.292220
v 0.090950 0.078927 0.282254
v 0.090950 0.101075 0.289483
v 0.090950 0.078927 0.282254
v 0.096644 0.078938 0.293240
v 0.090950 0.078938 0.293240
v 0.096644 0.078927 0.282254
v 0.096644 0.081361 0.296491
v 0.090950 0.081361 0.296491
v 0.090950 0.106421 0.287907
v 0.096644 0.106421 0.287907
v 0.090950 0.101075 0.289483
v 0.096644 0.101075 0.289483
v 0.096644 0.101075 0.289483
v 0.090950 0.101075 0.289483
v 0.090952 0.072007 0.278046
v 0.096644 0.078927 0.282254
v 0.090950 0.078927 0.282254
v 0.096644 0.072007 0.278046
v 0.090951 0.042785 0.228912
v 0.096644 0.038361 0.241311
v 0.090953 0.038361 0.241311
v 0.096644 0.042785 0.228912
v 0.096644 0.039889 0.256747
v 0.090953 0.039889 0.256747
v 0.096644 0.047364 0.267829
v 0.090953 0.047364 0.267829
v 0.090953 0.058445 0.275304
v 0.096644 0.058445 0.275304
v 0.090950 0.088630 -0.290146
v 0.096643 0.060083 -0.283990
v 0.090950 0.060083 -0.283990
v 0.096643 0.088630 -0.290146
v 0.096643 0.105424 -0.289546
v 0.090950 0.104929 -0.298633
v 0.090950 0.105424 -0.289546
v 0.096643 0.104929 -0.298633
v 0.096643 0.105424 -0.289546
v 0.096643 0.089150 -0.298770
v 0.096643 0.090568 -0.301050
v 0.096643 0.088630 -0.290146
v 0.096643 0.103275 -0.300711
v 0.096643 0.104929 -0.298633
v 0.096644 0.137724 0.228912
v 0.161243 0.131533 0.228912
v 0.161243 0.137724 0.228912
v 0.096644 0.131533 0.228912
v 0.096644 0.131533 0.228912
v 0.161242 0.105424 -0.289546
v 0.161243 0.131533 0.228912
v 0.096643 0.105424 -0.289546
v 0.096643 0.042785 -0.270331
v 0.096644 0.042785 0.228912
v 0.096643 0.103275 -0.300711
v 0.090950 0.103275 -0.300711
v 0.096643 0.090568 -0.301050
v 0.090950 0.090568 -0.301050
v 0.096643 0.055332 -0.280924
v 0.090950 0.055332 -0.280924
v 0.090950 0.088630 -0.290146
v 0.090950 0.055332 -0.280924
v 0.090950 0.105424 -0.289546
v 0.090950 0.060083 -0.283990
v 0.096643 0.042785 -0.270331
v -0.090950 0.055332 -0.280924
v 0.090950 0.055332 -0.280924
v -0.096644 0.042785 -0.270331
v 0.152541 0.184754 -0.294425
v -0.161242 0.179565 -0.293460
v 0.161242 0.179565 -0.293460
v -0.152542 0.184754 -0.294425
v -0.152542 0.184754 -0.294425
v -0.152542 0.184280 -0.300652
v -0.096643 0.098258 0.294878
v -0.090949 0.094367 0.297108
v -0.090949 0.098258 0.294878
v -0.096643 0.094367 0.297108
v -0.120139 0.183936 0.201811
v -0.161242 0.178441 0.207198
v -0.120139 0.183935 0.206183
v -0.161242 0.178454 0.198403
v -0.161242 0.179590 -0.299880
v -0.161242 0.179565 -0.293460
v -0.096644 0.088630 -0.290145
v -0.090950 0.089150 -0.298769
v -0.090950 0.088630 -0.290145
v -0.096644 0.089150 -0.298770
v -0.096643 0.106421 0.287908
v -0.096643 0.131533 0.228912
v -0.096643 0.078927 0.282255
v -0.096643 0.137724 0.228912
v -0.096643 0.081361 0.296491
v -0.096643 0.094367 0.297108
v -0.096643 0.078938 0.293240
v -0.096643 0.098258 0.294878
v -0.096643 0.101075 0.289484
v -0.096643 0.124991 0.292220
v -0.096643 0.123026 0.293532
v -0.096643 0.123026 0.293532
v -0.090949 0.124991 0.292220
v -0.096643 0.124991 0.292220
v -0.090949 0.123026 0.293532
v -0.090949 0.124991 0.292220
v -0.090949 0.106421 0.287908
v -0.090949 0.064051 0.268632
v -0.090949 0.123026 0.293532
v -0.090949 0.078927 0.282255
v -0.090950 0.072007 0.278046
v -0.090949 0.101075 0.289484
v -0.096643 0.078938 0.293240
v -0.090949 0.078927 0.282255
v -0.090949 0.078938 0.293240
v -0.096643 0.078927 0.282255
v -0.096643 0.081361 0.296491
v -0.090949 0.081361 0.296491
v -0.090949 0.106421 0.287908
v -0.096643 0.106421 0.287908
v -0.090949 0.101075 0.289484
v -0.096643 0.101075 0.289484
v -0.096643 0.101075 0.289484
v -0.090949 0.101075 0.289484
v -0.096643 0.078927 0.282255
v -0.090950 0.072007 0.278046
v -0.090949 0.078927 0.282255
v -0.096643 0.072007 0.278046
v -0.096643 0.038361 0.241311
v -0.090950 0.042785 0.228912
v -0.090951 0.038361 0.241311
v -0.096643 0.042785 0.228912
v -0.096643 0.039889 0.256747
v -0.090951 0.039889 0.256747
v -0.096643 0.047364 0.267829
v -0.090951 0.047364 0.267829
v -0.090951 0.058445 0.275304
v -0.096643 0.058445 0.275304
v -0.096644 0.060083 -0.283990
v -0.090950 0.088630 -0.290145
v -0.090950 0.060083 -0.283990
v -0.096644 0.088630 -0.290145
v -0.090950 0.104929 -0.298632
v -0.096644 0.105424 -0.289546
v -0.090950 0.105424 -0.289546
v -0.096644 0.104929 -0.298632
v -0.096644 0.055332 -0.280924
v -0.096644 0.088630 -0.290145
v -0.096644 0.060083 -0.283990
v -0.096644 0.105424 -0.289546
v -0.161242 0.131533 0.228912
v -0.096643 0.137724 0.228912
v -0.161242 0.137724 0.228912
v -0.096643 0.131533 0.228912
v -0.161242 0.137724 0.228912
v -0.161242 0.105424 -0.289546
v -0.161242 0.131533 0.228912
v -0.161232 0.140726 0.213982
v -0.161242 0.105424 -0.289546
v -0.096643 0.131533 0.228912
v -0.161242 0.131533 0.228912
v -0.096644 0.105424 -0.289546
v -0.096643 0.058686 -0.180880
v -0.096644 0.042785 -0.270331
v -0.096643 0.042785 0.228912
v -0.096644 0.103275 -0.300711
v -0.090950 0.103275 -0.300711
v -0.096644 0.090568 -0.301049
v -0.090950 0.090568 -0.301049
v -0.096644 0.055332 -0.280924
v -0.090950 0.055332 -0.280924
v -0.090950 0.055332 -0.280924
v -0.090950 0.088630 -0.290145
v -0.090950 0.105424 -0.289546
v -0.090950 0.060083 -0.283990
v 0.090951 0.042785 0.228912
v -0.090949 0.064051 0.268632
v -0.090950 0.042785 0.228912
v 0.090950 0.064051 0.268632
v 0.096644 0.137724 0.228912
v -0.161232 0.140726 0.213982
v -0.096643 0.137724 0.228912
v 0.161233 0.140726 0.213981
v 0.161243 0.178454 0.198403
v -0.161242 0.179565 -0.293460
v -0.161242 0.178454 0.198403
v 0.161242 0.179565 -0.293460
v 0.090950 0.124991 0.292220
v -0.090949 0.064051 0.268632
v 0.090950 0.064051 0.268632
v -0.090949 0.124991 0.292220
v -0.096644 0.042785 -0.270331
v 0.096643 0.042785 -0.270331
v -0.090950 0.042785 0.228912
v 0.090951 0.042785 0.228912
v 0.161243 0.178454 0.198403
v -0.120139 0.183936 0.201811
v 0.120140 0.183936 0.201811
v -0.161242 0.178454 0.198403
v -0.090949 0.124991 0.292220
v 0.090950 0.124991 0.292220
v 0.096644 0.078938 0.293240
v 0.096644 0.094367 0.297107
v 0.096644 0.081361 0.296491
v 0.096644 0.098258 0.294878
v 0.096644 0.047364 0.267829
v 0.096644 0.058445 0.275304
v 0.096644 0.039889 0.256747
v 0.096644 0.072007 0.278046
v -0.096643 0.038361 0.241311
v -0.096643 0.072007 0.278046
v -0.096643 0.039889 0.256747
v -0.096643 0.058445 0.275304
v -0.096643 0.047364 0.267829
v 0.090950 0.103275 -0.300711
v 0.090950 0.089150 -0.298770
v 0.090950 0.104929 -0.298633
v 0.090950 0.090568 -0.301050
v -0.090950 0.090568 -0.301049
v -0.090950 0.103275 -0.300711
v -0.090950 0.089150 -0.298769
v -0.090950 0.104929 -0.298632
v -0.096644 0.103275 -0.300711
v -0.096644 0.090568 -0.301049
v -0.096644 0.104929 -0.298632
v -0.096644 0.089150 -0.298770
v 0.096643 0.055332 -0.280924
v 0.096643 0.060083 -0.283990
v -0.152542 0.184280 -0.300652
v -0.096644 0.105424 -0.289546
v -0.161242 0.179590 -0.299880
v -0.161242 0.178454 0.198403
v -0.161242 0.179565 -0.293460
v 0.161242 0.105424 -0.289546
v 0.161243 0.178454 0.198403
v 0.161233 0.140726 0.213981
v 0.161242 0.179565 -0.293460
v 0.161243 0.137724 0.228912
v 0.161243 0.131533 0.228912
v 0.090950 0.081361 0.296491
v 0.090950 0.094367 0.297107
v 0.090950 0.078938 0.293240
v 0.090950 0.098258 0.294878
v -0.090949 0.094367 0.297108
v -0.090949 0.078938 0.293240
v -0.090949 0.098258 0.294878
v -0.090949 0.081361 0.296491
v -0.161232 0.140726 0.213982
v 0.120140 0.183935 0.206182
v -0.120139 0.183935 0.206183
v 0.161233 0.140726 0.213981
v 0.122436 0.182692 0.106734
v 0.129273 0.181068 0.099758
v 0.130154 0.182692 0.095347
v 0.124069 0.181068 0.107423
v -0.056772 0.168812 0.217550
v -0.112302 0.183408 0.143874
v 0.106849 0.183408 0.169413
v 0.005758 0.179577 0.226767
v 0.000000 0.181972 0.226767
v -0.000012 0.173825 0.230473
v 0.005186 0.179005 0.216500
v -0.000012 0.173825 0.213512
v 0.000000 0.181164 0.216500
v 0.008135 0.173812 0.226767
v 0.007327 0.173812 0.216500
v 0.005739 0.168054 0.226767
v 0.005168 0.168626 0.216500
v -0.000025 0.165677 0.226767
v -0.000025 0.166485 0.216500
v -0.005783 0.168073 0.226767
v -0.005211 0.168644 0.216500
v -0.008160 0.173837 0.226767
v -0.007352 0.173837 0.216500
v -0.005764 0.179595 0.226767
v -0.005193 0.179023 0.216500
v 0.034460 0.138878 0.220461
v 0.041194 0.166363 0.217515
v 0.071676 0.169696 0.208213
v 0.030238 0.182373 0.178321
v -0.131094 0.181913 0.190858
v -0.123239 0.181913 0.190973
v -0.131094 0.181913 0.186646
v -0.138327 0.180346 0.174686
v -0.128313 0.180346 0.174686
v -0.132074 0.181987 0.183337
v -0.132074 0.178706 0.183337
v 0.052663 0.178782 0.130445
v 0.040034 0.180884 0.130789
v 0.040034 0.180884 0.130789
v 0.040034 0.180884 0.130789
v 0.040034 0.180884 0.130789
v -0.005807 0.046746 -0.275608
v 0.005806 0.063597 -0.283702
v 0.005258 0.058363 -0.281437
v 0.000126 0.050705 -0.291032
v -0.156587 0.107825 -0.289845
v -0.155218 0.107825 -0.289845
v -0.107770 0.107825 -0.289844
v -0.106402 0.107825 -0.289844
v 0.156586 0.125614 -0.294388
v 0.155218 0.075137 -0.326580
v 0.107770 0.125614 -0.294388
v 0.106401 0.125614 -0.294388
v -0.016206 0.199168 -0.304111
v -0.017127 0.199168 -0.304111
v -0.060443 0.176869 -0.311463
v -0.055761 0.092764 -0.308143
v -0.058242 0.094903 -0.287710
v -0.056705 0.096787 -0.314397
v -0.021004 0.092764 -0.308143
v -0.019524 0.096661 -0.314378
v -0.019119 0.094919 -0.287595
v 0.016206 0.199168 -0.304111
v 0.017126 0.199168 -0.304111
v 0.058241 0.094903 -0.287710
v 0.055760 0.092764 -0.308143
v 0.056704 0.096787 -0.314397
v 0.019523 0.096661 -0.314378
v 0.021003 0.092764 -0.308143
v 0.019118 0.094919 -0.287595
v 0.096643 0.055332 -0.280924
v 0.090950 0.123026 0.293532
v 0.090953 0.038361 0.241311
v 0.090951 0.042785 0.228912
v 0.090953 0.039889 0.256747
v 0.090953 0.047364 0.267829
v 0.090953 0.058445 0.275304
v 0.161243 0.178441 0.207198
v 0.096644 0.124991 0.292220
v -0.096644 0.055332 -0.280924
v -0.090951 0.038361 0.241311
v -0.090950 0.042785 0.228912
v -0.090951 0.039889 0.256747
v -0.090951 0.047364 0.267829
v -0.090951 0.058445 0.275304
v -0.161242 0.178441 0.207198
v -0.096643 0.124991 0.292220
v 0.096644 0.038361 0.241311
v -0.161242 0.105424 -0.289546
v 0.161242 0.105424 -0.289546
v -0.161242 0.179590 -0.299880
v 0.161242 0.179590 -0.299880
v -0.161242 0.178441 0.207198
v -0.096643 0.042785 0.228912
v 0.096644 0.042785 0.228912
v 0.161243 0.178441 0.207198
v 0.161243 0.137724 0.228912
v -0.161242 0.137724 0.228912
v 0.114349 0.178439 0.139002
v 0.114349 0.178439 0.164178
v -0.112163 0.178439 0.164178
v -0.112163 0.178439 0.139002
v 0.042507 0.170826 0.209339
v 0.043043 0.164579 0.218446
v 0.041194 0.166363 0.217515
v 0.040168 0.186781 -0.272058
v 0.043189 0.186781 -0.276833
v 0.040168 0.186781 -0.281607
v 0.029029 0.193014 -0.277146
v 0.012724 0.192438 -0.284064
v 0.009653 0.193014 -0.277146
v 0.025958 0.192438 -0.284064
v 0.019341 0.192170 -0.287123
v -0.148815 0.178993 -0.106509
v -0.145895 0.191642 -0.113346
v -0.148815 0.191643 -0.110427
v -0.141985 0.178993 -0.113339
v -0.141985 0.178993 -0.113339
v -0.148815 0.191642 -0.116266
v -0.145895 0.191642 -0.113346
v -0.148815 0.178993 -0.120168
v -0.151735 0.191642 -0.113346
v -0.148815 0.191642 -0.116266
v -0.155645 0.178993 -0.113339
v -0.148815 0.191643 -0.110427
v -0.151735 0.191642 -0.113346
v -0.148815 0.204723 -0.111339
v -0.146808 0.204723 -0.113346
v -0.146808 0.204723 -0.113346
v -0.148815 0.204723 -0.115353
v -0.148815 0.204723 -0.115353
v -0.150822 0.204723 -0.113346
v -0.150822 0.204723 -0.113346
v -0.148815 0.204723 -0.111339
v -0.148815 0.204723 -0.115353
v -0.148815 0.204723 -0.111339
v -0.146808 0.204723 -0.113346
v -0.150822 0.204723 -0.113346
v 0.047943 0.182822 -0.294831
v -0.047947 0.182822 -0.252712
v 0.047947 0.182822 -0.252712
v -0.047943 0.182822 -0.294831
v 0.053478 0.178465 -0.294228
v 0.053467 0.178465 -0.252712
v -0.053253 0.178465 -0.252712
v 0.047947 0.182822 -0.252712
v -0.047947 0.182822 -0.252712
v 0.053467 0.178465 -0.252712
v -0.053264 0.178465 -0.294227
v -0.053253 0.178465 -0.252712
v 0.030018 0.179150 -0.240139
v 0.044522 0.182599 -0.253084
v 0.032774 0.182638 -0.253084
v 0.047274 0.179150 -0.240139
v -0.047724 0.179150 -0.240139
v -0.033221 0.182599 -0.253084
v -0.044969 0.182638 -0.253084
v -0.030469 0.179150 -0.240139
v -0.025866 0.179150 -0.234955
v -0.022304 0.182551 -0.253077
v -0.025866 0.182589 -0.253077
v -0.022304 0.179150 -0.234955
v -0.044032 0.179150 -0.178321
v -0.063589 0.184047 -0.183039
v -0.063589 0.184085 -0.178321
v -0.044032 0.179150 -0.183039
v 0.044119 0.179150 -0.183039
v 0.063676 0.184047 -0.178321
v 0.063676 0.184085 -0.183039
v 0.044119 0.179150 -0.178321
v 0.047274 0.179150 -0.253084
v 0.030018 0.179150 -0.253084
v -0.030469 0.179150 -0.253084
v -0.047724 0.179150 -0.253084
v -0.022304 0.182551 -0.253077
v -0.022304 0.179150 -0.234955
v -0.022304 0.179150 -0.253077
v -0.025866 0.182589 -0.253077
v -0.025866 0.179150 -0.253077
v -0.025866 0.179150 -0.234955
v -0.063589 0.184047 -0.183039
v -0.044032 0.179150 -0.183039
v -0.063589 0.178631 -0.183039
v -0.063589 0.184085 -0.178321
v -0.063589 0.178631 -0.178321
v -0.044032 0.179150 -0.178321
v 0.063676 0.184047 -0.178321
v 0.044119 0.179150 -0.178321
v 0.063676 0.178631 -0.178321
v 0.063676 0.184085 -0.183039
v 0.063676 0.178631 -0.183039
v 0.044119 0.179150 -0.183039
v -0.112471 0.192921 -0.198676
v -0.102943 0.192923 -0.199055
v -0.109177 0.192923 -0.205672
v -0.105676 0.192921 -0.194552
v -0.105676 0.192921 -0.194552
v -0.102943 0.189261 -0.199055
v -0.102943 0.192923 -0.199055
v -0.105676 0.189259 -0.194552
v -0.112471 0.189259 -0.198676
v -0.102943 0.189261 -0.199055
v -0.105676 0.189259 -0.194552
v -0.109177 0.189261 -0.205672
v -0.105676 0.189259 -0.194552
v -0.112471 0.192921 -0.198676
v -0.112471 0.189259 -0.198676
v -0.105676 0.192921 -0.194552
v -0.109177 0.189261 -0.205672
v -0.102943 0.192923 -0.199055
v -0.102943 0.189261 -0.199055
v -0.109177 0.192923 -0.205672
v -0.075707 0.108210 0.292898
v -0.068280 0.106091 0.303914
v -0.073419 0.106093 0.303910
v -0.064170 0.108206 0.292908
v 0.072484 0.111947 0.294499
v 0.080875 0.106044 0.304035
v 0.083719 0.111943 0.294508
v 0.075220 0.106046 0.304030
v -0.075707 0.108210 0.292898
v -0.073419 0.106093 0.303910
v -0.075707 0.111995 0.294376
v 0.080875 0.106044 0.304035
v 0.083719 0.108158 0.293031
v 0.083719 0.111943 0.294508
v -0.075707 0.111995 0.294376
v -0.068280 0.106091 0.303914
v -0.064721 0.111991 0.294385
v -0.073419 0.106093 0.303910
v -0.063391 0.108206 0.292908
v -0.054318 0.106086 0.303926
v -0.061568 0.106089 0.303920
v -0.051123 0.108202 0.292919
v -0.063146 0.111991 0.294386
v -0.054318 0.106086 0.303926
v -0.051552 0.111987 0.294396
v -0.061568 0.106089 0.303920
v -0.037683 0.108197 0.292930
v -0.047038 0.106084 0.303931
v -0.050069 0.108201 0.292919
v -0.040151 0.106082 0.303937
v -0.038015 0.111982 0.294407
v -0.047038 0.106084 0.303931
v -0.040151 0.106082 0.303937
v -0.049662 0.111986 0.294397
v -0.036799 0.108197 0.292931
v -0.027838 0.106078 0.303947
v -0.033630 0.106080 0.303942
v -0.024271 0.108193 0.292942
v -0.036373 0.111982 0.294408
v -0.027838 0.106078 0.303947
v -0.024057 0.111978 0.294418
v -0.033630 0.106080 0.303942
v -0.011179 0.108189 0.292952
v -0.020009 0.106076 0.303953
v -0.023429 0.108193 0.292942
v -0.013952 0.106074 0.303958
v -0.011551 0.111974 0.294429
v -0.020009 0.106076 0.303953
v -0.013952 0.106074 0.303958
v -0.022970 0.111978 0.294419
v -0.009615 0.108188 0.292953
v -0.000083 0.106069 0.303969
v -0.006574 0.106071 0.303964
v 0.003028 0.108184 0.292964
v -0.009207 0.111973 0.294431
v -0.000083 0.106069 0.303969
v 0.002611 0.111969 0.294441
v -0.006574 0.106071 0.303964
v 0.003916 0.108184 0.292964
v 0.013699 0.106065 0.303980
v 0.007170 0.106067 0.303975
v 0.016993 0.108180 0.292975
v 0.004353 0.111969 0.294442
v 0.013699 0.106065 0.303980
v 0.016551 0.111965 0.294452
v 0.007170 0.106067 0.303975
v 0.018377 0.108179 0.292976
v 0.027733 0.106061 0.303992
v 0.020272 0.106063 0.303986
v 0.030349 0.108175 0.292986
v 0.018631 0.111964 0.294454
v 0.027733 0.106061 0.303992
v 0.029998 0.111960 0.294463
v 0.020272 0.106063 0.303986
v 0.031975 0.108175 0.292988
v 0.041129 0.106056 0.304003
v 0.034010 0.106059 0.303997
v 0.043630 0.108171 0.292998
v 0.032248 0.111960 0.294465
v 0.041129 0.106056 0.304003
v 0.043294 0.111956 0.294475
v 0.034010 0.106059 0.303997
v 0.045230 0.108170 0.292999
v 0.053764 0.106052 0.304013
v 0.047065 0.106054 0.304007
v 0.057018 0.108167 0.293009
v 0.045476 0.111955 0.294476
v 0.053764 0.106052 0.304013
v 0.056582 0.111952 0.294486
v 0.047065 0.106054 0.304007
v 0.059122 0.108166 0.293010
v 0.067781 0.106048 0.304024
v 0.060944 0.106050 0.304019
v 0.071270 0.108162 0.293020
v 0.059366 0.111951 0.294488
v 0.067781 0.106048 0.304024
v 0.070802 0.111947 0.294497
v 0.060944 0.106050 0.304019
v 0.083719 0.108158 0.293031
v 0.075220 0.106046 0.304030
v 0.072060 0.108162 0.293021
v 0.080875 0.106044 0.304035
v -0.068280 0.106091 0.303914
v -0.064170 0.108206 0.292908
v -0.064721 0.111991 0.294385
v -0.054318 0.106086 0.303926
v -0.051123 0.108202 0.292919
v -0.051552 0.111987 0.294396
v -0.049662 0.111986 0.294397
v -0.050069 0.108201 0.292919
v -0.047038 0.106084 0.303931
v -0.036373 0.111982 0.294408
v -0.036799 0.108197 0.292931
v -0.033630 0.106080 0.303942
v -0.022970 0.111978 0.294419
v -0.023429 0.108193 0.292942
v -0.020009 0.106076 0.303953
v -0.061568 0.106089 0.303920
v -0.063146 0.111991 0.294386
v -0.063391 0.108206 0.292908
v -0.006574 0.106071 0.303964
v -0.009207 0.111973 0.294431
v -0.009615 0.108188 0.292953
v 0.007170 0.106067 0.303975
v 0.004353 0.111969 0.294442
v 0.003916 0.108184 0.292964
v 0.020272 0.106063 0.303986
v 0.018631 0.111964 0.294454
v 0.018377 0.108179 0.292976
v 0.034010 0.106059 0.303997
v 0.032248 0.111960 0.294465
v 0.031975 0.108175 0.292988
v 0.047065 0.106054 0.304007
v 0.045476 0.111955 0.294476
v 0.045230 0.108170 0.292999
v 0.060944 0.106050 0.304019
v 0.059366 0.111951 0.294488
v 0.059122 0.108166 0.293010
v 0.075220 0.106046 0.304030
v 0.072484 0.111947 0.294499
v 0.072060 0.108162 0.293021
v 0.071270 0.108162 0.293020
v 0.070802 0.111947 0.294497
v 0.067781 0.106048 0.304024
v 0.057018 0.108167 0.293009
v 0.056582 0.111952 0.294486
v 0.053764 0.106052 0.304013
v 0.043630 0.108171 0.292998
v 0.043294 0.111956 0.294475
v 0.041129 0.106056 0.304003
v 0.030349 0.108175 0.292986
v 0.029998 0.111960 0.294463
v 0.027733 0.106061 0.303992
v 0.016993 0.108180 0.292975
v 0.016551 0.111965 0.294452
v 0.013699 0.106065 0.303980
v 0.003028 0.108184 0.292964
v 0.002611 0.111969 0.294441
v -0.000083 0.106069 0.303969
v -0.011179 0.108189 0.292952
v -0.011551 0.111974 0.294429
v -0.013952 0.106074 0.303958
v -0.024271 0.108193 0.292942
v -0.024057 0.111978 0.294418
v -0.027838 0.106078 0.303947
v -0.037683 0.108197 0.292930
v -0.038015 0.111982 0.294407
v -0.040151 0.106082 0.303937
v -0.075707 0.084225 0.283336
v -0.068280 0.082106 0.294352
v -0.073419 0.082107 0.294348
v -0.064170 0.084221 0.283346
v 0.072484 0.087961 0.284937
v 0.080875 0.082058 0.294472
v 0.083719 0.087957 0.284946
v 0.075220 0.082060 0.294468
v -0.075707 0.084225 0.283336
v -0.073419 0.082107 0.294348
v -0.075707 0.088009 0.284813
v 0.080875 0.082058 0.294472
v 0.083719 0.084173 0.283469
v 0.083719 0.087957 0.284946
v -0.075707 0.088009 0.284813
v -0.068280 0.082106 0.294352
v -0.064721 0.088006 0.284822
v -0.073419 0.082107 0.294348
v -0.063391 0.084221 0.283346
v -0.054318 0.082101 0.294363
v -0.061568 0.082103 0.294357
v -0.051123 0.084217 0.283356
v -0.063146 0.088005 0.284824
v -0.054318 0.082101 0.294363
v -0.051552 0.088002 0.284833
v -0.061568 0.082103 0.294357
v -0.037683 0.084212 0.283367
v -0.047038 0.082099 0.294369
v -0.050069 0.084216 0.283357
v -0.040151 0.082097 0.294375
v -0.038015 0.087997 0.284844
v -0.047038 0.082099 0.294369
v -0.040151 0.082097 0.294375
v -0.049662 0.088001 0.284835
v -0.036799 0.084212 0.283368
v -0.027838 0.082093 0.294385
v -0.033630 0.082095 0.294380
v -0.024271 0.084208 0.283379
v -0.036373 0.087997 0.284846
v -0.027838 0.082093 0.294385
v -0.024057 0.087993 0.284856
v -0.033630 0.082095 0.294380
v -0.011179 0.084204 0.283390
v -0.020009 0.082090 0.294391
v -0.023429 0.084208 0.283379
v -0.013952 0.082088 0.294396
v -0.011551 0.087989 0.284867
v -0.020009 0.082090 0.294391
v -0.013952 0.082088 0.294396
v -0.022970 0.087992 0.284857
v -0.009615 0.084203 0.283391
v -0.000083 0.082084 0.294407
v -0.006574 0.082086 0.294402
v 0.003028 0.084199 0.283401
v -0.009207 0.087988 0.284869
v -0.000083 0.082084 0.294407
v 0.002611 0.087984 0.284878
v -0.006574 0.082086 0.294402
v 0.003916 0.084199 0.283402
v 0.013699 0.082080 0.294418
v 0.007170 0.082082 0.294413
v 0.016993 0.084194 0.283413
v 0.004353 0.087983 0.284880
v 0.013699 0.082080 0.294418
v 0.016551 0.087979 0.284890
v 0.007170 0.082082 0.294413
v 0.018377 0.084194 0.283414
v 0.027733 0.082075 0.294430
v 0.020272 0.082078 0.294424
v 0.030349 0.084190 0.283424
v 0.018631 0.087979 0.284892
v 0.027733 0.082075 0.294430
v 0.029998 0.087975 0.284901
v 0.020272 0.082078 0.294424
v 0.031975 0.084189 0.283426
v 0.041129 0.082071 0.294440
v 0.034010 0.082073 0.294435
v 0.043630 0.084186 0.283435
v 0.032248 0.087974 0.284903
v 0.041129 0.082071 0.294440
v 0.043294 0.087971 0.284912
v 0.034010 0.082073 0.294435
v 0.045230 0.084185 0.283436
v 0.053764 0.082067 0.294451
v 0.047065 0.082069 0.294445
v 0.057018 0.084181 0.283446
v 0.045476 0.087970 0.284914
v 0.053764 0.082067 0.294451
v 0.056582 0.087966 0.284923
v 0.047065 0.082069 0.294445
v 0.059122 0.084181 0.283448
v 0.067781 0.082063 0.294462
v 0.060944 0.082065 0.294456
v 0.071270 0.084177 0.283458
v 0.059366 0.087965 0.284926
v 0.067781 0.082063 0.294462
v 0.070802 0.087962 0.284935
v 0.060944 0.082065 0.294456
v 0.083719 0.084173 0.283469
v 0.075220 0.082060 0.294468
v 0.072060 0.084176 0.283459
v 0.080875 0.082058 0.294472
v -0.068280 0.082106 0.294352
v -0.064170 0.084221 0.283346
v -0.064721 0.088006 0.284822
v -0.054318 0.082101 0.294363
v -0.051123 0.084217 0.283356
v -0.051552 0.088002 0.284833
v -0.049662 0.088001 0.284835
v -0.050069 0.084216 0.283357
v -0.047038 0.082099 0.294369
v -0.036373 0.087997 0.284846
v -0.036799 0.084212 0.283368
v -0.033630 0.082095 0.294380
v -0.022970 0.087992 0.284857
v -0.023429 0.084208 0.283379
v -0.020009 0.082090 0.294391
v -0.061568 0.082103 0.294357
v -0.063146 0.088005 0.284824
v -0.063391 0.084221 0.283346
v -0.006574 0.082086 0.294402
v -0.009207 0.087988 0.284869
v -0.009615 0.084203 0.283391
v 0.007170 0.082082 0.294413
v 0.004353 0.087983 0.284880
v 0.003916 0.084199 0.283402
v 0.020272 0.082078 0.294424
v 0.018631 0.087979 0.284892
v 0.018377 0.084194 0.283414
v 0.034010 0.082073 0.294435
v 0.032248 0.087974 0.284903
v 0.031975 0.084189 0.283426
v 0.047065 0.082069 0.294445
v 0.045476 0.087970 0.284914
v 0.045230 0.084185 0.283436
v 0.060944 0.082065 0.294456
v 0.059366 0.087965 0.284926
v 0.059122 0.084181 0.283448
v 0.075220 0.082060 0.294468
v 0.072484 0.087961 0.284937
v 0.072060 0.084176 0.283459
v 0.071270 0.084177 0.283458
v 0.070802 0.087962 0.284935
v 0.067781 0.082063 0.294462
v 0.057018 0.084181 0.283446
v 0.056582 0.087966 0.284923
v 0.053764 0.082067 0.294451
v 0.043630 0.084186 0.283435
v 0.043294 0.087971 0.284912
v 0.041129 0.082071 0.294440
v 0.030349 0.084190 0.283424
v 0.029998 0.087975 0.284901
v 0.027733 0.082075 0.294430
v 0.016993 0.084194 0.283413
v 0.016551 0.087979 0.284890
v 0.013699 0.082080 0.294418
v 0.003028 0.084199 0.283401
v 0.002611 0.087984 0.284878
v -0.000083 0.082084 0.294407
v -0.011179 0.084204 0.283390
v -0.011551 0.087989 0.284867
v -0.013952 0.082088 0.294396
v -0.024271 0.084208 0.283379
v -0.024057 0.087993 0.284856
v -0.027838 0.082093 0.294385
v -0.037683 0.084212 0.283367
v -0.038015 0.087997 0.284844
v -0.040151 0.082097 0.294375
v 0.108779 0.065653 -0.261023
v 0.096389 0.073001 -0.248295
v 0.108779 0.073001 -0.248295
v 0.096388 0.065653 -0.261023
v 0.108779 0.050957 -0.261023
v 0.096389 0.050957 -0.261023
v 0.108779 0.043608 -0.248295
v 0.096389 0.043608 -0.248295
v 0.108779 0.050957 -0.235568
v 0.096389 0.043608 -0.248295
v 0.108779 0.043608 -0.248295
v 0.096388 0.050957 -0.235568
v 0.108779 0.065653 -0.235568
v 0.096388 0.065653 -0.235568
v 0.108779 0.073001 -0.248295
v 0.096389 0.073001 -0.248295
v 0.108779 0.073001 -0.248295
v 0.108779 0.050957 -0.261023
v 0.108779 0.065653 -0.261023
v 0.108779 0.065653 -0.235568
v 0.108779 0.050957 -0.235568
v 0.108779 0.043608 -0.248295
v 0.108702 0.063639 -0.270053
v 0.108702 0.063639 -0.251576
v 0.108702 0.068973 -0.260815
v 0.108702 0.052971 -0.270053
v 0.108702 0.063639 -0.251576
v 0.108702 0.063639 -0.270053
v 0.108702 0.047637 -0.260815
v 0.108702 0.063639 -0.251576
v 0.108702 0.052971 -0.270053
v 0.108702 0.052971 -0.251576
v 0.108702 0.063639 -0.251576
v 0.108702 0.047637 -0.260815
v -0.108703 0.068973 -0.260814
v -0.127974 0.063639 -0.270053
v -0.127974 0.068973 -0.260814
v -0.108703 0.063639 -0.270053
v -0.127974 0.052971 -0.270053
v -0.108703 0.052971 -0.270053
v -0.127974 0.047637 -0.260814
v -0.108703 0.046733 -0.260814
v -0.108703 0.046733 -0.260814
v -0.127974 0.052971 -0.251576
v -0.127974 0.047637 -0.260814
v -0.108703 0.052971 -0.251576
v -0.127974 0.063639 -0.251575
v -0.108703 0.063639 -0.251576
v -0.127974 0.068973 -0.260814
v -0.108703 0.068973 -0.260814
v -0.108703 0.063639 -0.251576
v -0.108703 0.063639 -0.270053
v -0.108703 0.068973 -0.260814
v -0.108703 0.052971 -0.251576
v -0.108703 0.063639 -0.270053
v -0.108703 0.063639 -0.251576
v -0.108703 0.046733 -0.260814
v -0.108703 0.063639 -0.270053
v -0.108703 0.052971 -0.251576
v -0.108703 0.052971 -0.270053
v -0.108703 0.063639 -0.270053
v -0.108703 0.046733 -0.260814
v 0.159721 0.180622 0.045134
v 0.149875 0.184650 0.082911
v 0.153833 0.180622 0.083661
v 0.155810 0.184648 0.044583
v 0.155810 0.184648 0.044583
v 0.145917 0.180622 0.082162
v 0.149875 0.184650 0.082911
v 0.151735 0.180622 0.044001
v 0.155810 0.176594 0.044583
v 0.145917 0.180622 0.082162
v 0.151735 0.180622 0.044001
v 0.149875 0.176593 0.082911
v 0.159721 0.180622 0.045134
v 0.149875 0.176593 0.082911
v 0.155810 0.176594 0.044583
v 0.153833 0.180622 0.083661
v 0.156520 0.182693 0.040515
v 0.158534 0.180679 0.040681
v 0.154507 0.180679 0.040349
v 0.156520 0.182693 0.040515
v 0.155810 0.176594 0.044583
v 0.154507 0.180679 0.040349
v 0.156520 0.178664 0.040515
v 0.156520 0.178664 0.040515
v 0.158534 0.180679 0.040681
v 0.145917 0.180622 0.082162
v 0.153833 0.180622 0.083661
v 0.149875 0.184650 0.082911
v 0.149875 0.176593 0.082911
v 0.139742 0.181444 0.056301
v 0.129897 0.185472 0.094078
v 0.133855 0.181444 0.094828
v 0.135831 0.185471 0.055750
v 0.135831 0.185471 0.055750
v 0.125938 0.181444 0.093329
v 0.129897 0.185472 0.094078
v 0.131756 0.181444 0.055168
v 0.135831 0.177416 0.055750
v 0.125938 0.181444 0.093329
v 0.131756 0.181444 0.055168
v 0.129897 0.177415 0.094078
v 0.139742 0.181444 0.056301
v 0.129897 0.177415 0.094078
v 0.135831 0.177416 0.055750
v 0.133855 0.181444 0.094828
v 0.139238 0.181444 0.008692
v 0.136522 0.183458 0.051704
v 0.138536 0.181444 0.051896
v 0.137224 0.183458 0.008702
v 0.134509 0.181444 0.051512
v 0.135209 0.181444 0.008712
v 0.137224 0.179430 0.008702
v 0.136522 0.179430 0.051704
v 0.136522 0.179430 0.051704
v 0.137224 0.179430 0.008702
v 0.136368 0.183458 -0.102118
v 0.138379 0.181444 -0.102451
v 0.134358 0.181444 -0.101785
v 0.136368 0.179430 -0.102118
v 0.136368 0.179430 -0.102118
v 0.130505 0.183761 -0.129626
v 0.128637 0.185776 -0.128858
v 0.126768 0.183761 -0.128090
v 0.128637 0.181747 -0.128858
v 0.128637 0.181747 -0.128858
v 0.120992 0.187607 -0.148608
v 0.119200 0.189621 -0.147689
v 0.117407 0.187607 -0.146771
v 0.119200 0.185592 -0.147689
v 0.119200 0.185592 -0.147689
v 0.080613 0.186386 -0.208290
v 0.109764 0.188818 -0.166521
v 0.111481 0.186804 -0.167589
v 0.078698 0.188400 -0.207481
v 0.108046 0.186804 -0.165452
v 0.076783 0.186386 -0.206672
v 0.078698 0.184372 -0.207481
v 0.109764 0.184790 -0.166521
v 0.109764 0.184790 -0.166521
v 0.078698 0.184372 -0.207481
v 0.078024 0.186343 -0.225381
v 0.075942 0.188357 -0.225674
v 0.073860 0.186343 -0.225967
v 0.075942 0.184329 -0.225674
v 0.075942 0.184329 -0.225674
v 0.087504 0.187693 -0.250894
v 0.088956 0.185692 -0.249227
v 0.089180 0.185679 -0.249716
v 0.086888 0.187606 -0.249236
v 0.086744 0.187737 -0.249237
v 0.085828 0.185679 -0.252071
v 0.084735 0.185975 -0.249155
v 0.084486 0.185753 -0.249145
v 0.084731 0.185529 -0.249144
v 0.086698 0.183711 -0.249135
v 0.086853 0.183849 -0.249142
v 0.086698 0.183711 -0.249135
v 0.104488 0.185679 -0.264748
v 0.103529 0.187693 -0.266629
v 0.102572 0.185679 -0.268512
v 0.103529 0.183665 -0.266629
v 0.087504 0.183665 -0.250894
v 0.087504 0.183665 -0.250894
v 0.103529 0.183665 -0.266629
v 0.115404 0.185679 -0.266575
v 0.115814 0.187693 -0.268686
v 0.116225 0.185679 -0.270798
v 0.115814 0.183665 -0.268686
v 0.115814 0.183665 -0.268686
v 0.130468 0.187693 -0.259700
v 0.129041 0.185679 -0.258213
v 0.131896 0.185679 -0.261188
v 0.130468 0.183665 -0.259700
v 0.130468 0.183665 -0.259700
v 0.142917 0.187693 -0.241159
v 0.138140 0.185679 -0.240250
v 0.144734 0.185679 -0.242066
v 0.139957 0.183665 -0.241159
v 0.139957 0.183665 -0.241159
v 0.150888 0.186343 -0.212178
v 0.152877 0.188357 -0.212591
v 0.154866 0.186343 -0.213004
v 0.152877 0.184329 -0.212591
v 0.152877 0.184329 -0.212591
v 0.156103 0.184250 -0.149300
v 0.154088 0.182236 -0.149239
v 0.158118 0.182236 -0.149360
v 0.156103 0.180221 -0.149300
v 0.156103 0.180221 -0.149300
v 0.154507 0.180679 0.040349
v 0.156520 0.182693 0.040515
v 0.158534 0.180679 0.040681
v 0.156520 0.178664 0.040515
v 0.156520 0.178664 0.040515
v 0.136522 0.183458 0.051704
v 0.138536 0.181444 0.051896
v 0.134509 0.181444 0.051512
v 0.136522 0.183458 0.051704
v 0.135831 0.177416 0.055750
v 0.134509 0.181444 0.051512
v 0.136522 0.179430 0.051704
v 0.136522 0.179430 0.051704
v 0.138536 0.181444 0.051896
v 0.125938 0.181444 0.093329
v 0.133855 0.181444 0.094828
v 0.129897 0.185472 0.094078
v 0.129897 0.177415 0.094078
v 0.160000 0.162638 0.145812
v 0.161835 0.160168 0.137461
v 0.160062 0.160144 0.137455
v 0.161773 0.162661 0.145818
v 0.160006 0.161349 0.148955
v 0.160000 0.162638 0.145812
v 0.161779 0.161372 0.148961
v 0.160047 0.158109 0.149621
v 0.160006 0.161349 0.148955
v 0.161821 0.158133 0.149627
v 0.160087 0.155877 0.146828
v 0.161821 0.158133 0.149627
v 0.160047 0.158109 0.149621
v 0.161860 0.155900 0.146834
v 0.160062 0.160144 0.137455
v 0.161860 0.155900 0.146834
v 0.160087 0.155877 0.146828
v 0.161835 0.160168 0.137461
v 0.161860 0.155900 0.146834
v 0.161773 0.162661 0.145818
v 0.161835 0.160168 0.137461
v 0.160810 0.155188 -0.219031
v 0.162646 0.151417 -0.227043
v 0.160872 0.151393 -0.227049
v 0.162584 0.155212 -0.219025
v 0.160817 0.153899 -0.215888
v 0.160810 0.155188 -0.219031
v 0.162590 0.153922 -0.215882
v 0.160858 0.150660 -0.215223
v 0.160817 0.153899 -0.215888
v 0.162631 0.150683 -0.215217
v 0.160897 0.148427 -0.218016
v 0.162631 0.150683 -0.215217
v 0.160858 0.150660 -0.215223
v 0.162671 0.148450 -0.218009
v 0.162646 0.151417 -0.227043
v 0.160897 0.148427 -0.218016
v 0.160872 0.151393 -0.227049
v 0.162671 0.148450 -0.218009
v 0.162671 0.148450 -0.218009
v 0.162584 0.155212 -0.219025
v 0.162609 0.173966 0.049509
v 0.162707 0.164300 0.046193
v 0.162678 0.173954 0.046031
v 0.162638 0.164312 0.049671
v 0.162322 0.173504 0.046005
v 0.162707 0.164300 0.046193
v 0.162348 0.164747 0.046153
v 0.162678 0.173954 0.046031
v 0.162253 0.173516 0.049483
v 0.162638 0.164312 0.049671
v 0.162609 0.173966 0.049509
v 0.162279 0.164759 0.049630
v 0.162678 0.173954 0.046031
v 0.161008 0.173959 0.049319
v 0.162609 0.173966 0.049509
v 0.161077 0.173947 0.045841
v 0.162322 0.173504 0.046005
v 0.161077 0.173947 0.045841
v 0.162678 0.173954 0.046031
v 0.161079 0.173498 0.045848
v 0.161010 0.173511 0.049326
v 0.162322 0.173504 0.046005
v 0.162253 0.173516 0.049483
v 0.161079 0.173498 0.045848
v 0.161008 0.173959 0.049319
v 0.162253 0.173516 0.049483
v 0.162609 0.173966 0.049509
v 0.161010 0.173511 0.049326
v 0.161038 0.164305 0.049481
v 0.162707 0.164300 0.046193
v 0.162638 0.164312 0.049671
v 0.161107 0.164293 0.046003
v 0.162279 0.164759 0.049630
v 0.161038 0.164305 0.049481
v 0.162638 0.164312 0.049671
v 0.161036 0.164753 0.049474
v 0.162348 0.164747 0.046153
v 0.161036 0.164753 0.049474
v 0.162279 0.164759 0.049630
v 0.161105 0.164741 0.045996
v 0.161107 0.164293 0.046003
v 0.162348 0.164747 0.046153
v 0.162707 0.164300 0.046193
v 0.161105 0.164741 0.045996
v 0.162588 0.173966 -0.047229
v 0.162687 0.164300 -0.050544
v 0.162657 0.173954 -0.050707
v 0.162618 0.164312 -0.047066
v 0.162302 0.173504 -0.050732
v 0.162687 0.164300 -0.050544
v 0.162328 0.164747 -0.050585
v 0.162657 0.173954 -0.050707
v 0.162232 0.173516 -0.047255
v 0.162618 0.164312 -0.047066
v 0.162588 0.173966 -0.047229
v 0.162259 0.164759 -0.047107
v 0.162657 0.173954 -0.050707
v 0.160988 0.173959 -0.047419
v 0.162588 0.173966 -0.047229
v 0.161057 0.173947 -0.050897
v 0.162302 0.173504 -0.050732
v 0.161057 0.173947 -0.050897
v 0.162657 0.173954 -0.050707
v 0.161059 0.173498 -0.050889
v 0.160989 0.173511 -0.047411
v 0.162302 0.173504 -0.050732
v 0.162232 0.173516 -0.047255
v 0.161059 0.173498 -0.050889
v 0.160988 0.173959 -0.047419
v 0.162232 0.173516 -0.047255
v 0.162588 0.173966 -0.047229
v 0.160989 0.173511 -0.047411
v 0.161018 0.164305 -0.047256
v 0.162687 0.164300 -0.050544
v 0.162618 0.164312 -0.047066
v 0.161087 0.164293 -0.050734
v 0.162259 0.164759 -0.047107
v 0.161018 0.164305 -0.047256
v 0.162618 0.164312 -0.047066
v 0.161016 0.164753 -0.047264
v 0.162328 0.164747 -0.050585
v 0.161016 0.164753 -0.047264
v 0.162259 0.164759 -0.047107
v 0.161085 0.164741 -0.050742
v 0.161087 0.164293 -0.050734
v 0.162328 0.164747 -0.050585
v 0.162687 0.164300 -0.050544
v 0.161085 0.164741 -0.050742
v 0.162588 0.173966 -0.142642
v 0.162687 0.164300 -0.145957
v 0.162657 0.173954 -0.146120
v 0.162618 0.164312 -0.142480
v 0.162301 0.173504 -0.146146
v 0.162687 0.164300 -0.145957
v 0.162328 0.164747 -0.145998
v 0.162657 0.173954 -0.146120
v 0.162232 0.173516 -0.142668
v 0.162618 0.164312 -0.142480
v 0.162588 0.173966 -0.142642
v 0.162259 0.164759 -0.142520
v 0.162657 0.173954 -0.146120
v 0.160988 0.173959 -0.142832
v 0.162588 0.173966 -0.142642
v 0.161057 0.173947 -0.146310
v 0.162301 0.173504 -0.146146
v 0.161057 0.173947 -0.146310
v 0.162657 0.173954 -0.146120
v 0.161058 0.173498 -0.146302
v 0.160989 0.173511 -0.142824
v 0.162301 0.173504 -0.146146
v 0.162232 0.173516 -0.142668
v 0.161058 0.173498 -0.146302
v 0.160988 0.173959 -0.142832
v 0.162232 0.173516 -0.142668
v 0.162588 0.173966 -0.142642
v 0.160989 0.173511 -0.142824
v 0.161017 0.164305 -0.142670
v 0.162687 0.164300 -0.145957
v 0.162618 0.164312 -0.142480
v 0.161086 0.164293 -0.146147
v 0.162259 0.164759 -0.142520
v 0.161017 0.164305 -0.142670
v 0.162618 0.164312 -0.142480
v 0.161016 0.164753 -0.142677
v 0.162328 0.164747 -0.145998
v 0.161016 0.164753 -0.142677
v 0.162259 0.164759 -0.142520
v 0.161085 0.164741 -0.146155
v 0.161086 0.164293 -0.146147
v 0.162328 0.164747 -0.145998
v 0.162687 0.164300 -0.145957
v 0.161085 0.164741 -0.146155
v 0.162588 0.174436 -0.237534
v 0.162687 0.164769 -0.240850
v 0.162657 0.174423 -0.241012
v 0.162618 0.164782 -0.237372
v 0.162301 0.173974 -0.241038
v 0.162687 0.164769 -0.240850
v 0.162328 0.165216 -0.240891
v 0.162657 0.174423 -0.241012
v 0.162232 0.173986 -0.237560
v 0.162618 0.164782 -0.237372
v 0.162588 0.174436 -0.237534
v 0.162259 0.165229 -0.237413
v 0.162657 0.174423 -0.241012
v 0.160988 0.174429 -0.237724
v 0.162588 0.174436 -0.237534
v 0.161057 0.174416 -0.241202
v 0.162301 0.173974 -0.241038
v 0.161057 0.174416 -0.241202
v 0.162657 0.174423 -0.241012
v 0.161058 0.173968 -0.241195
v 0.160989 0.173980 -0.237717
v 0.162301 0.173974 -0.241038
v 0.162232 0.173986 -0.237560
v 0.161058 0.173968 -0.241195
v 0.160988 0.174429 -0.237724
v 0.162232 0.173986 -0.237560
v 0.162588 0.174436 -0.237534
v 0.160989 0.173980 -0.237717
v 0.161017 0.164775 -0.237562
v 0.162687 0.164769 -0.240850
v 0.162618 0.164782 -0.237372
v 0.161086 0.164762 -0.241040
v 0.162259 0.165229 -0.237413
v 0.161017 0.164775 -0.237562
v 0.162618 0.164782 -0.237372
v 0.161016 0.165223 -0.237569
v 0.162328 0.165216 -0.240891
v 0.161016 0.165223 -0.237569
v 0.162259 0.165229 -0.237413
v 0.161085 0.165211 -0.241047
v 0.161086 0.164762 -0.241040
v 0.162328 0.165216 -0.240891
v 0.162687 0.164769 -0.240850
v 0.161085 0.165211 -0.241047
v 0.162609 0.173339 0.144170
v 0.162707 0.163673 0.140855
v 0.162678 0.173327 0.140692
v 0.162638 0.163685 0.144332
v 0.162322 0.172877 0.140666
v 0.162707 0.163673 0.140855
v 0.162349 0.164120 0.140814
v 0.162678 0.173327 0.140692
v 0.162253 0.172890 0.144144
v 0.162638 0.163685 0.144332
v 0.162609 0.173339 0.144170
v 0.162280 0.164132 0.144291
v 0.162678 0.173327 0.140692
v 0.161008 0.173332 0.143980
v 0.162609 0.173339 0.144170
v 0.161077 0.173320 0.140502
v 0.162322 0.172877 0.140666
v 0.161077 0.173320 0.140502
v 0.162678 0.173327 0.140692
v 0.161079 0.172872 0.140510
v 0.161010 0.172884 0.143988
v 0.162322 0.172877 0.140666
v 0.162253 0.172890 0.144144
v 0.161079 0.172872 0.140510
v 0.161008 0.173332 0.143980
v 0.162253 0.172890 0.144144
v 0.162609 0.173339 0.144170
v 0.161010 0.172884 0.143988
v 0.161038 0.163678 0.144142
v 0.162707 0.163673 0.140855
v 0.162638 0.163685 0.144332
v 0.161107 0.163666 0.140665
v 0.162280 0.164132 0.144291
v 0.161038 0.163678 0.144142
v 0.162638 0.163685 0.144332
v 0.161037 0.164127 0.144135
v 0.162349 0.164120 0.140814
v 0.161037 0.164127 0.144135
v 0.162280 0.164132 0.144291
v 0.161106 0.164114 0.140657
v 0.161107 0.163666 0.140665
v 0.162349 0.164120 0.140814
v 0.162707 0.163673 0.140855
v 0.161106 0.164114 0.140657
v 0.162372 0.160365 0.183390
v 0.162439 0.155803 0.188605
v 0.162419 0.158387 0.182523
v 0.162392 0.157781 0.189472
v 0.162176 0.158248 0.182798
v 0.162439 0.155803 0.188605
v 0.162194 0.155904 0.188315
v 0.162419 0.158387 0.182523
v 0.162128 0.160225 0.183665
v 0.162392 0.157781 0.189472
v 0.162372 0.160365 0.183390
v 0.162147 0.157882 0.189182
v 0.162419 0.158387 0.182523
v 0.161277 0.160255 0.183347
v 0.162372 0.160365 0.183390
v 0.161324 0.158277 0.182480
v 0.162176 0.158248 0.182798
v 0.161324 0.158277 0.182480
v 0.162419 0.158387 0.182523
v 0.161325 0.158157 0.182762
v 0.161277 0.160135 0.183629
v 0.162176 0.158248 0.182798
v 0.162128 0.160225 0.183665
v 0.161325 0.158157 0.182762
v 0.161277 0.160255 0.183347
v 0.162128 0.160225 0.183665
v 0.162372 0.160365 0.183390
v 0.161277 0.160135 0.183629
v 0.161297 0.157671 0.189429
v 0.162439 0.155803 0.188605
v 0.162392 0.157781 0.189472
v 0.161344 0.155693 0.188562
v 0.162147 0.157882 0.189182
v 0.161297 0.157671 0.189429
v 0.162392 0.157781 0.189472
v 0.161296 0.157791 0.189146
v 0.162194 0.155904 0.188315
v 0.161296 0.157791 0.189146
v 0.162147 0.157882 0.189182
v 0.161343 0.155813 0.188279
v 0.161344 0.155693 0.188562
v 0.162194 0.155904 0.188315
v 0.162439 0.155803 0.188605
v 0.161343 0.155813 0.188279
v 0.162978 0.153395 -0.219367
v 0.163076 0.149802 -0.207055
v 0.163047 0.149918 -0.219455
v 0.163007 0.153279 -0.206967
v 0.163047 0.149918 -0.219455
v 0.162717 0.149774 -0.207503
v 0.162222 0.149879 -0.219006
v 0.163076 0.149802 -0.207055
v 0.162622 0.153356 -0.218918
v 0.163007 0.153279 -0.206967
v 0.162978 0.153395 -0.219367
v 0.162648 0.153251 -0.207415
v 0.163047 0.149918 -0.219455
v 0.160909 0.153205 -0.219366
v 0.162978 0.153395 -0.219367
v 0.160978 0.149728 -0.219454
v 0.162222 0.149879 -0.219006
v 0.160978 0.149728 -0.219454
v 0.160979 0.149723 -0.219005
v 0.160910 0.153199 -0.218917
v 0.162222 0.149879 -0.219006
v 0.162622 0.153356 -0.218918
v 0.160979 0.149723 -0.219005
v 0.160909 0.153205 -0.219366
v 0.162622 0.153356 -0.218918
v 0.162978 0.153395 -0.219367
v 0.160910 0.153199 -0.218917
v 0.160938 0.153089 -0.206966
v 0.163076 0.149802 -0.207055
v 0.163007 0.153279 -0.206967
v 0.161007 0.149612 -0.207054
v 0.162648 0.153251 -0.207415
v 0.160938 0.153089 -0.206966
v 0.163007 0.153279 -0.206967
v 0.160937 0.153094 -0.207414
v 0.162717 0.149774 -0.207503
v 0.160937 0.153094 -0.207414
v 0.162648 0.153251 -0.207415
v 0.161006 0.149617 -0.207502
v 0.161007 0.149612 -0.207054
v 0.162717 0.149774 -0.207503
v 0.163076 0.149802 -0.207055
v 0.161006 0.149617 -0.207502
v 0.162978 0.161359 0.144865
v 0.163077 0.157767 0.156752
v 0.163047 0.157883 0.144777
v 0.163007 0.161244 0.156840
v 0.163047 0.157883 0.144777
v 0.162718 0.157739 0.156304
v 0.162223 0.157844 0.145225
v 0.163077 0.157767 0.156752
v 0.162622 0.161321 0.145313
v 0.163007 0.161244 0.156840
v 0.162978 0.161359 0.144865
v 0.162649 0.161216 0.156392
v 0.163047 0.157883 0.144777
v 0.160909 0.161169 0.144866
v 0.162978 0.161359 0.144865
v 0.160978 0.157693 0.144778
v 0.162223 0.157844 0.145225
v 0.160978 0.157693 0.144778
v 0.160980 0.157687 0.145227
v 0.160911 0.161164 0.145315
v 0.162223 0.157844 0.145225
v 0.162622 0.161321 0.145313
v 0.160980 0.157687 0.145227
v 0.160909 0.161169 0.144866
v 0.162622 0.161321 0.145313
v 0.162978 0.161359 0.144865
v 0.160911 0.161164 0.145315
v 0.160939 0.161053 0.156842
v 0.163077 0.157767 0.156752
v 0.163007 0.161244 0.156840
v 0.161008 0.157577 0.156754
v 0.162649 0.161216 0.156392
v 0.160939 0.161053 0.156842
v 0.163007 0.161244 0.156840
v 0.160937 0.161059 0.156393
v 0.162718 0.157739 0.156304
v 0.160937 0.161059 0.156393
v 0.162649 0.161216 0.156392
v 0.161007 0.157582 0.156305
v 0.161008 0.157577 0.156754
v 0.162718 0.157739 0.156304
v 0.163077 0.157767 0.156752
v 0.161007 0.157582 0.156305
v 0.163333 0.151040 -0.271430
v 0.163401 0.147886 -0.277730
v 0.163381 0.152714 -0.273147
v 0.163353 0.146213 -0.276013
v 0.163135 0.152505 -0.273376
v 0.163401 0.147886 -0.277730
v 0.163154 0.148126 -0.277534
v 0.163381 0.152714 -0.273147
v 0.163088 0.150831 -0.271660
v 0.163353 0.146213 -0.276013
v 0.163333 0.151040 -0.271430
v 0.163106 0.146452 -0.275817
v 0.163381 0.152714 -0.273147
v 0.160882 0.151128 -0.271527
v 0.163333 0.151040 -0.271430
v 0.160930 0.152802 -0.273243
v 0.163135 0.152505 -0.273376
v 0.160930 0.152802 -0.273243
v 0.163381 0.152714 -0.273147
v 0.160930 0.152578 -0.273456
v 0.160883 0.150904 -0.271739
v 0.163135 0.152505 -0.273376
v 0.163088 0.150831 -0.271660
v 0.160930 0.152578 -0.273456
v 0.160882 0.151128 -0.271527
v 0.163088 0.150831 -0.271660
v 0.163333 0.151040 -0.271430
v 0.160883 0.150904 -0.271739
v 0.160902 0.146301 -0.276110
v 0.163401 0.147886 -0.277730
v 0.163353 0.146213 -0.276013
v 0.160231 0.147975 -0.277827
v 0.163106 0.146452 -0.275817
v 0.160902 0.146301 -0.276110
v 0.163353 0.146213 -0.276013
v 0.160901 0.146525 -0.275897
v 0.163154 0.148126 -0.277534
v 0.160901 0.146525 -0.275897
v 0.163106 0.146452 -0.275817
v 0.160230 0.148199 -0.277614
v 0.160231 0.147975 -0.277827
v 0.163154 0.148126 -0.277534
v 0.163401 0.147886 -0.277730
v 0.160230 0.148199 -0.277614
v 0.161027 0.160161 0.120028
v 0.162621 0.160055 0.139866
v 0.161027 0.158464 0.139739
v 0.162621 0.161723 0.120104
v 0.162621 0.161723 0.120104
v 0.161026 0.161644 0.139992
v 0.161026 0.163350 0.120180
v 0.159432 0.161722 0.120104
v 0.161026 0.161644 0.139992
v 0.161026 0.163350 0.120180
v 0.159431 0.160054 0.139865
v 0.161027 0.160161 0.120028
v 0.159431 0.160054 0.139865
v 0.159432 0.161722 0.120104
v 0.161847 0.161603 0.118017
v 0.161049 0.160805 0.118083
v 0.161049 0.162400 0.117951
v 0.161847 0.161603 0.118017
v 0.159432 0.161722 0.120104
v 0.161049 0.162400 0.117951
v 0.160252 0.161602 0.118017
v 0.160252 0.161602 0.118017
v 0.161049 0.160805 0.118083
v 0.161049 0.162400 0.117951
v 0.162463 0.165143 0.080960
v 0.161666 0.165941 0.080984
v 0.161847 0.161603 0.118017
v 0.161666 0.164345 0.080936
v 0.161049 0.160805 0.118083
v 0.160252 0.161602 0.118017
v 0.160868 0.165143 0.080960
v 0.161049 0.162400 0.117951
v 0.160868 0.165143 0.080960
v 0.160252 0.161602 0.118017
v 0.161666 0.166608 0.047994
v 0.162463 0.167406 0.048018
v 0.160868 0.167405 0.048018
v 0.160868 0.167405 0.048018
v 0.161665 0.168203 0.048043
v 0.161665 0.166659 0.008467
v 0.162463 0.165862 0.008443
v 0.161666 0.165064 0.008419
v 0.160868 0.165861 0.008443
v 0.160868 0.165861 0.008443
v 0.161665 0.166984 -0.023713
v 0.162463 0.166187 -0.023737
v 0.161666 0.165389 -0.023761
v 0.160868 0.166186 -0.023737
v 0.160868 0.166186 -0.023737
v 0.162463 0.167487 -0.050229
v 0.161665 0.168285 -0.050205
v 0.161666 0.166689 -0.050253
v 0.160868 0.167487 -0.050229
v 0.160868 0.167487 -0.050229
v 0.161665 0.167472 -0.093599
v 0.162463 0.166674 -0.093624
v 0.161666 0.165876 -0.093648
v 0.160868 0.166674 -0.093624
v 0.160868 0.166674 -0.093624
v 0.161665 0.168610 -0.144308
v 0.162463 0.167812 -0.144332
v 0.161666 0.167014 -0.144356
v 0.160868 0.167812 -0.144332
v 0.160868 0.167812 -0.144332
v 0.161665 0.163896 -0.179414
v 0.162463 0.163099 -0.179438
v 0.161665 0.162301 -0.179462
v 0.160868 0.163098 -0.179438
v 0.160868 0.163098 -0.179438
v 0.161665 0.159427 -0.223052
v 0.162463 0.158629 -0.223076
v 0.161665 0.157831 -0.223100
v 0.160868 0.158629 -0.223076
v 0.160868 0.158629 -0.223076
v 0.162463 0.158629 -0.223076
v 0.163506 0.155722 -0.240823
v 0.161665 0.159427 -0.223052
v 0.164304 0.154972 -0.240548
v 0.163506 0.154223 -0.240273
v 0.161665 0.157831 -0.223100
v 0.162709 0.154972 -0.240548
v 0.160868 0.158629 -0.223076
v 0.162709 0.154972 -0.240548
v 0.160868 0.158629 -0.223076
v 0.164304 0.148715 -0.258020
v 0.163506 0.149464 -0.258294
v 0.163506 0.147966 -0.257744
v 0.162709 0.148715 -0.258019
v 0.162709 0.148715 -0.258019
v 0.164142 0.147692 -0.269192
v 0.164940 0.146895 -0.269169
v 0.164142 0.146097 -0.269146
v 0.163345 0.146894 -0.269169
v 0.163345 0.146894 -0.269169
v 0.162823 0.148943 -0.274858
v 0.162025 0.149531 -0.274318
v 0.162026 0.148354 -0.275397
v 0.161228 0.148943 -0.274858
v 0.161228 0.148943 -0.274858
v 0.162463 0.153873 -0.276071
v 0.161665 0.153738 -0.275284
v 0.161665 0.154007 -0.276858
v 0.160868 0.153873 -0.276071
v 0.160868 0.153873 -0.276071
v 0.162463 0.159940 -0.273416
v 0.161665 0.159471 -0.272770
v 0.161665 0.160409 -0.274062
v 0.160868 0.159941 -0.273416
v 0.160868 0.159941 -0.273416
v 0.162463 0.164719 -0.265755
v 0.161665 0.164027 -0.265357
v 0.161665 0.165410 -0.266154
v 0.160868 0.164719 -0.265756
v 0.160868 0.164719 -0.265756
v 0.162463 0.168663 -0.250207
v 0.161665 0.167885 -0.250026
v 0.161665 0.169440 -0.250388
v 0.160868 0.168663 -0.250207
v 0.160868 0.168663 -0.250207
v 0.162463 0.169390 -0.238842
v 0.161665 0.168592 -0.238868
v 0.161665 0.170188 -0.238816
v 0.160868 0.169390 -0.238842
v 0.160868 0.169390 -0.238842
v 0.161665 0.167656 -0.196296
v 0.162463 0.168454 -0.196270
v 0.161665 0.169252 -0.196245
v 0.160868 0.168454 -0.196270
v 0.160868 0.168454 -0.196270
v 0.161665 0.168745 -0.144025
v 0.162463 0.169542 -0.143999
v 0.161666 0.170340 -0.143974
v 0.160868 0.169543 -0.143999
v 0.160868 0.169543 -0.143999
v 0.161665 0.167934 -0.084274
v 0.162463 0.168732 -0.084249
v 0.161666 0.169530 -0.084223
v 0.160868 0.168732 -0.084249
v 0.160868 0.168732 -0.084249
v 0.161665 0.168501 -0.045846
v 0.162463 0.169299 -0.045820
v 0.161666 0.170097 -0.045795
v 0.160868 0.169299 -0.045820
v 0.160868 0.169299 -0.045820
v 0.161665 0.167235 0.001150
v 0.162463 0.168032 0.001176
v 0.161666 0.168830 0.001201
v 0.160868 0.168033 0.001176
v 0.160868 0.168033 0.001176
v 0.162463 0.168032 0.001176
v 0.161665 0.168279 0.048146
v 0.161665 0.167235 0.001150
v 0.162463 0.169077 0.048172
v 0.161666 0.168830 0.001201
v 0.161666 0.169875 0.048198
v 0.160868 0.169077 0.048172
v 0.160868 0.168033 0.001176
v 0.160868 0.168033 0.001176
v 0.160868 0.169077 0.048172
v 0.161666 0.166199 0.110360
v 0.162463 0.166997 0.110386
v 0.161666 0.167795 0.110411
v 0.160868 0.166997 0.110386
v 0.160868 0.166997 0.110386
v 0.161666 0.166948 0.144331
v 0.162463 0.167746 0.144356
v 0.161666 0.168544 0.144382
v 0.160868 0.167746 0.144356
v 0.160868 0.167746 0.144356
v 0.161666 0.165854 0.151441
v 0.162463 0.166623 0.151656
v 0.161666 0.167392 0.151870
v 0.160868 0.166623 0.151656
v 0.160868 0.166623 0.151656
v 0.162463 0.157732 0.174116
v 0.161666 0.156964 0.173901
v 0.161666 0.158501 0.174330
v 0.160868 0.157733 0.174116
v 0.160868 0.157733 0.174116
v 0.162463 0.156438 0.182068
v 0.161666 0.155650 0.182196
v 0.161666 0.157226 0.181939
v 0.160868 0.156438 0.182068
v 0.160868 0.156438 0.182068
v 0.161666 0.157174 0.185221
v 0.162463 0.157794 0.184718
v 0.161666 0.158414 0.184216
v 0.160868 0.157794 0.184718
v 0.160868 0.157794 0.184718
v 0.161666 0.160603 0.186929
v 0.162463 0.160692 0.186136
v 0.161666 0.160780 0.185343
v 0.160868 0.160692 0.186136
v 0.160868 0.160692 0.186136
v 0.161666 0.165087 0.184964
v 0.162463 0.164514 0.184410
v 0.161666 0.163939 0.183855
v 0.160868 0.164513 0.184410
v 0.160868 0.164513 0.184410
v 0.162463 0.167657 0.179417
v 0.161666 0.168410 0.179682
v 0.161666 0.166904 0.179152
v 0.160868 0.167657 0.179417
v 0.160868 0.167657 0.179417
v 0.161666 0.170074 0.171545
v 0.162463 0.169322 0.171280
v 0.161666 0.168568 0.171015
v 0.160868 0.169321 0.171280
v 0.160868 0.169321 0.171280
v 0.161666 0.170487 0.139536
v 0.162463 0.169691 0.139472
v 0.161666 0.168896 0.139408
v 0.160868 0.169691 0.139472
v 0.160868 0.169691 0.139472
v 0.161665 0.171597 0.047317
v 0.162463 0.170801 0.047253
v 0.161666 0.170005 0.047189
v 0.160868 0.170801 0.047253
v 0.160868 0.170801 0.047253
v 0.162463 0.170801 0.047253
v 0.161665 0.171042 0.013845
v 0.161665 0.171597 0.047317
v 0.162463 0.170246 0.013780
v 0.161666 0.170005 0.047189
v 0.161666 0.169450 0.013717
v 0.160868 0.170246 0.013780
v 0.160868 0.170801 0.047253
v 0.160868 0.170801 0.047253
v 0.160868 0.170246 0.013780
v 0.161665 0.171288 -0.024991
v 0.162463 0.170493 -0.025055
v 0.161666 0.169697 -0.025119
v 0.160868 0.170493 -0.025055
v 0.160868 0.170493 -0.025055
v 0.161665 0.171905 -0.049094
v 0.162463 0.171109 -0.049158
v 0.161666 0.170313 -0.049221
v 0.160868 0.171109 -0.049158
v 0.160868 0.171109 -0.049158
v 0.161665 0.171473 -0.094587
v 0.162463 0.170678 -0.094651
v 0.161666 0.169882 -0.094714
v 0.160868 0.170678 -0.094651
v 0.160868 0.170678 -0.094651
v 0.161665 0.172151 -0.144949
v 0.162463 0.171356 -0.145013
v 0.161666 0.170560 -0.145077
v 0.160868 0.171356 -0.145013
v 0.160868 0.171356 -0.145013
v 0.161665 0.171905 -0.188470
v 0.162463 0.171109 -0.188534
v 0.161665 0.170313 -0.188598
v 0.160868 0.171109 -0.188534
v 0.160868 0.171109 -0.188534
v 0.161665 0.172275 -0.239202
v 0.162463 0.171479 -0.239266
v 0.161665 0.170683 -0.239330
v 0.160868 0.171479 -0.239267
v 0.160868 0.171479 -0.239267
v 0.161665 0.172090 -0.249743
v 0.162463 0.171294 -0.249808
v 0.161665 0.170498 -0.249871
v 0.160868 0.171294 -0.249808
v 0.160868 0.171294 -0.249808
v 0.161665 0.169999 -0.260095
v 0.162463 0.169260 -0.259794
v 0.161665 0.168521 -0.259492
v 0.160868 0.169260 -0.259794
v 0.160868 0.169260 -0.259794
v 0.162463 0.165315 -0.270027
v 0.161665 0.166054 -0.270328
v 0.161665 0.164576 -0.269725
v 0.160868 0.165314 -0.270027
v 0.160868 0.165314 -0.270027
v 0.161665 0.159747 -0.277573
v 0.162463 0.159273 -0.276931
v 0.161665 0.158800 -0.276288
v 0.160868 0.159273 -0.276930
v 0.160868 0.159273 -0.276930
v 0.161665 0.153352 -0.278928
v 0.162463 0.153232 -0.278139
v 0.161665 0.153113 -0.277349
v 0.160868 0.153232 -0.278139
v 0.160868 0.153232 -0.278139
v 0.161541 0.147759 -0.276829
v 0.162339 0.148227 -0.276182
v 0.161541 0.148695 -0.275536
v 0.160744 0.148227 -0.276182
v 0.160744 0.148227 -0.276182
v 0.161755 0.146106 -0.272870
v 0.162553 0.146903 -0.272845
v 0.161755 0.147701 -0.272821
v 0.160958 0.146904 -0.272845
v 0.160958 0.146904 -0.272845
v 0.161723 0.148695 -0.259918
v 0.162521 0.149492 -0.259957
v 0.161723 0.150290 -0.259997
v 0.160926 0.149493 -0.259957
v 0.160926 0.149493 -0.259957
v 0.161808 0.150815 -0.244770
v 0.162605 0.151609 -0.244849
v 0.161808 0.152402 -0.244928
v 0.161010 0.151609 -0.244849
v 0.161010 0.151609 -0.244849
v 0.162060 0.150267 -0.242865
v 0.163315 0.151531 -0.225318
v 0.161721 0.149936 -0.225312
v 0.163654 0.151830 -0.242918
v 0.163654 0.151830 -0.242918
v 0.161720 0.153126 -0.225323
v 0.163315 0.151531 -0.225318
v 0.162060 0.153459 -0.242976
v 0.160465 0.151830 -0.242918
v 0.161720 0.153126 -0.225323
v 0.162060 0.153459 -0.242976
v 0.160125 0.151530 -0.225318
v 0.162060 0.150267 -0.242865
v 0.160125 0.151530 -0.225318
v 0.160465 0.151830 -0.242918
v 0.161721 0.149936 -0.225312
v 0.162605 0.151609 -0.244849
v 0.161808 0.150815 -0.244770
v 0.161808 0.152402 -0.244928
v 0.162605 0.151609 -0.244849
v 0.160465 0.151830 -0.242918
v 0.161808 0.152402 -0.244928
v 0.161010 0.151609 -0.244849
v 0.161010 0.151609 -0.244849
v 0.161808 0.150815 -0.244770
v 0.127826 0.181068 0.112941
v 0.122989 0.182692 0.112092
v 0.124460 0.181068 0.110646
v 0.129273 0.181068 0.099758
v 0.120451 0.181863 0.105895
v 0.122436 0.182692 0.106734
v 0.122989 0.182692 0.112092
v 0.132481 0.182692 0.110976
v 0.134760 0.181863 0.111939
v 0.140021 0.178664 0.093872
v 0.150851 0.181863 0.077683
v 0.150851 0.178664 0.077683
v 0.140021 0.181863 0.093872
v 0.141087 0.178664 0.101515
v 0.140021 0.178664 0.093872
v 0.141087 0.181863 0.101515
v 0.147842 0.178664 0.104804
v 0.141087 0.181863 0.101515
v 0.141087 0.178664 0.101515
v 0.147842 0.181863 0.104804
v 0.154330 0.178664 0.099916
v 0.147842 0.181863 0.104804
v 0.147842 0.178664 0.104804
v 0.154330 0.181863 0.099916
v 0.150851 0.178664 0.077683
v 0.154330 0.181863 0.099916
v 0.154330 0.178664 0.099916
v 0.150851 0.181863 0.077683
v 0.152051 0.182692 0.098953
v 0.147396 0.181068 0.100917
v 0.147619 0.182692 0.102861
v 0.150052 0.181068 0.098109
v 0.142005 0.182692 0.094710
v 0.148843 0.181068 0.087735
v 0.149724 0.182692 0.083324
v 0.143639 0.181068 0.095400
v 0.147396 0.181068 0.100917
v 0.142559 0.182692 0.100069
v 0.144030 0.181068 0.098623
v 0.148843 0.181068 0.087735
v 0.140021 0.181863 0.093872
v 0.142005 0.182692 0.094710
v 0.142559 0.182692 0.100069
v 0.152051 0.182692 0.098953
v 0.154330 0.181863 0.099916
v -0.131280 0.181863 0.089706
v -0.120450 0.178664 0.105896
v -0.131280 0.178664 0.089706
v -0.120450 0.181863 0.105896
v -0.121517 0.178664 0.113539
v -0.120450 0.178664 0.105896
v -0.121517 0.181863 0.113539
v -0.121517 0.181863 0.113539
v -0.128272 0.178664 0.116828
v -0.121517 0.178664 0.113539
v -0.128272 0.181863 0.116828
v -0.128272 0.181863 0.116828
v -0.134760 0.178664 0.111939
v -0.128272 0.178664 0.116828
v -0.134760 0.181863 0.111939
v -0.134760 0.181863 0.111939
v -0.131280 0.178664 0.089706
v -0.134760 0.178664 0.111939
v -0.131280 0.181863 0.089706
v -0.127826 0.181068 0.112941
v -0.132481 0.182692 0.110977
v -0.128049 0.182692 0.114884
v -0.130482 0.181068 0.110132
v -0.122435 0.182692 0.106734
v -0.129272 0.181068 0.099759
v -0.124068 0.181068 0.107424
v -0.130153 0.182692 0.095347
v -0.122988 0.182692 0.112093
v -0.127826 0.181068 0.112941
v -0.124459 0.181068 0.110646
v -0.122435 0.182692 0.106734
v -0.129272 0.181068 0.099759
v -0.120450 0.181863 0.105896
v -0.122988 0.182692 0.112093
v -0.132481 0.182692 0.110977
v -0.134760 0.181863 0.111939
v -0.150850 0.181863 0.077683
v -0.140020 0.178664 0.093872
v -0.150850 0.178664 0.077683
v -0.140020 0.181863 0.093872
v -0.141087 0.178664 0.101516
v -0.140020 0.178664 0.093872
v -0.141087 0.181863 0.101516
v -0.141087 0.181863 0.101516
v -0.147842 0.178664 0.104804
v -0.141087 0.178664 0.101516
v -0.147842 0.181863 0.104804
v -0.147842 0.181863 0.104804
v -0.154330 0.178664 0.099916
v -0.147842 0.178664 0.104804
v -0.154330 0.181863 0.099916
v -0.154330 0.181863 0.099916
v -0.150850 0.178664 0.077683
v -0.154330 0.178664 0.099916
v -0.150850 0.181863 0.077683
v -0.147396 0.181068 0.100918
v -0.152051 0.182692 0.098954
v -0.147619 0.182692 0.102861
v -0.150052 0.181068 0.098109
v -0.142005 0.182692 0.094711
v -0.148842 0.181068 0.087736
v -0.143638 0.181068 0.095400
v -0.149723 0.182692 0.083324
v -0.142558 0.182692 0.100069
v -0.147396 0.181068 0.100918
v -0.144029 0.181068 0.098623
v -0.142005 0.182692 0.094711
v -0.148842 0.181068 0.087736
v -0.140020 0.181863 0.093872
v -0.142558 0.182692 0.100069
v -0.152051 0.182692 0.098954
v -0.154330 0.181863 0.099916
vt 0.802879 0.167497
vt 0.802896 0.323035
vt 0.795094 0.167503
vt 0.795094 0.323044
vt 0.863078 0.319924
vt 0.807922 0.170400
vt 0.863078 0.170401
vt 0.807921 0.319923
vt 0.802879 0.322704
vt 0.795094 0.167828
vt 0.802829 0.167835
vt 0.795094 0.322700
vt 0.802846 0.170512
vt 0.868203 0.320021
vt 0.802862 0.320035
vt 0.868154 0.170499
vt 0.868203 0.320021
vt 0.807955 0.325538
vt 0.802862 0.320035
vt 0.863111 0.325526
vt 0.863078 0.164998
vt 0.802846 0.170512
vt 0.807922 0.165009
vt 0.868154 0.170499
vt 0.086733 0.360634
vt 0.072641 0.247668
vt 0.086733 0.247580
vt 0.072641 0.360664
vt 0.086733 0.247580
vt 0.069851 0.242776
vt 0.089021 0.242488
vt 0.072641 0.247668
vt 0.091339 0.360599
vt 0.091340 0.247603
vt 0.072641 0.331877
vt 0.089021 0.337628
vt 0.069851 0.336746
vt 0.086733 0.332514
vt 0.068035 0.247703
vt 0.068035 0.360642
vt 0.086733 0.223038
vt 0.072641 0.336003
vt 0.072641 0.223008
vt 0.086733 0.336091
vt 0.086733 0.336091
vt 0.069851 0.340895
vt 0.072641 0.336003
vt 0.089021 0.341183
vt 0.091339 0.223072
vt 0.091340 0.336068
vt 0.072641 0.337505
vt 0.089021 0.331754
vt 0.086733 0.336868
vt 0.069851 0.332636
vt 0.068035 0.335968
vt 0.068035 0.223030
vt 0.082526 0.191201
vt 0.087860 0.153940
vt 0.087860 0.191306
vt 0.082526 0.153999
vt 0.076947 0.191115
vt 0.082526 0.153999
vt 0.082526 0.191201
vt 0.076947 0.154052
vt 0.071377 0.153986
vt 0.071377 0.191258
vt 0.076947 0.154052
vt 0.087860 0.153940
vt 0.093242 0.191166
vt 0.093242 0.154010
vt 0.239180 0.008062
vt 0.282590 0.010987
vt 0.239180 0.010928
vt 0.282590 0.008050
vt 0.239180 0.005175
vt 0.282590 0.005112
vt 0.282590 0.002173
vt 0.239180 0.002288
vt 0.239180 0.013796
vt 0.282590 0.013923
vt 0.397807 0.008062
vt 0.397807 0.011018
vt 0.397807 0.005077
vt 0.397807 0.002106
vt 0.397807 0.013972
vt 0.426771 0.011060
vt 0.426771 0.008076
vt 0.426771 0.005047
vt 0.426771 0.002043
vt 0.426771 0.014021
vt 0.449550 0.010993
vt 0.449550 0.008053
vt 0.449550 0.005114
vt 0.449550 0.002114
vt 0.449550 0.013992
vt 0.472115 0.008069
vt 0.528417 0.011198
vt 0.472115 0.011156
vt 0.528417 0.007992
vt 0.472115 0.004947
vt 0.528417 0.004883
vt 0.528417 0.001772
vt 0.472115 0.001829
vt 0.472115 0.014241
vt 0.528417 0.014397
vt 0.549378 0.011265
vt 0.549378 0.007952
vt 0.549378 0.004794
vt 0.549378 0.001642
vt 0.549378 0.014600
vt 0.580978 0.007988
vt 0.580978 0.011326
vt 0.580978 0.004756
vt 0.580978 0.001522
vt 0.580978 0.014646
vt 0.607073 0.011452
vt 0.607073 0.007901
vt 0.607073 0.004598
vt 0.607073 0.001298
vt 0.607073 0.014999
vt 0.622839 0.011608
vt 0.622839 0.007837
vt 0.622839 0.004423
vt 0.622839 0.001014
vt 0.622839 0.015407
vt 0.644566 0.007955
vt 0.644566 0.011503
vt 0.644566 0.004560
vt 0.644566 0.001167
vt 0.644566 0.015050
vt 0.670958 0.008006
vt 0.670958 0.011407
vt 0.670958 0.004686
vt 0.670958 0.001367
vt 0.670958 0.014777
vt 0.706257 0.011299
vt 0.706257 0.008031
vt 0.706257 0.004766
vt 0.706257 0.001517
vt 0.706257 0.014624
vt 0.779867 0.008048
vt 0.779867 0.011323
vt 0.779867 0.004777
vt 0.779867 0.001508
vt 0.779867 0.014593
vt 0.996550 0.011306
vt 0.996550 0.008047
vt 0.996550 0.004793
vt 0.996550 0.001539
vt 0.996550 0.014563
vt 0.082105 0.145574
vt 0.087672 0.182417
vt 0.082093 0.182737
vt 0.087672 0.145275
vt 0.076747 0.145822
vt 0.082093 0.182737
vt 0.076759 0.183050
vt 0.082105 0.145574
vt 0.071377 0.182701
vt 0.076747 0.145822
vt 0.076759 0.183050
vt 0.071377 0.145569
vt 0.087672 0.182417
vt 0.093241 0.145529
vt 0.093241 0.182775
vt 0.082526 0.148448
vt 0.087860 0.148336
vt 0.076947 0.148552
vt 0.082526 0.148448
vt 0.076947 0.148552
vt 0.071377 0.148355
vt 0.093242 0.148524
vt 0.087860 0.148336
vt 0.087672 0.187840
vt 0.082093 0.187998
vt 0.087672 0.187840
vt 0.093241 0.188018
vt 0.071377 0.187991
vt 0.076759 0.188159
vt 0.082093 0.187998
vt 0.076759 0.188159
vt 0.082526 0.196751
vt 0.076947 0.191115
vt 0.082526 0.191201
vt 0.076947 0.196724
vt 0.076735 0.140371
vt 0.082105 0.145574
vt 0.076747 0.145822
vt 0.082117 0.140285
vt 0.719891 0.733734
vt 0.706927 0.743526
vt 0.709419 0.745915
vt 0.717404 0.731361
vt 0.720823 0.724846
vt 0.720823 0.731355
vt 0.717720 0.724767
vt 0.714786 0.718445
vt 0.717720 0.724767
vt 0.719771 0.722133
vt 0.712843 0.721100
vt 0.705017 0.721487
vt 0.712843 0.721100
vt 0.710963 0.718061
vt 0.706927 0.724332
vt 0.703496 0.743889
vt 0.706927 0.724332
vt 0.703496 0.724310
vt 0.706927 0.743526
vt 0.708595 0.725451
vt 0.712604 0.724427
vt 0.712724 0.722763
vt 0.710059 0.726433
vt 0.722437 0.021369
vt 0.663479 0.081845
vt 0.644989 0.021896
vt 0.722437 0.080596
vt 0.644998 0.095932
vt 0.663479 0.095979
vt 0.018473 0.585402
vt 0.034903 0.569184
vt 0.034903 0.585402
vt 0.018473 0.564098
vt 0.038764 0.564102
vt 0.038761 0.569185
vt 0.722437 0.082397
vt 0.663479 0.081845
vt 0.722437 0.080596
vt 0.665339 0.083341
vt 0.724295 0.080575
vt 0.722437 0.021369
vt 0.724294 0.021347
vt 0.722437 0.080596
vt 0.644992 0.020038
vt 0.722437 0.021369
vt 0.644989 0.021896
vt 0.722437 0.019511
vt 0.805862 0.021693
vt 0.804013 0.095433
vt 0.804004 0.021665
vt 0.805871 0.095450
vt 0.663479 0.097835
vt 0.644998 0.095932
vt 0.663479 0.095979
vt 0.645006 0.097790
vt 0.665339 0.095985
vt 0.663479 0.081845
vt 0.665339 0.083341
vt 0.663479 0.095979
vt 0.785523 0.081797
vt 0.726566 0.021346
vt 0.804013 0.021909
vt 0.726566 0.080553
vt 0.804004 0.095846
vt 0.785523 0.095922
vt 0.018473 0.560389
vt 0.034903 0.576607
vt 0.018473 0.581693
vt 0.034903 0.560389
vt 0.038764 0.581689
vt 0.038761 0.576606
vt 0.785523 0.081797
vt 0.726566 0.082354
vt 0.726566 0.080553
vt 0.783664 0.083294
vt 0.724707 0.080532
vt 0.726566 0.021346
vt 0.726566 0.080553
vt 0.724708 0.021323
vt 0.726566 0.021346
vt 0.804010 0.020052
vt 0.804013 0.021909
vt 0.726566 0.019487
vt 0.804013 0.021909
vt 0.805862 0.095817
vt 0.804004 0.095846
vt 0.805871 0.021893
vt 0.804004 0.095846
vt 0.785523 0.097779
vt 0.785523 0.095922
vt 0.803996 0.097700
vt 0.783664 0.095928
vt 0.785523 0.081797
vt 0.785523 0.095922
vt 0.783664 0.083294
vt 0.169453 0.007348
vt 0.158258 0.005688
vt 0.169453 0.005675
vt 0.158258 0.007504
vt 0.169453 0.009138
vt 0.158258 0.009330
vt 0.169453 0.011147
vt 0.158258 0.011163
vt 0.169453 0.004003
vt 0.158258 0.003872
vt 0.169453 0.002221
vt 0.158258 0.002047
vt 0.158258 0.012997
vt 0.169453 0.013138
vt 0.174981 0.007118
vt 0.174981 0.005593
vt 0.174981 0.008849
vt 0.174981 0.011262
vt 0.174981 0.004068
vt 0.174981 0.002330
vt 0.174981 0.013709
vt 0.182120 0.007118
vt 0.182120 0.005593
vt 0.182120 0.008849
vt 0.182120 0.011262
vt 0.182120 0.004067
vt 0.182120 0.002330
vt 0.182120 0.013709
vt 0.187647 0.005674
vt 0.187647 0.007348
vt 0.187647 0.009138
vt 0.187647 0.011149
vt 0.187647 0.004002
vt 0.187647 0.002219
vt 0.187647 0.013141
vt 0.198851 0.005687
vt 0.198851 0.007504
vt 0.198851 0.009331
vt 0.198851 0.011166
vt 0.198851 0.003869
vt 0.198851 0.002043
vt 0.198851 0.013001
vt 0.082603 0.115811
vt 0.089641 0.099472
vt 0.089641 0.115811
vt 0.082603 0.099472
vt 0.075564 0.115811
vt 0.075564 0.099472
vt 0.068524 0.115811
vt 0.068524 0.099472
vt 0.096681 0.099472
vt 0.096681 0.115811
vt 0.068524 0.115811
vt 0.075564 0.122851
vt 0.068524 0.122851
vt 0.075564 0.115811
vt 0.075564 0.097503
vt 0.068524 0.104542
vt 0.068524 0.097503
vt 0.075564 0.104542
vt 0.169453 0.007713
vt 0.158258 0.009398
vt 0.158258 0.007581
vt 0.169453 0.009387
vt 0.169453 0.005923
vt 0.158258 0.005756
vt 0.169453 0.003913
vt 0.158258 0.003925
vt 0.169453 0.011058
vt 0.158258 0.011214
vt 0.169453 0.012840
vt 0.158258 0.013040
vt 0.158258 0.002093
vt 0.169453 0.001922
vt 0.174981 0.007934
vt 0.174981 0.009459
vt 0.174981 0.006203
vt 0.174981 0.003791
vt 0.174981 0.010984
vt 0.174981 0.012722
vt 0.174981 0.001343
vt 0.182120 0.007934
vt 0.182120 0.009459
vt 0.182120 0.006203
vt 0.182120 0.003791
vt 0.182120 0.010984
vt 0.182120 0.012722
vt 0.182120 0.001343
vt 0.187647 0.009387
vt 0.187647 0.007714
vt 0.187647 0.005922
vt 0.187647 0.003912
vt 0.187647 0.011060
vt 0.187647 0.012842
vt 0.187647 0.001920
vt 0.198851 0.009399
vt 0.198851 0.007581
vt 0.198851 0.005755
vt 0.198851 0.003922
vt 0.198851 0.011217
vt 0.198851 0.013044
vt 0.198851 0.002089
vt 0.089641 0.120881
vt 0.082603 0.104541
vt 0.089641 0.104542
vt 0.082603 0.120881
vt 0.075564 0.104541
vt 0.075564 0.120881
vt 0.068524 0.104541
vt 0.068524 0.120881
vt 0.096681 0.120881
vt 0.096681 0.104541
vt 0.075564 0.097502
vt 0.068524 0.104541
vt 0.068524 0.097502
vt 0.075564 0.104541
vt 0.068524 0.097503
vt 0.075564 0.104542
vt 0.068524 0.104542
vt 0.075564 0.097503
vt 0.593835 0.063869
vt 0.587939 0.072109
vt 0.587939 0.064300
vt 0.593835 0.074745
vt 0.587939 0.057155
vt 0.593835 0.054144
vt 0.599730 0.072108
vt 0.599730 0.064300
vt 0.599730 0.057155
vt 0.663816 0.133314
vt 0.673253 0.134910
vt 0.663816 0.137393
vt 0.671771 0.131374
vt 0.669401 0.126217
vt 0.663816 0.126136
vt 0.668524 0.124505
vt 0.663816 0.124560
vt 0.680160 0.128167
vt 0.677597 0.126115
vt 0.674594 0.123650
vt 0.672582 0.121998
vt 0.668574 0.120384
vt 0.668524 0.124505
vt 0.663816 0.119906
vt 0.672582 0.121998
vt 0.682690 0.119098
vt 0.679728 0.119090
vt 0.674791 0.118283
vt 0.672742 0.118142
vt 0.669865 0.118696
vt 0.672742 0.118142
vt 0.680160 0.110116
vt 0.677597 0.112172
vt 0.674594 0.113485
vt 0.672582 0.114537
vt 0.668560 0.116887
vt 0.672582 0.114537
vt 0.673253 0.103419
vt 0.671771 0.106958
vt 0.669467 0.110540
vt 0.668465 0.112030
vt 0.668465 0.112030
vt 0.666606 0.116957
vt 0.663816 0.100944
vt 0.663816 0.105024
vt 0.663816 0.110392
vt 0.663816 0.111916
vt 0.663816 0.111916
vt 0.663816 0.117112
vt 0.654379 0.103418
vt 0.655860 0.106957
vt 0.658164 0.110538
vt 0.659166 0.112027
vt 0.661026 0.116957
vt 0.659166 0.112027
vt 0.647471 0.110115
vt 0.650035 0.112171
vt 0.653037 0.113484
vt 0.655049 0.114535
vt 0.659096 0.116910
vt 0.655049 0.114535
vt 0.644943 0.119098
vt 0.647903 0.119091
vt 0.652840 0.118285
vt 0.654890 0.118145
vt 0.654890 0.118145
vt 0.657763 0.118706
vt 0.647471 0.128169
vt 0.650035 0.126116
vt 0.653037 0.123652
vt 0.655049 0.122000
vt 0.655049 0.122000
vt 0.659059 0.120386
vt 0.654379 0.134911
vt 0.655860 0.131375
vt 0.658230 0.126218
vt 0.659108 0.124507
vt 0.659108 0.124507
vt 0.611921 0.029933
vt 0.602499 0.037319
vt 0.600106 0.032128
vt 0.611921 0.036748
vt 0.602499 0.042285
vt 0.611921 0.042296
vt 0.611921 0.047842
vt 0.602499 0.047244
vt 0.611921 0.054658
vt 0.600045 0.052439
vt 0.621344 0.037347
vt 0.623797 0.032151
vt 0.621344 0.042306
vt 0.621344 0.047272
vt 0.623738 0.052463
vt 0.684843 0.133434
vt 0.725716 0.135599
vt 0.684843 0.135701
vt 0.725716 0.133400
vt 0.684843 0.131167
vt 0.725716 0.131200
vt 0.684843 0.128899
vt 0.725716 0.129001
vt 0.684843 0.131209
vt 0.725716 0.129001
vt 0.684843 0.128899
vt 0.725716 0.131209
vt 0.684843 0.133431
vt 0.725716 0.133431
vt 0.684843 0.135597
vt 0.725716 0.135599
vt 0.664881 0.120266
vt 0.664881 0.116427
vt 0.665969 0.118347
vt 0.662658 0.116427
vt 0.661570 0.118347
vt 0.662658 0.120266
vt 0.740312 0.137257
vt 0.770848 0.107598
vt 0.770848 0.137257
vt 0.740312 0.107598
vt 0.740312 0.096402
vt 0.770848 0.107598
vt 0.770848 0.096402
vt 0.740312 0.107598
vt 0.729115 0.107598
vt 0.740312 0.137257
vt 0.729115 0.137257
vt 0.740312 0.107598
vt 0.770848 0.096402
vt 0.740312 0.107598
vt 0.740312 0.096402
vt 0.770848 0.107598
vt 0.729115 0.137257
vt 0.740312 0.107598
vt 0.729115 0.107598
vt 0.740312 0.137257
vt 0.690081 0.386062
vt 0.680614 0.394108
vt 0.690081 0.394108
vt 0.680614 0.386062
vt 0.690082 0.367918
vt 0.680614 0.366635
vt 0.680614 0.367918
vt 0.690082 0.366635
vt 0.680614 0.394108
vt 0.690081 0.386062
vt 0.680614 0.386062
vt 0.690081 0.394108
vt 0.680614 0.384836
vt 0.690081 0.384836
vt 0.671641 0.385764
vt 0.680614 0.384836
vt 0.680614 0.367918
vt 0.679686 0.385764
vt 0.679687 0.366990
vt 0.671641 0.366990
vt 0.679684 0.385764
vt 0.671638 0.366990
vt 0.671638 0.385764
vt 0.679684 0.366990
vt 0.680614 0.367918
vt 0.680614 0.384836
vt 0.359108 0.019519
vt 0.367688 0.017723
vt 0.367688 0.019519
vt 0.359108 0.017723
vt 0.350298 0.019519
vt 0.350298 0.017723
vt 0.340313 0.019519
vt 0.340313 0.017723
vt 0.330329 0.019519
vt 0.330329 0.017723
vt 0.321865 0.019519
vt 0.321865 0.017723
vt 0.313400 0.019519
vt 0.313400 0.017723
vt 0.303416 0.019519
vt 0.303416 0.017723
vt 0.313400 0.019519
vt 0.303416 0.017723
vt 0.303416 0.019519
vt 0.313400 0.017723
vt 0.321865 0.019519
vt 0.321865 0.017723
vt 0.330329 0.019519
vt 0.330329 0.017723
vt 0.340313 0.019519
vt 0.340313 0.017723
vt 0.350298 0.019519
vt 0.350298 0.017723
vt 0.359108 0.019519
vt 0.359108 0.017723
vt 0.367688 0.017723
vt 0.367688 0.019519
vt 0.970624 0.302796
vt 0.954971 0.309281
vt 0.962154 0.304482
vt 0.948264 0.318155
vt 0.979094 0.304482
vt 0.986275 0.309279
vt 0.991072 0.316460
vt 0.992756 0.324930
vt 0.991072 0.333400
vt 0.986275 0.340581
vt 0.979094 0.345379
vt 0.970624 0.347063
vt 0.962154 0.345379
vt 0.954971 0.340579
vt 0.954971 0.309281
vt 0.947204 0.313320
vt 0.952114 0.306481
vt 0.948264 0.318155
vt 0.962154 0.304482
vt 0.960579 0.300826
vt 0.970624 0.302796
vt 0.970562 0.298840
vt 0.979094 0.304482
vt 0.980546 0.300826
vt 0.986275 0.309279
vt 0.989010 0.306481
vt 0.991072 0.316460
vt 0.994666 0.314946
vt 0.992756 0.324930
vt 0.996651 0.324930
vt 0.991072 0.333400
vt 0.994666 0.334915
vt 0.986275 0.340581
vt 0.989010 0.343378
vt 0.979094 0.345379
vt 0.980546 0.349035
vt 0.970624 0.347063
vt 0.970562 0.351020
vt 0.962154 0.345379
vt 0.960579 0.349035
vt 0.954971 0.340579
vt 0.952114 0.343378
vt 0.947204 0.336540
vt 0.948264 0.331705
vt 0.945443 0.335835
vt 0.948264 0.318155
vt 0.948264 0.331705
vt 0.945477 0.314025
vt 0.112294 0.018099
vt 0.114598 0.013588
vt 0.114598 0.018099
vt 0.112294 0.013588
vt 0.114598 0.013588
vt 0.118852 0.020067
vt 0.118852 0.008596
vt 0.114598 0.018099
vt 0.112294 0.022353
vt 0.114598 0.022353
vt 0.114598 0.013588
vt 0.118852 0.020067
vt 0.114598 0.018099
vt 0.118852 0.008596
vt 0.114598 0.008596
vt 0.112294 0.008596
vt 0.112294 0.018099
vt 0.114598 0.013588
vt 0.114598 0.018099
vt 0.112294 0.013588
vt 0.114598 0.013588
vt 0.118852 0.020067
vt 0.118852 0.008596
vt 0.114598 0.018099
vt 0.112294 0.022353
vt 0.114598 0.022353
vt 0.114598 0.013588
vt 0.118852 0.020067
vt 0.114598 0.018099
vt 0.118852 0.008596
vt 0.114599 0.008596
vt 0.112294 0.008596
vt 0.680614 0.394108
vt 0.690081 0.386062
vt 0.690081 0.394108
vt 0.680614 0.386062
vt 0.690082 0.367918
vt 0.680614 0.366635
vt 0.690082 0.366635
vt 0.680614 0.367918
vt 0.690081 0.386062
vt 0.680614 0.394108
vt 0.680614 0.386062
vt 0.690081 0.394108
vt 0.680614 0.384836
vt 0.690081 0.384836
vt 0.671641 0.385764
vt 0.679687 0.366990
vt 0.680614 0.367918
vt 0.671641 0.366990
vt 0.680614 0.384836
vt 0.679686 0.385764
vt 0.679684 0.385764
vt 0.680614 0.367918
vt 0.680614 0.384836
vt 0.679684 0.366990
vt 0.671638 0.366990
vt 0.671638 0.385764
vt 0.367688 0.017723
vt 0.359108 0.019519
vt 0.367688 0.019519
vt 0.359108 0.017723
vt 0.350298 0.019519
vt 0.350298 0.017723
vt 0.340313 0.019519
vt 0.340313 0.017723
vt 0.330329 0.019519
vt 0.330329 0.017723
vt 0.321865 0.019519
vt 0.321865 0.017723
vt 0.313400 0.019519
vt 0.313400 0.017723
vt 0.303416 0.019519
vt 0.303416 0.017723
vt 0.303416 0.017723
vt 0.313400 0.019519
vt 0.303416 0.019519
vt 0.313400 0.017723
vt 0.321865 0.019519
vt 0.321865 0.017723
vt 0.330329 0.019519
vt 0.330329 0.017723
vt 0.340313 0.019519
vt 0.340313 0.017723
vt 0.350298 0.019519
vt 0.350298 0.017723
vt 0.359108 0.019519
vt 0.359108 0.017723
vt 0.367688 0.019519
vt 0.367688 0.017723
vt 0.925184 0.345379
vt 0.939074 0.331705
vt 0.932368 0.340579
vt 0.939074 0.318155
vt 0.916714 0.347063
vt 0.908244 0.345379
vt 0.901063 0.340581
vt 0.896265 0.333400
vt 0.894581 0.324930
vt 0.896265 0.316460
vt 0.901063 0.309279
vt 0.908244 0.304482
vt 0.916714 0.302796
vt 0.925184 0.304482
vt 0.940135 0.313320
vt 0.932367 0.309281
vt 0.935224 0.306481
vt 0.939074 0.318155
vt 0.925184 0.304482
vt 0.926760 0.300826
vt 0.916714 0.302796
vt 0.916776 0.298840
vt 0.908244 0.304482
vt 0.906792 0.300826
vt 0.901063 0.309279
vt 0.898328 0.306481
vt 0.896265 0.316460
vt 0.892671 0.314946
vt 0.894581 0.324930
vt 0.890686 0.324930
vt 0.896265 0.333400
vt 0.892671 0.334915
vt 0.901063 0.340581
vt 0.898328 0.343378
vt 0.908244 0.345379
vt 0.906792 0.349035
vt 0.916714 0.347063
vt 0.916776 0.351020
vt 0.925184 0.345379
vt 0.926760 0.349035
vt 0.932368 0.340579
vt 0.935224 0.343378
vt 0.940135 0.336540
vt 0.939074 0.331705
vt 0.939074 0.318155
vt 0.941862 0.335835
vt 0.939074 0.331705
vt 0.941912 0.314025
vt 0.114598 0.013588
vt 0.112294 0.018099
vt 0.114598 0.018099
vt 0.112294 0.013588
vt 0.118852 0.020067
vt 0.114598 0.013588
vt 0.118852 0.008596
vt 0.114598 0.018099
vt 0.112294 0.022353
vt 0.114598 0.022353
vt 0.118852 0.020067
vt 0.114598 0.013588
vt 0.114598 0.018099
vt 0.118852 0.008596
vt 0.114598 0.008596
vt 0.112294 0.008596
vt 0.114598 0.013588
vt 0.112294 0.018099
vt 0.114598 0.018099
vt 0.112294 0.013588
vt 0.118852 0.020067
vt 0.114598 0.013588
vt 0.118852 0.008596
vt 0.114598 0.018099
vt 0.112294 0.022353
vt 0.114598 0.022353
vt 0.118852 0.020067
vt 0.114598 0.013588
vt 0.114598 0.018099
vt 0.118852 0.008596
vt 0.114599 0.008596
vt 0.112294 0.008596
vt 0.602729 0.062264
vt 0.610942 0.059373
vt 0.610942 0.062264
vt 0.602729 0.059372
vt 0.610942 0.056479
vt 0.602729 0.056481
vt 0.602729 0.073834
vt 0.610942 0.070937
vt 0.610942 0.073834
vt 0.602729 0.070937
vt 0.610942 0.068049
vt 0.602729 0.068048
vt 0.610942 0.065157
vt 0.602729 0.065158
vt 0.932069 0.400816
vt 0.943498 0.406028
vt 0.946668 0.400816
vt 0.935239 0.406028
vt 0.946668 0.400816
vt 0.935239 0.406028
vt 0.932069 0.400816
vt 0.943498 0.406028
vt 0.943498 0.406028
vt 0.935239 0.409979
vt 0.935239 0.406028
vt 0.943497 0.409979
vt 0.929467 0.409979
vt 0.935239 0.406028
vt 0.935239 0.409979
vt 0.929467 0.406028
vt 0.943497 0.409979
vt 0.949270 0.406028
vt 0.949270 0.409979
vt 0.943498 0.406028
vt 0.873872 0.137909
vt 0.885139 0.111875
vt 0.885139 0.137909
vt 0.873872 0.111875
vt 0.028378 0.474706
vt 0.020912 0.477805
vt 0.020912 0.474706
vt 0.028378 0.477805
vt 0.885139 0.137909
vt 0.873872 0.138821
vt 0.873872 0.137909
vt 0.885139 0.138821
vt 0.872960 0.138082
vt 0.873872 0.111875
vt 0.873872 0.137909
vt 0.872687 0.110941
vt 0.885139 0.111875
vt 0.886050 0.138082
vt 0.885139 0.137909
vt 0.886324 0.110941
vt 0.873872 0.095294
vt 0.885139 0.096432
vt 0.873872 0.096432
vt 0.885139 0.095294
vt 0.020912 0.477805
vt 0.016392 0.474706
vt 0.020912 0.474706
vt 0.016392 0.477805
vt 0.885139 0.111875
vt 0.886277 0.096432
vt 0.886277 0.112865
vt 0.885139 0.096432
vt 0.873872 0.111875
vt 0.885139 0.096432
vt 0.885139 0.111875
vt 0.873872 0.096432
vt 0.872735 0.096432
vt 0.873872 0.111875
vt 0.872735 0.112865
vt 0.873872 0.096432
vt 0.699295 0.346910
vt 0.693670 0.356378
vt 0.693669 0.346910
vt 0.699295 0.356378
vt 0.704921 0.346910
vt 0.704922 0.356378
vt 0.710548 0.346910
vt 0.710549 0.356378
vt 0.716173 0.346910
vt 0.716174 0.356378
vt 0.676790 0.346910
vt 0.671164 0.356378
vt 0.671163 0.346910
vt 0.676791 0.356378
vt 0.682416 0.346910
vt 0.682417 0.356378
vt 0.688042 0.346910
vt 0.688043 0.356378
vt 0.621883 0.608536
vt 0.625611 0.656018
vt 0.621883 0.656018
vt 0.625611 0.608536
vt 0.616327 0.604546
vt 0.621883 0.656018
vt 0.616327 0.660007
vt 0.621883 0.608536
vt 0.625611 0.656018
vt 0.619892 0.662009
vt 0.629424 0.663829
vt 0.621883 0.656018
vt 0.633939 0.660007
vt 0.625611 0.608536
vt 0.633939 0.604546
vt 0.625611 0.656018
vt 0.619892 0.662009
vt 0.625611 0.656018
vt 0.629424 0.663829
vt 0.621883 0.656018
vt 0.842723 0.079742
vt 0.838382 0.083584
vt 0.838389 0.079189
vt 0.842723 0.090312
vt 0.842723 0.090312
vt 0.854372 0.089113
vt 0.842723 0.098964
vt 0.851070 0.083456
vt 0.836660 0.097215
vt 0.842723 0.090312
vt 0.842723 0.098964
vt 0.836660 0.090478
vt 0.838382 0.083584
vt 0.811477 0.079189
vt 0.838389 0.079189
vt 0.811483 0.083584
vt 0.816183 0.087019
vt 0.838382 0.083584
vt 0.834631 0.087019
vt 0.811483 0.083584
vt 0.808204 0.079739
vt 0.811483 0.083584
vt 0.808204 0.090309
vt 0.811477 0.079189
vt 0.842723 0.090309
vt 0.854372 0.089113
vt 0.851070 0.083456
vt 0.842723 0.098964
vt 0.814478 0.088779
vt 0.808204 0.090309
vt 0.814173 0.090481
vt 0.836660 0.090478
vt 0.835141 0.096243
vt 0.836336 0.088779
vt 0.836660 0.097215
vt 0.815697 0.097797
vt 0.835125 0.097797
vt 0.815688 0.096243
vt 0.814173 0.090481
vt 0.814207 0.097212
vt 0.814478 0.088779
vt 0.835141 0.096243
vt 0.834631 0.087019
vt 0.836336 0.088779
vt 0.810966 0.048576
vt 0.808311 0.021660
vt 0.810966 0.020644
vt 0.808311 0.049023
vt 0.816035 0.044765
vt 0.810966 0.020644
vt 0.816035 0.019102
vt 0.810966 0.048576
vt 0.825582 0.044766
vt 0.816035 0.019102
vt 0.825582 0.019102
vt 0.816035 0.044765
vt 0.825572 0.052426
vt 0.812072 0.049722
vt 0.825576 0.049722
vt 0.812077 0.052426
vt 0.816035 0.044765
vt 0.825582 0.044766
vt 0.829414 0.048555
vt 0.831961 0.021619
vt 0.831961 0.048980
vt 0.825582 0.044766
vt 0.842723 0.090312
vt 0.836336 0.088779
vt 0.836660 0.090478
vt 0.852956 0.048576
vt 0.855611 0.021660
vt 0.855611 0.049023
vt 0.852956 0.020644
vt 0.847887 0.044765
vt 0.852956 0.020644
vt 0.852956 0.048576
vt 0.847887 0.019102
vt 0.847887 0.019102
vt 0.838340 0.044766
vt 0.838340 0.019102
vt 0.847887 0.044765
vt 0.851850 0.049722
vt 0.838351 0.052426
vt 0.838346 0.049722
vt 0.851845 0.052426
vt 0.847887 0.044765
vt 0.838340 0.044766
vt 0.831961 0.021619
vt 0.838340 0.044766
vt 0.834508 0.048555
vt 0.838340 0.019102
vt 0.811477 0.079189
vt 0.838389 0.070212
vt 0.838389 0.079189
vt 0.811477 0.070212
vt 0.842586 0.076641
vt 0.842586 0.070190
vt 0.808244 0.076641
vt 0.808244 0.070190
vt 0.808204 0.090309
vt 0.814207 0.097212
vt 0.808204 0.098964
vt 0.814173 0.090481
vt 0.842433 0.059822
vt 0.808089 0.062687
vt 0.808089 0.059822
vt 0.842433 0.062687
vt 0.842433 0.053316
vt 0.808089 0.059822
vt 0.808089 0.053316
vt 0.842433 0.059822
vt 0.842433 0.062687
vt 0.848945 0.060396
vt 0.849064 0.068347
vt 0.842433 0.059822
vt 0.808089 0.069276
vt 0.842433 0.062687
vt 0.842433 0.069276
vt 0.808089 0.062687
vt 0.848945 0.060396
vt 0.842433 0.062687
vt 0.849065 0.068347
vt 0.842433 0.059822
vt 0.835125 0.097797
vt 0.815697 0.097797
vt 0.720626 0.086688
vt 0.710150 0.091997
vt 0.710150 0.086688
vt 0.720626 0.091997
vt 0.720181 0.095257
vt 0.710149 0.095593
vt 0.710150 0.091997
vt 0.718066 0.098166
vt 0.731104 0.086688
vt 0.731104 0.091997
vt 0.726380 0.103789
vt 0.722960 0.104902
vt 0.741581 0.086688
vt 0.731104 0.091997
vt 0.741581 0.091997
vt 0.726380 0.114336
vt 0.722960 0.113225
vt 0.752058 0.086688
vt 0.752058 0.091997
vt 0.720180 0.122870
vt 0.718067 0.119961
vt 0.762535 0.086688
vt 0.762535 0.091997
vt 0.710149 0.126130
vt 0.710149 0.122534
vt 0.773013 0.086688
vt 0.773012 0.091997
vt 0.700118 0.122870
vt 0.702231 0.119961
vt 0.741582 0.086688
vt 0.752058 0.091997
vt 0.752058 0.086688
vt 0.741582 0.091997
vt 0.693918 0.114337
vt 0.697338 0.113226
vt 0.731104 0.086688
vt 0.741582 0.091997
vt 0.731104 0.091997
vt 0.693918 0.103789
vt 0.697338 0.104901
vt 0.720626 0.086688
vt 0.731104 0.091997
vt 0.720627 0.091997
vt 0.700119 0.095256
vt 0.702231 0.098166
vt 0.699672 0.091997
vt 0.699673 0.086688
vt 0.718067 0.119961
vt 0.722960 0.104902
vt 0.722960 0.113225
vt 0.718066 0.098166
vt 0.710149 0.122534
vt 0.702231 0.119961
vt 0.697338 0.113226
vt 0.697338 0.104901
vt 0.710149 0.095593
vt 0.702231 0.098166
vt 0.862577 0.112006
vt 0.865467 0.114461
vt 0.862577 0.114461
vt 0.865467 0.112006
vt 0.801392 0.117350
vt 0.862577 0.114461
vt 0.862577 0.117350
vt 0.801392 0.114462
vt 0.801392 0.112006
vt 0.862577 0.109117
vt 0.862577 0.112006
vt 0.801392 0.109117
vt 0.862577 0.112006
vt 0.862577 0.114461
vt 0.973932 0.079216
vt 0.964085 0.082845
vt 0.964085 0.079216
vt 0.973932 0.082845
vt 0.973932 0.089683
vt 0.964084 0.093312
vt 0.964084 0.089683
vt 0.973932 0.093312
vt 0.973932 0.082845
vt 0.964084 0.089683
vt 0.964085 0.082845
vt 0.973932 0.089683
vt 0.977561 0.082845
vt 0.973932 0.089683
vt 0.973932 0.082845
vt 0.977561 0.089683
vt 0.956953 0.093312
vt 0.956953 0.089683
vt 0.956953 0.082845
vt 0.956953 0.079216
vt 0.807476 0.100222
vt 0.855334 0.103138
vt 0.855334 0.100222
vt 0.807476 0.103138
vt 0.804587 0.105644
vt 0.807476 0.103138
vt 0.804587 0.103138
vt 0.807476 0.105644
vt 0.864862 0.108559
vt 0.807476 0.105644
vt 0.807476 0.108559
vt 0.864862 0.105644
vt 0.857618 0.101731
vt 0.864862 0.098842
vt 0.857618 0.098842
vt 0.864862 0.101731
vt 0.855334 0.103138
vt 0.855334 0.100222
vt 0.991570 0.185793
vt 0.985413 0.189248
vt 0.985413 0.185793
vt 0.991570 0.189248
vt 0.995025 0.196216
vt 0.991570 0.189248
vt 0.995026 0.189249
vt 0.991570 0.196216
vt 0.994779 0.197019
vt 0.991570 0.196216
vt 0.995025 0.196216
vt 0.991753 0.197019
vt 0.985413 0.196194
vt 0.990626 0.197019
vt 0.985413 0.197019
vt 0.991570 0.196216
vt 0.984859 0.204958
vt 0.994094 0.204958
vt 0.981957 0.189248
vt 0.985413 0.196194
vt 0.981957 0.196194
vt 0.985413 0.189248
vt 0.991570 0.189248
vt 0.985413 0.189248
vt 0.982204 0.197019
vt 0.985231 0.197019
vt 0.853988 0.060254
vt 0.851759 0.058694
vt 0.853988 0.058694
vt 0.851759 0.060254
vt 0.853988 0.082222
vt 0.851759 0.080663
vt 0.853988 0.080663
vt 0.851759 0.082222
vt 0.643664 0.034332
vt 0.634538 0.045026
vt 0.634538 0.033642
vt 0.643664 0.044667
vt 0.641083 0.050936
vt 0.634538 0.051208
vt 0.627994 0.050936
vt 0.625414 0.044667
vt 0.625414 0.034332
vt 0.798973 0.119753
vt 0.800829 0.121609
vt 0.798973 0.121607
vt 0.800829 0.119750
vt 0.800829 0.125333
vt 0.862043 0.123472
vt 0.862043 0.125333
vt 0.800829 0.123472
vt 0.800829 0.119750
vt 0.862044 0.117888
vt 0.862044 0.119750
vt 0.800829 0.117888
vt 0.800829 0.121609
vt 0.862043 0.121610
vt 0.800829 0.119750
vt 0.800829 0.123472
vt 0.800829 0.121609
vt 0.853988 0.080663
vt 0.851759 0.060254
vt 0.853988 0.060254
vt 0.851759 0.080663
vt 0.851759 0.060254
vt 0.850200 0.080663
vt 0.850200 0.060254
vt 0.851759 0.080663
vt 0.853988 0.080663
vt 0.855547 0.060254
vt 0.855547 0.080663
vt 0.853988 0.060254
vt 0.207513 0.007938
vt 0.231738 0.011977
vt 0.207513 0.011977
vt 0.231738 0.007938
vt 0.207513 0.011977
vt 0.230613 0.013026
vt 0.208638 0.013026
vt 0.231738 0.011977
vt 0.207513 0.007938
vt 0.230613 0.007041
vt 0.231738 0.007938
vt 0.208638 0.007041
vt 0.236794 0.007938
vt 0.231738 0.011977
vt 0.231738 0.007938
vt 0.236794 0.011977
vt 0.236794 0.011977
vt 0.232635 0.013026
vt 0.231738 0.011977
vt 0.236794 0.013026
vt 0.236794 0.002774
vt 0.232635 0.006813
vt 0.232635 0.002774
vt 0.236794 0.006813
vt 0.236794 0.007938
vt 0.232635 0.006813
vt 0.236794 0.006813
vt 0.231738 0.007938
vt 0.202456 0.011977
vt 0.207513 0.007938
vt 0.207513 0.011977
vt 0.202456 0.007938
vt 0.202456 0.007938
vt 0.206616 0.006813
vt 0.207513 0.007938
vt 0.202456 0.006813
vt 0.202456 0.006813
vt 0.206616 0.002774
vt 0.206616 0.006813
vt 0.202456 0.002774
vt 0.202456 0.011977
vt 0.206616 0.013026
vt 0.202456 0.013026
vt 0.207513 0.011977
vt 0.231738 0.007938
vt 0.207513 0.011977
vt 0.207513 0.007938
vt 0.231738 0.011977
vt 0.207513 0.011977
vt 0.230613 0.013026
vt 0.208638 0.013026
vt 0.231738 0.011977
vt 0.208638 0.007041
vt 0.231738 0.007938
vt 0.207513 0.007938
vt 0.230613 0.007041
vt 0.236794 0.011977
vt 0.231738 0.007938
vt 0.236794 0.007938
vt 0.231738 0.011977
vt 0.236794 0.011977
vt 0.232635 0.013026
vt 0.231738 0.011977
vt 0.236794 0.013026
vt 0.236794 0.002774
vt 0.232635 0.006813
vt 0.232635 0.002774
vt 0.236794 0.006813
vt 0.236794 0.007938
vt 0.232635 0.006813
vt 0.236794 0.006813
vt 0.231738 0.007938
vt 0.202456 0.011977
vt 0.207513 0.007938
vt 0.207513 0.011977
vt 0.202456 0.007938
vt 0.202456 0.007938
vt 0.206616 0.006813
vt 0.207513 0.007938
vt 0.202456 0.006813
vt 0.202456 0.006813
vt 0.206616 0.002774
vt 0.206616 0.006813
vt 0.202456 0.002774
vt 0.202456 0.011977
vt 0.206616 0.013026
vt 0.202456 0.013026
vt 0.207513 0.011977
vt 0.231738 0.011977
vt 0.207513 0.007938
vt 0.207513 0.011977
vt 0.231738 0.007938
vt 0.230613 0.013026
vt 0.207513 0.011977
vt 0.208638 0.013026
vt 0.231738 0.011977
vt 0.230613 0.007041
vt 0.207513 0.007938
vt 0.231738 0.007938
vt 0.208638 0.007041
vt 0.231738 0.011977
vt 0.236794 0.007938
vt 0.231738 0.007938
vt 0.236794 0.011977
vt 0.232635 0.013026
vt 0.236794 0.011977
vt 0.231738 0.011977
vt 0.236794 0.013026
vt 0.232635 0.006813
vt 0.236794 0.002774
vt 0.232635 0.002774
vt 0.236794 0.006813
vt 0.236794 0.007938
vt 0.232635 0.006813
vt 0.231738 0.007938
vt 0.236794 0.006813
vt 0.207513 0.007938
vt 0.202456 0.011977
vt 0.207513 0.011977
vt 0.202456 0.007938
vt 0.206616 0.006813
vt 0.202456 0.007938
vt 0.207513 0.007938
vt 0.202456 0.006813
vt 0.206616 0.002774
vt 0.202456 0.006813
vt 0.206616 0.006813
vt 0.202456 0.002774
vt 0.202456 0.011977
vt 0.206616 0.013026
vt 0.207513 0.011977
vt 0.202456 0.013026
vt 0.231738 0.011977
vt 0.207513 0.007938
vt 0.207513 0.011977
vt 0.231738 0.007938
vt 0.230613 0.013026
vt 0.207513 0.011977
vt 0.208638 0.013026
vt 0.231738 0.011977
vt 0.230613 0.007041
vt 0.207513 0.007938
vt 0.231738 0.007938
vt 0.208638 0.007041
vt 0.231738 0.011977
vt 0.236794 0.007938
vt 0.231738 0.007938
vt 0.236794 0.011977
vt 0.232635 0.013026
vt 0.236794 0.011977
vt 0.231738 0.011977
vt 0.236794 0.013026
vt 0.232635 0.006813
vt 0.236794 0.002774
vt 0.232635 0.002774
vt 0.236794 0.006813
vt 0.236794 0.007938
vt 0.232635 0.006813
vt 0.231738 0.007938
vt 0.236794 0.006813
vt 0.207513 0.007938
vt 0.202456 0.011977
vt 0.207513 0.011977
vt 0.202456 0.007938
vt 0.206616 0.006813
vt 0.202456 0.007938
vt 0.207513 0.007938
vt 0.202456 0.006813
vt 0.206616 0.002774
vt 0.202456 0.006813
vt 0.206616 0.006813
vt 0.202456 0.002774
vt 0.202456 0.011977
vt 0.206616 0.013026
vt 0.207513 0.011977
vt 0.202456 0.013026
vt 0.527207 0.625412
vt 0.448894 0.484047
vt 0.527206 0.484047
vt 0.448895 0.625413
vt 0.448895 0.625413
vt 0.532590 0.633126
vt 0.442144 0.633126
vt 0.527207 0.625412
vt 0.527207 0.625412
vt 0.534398 0.484855
vt 0.534398 0.632049
vt 0.527206 0.484047
vt 0.448895 0.625413
vt 0.440334 0.484859
vt 0.448894 0.484047
vt 0.440335 0.632049
vt 0.431990 0.484047
vt 0.353678 0.625412
vt 0.353679 0.484047
vt 0.431990 0.625413
vt 0.348295 0.633126
vt 0.431990 0.625413
vt 0.438741 0.633126
vt 0.353678 0.625412
vt 0.534387 0.484855
vt 0.527196 0.625412
vt 0.534387 0.632049
vt 0.527195 0.484047
vt 0.431990 0.625413
vt 0.440551 0.484859
vt 0.440550 0.632049
vt 0.431990 0.484047
vt 0.617324 0.556201
vt 0.647069 0.560310
vt 0.617324 0.560310
vt 0.647069 0.556201
vt 0.617324 0.552090
vt 0.647069 0.552090
vt 0.617324 0.547979
vt 0.647069 0.547979
vt 0.647069 0.543869
vt 0.617324 0.543869
vt 0.617324 0.572619
vt 0.647069 0.576724
vt 0.617324 0.576724
vt 0.647069 0.572619
vt 0.617324 0.568517
vt 0.647069 0.568517
vt 0.617324 0.564415
vt 0.647069 0.564415
vt 0.647783 0.384379
vt 0.640156 0.384379
vt 0.643969 0.382799
vt 0.638577 0.388192
vt 0.647783 0.392006
vt 0.649363 0.388192
vt 0.640156 0.392006
vt 0.643969 0.393585
vt 0.634855 0.391996
vt 0.627247 0.391996
vt 0.625672 0.388192
vt 0.631051 0.393572
vt 0.627247 0.384388
vt 0.631051 0.382813
vt 0.636431 0.388192
vt 0.634855 0.384388
vt 0.645733 0.600986
vt 0.640134 0.604764
vt 0.638817 0.600986
vt 0.646384 0.602394
vt 0.645733 0.596360
vt 0.638817 0.600986
vt 0.638817 0.596360
vt 0.645733 0.600986
vt 0.647124 0.596360
vt 0.645733 0.600986
vt 0.645733 0.596360
vt 0.647124 0.600986
vt 0.645733 0.600986
vt 0.640134 0.604764
vt 0.646384 0.602394
vt 0.638817 0.600986
vt 0.647569 0.594186
vt 0.645623 0.589511
vt 0.645623 0.594186
vt 0.647569 0.589511
vt 0.655870 0.594186
vt 0.647569 0.589511
vt 0.647569 0.594186
vt 0.655870 0.589511
vt 0.647569 0.594186
vt 0.645623 0.589511
vt 0.645623 0.594186
vt 0.647569 0.589511
vt 0.655870 0.589511
vt 0.647569 0.594186
vt 0.655870 0.594186
vt 0.647569 0.589511
vt 0.645623 0.594186
vt 0.647569 0.589511
vt 0.647569 0.594186
vt 0.645623 0.589511
vt 0.647569 0.594186
vt 0.655871 0.589511
vt 0.655871 0.594186
vt 0.647569 0.589511
vt 0.645623 0.594186
vt 0.647569 0.589511
vt 0.647569 0.594186
vt 0.645623 0.589511
vt 0.647569 0.594186
vt 0.655870 0.589511
vt 0.655870 0.594186
vt 0.647569 0.589511
vt 0.647124 0.600986
vt 0.653808 0.596360
vt 0.653808 0.600986
vt 0.647124 0.596360
vt 0.623430 0.728913
vt 0.618825 0.741349
vt 0.623430 0.741349
vt 0.618825 0.728913
vt 0.623430 0.716475
vt 0.618825 0.716475
vt 0.623430 0.716475
vt 0.618825 0.704172
vt 0.623430 0.704172
vt 0.618825 0.716475
vt 0.623430 0.729046
vt 0.618825 0.729046
vt 0.623430 0.741483
vt 0.618825 0.741483
vt 0.623430 0.753921
vt 0.618825 0.753920
vt 0.623430 0.766357
vt 0.618825 0.766357
vt 0.623430 0.778795
vt 0.618825 0.778795
vt 0.623430 0.791233
vt 0.618825 0.791232
vt 0.623430 0.803670
vt 0.618825 0.803670
vt 0.623430 0.753787
vt 0.618825 0.766357
vt 0.623430 0.766357
vt 0.618825 0.753787
vt 0.840322 0.690096
vt 0.857988 0.679897
vt 0.850522 0.687364
vt 0.860721 0.669698
vt 0.830123 0.687364
vt 0.822658 0.679897
vt 0.819925 0.669698
vt 0.822658 0.659499
vt 0.830123 0.652034
vt 0.840322 0.649300
vt 0.857988 0.659499
vt 0.850522 0.652034
vt 0.857988 0.679897
vt 0.864473 0.669698
vt 0.861237 0.681773
vt 0.860721 0.669698
vt 0.850522 0.687364
vt 0.852398 0.690613
vt 0.840322 0.690096
vt 0.840322 0.693848
vt 0.830123 0.687364
vt 0.828248 0.690613
vt 0.822658 0.679897
vt 0.819408 0.681773
vt 0.819925 0.669698
vt 0.816173 0.669698
vt 0.822658 0.659499
vt 0.819408 0.657623
vt 0.830123 0.652034
vt 0.828248 0.648784
vt 0.840322 0.649300
vt 0.840322 0.645548
vt 0.850522 0.652034
vt 0.852398 0.648784
vt 0.857988 0.659499
vt 0.861237 0.657623
vt 0.169453 0.007492
vt 0.158258 0.005882
vt 0.169453 0.005882
vt 0.158258 0.007492
vt 0.169453 0.009248
vt 0.158258 0.009248
vt 0.169453 0.010856
vt 0.158258 0.010856
vt 0.169453 0.004274
vt 0.158258 0.004274
vt 0.169453 0.002518
vt 0.158258 0.002518
vt 0.158258 0.012465
vt 0.169453 0.012465
vt 0.174981 0.007492
vt 0.174981 0.005882
vt 0.174981 0.009248
vt 0.174981 0.010856
vt 0.174981 0.004274
vt 0.174981 0.002518
vt 0.174981 0.012465
vt 0.182120 0.007491
vt 0.182120 0.005882
vt 0.174981 0.009248
vt 0.182120 0.009248
vt 0.174981 0.009248
vt 0.182120 0.010856
vt 0.182120 0.004274
vt 0.182120 0.002518
vt 0.174981 0.002518
vt 0.182120 0.012465
vt 0.182120 0.010856
vt 0.174981 0.012465
vt 0.187647 0.005882
vt 0.187647 0.007491
vt 0.182120 0.009248
vt 0.187647 0.009248
vt 0.182120 0.010856
vt 0.182120 0.009248
vt 0.187647 0.010856
vt 0.187647 0.004274
vt 0.182120 0.002518
vt 0.187647 0.002518
vt 0.187647 0.012465
vt 0.182120 0.012465
vt 0.198851 0.005882
vt 0.198851 0.007491
vt 0.198851 0.009247
vt 0.198851 0.010856
vt 0.198851 0.004274
vt 0.198851 0.002518
vt 0.198851 0.012465
vt 0.082603 0.104542
vt 0.089641 0.120880
vt 0.089641 0.104542
vt 0.082603 0.120880
vt 0.075564 0.104542
vt 0.075564 0.120880
vt 0.068524 0.104542
vt 0.068524 0.120880
vt 0.096681 0.120880
vt 0.096681 0.104542
vt 0.068524 0.104542
vt 0.075564 0.097503
vt 0.068524 0.097503
vt 0.075564 0.104542
vt 0.075564 0.097503
vt 0.068524 0.104542
vt 0.068524 0.097503
vt 0.075564 0.104542
vt 0.169453 0.007492
vt 0.158258 0.005882
vt 0.158258 0.007492
vt 0.169453 0.005882
vt 0.169453 0.009248
vt 0.158258 0.009248
vt 0.169453 0.010856
vt 0.158258 0.010856
vt 0.169453 0.004274
vt 0.158258 0.004274
vt 0.169453 0.002518
vt 0.158258 0.002518
vt 0.158258 0.012465
vt 0.169453 0.012465
vt 0.174981 0.007492
vt 0.174981 0.005882
vt 0.174981 0.009248
vt 0.174981 0.010856
vt 0.174981 0.004274
vt 0.174981 0.002518
vt 0.174981 0.012465
vt 0.182120 0.007491
vt 0.182120 0.005882
vt 0.182120 0.009248
vt 0.182120 0.010856
vt 0.182120 0.004274
vt 0.182120 0.002518
vt 0.182120 0.012465
vt 0.182120 0.010856
vt 0.187647 0.005882
vt 0.187647 0.007491
vt 0.182120 0.009248
vt 0.187647 0.009248
vt 0.182120 0.010856
vt 0.182120 0.009248
vt 0.187647 0.010856
vt 0.187647 0.004274
vt 0.182120 0.002518
vt 0.187647 0.002518
vt 0.187647 0.012465
vt 0.182120 0.012465
vt 0.198851 0.005882
vt 0.198851 0.007491
vt 0.198851 0.009247
vt 0.198851 0.010856
vt 0.198851 0.004274
vt 0.198851 0.002518
vt 0.198851 0.012465
vt 0.089641 0.120880
vt 0.082603 0.104542
vt 0.089641 0.104542
vt 0.082603 0.120880
vt 0.075564 0.104542
vt 0.075564 0.120880
vt 0.068524 0.104542
vt 0.068524 0.120880
vt 0.096681 0.120880
vt 0.096681 0.104542
vt 0.075564 0.097503
vt 0.068524 0.104542
vt 0.068524 0.097503
vt 0.075564 0.104542
vt 0.068524 0.104542
vt 0.075564 0.097503
vt 0.068524 0.097503
vt 0.075564 0.104542
vt 0.087947 0.124686
vt 0.096280 0.135289
vt 0.087947 0.139928
vt 0.096280 0.129325
vt 0.078525 0.139928
vt 0.078525 0.124686
vt 0.070192 0.135289
vt 0.070192 0.129325
vt 0.070192 0.129325
vt 0.068149 0.135286
vt 0.068149 0.129328
vt 0.070192 0.135289
vt 0.070192 0.135289
vt 0.077532 0.141707
vt 0.069210 0.137074
vt 0.078525 0.139928
vt 0.087947 0.141968
vt 0.078534 0.141968
vt 0.087947 0.139928
vt 0.097270 0.137070
vt 0.088947 0.141703
vt 0.096280 0.135289
vt 0.096280 0.135289
vt 0.098323 0.129328
vt 0.098323 0.135285
vt 0.096280 0.129325
vt 0.096280 0.129325
vt 0.088947 0.122910
vt 0.097270 0.127543
vt 0.087947 0.124686
vt 0.078534 0.122645
vt 0.087947 0.122645
vt 0.078525 0.124686
vt 0.069210 0.127539
vt 0.077532 0.122906
vt 0.070192 0.129325
vt 0.078525 0.124686
vt 0.070192 0.135289
vt 0.078525 0.139928
vt 0.070192 0.129325
vt 0.087947 0.124686
vt 0.096280 0.135289
vt 0.096280 0.129325
vt 0.087947 0.139928
vt 0.068149 0.135286
vt 0.070192 0.129325
vt 0.068149 0.129328
vt 0.070192 0.135289
vt 0.077532 0.141707
vt 0.070192 0.135289
vt 0.069210 0.137074
vt 0.078525 0.139928
vt 0.087947 0.141968
vt 0.078534 0.141968
vt 0.087947 0.139928
vt 0.097270 0.137070
vt 0.088947 0.141703
vt 0.096280 0.135289
vt 0.098323 0.129328
vt 0.096280 0.135289
vt 0.098323 0.135285
vt 0.096280 0.129325
vt 0.088947 0.122910
vt 0.096280 0.129325
vt 0.097270 0.127543
vt 0.087947 0.124686
vt 0.078534 0.122645
vt 0.087947 0.122645
vt 0.078525 0.124686
vt 0.069210 0.127539
vt 0.077532 0.122906
vt 0.070192 0.129325
vt 0.704540 0.382299
vt 0.712792 0.380955
vt 0.712918 0.382299
vt 0.697118 0.375727
vt 0.695205 0.393009
vt 0.693767 0.382362
vt 0.695205 0.382299
vt 0.693767 0.393071
vt 0.704540 0.393008
vt 0.695205 0.382299
vt 0.704540 0.382299
vt 0.695205 0.393009
vt 0.712918 0.393008
vt 0.712918 0.382299
vt 0.714311 0.393009
vt 0.712918 0.382299
vt 0.714311 0.382299
vt 0.712918 0.393008
vt 0.704540 0.382299
vt 0.697119 0.375727
vt 0.696363 0.377298
vt 0.712792 0.380955
vt 0.981461 0.085499
vt 0.981461 0.076034
vt 0.986595 0.076034
vt 0.977746 0.080766
vt 0.964496 0.076034
vt 0.969630 0.068971
vt 0.969630 0.076034
vt 0.961694 0.068971
vt 0.981461 0.068971
vt 0.986595 0.076034
vt 0.981461 0.076034
vt 0.989397 0.068971
vt 0.975545 0.068971
vt 0.975545 0.076034
vt 0.981461 0.068971
vt 0.989397 0.059505
vt 0.989397 0.068971
vt 0.981461 0.059505
vt 0.075996 0.222424
vt 0.085230 0.223229
vt 0.085237 0.226262
vt 0.078149 0.220293
vt 0.072262 0.213163
vt 0.075299 0.213157
vt 0.075991 0.203903
vt 0.078150 0.206026
vt 0.085223 0.200054
vt 0.085225 0.203087
vt 0.094449 0.203887
vt 0.092309 0.206037
vt 0.095280 0.213162
vt 0.098308 0.213149
vt 0.092306 0.220279
vt 0.094457 0.222413
vt 0.075299 0.213157
vt 0.085225 0.203087
vt 0.092309 0.206037
vt 0.078150 0.206026
vt 0.095280 0.213162
vt 0.078149 0.220293
vt 0.092306 0.220279
vt 0.085230 0.223229
vt 0.647880 0.605075
vt 0.652283 0.607862
vt 0.643477 0.607862
vt 0.656920 0.602758
vt 0.652282 0.607862
vt 0.656920 0.607862
vt 0.652282 0.602758
vt 0.656920 0.607862
vt 0.656920 0.602758
vt 0.652283 0.607862
vt 0.656920 0.645783
vt 0.652283 0.645783
vt 0.656920 0.650641
vt 0.652283 0.650641
vt 0.656920 0.645783
vt 0.652283 0.650641
vt 0.656920 0.650641
vt 0.652283 0.645783
vt 0.671390 0.581782
vt 0.681798 0.586420
vt 0.681798 0.581782
vt 0.671390 0.586420
vt 0.660982 0.581782
vt 0.660982 0.586420
vt 0.650573 0.581782
vt 0.660982 0.586420
vt 0.660982 0.581782
vt 0.650573 0.586420
vt 0.640165 0.581782
vt 0.640165 0.586420
vt 0.650573 0.581782
vt 0.640165 0.586420
vt 0.640165 0.581782
vt 0.650573 0.586420
vt 0.660982 0.581782
vt 0.660982 0.586420
vt 0.671390 0.581782
vt 0.660982 0.586420
vt 0.660982 0.581782
vt 0.671390 0.586420
vt 0.681798 0.581782
vt 0.681798 0.586420
vt 0.626001 0.486850
vt 0.632123 0.483790
vt 0.638228 0.486853
vt 0.621658 0.482685
vt 0.623215 0.493179
vt 0.617238 0.493147
vt 0.626001 0.486850
vt 0.632123 0.483790
vt 0.632134 0.477844
vt 0.642594 0.482722
vt 0.638228 0.486853
vt 0.641020 0.493164
vt 0.646997 0.493179
vt 0.642561 0.503708
vt 0.638257 0.499503
vt 0.632106 0.502386
vt 0.632103 0.508358
vt 0.621671 0.503679
vt 0.625982 0.499499
vt 0.886374 0.274552
vt 0.870197 0.297732
vt 0.886374 0.297736
vt 0.870197 0.274548
vt 0.886374 0.251367
vt 0.870198 0.251367
vt 0.886374 0.274552
vt 0.870198 0.251367
vt 0.886374 0.251367
vt 0.870197 0.274548
vt 0.886374 0.297736
vt 0.870197 0.297732
vt 0.886374 0.320919
vt 0.870197 0.320916
vt 0.886373 0.344101
vt 0.870197 0.344101
vt 0.886374 0.320919
vt 0.870197 0.344101
vt 0.886373 0.344101
vt 0.870197 0.320916
vt 0.870197 0.297732
vt 0.886374 0.274552
vt 0.886374 0.297736
vt 0.870197 0.274548
vt 0.886374 0.251367
vt 0.870198 0.251367
vt 0.870198 0.251367
vt 0.886374 0.274552
vt 0.886374 0.251367
vt 0.870197 0.274548
vt 0.886374 0.297736
vt 0.870197 0.297732
vt 0.886374 0.320919
vt 0.870197 0.320916
vt 0.886373 0.344101
vt 0.870197 0.344101
vt 0.870197 0.344101
vt 0.886374 0.320919
vt 0.886373 0.344101
vt 0.870197 0.320916
vt 0.657644 0.321278
vt 0.651054 0.332868
vt 0.647021 0.333185
vt 0.658447 0.323016
vt 0.648496 0.376296
vt 0.646993 0.377030
vt 0.649028 0.377441
vt 0.646993 0.377030
vt 0.648496 0.376296
vt 0.647569 0.378154
vt 0.652302 0.333294
vt 0.648496 0.376296
vt 0.651054 0.332868
vt 0.649755 0.376373
vt 0.646451 0.334311
vt 0.643958 0.331780
vt 0.647021 0.333185
vt 0.643479 0.332949
vt 0.659578 0.323649
vt 0.658447 0.323016
vt 0.722508 0.321974
vt 0.679397 0.323449
vt 0.722824 0.326006
vt 0.678662 0.321946
vt 0.734416 0.332596
vt 0.732677 0.333399
vt 0.657643 0.321277
vt 0.651054 0.332868
vt 0.647021 0.333185
vt 0.658446 0.323016
vt 0.648496 0.376296
vt 0.646993 0.377030
vt 0.649028 0.377441
vt 0.646993 0.377030
vt 0.648496 0.376296
vt 0.647569 0.378154
vt 0.652302 0.333294
vt 0.648496 0.376296
vt 0.651054 0.332868
vt 0.649755 0.376373
vt 0.646451 0.334311
vt 0.643958 0.331780
vt 0.647021 0.333185
vt 0.643479 0.332949
vt 0.659578 0.323649
vt 0.658446 0.323016
vt 0.722508 0.321974
vt 0.679397 0.323449
vt 0.722824 0.326006
vt 0.678662 0.321946
vt 0.734416 0.332596
vt 0.732676 0.333399
vt 0.658447 0.323016
vt 0.658801 0.320776
vt 0.659579 0.322459
vt 0.657644 0.321278
vt 0.658446 0.323016
vt 0.658801 0.320776
vt 0.659579 0.322459
vt 0.657643 0.321277
vt 0.448337 0.025225
vt 0.502881 0.027849
vt 0.448337 0.027853
vt 0.502881 0.025222
vt 0.448337 0.022596
vt 0.502881 0.022596
vt 0.448337 0.019968
vt 0.502881 0.019970
vt 0.448337 0.017340
vt 0.502881 0.017344
vt 0.445709 0.019969
vt 0.448337 0.022596
vt 0.445710 0.022596
vt 0.448337 0.019968
vt 0.502881 0.019970
vt 0.505507 0.022597
vt 0.502881 0.022596
vt 0.505507 0.019970
vt 0.863104 0.066332
vt 0.858997 0.091543
vt 0.858997 0.066332
vt 0.903614 0.091545
vt 0.863104 0.046188
vt 0.903614 0.018880
vt 0.021960 0.501299
vt 0.022996 0.507662
vt 0.021960 0.507662
vt 0.033696 0.501299
vt 0.022996 0.512745
vt 0.033696 0.519637
vt 0.857140 0.091543
vt 0.858997 0.066332
vt 0.858997 0.091543
vt 0.857140 0.066332
vt 0.858996 0.093402
vt 0.903614 0.091545
vt 0.905502 0.093434
vt 0.858997 0.091543
vt 0.857792 0.064646
vt 0.863104 0.066332
vt 0.858997 0.066332
vt 0.861248 0.064646
vt 0.906212 0.018880
vt 0.903614 0.091545
vt 0.903614 0.018880
vt 0.906212 0.091545
vt 0.861248 0.064646
vt 0.863104 0.046188
vt 0.863104 0.066332
vt 0.861248 0.064646
vt 0.861246 0.047873
vt 0.863104 0.046188
vt 0.858996 0.017032
vt 0.903614 0.018880
vt 0.858997 0.018889
vt 0.905502 0.016991
vt 0.857140 0.046179
vt 0.858997 0.018889
vt 0.858997 0.046179
vt 0.857140 0.018889
vt 0.861246 0.047873
vt 0.858997 0.046179
vt 0.863104 0.046188
vt 0.857788 0.047873
vt 0.858997 0.018889
vt 0.858997 0.046179
vt 0.021960 0.519635
vt 0.021959 0.512748
vt 0.647021 0.333185
vt 0.657644 0.321278
vt 0.643958 0.331780
vt 0.651054 0.332868
vt 0.648496 0.376296
vt 0.646993 0.377030
vt 0.646993 0.377030
vt 0.649028 0.377441
vt 0.648496 0.376296
vt 0.647569 0.378154
vt 0.648496 0.376296
vt 0.652302 0.333294
vt 0.651054 0.332868
vt 0.649755 0.376373
vt 0.643958 0.331780
vt 0.646451 0.334311
vt 0.647021 0.333185
vt 0.643479 0.332949
vt 0.659578 0.323649
vt 0.658447 0.323016
vt 0.722508 0.321974
vt 0.734416 0.332596
vt 0.732677 0.333399
vt 0.723912 0.318911
vt 0.722824 0.326006
vt 0.679397 0.323449
vt 0.647021 0.333185
vt 0.657643 0.321277
vt 0.643958 0.331780
vt 0.651054 0.332868
vt 0.648496 0.376296
vt 0.646993 0.377030
vt 0.646993 0.377030
vt 0.649028 0.377441
vt 0.648496 0.376296
vt 0.647569 0.378154
vt 0.648496 0.376296
vt 0.652302 0.333294
vt 0.651054 0.332868
vt 0.649755 0.376373
vt 0.643958 0.331780
vt 0.646451 0.334311
vt 0.647021 0.333185
vt 0.643479 0.332949
vt 0.659578 0.323649
vt 0.658446 0.323016
vt 0.734416 0.332596
vt 0.722508 0.321974
vt 0.723912 0.318911
vt 0.722824 0.326006
vt 0.679397 0.323449
vt 0.678662 0.321946
vt 0.658801 0.320776
vt 0.658447 0.323016
vt 0.659579 0.322459
vt 0.657644 0.321278
vt 0.658801 0.320776
vt 0.658446 0.323016
vt 0.659579 0.322459
vt 0.657643 0.321277
vt 0.502881 0.027849
vt 0.448337 0.025225
vt 0.448337 0.027853
vt 0.502881 0.025222
vt 0.448337 0.022596
vt 0.502881 0.022596
vt 0.448337 0.019968
vt 0.502881 0.019970
vt 0.448337 0.017340
vt 0.502881 0.017344
vt 0.448337 0.022596
vt 0.445709 0.019969
vt 0.445710 0.022596
vt 0.448337 0.019968
vt 0.505507 0.022597
vt 0.502881 0.019970
vt 0.502881 0.022596
vt 0.505507 0.019970
vt 0.953336 0.091569
vt 0.949229 0.066358
vt 0.953336 0.066358
vt 0.908720 0.091571
vt 0.949229 0.046214
vt 0.908719 0.018906
vt 0.022996 0.507662
vt 0.021960 0.501299
vt 0.021960 0.507662
vt 0.033696 0.501299
vt 0.022996 0.512745
vt 0.033696 0.519637
vt 0.953336 0.066358
vt 0.955194 0.091569
vt 0.953336 0.091569
vt 0.955194 0.066358
vt 0.953337 0.093428
vt 0.908720 0.091571
vt 0.953336 0.091569
vt 0.906832 0.093460
vt 0.949229 0.066358
vt 0.954541 0.064672
vt 0.953336 0.066358
vt 0.951085 0.064672
vt 0.908720 0.091571
vt 0.906121 0.018906
vt 0.908719 0.018906
vt 0.906121 0.091571
vt 0.949229 0.046214
vt 0.951085 0.064672
vt 0.949229 0.066358
vt 0.949229 0.046214
vt 0.951087 0.047900
vt 0.951085 0.064672
vt 0.908719 0.018906
vt 0.953337 0.017058
vt 0.953336 0.018915
vt 0.906831 0.017017
vt 0.953336 0.018915
vt 0.955194 0.046205
vt 0.953336 0.046205
vt 0.955194 0.018915
vt 0.953336 0.046205
vt 0.951087 0.047900
vt 0.949229 0.046214
vt 0.954545 0.047900
vt 0.953336 0.018915
vt 0.953336 0.046205
vt 0.021960 0.519635
vt 0.021959 0.512748
vt 0.786168 0.100413
vt 0.781323 0.099816
vt 0.779140 0.101891
vt 0.783375 0.099325
vt 0.773642 0.116385
vt 0.773387 0.119175
vt 0.779467 0.135027
vt 0.782871 0.137168
vt 0.786962 0.134719
vt 0.796823 0.121899
vt 0.795438 0.112552
vt 0.797622 0.117549
vt 0.876916 0.157617
vt 0.881400 0.154229
vt 0.881400 0.157617
vt 0.876916 0.154229
vt 0.881398 0.249542
vt 0.876915 0.246975
vt 0.881398 0.246975
vt 0.876915 0.249542
vt 0.876915 0.244164
vt 0.881398 0.244164
vt 0.876916 0.172904
vt 0.881399 0.172904
vt 0.876915 0.228520
vt 0.881399 0.228520
vt 0.876915 0.225508
vt 0.881399 0.225508
vt 0.876916 0.208516
vt 0.881399 0.208516
vt 0.876916 0.178655
vt 0.881399 0.178655
vt 0.876916 0.183508
vt 0.881399 0.183508
vt 0.876916 0.199204
vt 0.881399 0.199204
vt 0.876916 0.204241
vt 0.881399 0.204241
vt 0.882274 0.154229
vt 0.881400 0.157617
vt 0.881400 0.154229
vt 0.882274 0.157617
vt 0.881398 0.246975
vt 0.882273 0.249542
vt 0.881398 0.249542
vt 0.882273 0.246975
vt 0.881398 0.244164
vt 0.882273 0.244164
vt 0.881399 0.228520
vt 0.882273 0.228520
vt 0.882273 0.225508
vt 0.881399 0.225508
vt 0.881399 0.208516
vt 0.882273 0.225508
vt 0.882274 0.208516
vt 0.882274 0.204241
vt 0.881399 0.204241
vt 0.881399 0.199204
vt 0.882274 0.204241
vt 0.882274 0.199204
vt 0.882274 0.183508
vt 0.881399 0.183508
vt 0.881399 0.178655
vt 0.882274 0.183508
vt 0.882274 0.178655
vt 0.881399 0.172904
vt 0.882274 0.172904
vt 0.882274 0.154229
vt 0.885976 0.157617
vt 0.882274 0.157617
vt 0.885976 0.154229
vt 0.885975 0.246975
vt 0.882273 0.249542
vt 0.882273 0.246975
vt 0.885975 0.249542
vt 0.885975 0.244164
vt 0.882273 0.244164
vt 0.885975 0.228520
vt 0.882273 0.228520
vt 0.885975 0.225508
vt 0.882273 0.225508
vt 0.885975 0.208516
vt 0.882274 0.208516
vt 0.885975 0.204241
vt 0.882274 0.204241
vt 0.882274 0.199204
vt 0.885976 0.199204
vt 0.882274 0.183508
vt 0.885976 0.183508
vt 0.882274 0.178655
vt 0.885976 0.178655
vt 0.882274 0.172904
vt 0.885976 0.172904
vt 0.028581 0.480040
vt 0.025766 0.480438
vt 0.027249 0.479799
vt 0.022357 0.483041
vt 0.032162 0.482794
vt 0.032923 0.484126
vt 0.032223 0.485242
vt 0.027755 0.486957
vt 0.026898 0.486878
vt 0.022827 0.485335
vt 0.022006 0.483943
vt 0.022174 0.484646
vt 0.069664 0.066821
vt 0.083218 0.078248
vt 0.069664 0.078248
vt 0.083218 0.066821
vt 0.096771 0.078248
vt 0.096771 0.066821
vt 0.110326 0.078248
vt 0.110326 0.066821
vt 0.110326 0.066821
vt 0.096707 0.078248
vt 0.110326 0.078248
vt 0.096707 0.066821
vt 0.083153 0.078248
vt 0.083153 0.066821
vt 0.069664 0.078248
vt 0.069664 0.066821
vt 0.096492 0.102813
vt 0.096494 0.079336
vt 0.082940 0.079335
vt 0.103271 0.091076
vt 0.076162 0.091073
vt 0.082938 0.102812
vt 0.143385 0.003449
vt 0.153224 0.010041
vt 0.153223 0.003449
vt 0.143385 0.010041
vt 0.133547 0.003449
vt 0.133547 0.010041
vt 0.123708 0.003450
vt 0.123708 0.010041
vt 0.133546 0.003450
vt 0.123708 0.010041
vt 0.123708 0.003450
vt 0.133546 0.010041
vt 0.143385 0.003450
vt 0.143385 0.010041
vt 0.153223 0.003449
vt 0.153224 0.010041
vt 0.995582 0.274263
vt 0.889604 0.262918
vt 0.995582 0.262914
vt 0.889604 0.274263
vt 0.889604 0.251545
vt 0.995582 0.251544
vt 0.889604 0.240472
vt 0.995582 0.240472
vt 0.889604 0.229087
vt 0.995582 0.229087
vt 0.976221 0.215110
vt 0.889604 0.215111
vt 0.889605 0.195835
vt 0.976221 0.205491
vt 0.976221 0.195846
vt 0.976126 0.296327
vt 0.889604 0.296327
vt 0.554411 0.484659
vt 0.563004 0.564906
vt 0.554411 0.564906
vt 0.563005 0.484659
vt 0.571615 0.564906
vt 0.571614 0.484659
vt 0.579999 0.564906
vt 0.579997 0.484659
vt 0.588620 0.564906
vt 0.588618 0.484659
vt 0.537705 0.499412
vt 0.537705 0.564906
vt 0.995582 0.296327
vt 0.976152 0.297174
vt 0.976126 0.296327
vt 0.995582 0.297175
vt 0.996455 0.274263
vt 0.995582 0.296327
vt 0.995582 0.274263
vt 0.996455 0.296327
vt 0.996455 0.262912
vt 0.995582 0.262914
vt 0.889604 0.274263
vt 0.888742 0.262918
vt 0.889604 0.262918
vt 0.888742 0.274263
vt 0.995582 0.251544
vt 0.996455 0.251542
vt 0.889604 0.251545
vt 0.888742 0.251545
vt 0.995582 0.240472
vt 0.996455 0.240470
vt 0.888742 0.240472
vt 0.889604 0.240472
vt 0.996455 0.229085
vt 0.995582 0.229087
vt 0.888742 0.229087
vt 0.889604 0.229087
vt 0.889604 0.215111
vt 0.888742 0.215110
vt 0.980056 0.208148
vt 0.995582 0.207318
vt 0.995582 0.208148
vt 0.980056 0.207318
vt 0.995582 0.215110
vt 0.996455 0.215108
vt 0.889605 0.195835
vt 0.888742 0.195835
vt 0.976221 0.205491
vt 0.980518 0.207457
vt 0.976685 0.204800
vt 0.889604 0.296327
vt 0.888742 0.296327
vt 0.887336 0.140357
vt 0.872772 0.142207
vt 0.872777 0.140353
vt 0.887333 0.142211
vt 0.887333 0.142211
vt 0.872769 0.144062
vt 0.872772 0.142207
vt 0.887330 0.144062
vt 0.887330 0.144062
vt 0.872772 0.145918
vt 0.872769 0.144062
vt 0.887333 0.145913
vt 0.887333 0.145913
vt 0.872777 0.147772
vt 0.872772 0.145918
vt 0.887336 0.147767
vt 0.887336 0.140357
vt 0.872773 0.142207
vt 0.872777 0.140353
vt 0.887333 0.142212
vt 0.887333 0.142212
vt 0.872770 0.144062
vt 0.872773 0.142207
vt 0.887330 0.144062
vt 0.887330 0.144062
vt 0.872774 0.145918
vt 0.872770 0.144062
vt 0.887333 0.145913
vt 0.887333 0.145913
vt 0.872777 0.147772
vt 0.872774 0.145918
vt 0.887336 0.147768
vt 0.887336 0.140357
vt 0.872775 0.142207
vt 0.872779 0.140353
vt 0.887333 0.142212
vt 0.887333 0.142212
vt 0.872772 0.144062
vt 0.872775 0.142207
vt 0.887330 0.144062
vt 0.887330 0.144062
vt 0.872775 0.145918
vt 0.872772 0.144062
vt 0.887333 0.145913
vt 0.887333 0.145913
vt 0.872779 0.147772
vt 0.872775 0.145918
vt 0.887336 0.147768
vt 0.872775 0.142207
vt 0.887336 0.140357
vt 0.887333 0.142212
vt 0.872778 0.140353
vt 0.872770 0.144062
vt 0.887333 0.142212
vt 0.887330 0.144062
vt 0.872775 0.142207
vt 0.872775 0.145918
vt 0.887330 0.144062
vt 0.887333 0.145913
vt 0.872770 0.144062
vt 0.872778 0.147772
vt 0.887333 0.145913
vt 0.887336 0.147768
vt 0.872775 0.145918
vt 0.887336 0.140357
vt 0.872775 0.142207
vt 0.872780 0.140353
vt 0.887333 0.142212
vt 0.887333 0.142212
vt 0.872773 0.144062
vt 0.872775 0.142207
vt 0.887330 0.144062
vt 0.887330 0.144062
vt 0.872775 0.145918
vt 0.872773 0.144062
vt 0.887333 0.145913
vt 0.887333 0.145913
vt 0.872780 0.147772
vt 0.872775 0.145918
vt 0.887336 0.147768
vt 0.628012 0.538932
vt 0.620921 0.520675
vt 0.628045 0.513358
vt 0.620921 0.531166
vt 0.645581 0.520644
vt 0.638255 0.513358
vt 0.628012 0.538932
vt 0.645581 0.531234
vt 0.638321 0.538932
vt 0.627024 0.541039
vt 0.638321 0.538932
vt 0.639211 0.541039
vt 0.628012 0.538932
vt 0.645581 0.531234
vt 0.647726 0.532119
vt 0.647727 0.519813
vt 0.645581 0.520644
vt 0.639223 0.511206
vt 0.638255 0.513358
vt 0.627230 0.511206
vt 0.628045 0.513358
vt 0.618791 0.519791
vt 0.620921 0.520675
vt 0.618791 0.519791
vt 0.620921 0.531166
vt 0.618791 0.532007
vt 0.022220 0.493989
vt 0.021255 0.491503
vt 0.022220 0.490538
vt 0.021255 0.492946
vt 0.024582 0.491503
vt 0.023585 0.490538
vt 0.024582 0.492946
vt 0.023585 0.493989
vt 0.974702 0.054632
vt 0.985651 0.017459
vt 0.985651 0.054632
vt 0.974702 0.017459
vt 0.960190 0.060436
vt 0.972074 0.021404
vt 0.972074 0.060436
vt 0.960190 0.021404
vt 0.974702 0.054632
vt 0.985651 0.057888
vt 0.974702 0.057888
vt 0.985651 0.054632
vt 0.985651 0.017459
vt 0.988907 0.054632
vt 0.985651 0.054632
vt 0.988907 0.017459
vt 0.985651 0.054632
vt 0.974702 0.057888
vt 0.985651 0.057888
vt 0.974702 0.054632
vt 0.972074 0.021404
vt 0.960190 0.018056
vt 0.972074 0.018056
vt 0.960190 0.021404
vt 0.960190 0.021404
vt 0.956770 0.060436
vt 0.956770 0.021404
vt 0.960190 0.060436
vt 0.960190 0.060436
vt 0.972074 0.063927
vt 0.960190 0.063927
vt 0.972074 0.060436
vt 0.562061 0.022842
vt 0.642577 0.027228
vt 0.562061 0.027227
vt 0.642577 0.022843
vt 0.560764 0.027227
vt 0.562061 0.022842
vt 0.562061 0.027227
vt 0.560764 0.022832
vt 0.642577 0.022843
vt 0.643874 0.027228
vt 0.642577 0.027228
vt 0.643874 0.022832
vt 0.642577 0.027228
vt 0.562062 0.028524
vt 0.562061 0.027227
vt 0.642577 0.028525
vt 0.980056 0.208148
vt 0.995582 0.215110
vt 0.995582 0.208148
vt 0.599200 0.484659
vt 0.604471 0.496420
vt 0.599202 0.499326
vt 0.604471 0.484659
vt 0.995582 0.208148
vt 0.996455 0.208148
vt 0.976221 0.195846
vt 0.976967 0.205480
vt 0.976221 0.205491
vt 0.976967 0.195855
vt 0.797627 0.149950
vt 0.865863 0.161457
vt 0.797627 0.161458
vt 0.865863 0.149950
vt 0.797627 0.138442
vt 0.865862 0.138442
vt 0.797627 0.126935
vt 0.865862 0.126935
vt 0.797627 0.138442
vt 0.865862 0.126935
vt 0.797627 0.126935
vt 0.865863 0.138442
vt 0.797627 0.149950
vt 0.865863 0.149950
vt 0.797627 0.161458
vt 0.865863 0.161457
vt 0.946001 0.368350
vt 0.946001 0.348030
vt 0.951866 0.358190
vt 0.934269 0.348030
vt 0.928403 0.358190
vt 0.934269 0.368350
vt 0.014860 0.493777
vt 0.019672 0.493778
vt 0.017266 0.495167
vt 0.019672 0.490999
vt 0.017266 0.489610
vt 0.014860 0.490999
vt 0.039040 0.572734
vt 0.045032 0.575424
vt 0.037442 0.575424
vt 0.043423 0.572734
vt 0.039384 0.570028
vt 0.043066 0.570028
vt 0.037442 0.575424
vt 0.043423 0.572734
vt 0.039040 0.572734
vt 0.045032 0.575424
vt 0.045336 0.581793
vt 0.036079 0.581793
vt 0.045336 0.581793
vt 0.036079 0.581793
vt 0.026192 0.495446
vt 0.029518 0.489771
vt 0.029483 0.495266
vt 0.026228 0.489374
vt 0.951279 0.384093
vt 0.951303 0.394501
vt 0.949045 0.389247
vt 0.956132 0.398299
vt 0.956171 0.379828
vt 0.972992 0.379828
vt 0.031544 0.493844
vt 0.030422 0.495592
vt 0.032264 0.494428
vt 0.954540 0.401649
vt 0.948117 0.397064
vt 0.032055 0.492604
vt 0.032757 0.492612
vt 0.948254 0.381354
vt 0.946183 0.389148
vt 0.031544 0.491371
vt 0.030422 0.489427
vt 0.032267 0.490789
vt 0.954571 0.376487
vt 0.972992 0.376487
vt 0.972990 0.401649
vt 0.972990 0.398299
vt 0.043066 0.570028
vt 0.039384 0.570028
vt 0.642577 0.022843
vt 0.562061 0.018412
vt 0.642577 0.018412
vt 0.562061 0.022842
vt 0.643874 0.018412
vt 0.642577 0.022843
vt 0.642577 0.018412
vt 0.643874 0.022848
vt 0.562061 0.022842
vt 0.560764 0.018412
vt 0.562061 0.018412
vt 0.560764 0.022850
vt 0.562061 0.018412
vt 0.642577 0.017114
vt 0.642577 0.018412
vt 0.562062 0.017115
vt 0.599202 0.564906
vt 0.606479 0.499324
vt 0.613796 0.564903
vt 0.613796 0.499324
vt 0.889604 0.127986
vt 0.995582 0.116642
vt 0.995582 0.127990
vt 0.889604 0.116642
vt 0.889604 0.139359
vt 0.995582 0.139361
vt 0.889604 0.150432
vt 0.995582 0.150433
vt 0.889604 0.161818
vt 0.995582 0.161818
vt 0.976221 0.175794
vt 0.889604 0.175794
vt 0.889604 0.195069
vt 0.976221 0.185414
vt 0.976221 0.195059
vt 0.976127 0.094578
vt 0.889604 0.094578
vt 0.563000 0.564906
vt 0.554407 0.484659
vt 0.554407 0.564906
vt 0.563001 0.484659
vt 0.571611 0.564906
vt 0.571610 0.484659
vt 0.579995 0.564906
vt 0.579993 0.484659
vt 0.588616 0.564906
vt 0.588614 0.484659
vt 0.537701 0.499412
vt 0.537701 0.564906
vt 0.976152 0.093730
vt 0.995582 0.094578
vt 0.976127 0.094578
vt 0.995582 0.093729
vt 0.996455 0.116642
vt 0.995582 0.094578
vt 0.996455 0.094578
vt 0.995582 0.116642
vt 0.996455 0.127992
vt 0.995582 0.127990
vt 0.888742 0.127986
vt 0.889604 0.116642
vt 0.889604 0.127986
vt 0.888742 0.116642
vt 0.995582 0.139361
vt 0.996455 0.139363
vt 0.889604 0.139359
vt 0.888742 0.139359
vt 0.995582 0.150433
vt 0.996455 0.150435
vt 0.888742 0.150432
vt 0.889604 0.150432
vt 0.996455 0.161820
vt 0.995582 0.161818
vt 0.888742 0.161818
vt 0.889604 0.161818
vt 0.889604 0.175794
vt 0.888742 0.175794
vt 0.995582 0.183586
vt 0.980056 0.182757
vt 0.995582 0.182757
vt 0.980057 0.183586
vt 0.995582 0.175794
vt 0.996455 0.175796
vt 0.889604 0.195069
vt 0.888742 0.195069
vt 0.980518 0.183448
vt 0.976221 0.185414
vt 0.976685 0.186105
vt 0.889604 0.094578
vt 0.888742 0.094578
vt 0.872772 0.142207
vt 0.887336 0.140357
vt 0.872777 0.140353
vt 0.887333 0.142211
vt 0.872769 0.144062
vt 0.887333 0.142211
vt 0.872772 0.142207
vt 0.887330 0.144062
vt 0.872772 0.145918
vt 0.887330 0.144062
vt 0.872769 0.144062
vt 0.887333 0.145913
vt 0.872777 0.147772
vt 0.887333 0.145913
vt 0.872772 0.145918
vt 0.887336 0.147767
vt 0.872773 0.142207
vt 0.887336 0.140357
vt 0.872777 0.140353
vt 0.887333 0.142212
vt 0.872770 0.144062
vt 0.887333 0.142212
vt 0.872773 0.142207
vt 0.887330 0.144062
vt 0.872774 0.145918
vt 0.887330 0.144062
vt 0.872770 0.144062
vt 0.887333 0.145913
vt 0.872777 0.147772
vt 0.887333 0.145913
vt 0.872774 0.145918
vt 0.887336 0.147768
vt 0.872775 0.142207
vt 0.887336 0.140357
vt 0.872779 0.140353
vt 0.887333 0.142212
vt 0.872772 0.144062
vt 0.887333 0.142212
vt 0.872775 0.142207
vt 0.887330 0.144062
vt 0.872775 0.145918
vt 0.887330 0.144062
vt 0.872772 0.144062
vt 0.887333 0.145913
vt 0.872779 0.147772
vt 0.887333 0.145913
vt 0.872775 0.145918
vt 0.887336 0.147768
vt 0.887336 0.140357
vt 0.872775 0.142207
vt 0.887333 0.142212
vt 0.872778 0.140353
vt 0.887333 0.142212
vt 0.872770 0.144062
vt 0.887330 0.144062
vt 0.872775 0.142207
vt 0.887330 0.144062
vt 0.872775 0.145918
vt 0.887333 0.145913
vt 0.872770 0.144062
vt 0.887333 0.145913
vt 0.872778 0.147772
vt 0.887336 0.147768
vt 0.872775 0.145918
vt 0.872775 0.142207
vt 0.887336 0.140357
vt 0.872780 0.140353
vt 0.887333 0.142212
vt 0.872773 0.144062
vt 0.887333 0.142212
vt 0.872775 0.142207
vt 0.887330 0.144062
vt 0.872775 0.145918
vt 0.887330 0.144062
vt 0.872773 0.144062
vt 0.887333 0.145913
vt 0.872780 0.147772
vt 0.887333 0.145913
vt 0.872775 0.145918
vt 0.887336 0.147768
vt 0.628012 0.538932
vt 0.645581 0.531234
vt 0.645581 0.520644
vt 0.638321 0.538932
vt 0.628045 0.513358
vt 0.638255 0.513358
vt 0.628012 0.538932
vt 0.620921 0.520675
vt 0.620921 0.531166
vt 0.627024 0.541039
vt 0.638321 0.538932
vt 0.628012 0.538932
vt 0.639211 0.541039
vt 0.645581 0.531234
vt 0.647726 0.532119
vt 0.647727 0.519813
vt 0.645581 0.520644
vt 0.639223 0.511206
vt 0.638255 0.513358
vt 0.627230 0.511206
vt 0.628045 0.513358
vt 0.618791 0.519791
vt 0.620921 0.520675
vt 0.618791 0.519791
vt 0.620921 0.531166
vt 0.618791 0.532007
vt 0.022220 0.493989
vt 0.024582 0.492946
vt 0.024582 0.491503
vt 0.023585 0.493989
vt 0.022220 0.490538
vt 0.023585 0.490538
vt 0.021255 0.491503
vt 0.021255 0.492946
vt 0.985651 0.017459
vt 0.974702 0.054632
vt 0.985651 0.054632
vt 0.974702 0.017459
vt 0.972074 0.021404
vt 0.960190 0.060436
vt 0.972074 0.060436
vt 0.960190 0.021404
vt 0.985651 0.057888
vt 0.974702 0.054632
vt 0.974702 0.057888
vt 0.985651 0.054632
vt 0.985651 0.017459
vt 0.988907 0.054632
vt 0.988907 0.017459
vt 0.985651 0.054632
vt 0.974702 0.057888
vt 0.985651 0.054632
vt 0.985651 0.057888
vt 0.974702 0.054632
vt 0.960190 0.018056
vt 0.972074 0.021404
vt 0.972074 0.018056
vt 0.960190 0.021404
vt 0.956770 0.060436
vt 0.960190 0.021404
vt 0.956770 0.021404
vt 0.960190 0.060436
vt 0.972074 0.063927
vt 0.960190 0.060436
vt 0.960190 0.063927
vt 0.972074 0.060436
vt 0.642577 0.027228
vt 0.562061 0.022842
vt 0.562061 0.027227
vt 0.642577 0.022843
vt 0.560764 0.027227
vt 0.562061 0.022842
vt 0.560764 0.022832
vt 0.562061 0.027227
vt 0.643874 0.027228
vt 0.642577 0.022843
vt 0.642577 0.027228
vt 0.643874 0.022832
vt 0.562062 0.028524
vt 0.642577 0.027228
vt 0.562061 0.027227
vt 0.642577 0.028525
vt 0.980056 0.182757
vt 0.995582 0.175794
vt 0.995582 0.182757
vt 0.604466 0.496420
vt 0.599196 0.484659
vt 0.599198 0.499326
vt 0.604466 0.484659
vt 0.995582 0.182757
vt 0.996455 0.182757
vt 0.976967 0.185424
vt 0.976221 0.195059
vt 0.976221 0.185414
vt 0.976967 0.195050
vt 0.865863 0.161457
vt 0.797627 0.149950
vt 0.797627 0.161458
vt 0.865863 0.149950
vt 0.797627 0.138442
vt 0.865862 0.138442
vt 0.797627 0.126935
vt 0.865862 0.126935
vt 0.865862 0.126935
vt 0.797627 0.138442
vt 0.797627 0.126935
vt 0.865863 0.138442
vt 0.797627 0.149950
vt 0.865863 0.149950
vt 0.797627 0.161458
vt 0.865863 0.161457
vt 0.946001 0.368350
vt 0.928403 0.358190
vt 0.934269 0.368350
vt 0.934269 0.348030
vt 0.946001 0.348030
vt 0.951866 0.358190
vt 0.014860 0.493777
vt 0.017266 0.489610
vt 0.014860 0.490999
vt 0.019672 0.490999
vt 0.017266 0.495167
vt 0.019672 0.493778
vt 0.045032 0.575424
vt 0.039040 0.572734
vt 0.037442 0.575424
vt 0.043423 0.572734
vt 0.039384 0.570028
vt 0.043066 0.570028
vt 0.043423 0.572734
vt 0.037442 0.575424
vt 0.039040 0.572734
vt 0.045032 0.575424
vt 0.045336 0.581793
vt 0.036079 0.581793
vt 0.045336 0.581793
vt 0.036079 0.581793
vt 0.026192 0.495446
vt 0.029518 0.489771
vt 0.026228 0.489374
vt 0.029483 0.495266
vt 0.956171 0.379828
vt 0.972990 0.398299
vt 0.972992 0.379828
vt 0.956132 0.398299
vt 0.951279 0.384093
vt 0.949045 0.389247
vt 0.031544 0.493844
vt 0.030422 0.495592
vt 0.032264 0.494428
vt 0.954540 0.401649
vt 0.951303 0.394501
vt 0.948117 0.397064
vt 0.032055 0.492604
vt 0.032757 0.492612
vt 0.948254 0.381354
vt 0.946183 0.389148
vt 0.030422 0.489427
vt 0.031544 0.491371
vt 0.032267 0.490789
vt 0.954571 0.376487
vt 0.972992 0.376487
vt 0.972990 0.401649
vt 0.043066 0.570028
vt 0.039384 0.570028
vt 0.562061 0.018412
vt 0.642577 0.022843
vt 0.642577 0.018412
vt 0.562061 0.022842
vt 0.643874 0.018412
vt 0.642577 0.022843
vt 0.643874 0.022848
vt 0.642577 0.018412
vt 0.560764 0.018412
vt 0.562061 0.022842
vt 0.562061 0.018412
vt 0.560764 0.022850
vt 0.642577 0.017114
vt 0.562061 0.018412
vt 0.642577 0.018412
vt 0.562062 0.017115
vt 0.599198 0.564906
vt 0.606475 0.499324
vt 0.613792 0.564903
vt 0.613792 0.499324
vt 0.088865 0.447877
vt 0.087616 0.425088
vt 0.088865 0.425088
vt 0.072234 0.446174
vt 0.034841 0.466016
vt 0.060512 0.001401
vt 0.060512 0.466016
vt 0.034841 0.001401
vt 0.060512 0.466016
vt 0.064259 0.001412
vt 0.064259 0.466016
vt 0.060512 0.001401
vt 0.065960 0.466014
vt 0.064259 0.001412
vt 0.065960 0.001414
vt 0.064259 0.466016
vt 0.089254 0.422237
vt 0.085532 0.423943
vt 0.089254 0.423943
vt 0.068462 0.422237
vt 0.034841 0.466016
vt 0.033533 0.001404
vt 0.034841 0.001401
vt 0.033533 0.466012
vt 0.007773 0.595625
vt 0.001504 0.467823
vt 0.007773 0.467823
vt 0.001505 0.595625
vt 0.068467 0.447877
vt 0.068463 0.446174
vt 0.069828 0.445025
vt 0.068462 0.445025
vt 0.094188 0.425033
vt 0.092939 0.447822
vt 0.092939 0.425033
vt 0.109570 0.446118
vt 0.032245 0.466016
vt 0.006574 0.001401
vt 0.032245 0.001401
vt 0.006574 0.466016
vt 0.006574 0.466016
vt 0.002827 0.001412
vt 0.006574 0.001401
vt 0.002827 0.466016
vt 0.002827 0.001412
vt 0.001127 0.466014
vt 0.001127 0.001414
vt 0.002827 0.466016
vt 0.096272 0.423887
vt 0.092550 0.422181
vt 0.092550 0.423887
vt 0.113343 0.422181
vt 0.033553 0.001404
vt 0.032245 0.466016
vt 0.032245 0.001401
vt 0.033553 0.466012
vt 0.001504 0.467823
vt 0.007773 0.595625
vt 0.007773 0.467823
vt 0.001505 0.595625
vt 0.113338 0.447822
vt 0.113342 0.446118
vt 0.111976 0.444970
vt 0.113343 0.444970
vt 0.826272 0.978483
vt 0.822684 0.983734
vt 0.822684 0.978483
vt 0.826272 0.983734
vt 0.583306 0.378703
vt 0.578338 0.340795
vt 0.582371 0.340795
vt 0.575196 0.378703
vt 0.108981 0.378701
vt 0.114011 0.370677
vt 0.114901 0.378701
vt 0.108269 0.370677
vt 0.121964 0.662628
vt 0.075766 0.830387
vt 0.075766 0.662628
vt 0.121963 0.830388
vt 0.075766 0.657377
vt 0.003040 0.605824
vt 0.007366 0.597800
vt 0.991144 0.041707
vt 0.996395 0.049660
vt 0.991144 0.049660
vt 0.996395 0.041707
vt 0.642096 0.427350
vt 0.639350 0.439177
vt 0.601777 0.419241
vt 0.642932 0.428602
vt 0.640353 0.442581
vt 0.601777 0.423184
vt 0.635750 0.456685
vt 0.795651 0.978483
vt 0.797463 0.983734
vt 0.795651 0.983734
vt 0.797463 0.978483
vt 0.979571 0.361474
vt 0.940494 0.379252
vt 0.947833 0.370569
vt 0.996698 0.357497
vt 0.954214 0.366687
vt 0.974640 0.360020
vt 0.851396 0.978483
vt 0.841264 0.983734
vt 0.841264 0.978483
vt 0.851396 0.983734
vt 0.838267 0.983734
vt 0.838267 0.978483
vt 0.812777 0.978483
vt 0.812777 0.983734
vt 0.817708 0.978483
vt 0.817708 0.983734
vt 0.817708 0.983734
vt 0.817708 0.978483
vt 0.857778 0.978483
vt 0.851396 0.983734
vt 0.851396 0.978483
vt 0.857778 0.983734
vt 0.916398 0.978484
vt 0.904962 0.983734
vt 0.904962 0.978484
vt 0.916398 0.983734
vt 0.890726 0.983734
vt 0.890726 0.978483
vt 0.880506 0.983734
vt 0.880506 0.978483
vt 0.870286 0.978483
vt 0.870286 0.983734
vt 0.991144 0.049660
vt 0.996396 0.075989
vt 0.991144 0.075989
vt 0.996395 0.049660
vt 0.996395 0.017588
vt 0.991144 0.025968
vt 0.991144 0.017587
vt 0.996395 0.025968
vt 0.271591 0.440357
vt 0.265717 0.450722
vt 0.264265 0.449818
vt 0.271209 0.451053
vt 0.264480 0.441726
vt 0.265804 0.440672
vt 0.635992 0.319125
vt 0.641700 0.378703
vt 0.635991 0.378703
vt 0.641700 0.319125
vt 0.034783 0.594295
vt 0.050540 0.467822
vt 0.050541 0.594295
vt 0.034782 0.467822
vt 0.283829 0.480249
vt 0.601778 0.479704
vt 0.996395 0.027885
vt 0.991144 0.027885
vt 0.996395 0.039603
vt 0.991144 0.039603
vt 0.996396 0.080370
vt 0.991144 0.080370
vt 0.928622 0.422513
vt 0.897913 0.431017
vt 0.944111 0.423065
vt 0.902294 0.428190
vt 0.134912 0.657377
vt 0.121963 0.830388
vt 0.121964 0.662628
vt 0.134912 0.835639
vt 0.114011 0.370677
vt 0.118798 0.081285
vt 0.118797 0.378701
vt 0.114012 0.089309
vt 0.114012 0.089309
vt 0.108270 0.089309
vt 0.822684 0.978483
vt 0.826272 0.983734
vt 0.822684 0.983734
vt 0.826272 0.978483
vt 0.578339 0.119194
vt 0.583308 0.081286
vt 0.582372 0.119194
vt 0.575197 0.081286
vt 0.108982 0.081285
vt 0.114902 0.081285
vt 0.991144 0.049660
vt 0.996395 0.041707
vt 0.996395 0.049660
vt 0.991144 0.041707
vt 0.639350 0.439177
vt 0.601777 0.423184
vt 0.635750 0.456685
vt 0.601777 0.419241
vt 0.644816 0.455135
vt 0.645209 0.446853
vt 0.642746 0.456679
vt 0.643789 0.444375
vt 0.640353 0.442581
vt 0.642096 0.427350
vt 0.642932 0.428601
vt 0.797463 0.978483
vt 0.795651 0.983734
vt 0.795651 0.978483
vt 0.797463 0.983734
vt 0.996698 0.357497
vt 0.979571 0.361474
vt 0.940494 0.379252
vt 0.994885 0.356287
vt 0.954214 0.366687
vt 0.947833 0.370569
vt 0.974640 0.360020
vt 0.841264 0.978483
vt 0.851396 0.983734
vt 0.841264 0.983734
vt 0.851396 0.978483
vt 0.838267 0.978483
vt 0.838267 0.983734
vt 0.812777 0.983734
vt 0.812777 0.978483
vt 0.817708 0.983734
vt 0.817708 0.978483
vt 0.817708 0.978483
vt 0.817708 0.983734
vt 0.851396 0.978483
vt 0.857778 0.983734
vt 0.851396 0.983734
vt 0.857778 0.978483
vt 0.904962 0.978484
vt 0.916398 0.983734
vt 0.904962 0.983734
vt 0.916398 0.978484
vt 0.890726 0.978483
vt 0.890726 0.983734
vt 0.880506 0.978483
vt 0.880506 0.983734
vt 0.870286 0.983734
vt 0.870286 0.978483
vt 0.991144 0.075989
vt 0.996395 0.049660
vt 0.996396 0.075989
vt 0.991144 0.049660
vt 0.996395 0.025968
vt 0.991144 0.017587
vt 0.996395 0.017588
vt 0.991144 0.025968
vt 0.277082 0.472258
vt 0.271209 0.451053
vt 0.275130 0.469233
vt 0.271591 0.440357
vt 0.641701 0.081286
vt 0.635992 0.140863
vt 0.635992 0.081286
vt 0.641701 0.140863
vt 0.600650 0.043787
vt 0.122563 0.012915
vt 0.600662 0.038077
vt 0.586874 0.046524
vt 0.050540 0.467822
vt 0.034783 0.594295
vt 0.050541 0.594295
vt 0.034782 0.467822
vt 0.340797 0.470025
vt 0.283829 0.480249
vt 0.601778 0.479704
vt 0.991144 0.027885
vt 0.996395 0.027885
vt 0.991144 0.039603
vt 0.996395 0.039603
vt 0.991144 0.080370
vt 0.996396 0.080370
vt 0.897913 0.431017
vt 0.928622 0.422513
vt 0.944111 0.423065
vt 0.902294 0.428190
vt 0.790797 0.313876
vt 0.750582 0.146115
vt 0.790797 0.146114
vt 0.750581 0.313875
vt 0.635992 0.319125
vt 0.622222 0.081295
vt 0.635992 0.140863
vt 0.622221 0.378693
vt 0.572427 0.378703
vt 0.118798 0.081285
vt 0.572428 0.081286
vt 0.118797 0.378701
vt 0.694377 0.313875
vt 0.750582 0.146115
vt 0.750581 0.313875
vt 0.694378 0.146115
vt 0.001504 0.467823
vt 0.050540 0.467822
vt 0.002949 0.594479
vt 0.049097 0.594479
vt 0.572427 0.378703
vt 0.578339 0.119194
vt 0.578338 0.340795
vt 0.572428 0.081286
vt 0.694378 0.146115
vt 0.694377 0.313875
vt 0.642746 0.456679
vt 0.645209 0.446853
vt 0.644816 0.455135
vt 0.643789 0.444375
vt 0.626563 0.476787
vt 0.631323 0.469731
vt 0.619505 0.481548
vt 0.633070 0.461093
vt 0.609674 0.482522
vt 0.633070 0.461093
vt 0.619505 0.481548
vt 0.631323 0.469731
vt 0.626563 0.476787
vt 0.942128 0.412769
vt 0.929102 0.414558
vt 0.943654 0.414685
vt 0.930410 0.412456
vt 0.930410 0.412456
vt 0.942128 0.412769
vt 0.929102 0.414558
vt 0.943654 0.414685
vt 0.264480 0.441726
vt 0.264265 0.449818
vt 0.265804 0.440672
vt 0.265717 0.450722
vt 0.277082 0.472258
vt 0.275129 0.469233
vt 0.003039 0.887191
vt 0.075766 0.835639
vt 0.007365 0.895215
vt 0.572428 0.081286
vt 0.118798 0.081285
vt 0.122560 0.447070
vt 0.572427 0.378703
vt 0.586872 0.413465
vt 0.118797 0.378701
vt 0.600648 0.416203
vt 0.600661 0.421913
vt 0.956459 0.353558
vt 0.968453 0.352989
vt 0.954224 0.356556
vt 0.972042 0.355045
vt 0.968453 0.352989
vt 0.954224 0.356556
vt 0.972042 0.355045
vt 0.956459 0.353558
vt 0.622222 0.081295
vt 0.582371 0.340795
vt 0.582372 0.119194
vt 0.622221 0.378693
vt 0.715951 0.730386
vt 0.709735 0.735333
vt 0.708502 0.738928
vt 0.714755 0.729584
vt 0.663816 0.124560
vt 0.948264 0.331705
vt 0.932367 0.309281
vt 0.696418 0.097791
vt 0.691108 0.100001
vt 0.691096 0.092486
vt 0.679606 0.087188
vt 0.674301 0.092510
vt 0.674290 0.084996
vt 0.698611 0.092475
vt 0.681815 0.092498
vt 0.696401 0.087165
vt 0.679623 0.097814
vt 0.691085 0.084972
vt 0.674313 0.100024
vt 0.685775 0.087181
vt 0.668996 0.097832
vt 0.683582 0.092498
vt 0.666787 0.092522
vt 0.685792 0.097808
vt 0.668980 0.087206
vt 0.825582 0.019102
vt 0.814478 0.088779
vt 0.831961 0.048980
vt 0.956953 0.085700
vt 0.864862 0.101731
vt 0.857618 0.101731
vt 0.864862 0.105644
vt 0.983718 0.204958
vt 0.994094 0.204958
vt 0.991753 0.197019
vt 0.994779 0.197019
vt 0.634538 0.054493
vt 0.870994 0.125333
vt 0.870994 0.117888
vt 0.870994 0.121610
vt 0.870994 0.121610
vt 0.696363 0.377298
vt 0.712918 0.382299
vt 0.986595 0.085499
vt 0.977746 0.064238
vt 0.643958 0.331780
vt 0.723912 0.318911
vt 0.643958 0.331780
vt 0.723912 0.318911
vt 0.658447 0.323016
vt 0.678662 0.321946
vt 0.658446 0.323016
vt 0.732676 0.333399
vt 0.995582 0.296327
vt 0.537705 0.484659
vt 0.976221 0.205491
vt 0.029518 0.489771
vt 0.026228 0.489374
vt 0.030422 0.489427
vt 0.029483 0.495266
vt 0.030422 0.495592
vt 0.026192 0.495446
vt 0.995582 0.094578
vt 0.537701 0.484659
vt 0.026228 0.489374
vt 0.029518 0.489771
vt 0.030422 0.489427
vt 0.030422 0.495592
vt 0.029483 0.495266
vt 0.026192 0.495446
vt 0.121964 0.657377
vt 0.994885 0.356286
vt 0.916801 0.404449
vt 0.920882 0.415884
vt 0.918211 0.390212
vt 0.925105 0.379993
vt 0.935324 0.373099
vt 0.580538 0.378697
vt 0.694377 0.319125
vt 0.121963 0.835639
vt 0.916801 0.404449
vt 0.920882 0.415884
vt 0.918211 0.390212
vt 0.925105 0.379993
vt 0.935324 0.373098
vt 0.587439 0.081286
vt 0.694378 0.140864
vt 0.609674 0.482522
vt 0.075765 0.895215
vt 0.075766 0.597799
vt 0.112877 0.081295
vt 0.112877 0.378690
vt 0.580539 0.081293
vt 0.001505 0.594479
vt 0.050541 0.594479
vt 0.587438 0.378703
vt 0.635991 0.378703
vt 0.635992 0.081286
vt 0.943658 0.335835
vt 0.943658 0.314025
vt 0.943681 0.314025
vt 0.943681 0.335835
vt 0.815688 0.096243
vt 0.816183 0.087019
vt 0.814478 0.088779
vt 0.652283 0.645783
vt 0.647880 0.648570
vt 0.643477 0.645783
vt 0.641020 0.493164
vt 0.625982 0.499499
vt 0.623215 0.493179
vt 0.638257 0.499503
vt 0.632106 0.502386
vt 0.642661 0.073067
vt 0.631142 0.077524
vt 0.631142 0.074525
vt 0.642661 0.078982
vt 0.642661 0.055323
vt 0.631142 0.059895
vt 0.631142 0.056666
vt 0.642661 0.061238
vt 0.631142 0.065764
vt 0.631142 0.062627
vt 0.642661 0.067153
vt 0.631142 0.071633
vt 0.631142 0.068587
vt 0.619079 0.074837
vt 0.619079 0.077212
vt 0.619079 0.056990
vt 0.619079 0.059571
vt 0.619079 0.062912
vt 0.619079 0.065479
vt 0.619079 0.068882
vt 0.619079 0.071338
vt 0.596594 0.052868
vt 0.591483 0.047756
vt 0.596594 0.047756
vt 0.591483 0.052868
vt 0.580975 0.907932
vt 0.619821 0.819496
vt 0.619821 0.907936
vt 0.580975 0.819500
vt 0.581532 0.914628
vt 0.619821 0.914619
vt 0.623840 0.813802
vt 0.619821 0.907936
vt 0.619821 0.819496
vt 0.623840 0.913630
vt 0.581533 0.812803
vt 0.619821 0.812813
vt 0.626551 0.421456
vt 0.639891 0.409982
vt 0.627269 0.409982
vt 0.640797 0.421456
vt 0.626551 0.421456
vt 0.639891 0.409982
vt 0.627269 0.409982
vt 0.640797 0.421456
vt 0.644240 0.401366
vt 0.627295 0.404735
vt 0.627295 0.401366
vt 0.644237 0.404735
vt 0.590569 0.648354
vt 0.609042 0.644004
vt 0.609039 0.648354
vt 0.590572 0.644004
vt 0.590569 0.648354
vt 0.609042 0.644004
vt 0.609039 0.648354
vt 0.590572 0.644004
vt 0.644053 0.411101
vt 0.623004 0.411101
vt 0.644053 0.411101
vt 0.623004 0.411101
vt 0.627295 0.404735
vt 0.644237 0.404735
vt 0.627804 0.407832
vt 0.627295 0.401366
vt 0.627815 0.398235
vt 0.644240 0.401366
vt 0.609042 0.644004
vt 0.590572 0.644004
vt 0.608241 0.639673
vt 0.609039 0.648354
vt 0.608236 0.652712
vt 0.590569 0.648354
vt 0.609042 0.644004
vt 0.590572 0.644004
vt 0.608241 0.639673
vt 0.609039 0.648354
vt 0.608236 0.652712
vt 0.590569 0.648354
vt 0.636291 0.596658
vt 0.628315 0.591484
vt 0.636295 0.588448
vt 0.628317 0.596647
vt 0.620890 0.600736
vt 0.617173 0.595187
vt 0.620919 0.595206
vt 0.617144 0.600713
vt 0.629825 0.579621
vt 0.626642 0.588525
vt 0.623613 0.584243
vt 0.634931 0.585156
vt 0.628317 0.599953
vt 0.636291 0.596658
vt 0.636291 0.599954
vt 0.628317 0.596647
vt 0.634931 0.585156
vt 0.628315 0.591484
vt 0.626642 0.588525
vt 0.636295 0.588448
vt 0.602693 0.664362
vt 0.592549 0.670671
vt 0.592549 0.666170
vt 0.602693 0.674438
vt 0.582399 0.793789
vt 0.592549 0.801298
vt 0.582399 0.803602
vt 0.592549 0.796345
vt 0.582332 0.664263
vt 0.592386 0.661940
vt 0.582332 0.660687
vt 0.592386 0.661940
vt 0.582332 0.664263
vt 0.582332 0.660687
vt 0.582395 0.664362
vt 0.592549 0.670671
vt 0.582395 0.673957
vt 0.592549 0.666170
vt 0.602693 0.675118
vt 0.592549 0.682898
vt 0.592549 0.676549
vt 0.602693 0.685833
vt 0.582395 0.675332
vt 0.592549 0.682898
vt 0.582396 0.685459
vt 0.592549 0.676549
vt 0.602693 0.697571
vt 0.592549 0.689274
vt 0.602693 0.686754
vt 0.592549 0.695306
vt 0.582396 0.697282
vt 0.592549 0.689274
vt 0.592549 0.695306
vt 0.582396 0.687109
vt 0.602693 0.698344
vt 0.592549 0.706089
vt 0.592549 0.701017
vt 0.602692 0.709984
vt 0.582396 0.698715
vt 0.592549 0.706089
vt 0.582396 0.709472
vt 0.592549 0.701017
vt 0.602692 0.720719
vt 0.592549 0.712946
vt 0.602692 0.710020
vt 0.592549 0.718251
vt 0.582397 0.720394
vt 0.592549 0.712946
vt 0.592549 0.718251
vt 0.582396 0.710421
vt 0.602692 0.722086
vt 0.592549 0.730396
vt 0.592549 0.724712
vt 0.602692 0.733128
vt 0.582397 0.722442
vt 0.592549 0.730396
vt 0.582397 0.732763
vt 0.592549 0.724712
vt 0.602692 0.733903
vt 0.592549 0.742467
vt 0.592549 0.736748
vt 0.602692 0.745324
vt 0.582397 0.734285
vt 0.592549 0.742467
vt 0.582397 0.744938
vt 0.592549 0.736748
vt 0.602692 0.746533
vt 0.592549 0.754757
vt 0.592549 0.748223
vt 0.602692 0.756989
vt 0.582397 0.746755
vt 0.592549 0.754757
vt 0.582398 0.756682
vt 0.592549 0.748223
vt 0.602692 0.758409
vt 0.592549 0.766489
vt 0.592549 0.760255
vt 0.602692 0.768588
vt 0.582398 0.758648
vt 0.592549 0.766489
vt 0.582398 0.768295
vt 0.592549 0.760255
vt 0.602692 0.769986
vt 0.592549 0.777555
vt 0.592549 0.771688
vt 0.602691 0.780282
vt 0.582398 0.770201
vt 0.592549 0.777555
vt 0.582398 0.779900
vt 0.592549 0.771688
vt 0.602691 0.782119
vt 0.592549 0.789831
vt 0.592549 0.783843
vt 0.602691 0.792729
vt 0.582398 0.782333
vt 0.592549 0.789831
vt 0.582399 0.792320
vt 0.592549 0.783843
vt 0.602691 0.803602
vt 0.592549 0.796345
vt 0.602691 0.793419
vt 0.592549 0.801298
vt 0.616023 0.732393
vt 0.605774 0.734621
vt 0.605790 0.730987
vt 0.616023 0.732393
vt 0.605774 0.734621
vt 0.605790 0.730987
vt 0.605790 0.730987
vt 0.605774 0.734621
vt 0.616023 0.732393
vt 0.605790 0.730987
vt 0.605774 0.734621
vt 0.616023 0.732393
vt 0.605790 0.730987
vt 0.605774 0.734621
vt 0.616023 0.732393
vt 0.616023 0.732393
vt 0.605774 0.734621
vt 0.605790 0.730987
vt 0.616023 0.732393
vt 0.605774 0.734621
vt 0.605790 0.730987
vt 0.616023 0.732393
vt 0.605774 0.734621
vt 0.605790 0.730987
vt 0.616023 0.732393
vt 0.605774 0.734621
vt 0.605790 0.730987
vt 0.616023 0.732393
vt 0.605774 0.734621
vt 0.605790 0.730987
vt 0.616023 0.732393
vt 0.605774 0.734621
vt 0.605790 0.730987
vt 0.616023 0.732393
vt 0.605774 0.734621
vt 0.605790 0.730987
vt 0.616023 0.732393
vt 0.605774 0.734621
vt 0.605790 0.730987
vt 0.605790 0.730987
vt 0.605774 0.734621
vt 0.616023 0.732393
vt 0.605790 0.730987
vt 0.605774 0.734621
vt 0.616023 0.732393
vt 0.605790 0.730987
vt 0.605774 0.734621
vt 0.616023 0.732393
vt 0.605790 0.730987
vt 0.605774 0.734621
vt 0.616023 0.732393
vt 0.605790 0.730987
vt 0.605774 0.734621
vt 0.616023 0.732393
vt 0.605790 0.730987
vt 0.605774 0.734621
vt 0.616023 0.732393
vt 0.605790 0.730987
vt 0.605774 0.734621
vt 0.616023 0.732393
vt 0.605790 0.730987
vt 0.605774 0.734621
vt 0.616023 0.732393
vt 0.605790 0.730987
vt 0.605774 0.734621
vt 0.616023 0.732393
vt 0.602693 0.664362
vt 0.592549 0.670671
vt 0.592549 0.666170
vt 0.602693 0.674438
vt 0.582399 0.793789
vt 0.592549 0.801298
vt 0.582399 0.803602
vt 0.592549 0.796345
vt 0.582332 0.664263
vt 0.592386 0.661940
vt 0.582332 0.660687
vt 0.592386 0.661940
vt 0.582332 0.664263
vt 0.582332 0.660687
vt 0.582395 0.664362
vt 0.592549 0.670671
vt 0.582395 0.673957
vt 0.592549 0.666170
vt 0.602693 0.675118
vt 0.592549 0.682898
vt 0.592549 0.676549
vt 0.602693 0.685833
vt 0.582395 0.675332
vt 0.592549 0.682898
vt 0.582396 0.685459
vt 0.592549 0.676549
vt 0.602693 0.697571
vt 0.592549 0.689274
vt 0.602693 0.686754
vt 0.592549 0.695306
vt 0.582396 0.697282
vt 0.592549 0.689274
vt 0.592549 0.695306
vt 0.582396 0.687109
vt 0.602693 0.698344
vt 0.592549 0.706089
vt 0.592549 0.701017
vt 0.602692 0.709984
vt 0.582396 0.698715
vt 0.592549 0.706089
vt 0.582396 0.709472
vt 0.592549 0.701017
vt 0.602692 0.720719
vt 0.592549 0.712946
vt 0.602692 0.710020
vt 0.592549 0.718251
vt 0.582397 0.720394
vt 0.592549 0.712946
vt 0.592549 0.718251
vt 0.582396 0.710421
vt 0.602692 0.722086
vt 0.592549 0.730396
vt 0.592549 0.724712
vt 0.602692 0.733128
vt 0.582397 0.722442
vt 0.592549 0.730396
vt 0.582397 0.732763
vt 0.592549 0.724712
vt 0.602692 0.733903
vt 0.592549 0.742467
vt 0.592549 0.736748
vt 0.602692 0.745324
vt 0.582397 0.734285
vt 0.592549 0.742467
vt 0.582397 0.744938
vt 0.592549 0.736748
vt 0.602692 0.746533
vt 0.592549 0.754757
vt 0.592549 0.748223
vt 0.602692 0.756989
vt 0.582397 0.746755
vt 0.592549 0.754757
vt 0.582398 0.756682
vt 0.592549 0.748223
vt 0.602692 0.758409
vt 0.592549 0.766489
vt 0.592549 0.760255
vt 0.602692 0.768588
vt 0.582398 0.758648
vt 0.592549 0.766489
vt 0.582398 0.768295
vt 0.592549 0.760255
vt 0.602692 0.769986
vt 0.592549 0.777555
vt 0.592549 0.771688
vt 0.602691 0.780282
vt 0.582398 0.770201
vt 0.592549 0.777555
vt 0.582398 0.779900
vt 0.592549 0.771688
vt 0.602691 0.782119
vt 0.592549 0.789831
vt 0.592549 0.783843
vt 0.602691 0.792729
vt 0.582398 0.782333
vt 0.592549 0.789831
vt 0.582399 0.792320
vt 0.592549 0.783843
vt 0.602691 0.803602
vt 0.592549 0.796345
vt 0.602691 0.793419
vt 0.592549 0.801298
vt 0.616023 0.732393
vt 0.605774 0.734621
vt 0.605790 0.730987
vt 0.616023 0.732393
vt 0.605774 0.734621
vt 0.605790 0.730987
vt 0.605790 0.730987
vt 0.605774 0.734621
vt 0.616023 0.732393
vt 0.605790 0.730987
vt 0.605774 0.734621
vt 0.616023 0.732393
vt 0.605790 0.730987
vt 0.605774 0.734621
vt 0.616023 0.732393
vt 0.616023 0.732393
vt 0.605774 0.734621
vt 0.605790 0.730987
vt 0.616023 0.732393
vt 0.605774 0.734621
vt 0.605790 0.730987
vt 0.616023 0.732393
vt 0.605774 0.734621
vt 0.605790 0.730987
vt 0.616023 0.732393
vt 0.605774 0.734621
vt 0.605790 0.730987
vt 0.616023 0.732393
vt 0.605774 0.734621
vt 0.605790 0.730987
vt 0.616023 0.732393
vt 0.605774 0.734621
vt 0.605790 0.730987
vt 0.616023 0.732393
vt 0.605774 0.734621
vt 0.605790 0.730987
vt 0.616023 0.732393
vt 0.605774 0.734621
vt 0.605790 0.730987
vt 0.605790 0.730987
vt 0.605774 0.734621
vt 0.616023 0.732393
vt 0.605790 0.730987
vt 0.605774 0.734621
vt 0.616023 0.732393
vt 0.605790 0.730987
vt 0.605774 0.734621
vt 0.616023 0.732393
vt 0.605790 0.730987
vt 0.605774 0.734621
vt 0.616023 0.732393
vt 0.605790 0.730987
vt 0.605774 0.734621
vt 0.616023 0.732393
vt 0.605790 0.730987
vt 0.605774 0.734621
vt 0.616023 0.732393
vt 0.605790 0.730987
vt 0.605774 0.734621
vt 0.616023 0.732393
vt 0.605790 0.730987
vt 0.605774 0.734621
vt 0.616023 0.732393
vt 0.605790 0.730987
vt 0.605774 0.734621
vt 0.616023 0.732393
vt 0.083218 0.078248
vt 0.069664 0.066821
vt 0.069664 0.078248
vt 0.083218 0.066821
vt 0.096771 0.078248
vt 0.096771 0.066821
vt 0.110326 0.078248
vt 0.110326 0.066821
vt 0.096707 0.078248
vt 0.110326 0.066821
vt 0.110326 0.078248
vt 0.096707 0.066821
vt 0.083153 0.078248
vt 0.083153 0.066821
vt 0.069664 0.078248
vt 0.069664 0.066821
vt 0.103271 0.091076
vt 0.082940 0.079335
vt 0.096494 0.079336
vt 0.096492 0.102813
vt 0.082938 0.102812
vt 0.076162 0.091073
vt 0.143385 0.010041
vt 0.143385 0.010041
vt 0.153224 0.010041
vt 0.133547 0.010041
vt 0.143385 0.010041
vt 0.143385 0.010041
vt 0.123708 0.010041
vt 0.143385 0.010041
vt 0.133547 0.010041
vt 0.133546 0.010041
vt 0.143385 0.010041
vt 0.123708 0.010041
vt 0.153224 0.010041
vt 0.143385 0.003449
vt 0.153223 0.003449
vt 0.143385 0.010041
vt 0.133547 0.003449
vt 0.133547 0.010041
vt 0.123708 0.003450
vt 0.123708 0.010041
vt 0.123708 0.010041
vt 0.133546 0.003450
vt 0.123708 0.003450
vt 0.133546 0.010041
vt 0.143385 0.003450
vt 0.143385 0.010041
vt 0.153223 0.003449
vt 0.153224 0.010041
vt 0.143385 0.010041
vt 0.143385 0.010041
vt 0.153224 0.010041
vt 0.133546 0.010041
vt 0.143385 0.010041
vt 0.143385 0.010041
vt 0.123708 0.010041
vt 0.143385 0.010041
vt 0.133546 0.010041
vt 0.133547 0.010041
vt 0.143385 0.010041
vt 0.123708 0.010041
vt 0.087860 0.151518
vt 0.082526 0.194305
vt 0.087860 0.194305
vt 0.082526 0.151518
vt 0.082526 0.151518
vt 0.076947 0.194304
vt 0.082526 0.194305
vt 0.076947 0.151518
vt 0.071377 0.151518
vt 0.076947 0.194304
vt 0.076947 0.151518
vt 0.071377 0.194304
vt 0.087860 0.151518
vt 0.093242 0.194305
vt 0.093242 0.151519
vt 0.087860 0.194305
vt 0.082526 0.146648
vt 0.087860 0.146648
vt 0.076947 0.146647
vt 0.082526 0.146648
vt 0.071377 0.151518
vt 0.076947 0.146647
vt 0.071377 0.146647
vt 0.093242 0.146648
vt 0.087860 0.146648
vt 0.076947 0.194304
vt 0.082526 0.199687
vt 0.082526 0.194305
vt 0.076947 0.199686
vt 0.087860 0.151518
vt 0.082526 0.194305
vt 0.087860 0.194305
vt 0.082526 0.151518
vt 0.082526 0.151518
vt 0.076947 0.194304
vt 0.082526 0.194305
vt 0.076947 0.151518
vt 0.071377 0.151518
vt 0.076947 0.194304
vt 0.076947 0.151518
vt 0.071377 0.194304
vt 0.087860 0.151518
vt 0.093242 0.194305
vt 0.093242 0.151519
vt 0.087860 0.194305
vt 0.282590 0.011243
vt 0.239180 0.008063
vt 0.239180 0.011243
vt 0.282590 0.008063
vt 0.239180 0.004843
vt 0.282590 0.004843
vt 0.282590 0.001636
vt 0.239180 0.001636
vt 0.239180 0.014463
vt 0.282590 0.014463
vt 0.397807 0.008063
vt 0.397807 0.011243
vt 0.397807 0.004843
vt 0.397807 0.001636
vt 0.397807 0.014463
vt 0.426771 0.011243
vt 0.426771 0.008063
vt 0.426771 0.004843
vt 0.426771 0.001636
vt 0.426771 0.014463
vt 0.449550 0.011243
vt 0.449550 0.008063
vt 0.449550 0.004843
vt 0.449550 0.001636
vt 0.449550 0.014463
vt 0.528417 0.011243
vt 0.472115 0.008063
vt 0.472115 0.011243
vt 0.528417 0.008063
vt 0.472115 0.004843
vt 0.528417 0.004843
vt 0.528417 0.001636
vt 0.472115 0.001636
vt 0.472115 0.014463
vt 0.528417 0.014463
vt 0.549378 0.011243
vt 0.549378 0.008063
vt 0.549378 0.004843
vt 0.549378 0.001636
vt 0.549378 0.014463
vt 0.580978 0.008063
vt 0.580343 0.011243
vt 0.580978 0.011243
vt 0.578925 0.008270
vt 0.578902 0.008063
vt 0.580978 0.004843
vt 0.577487 0.005199
vt 0.577435 0.004843
vt 0.577474 0.004487
vt 0.578775 0.001636
vt 0.578808 0.014242
vt 0.578775 0.014463
vt 0.607073 0.011243
vt 0.607073 0.008063
vt 0.607073 0.004843
vt 0.607073 0.001636
vt 0.580978 0.001636
vt 0.580978 0.014463
vt 0.607073 0.014463
vt 0.622839 0.011243
vt 0.622839 0.008063
vt 0.622839 0.004843
vt 0.622839 0.001636
vt 0.622839 0.014463
vt 0.644566 0.008063
vt 0.644566 0.011243
vt 0.644566 0.004843
vt 0.644566 0.001636
vt 0.644566 0.014463
vt 0.670958 0.008063
vt 0.670958 0.011243
vt 0.670958 0.004843
vt 0.670958 0.001636
vt 0.670958 0.014463
vt 0.706257 0.011243
vt 0.706257 0.008063
vt 0.706257 0.004843
vt 0.706257 0.001636
vt 0.706257 0.014463
vt 0.779867 0.008063
vt 0.779867 0.011243
vt 0.779867 0.004843
vt 0.779867 0.001636
vt 0.779867 0.014463
vt 0.996550 0.011243
vt 0.996550 0.008063
vt 0.996550 0.004843
vt 0.996550 0.001636
vt 0.996550 0.014463
vt 0.082526 0.146648
vt 0.087860 0.146648
vt 0.076947 0.146647
vt 0.082526 0.146648
vt 0.071377 0.151518
vt 0.076947 0.146647
vt 0.071377 0.146647
vt 0.093242 0.146648
vt 0.087860 0.146648
vt 0.076947 0.194304
vt 0.082526 0.199687
vt 0.082526 0.194305
vt 0.076947 0.199686
vt 0.719891 0.733734
vt 0.706927 0.743526
vt 0.709419 0.745915
vt 0.717404 0.731361
vt 0.720823 0.724846
vt 0.720823 0.731355
vt 0.717720 0.724767
vt 0.714786 0.718445
vt 0.719771 0.722133
vt 0.712843 0.721100
vt 0.705017 0.721487
vt 0.712843 0.721100
vt 0.710963 0.718061
vt 0.706927 0.724332
vt 0.703496 0.743889
vt 0.706927 0.724332
vt 0.703496 0.724310
vt 0.706927 0.743526
vt 0.706927 0.724332
vt 0.717404 0.731361
vt 0.706927 0.743526
vt 0.719891 0.733734
vt 0.706927 0.743526
vt 0.709419 0.745915
vt 0.717404 0.731361
vt 0.720823 0.724846
vt 0.720823 0.731355
vt 0.717720 0.724767
vt 0.714786 0.718445
vt 0.719771 0.722133
vt 0.712843 0.721100
vt 0.705017 0.721487
vt 0.712843 0.721100
vt 0.710963 0.718061
vt 0.706927 0.724332
vt 0.706927 0.743526
vt 0.703496 0.724310
vt 0.703496 0.743889
vt 0.706927 0.724332
vt 0.706927 0.724332
vt 0.717404 0.731361
vt 0.319000 0.120156
vt 0.315003 0.104568
vt 0.314962 0.120145
vt 0.319042 0.104579
vt 0.313914 0.119419
vt 0.315003 0.104568
vt 0.313952 0.105289
vt 0.314962 0.120145
vt 0.319900 0.119435
vt 0.319042 0.104579
vt 0.319000 0.120156
vt 0.319937 0.105305
vt 0.314962 0.120145
vt 0.318991 0.123407
vt 0.319000 0.120156
vt 0.314953 0.123396
vt 0.313911 0.120720
vt 0.314953 0.123396
vt 0.314962 0.120145
vt 0.313904 0.123393
vt 0.320116 0.123410
vt 0.324162 0.120747
vt 0.320123 0.120736
vt 0.324155 0.123421
vt 0.318991 0.123407
vt 0.320123 0.120736
vt 0.319000 0.120156
vt 0.320116 0.123410
vt 0.319050 0.101328
vt 0.315003 0.104568
vt 0.319042 0.104579
vt 0.315012 0.101317
vt 0.320168 0.104005
vt 0.319050 0.101328
vt 0.319042 0.104579
vt 0.320175 0.101331
vt 0.324207 0.104016
vt 0.320175 0.101331
vt 0.320168 0.104005
vt 0.324214 0.101341
vt 0.315012 0.101317
vt 0.313955 0.103989
vt 0.315003 0.104568
vt 0.313963 0.101314
vt 0.319000 0.120156
vt 0.315003 0.104568
vt 0.314962 0.120145
vt 0.319042 0.104579
vt 0.313914 0.119419
vt 0.315003 0.104568
vt 0.313952 0.105289
vt 0.314962 0.120145
vt 0.319900 0.119435
vt 0.319042 0.104579
vt 0.319000 0.120156
vt 0.319937 0.105305
vt 0.314962 0.120145
vt 0.318991 0.123407
vt 0.319000 0.120156
vt 0.314953 0.123396
vt 0.313911 0.120720
vt 0.314953 0.123396
vt 0.314962 0.120145
vt 0.313904 0.123393
vt 0.320116 0.123410
vt 0.324162 0.120747
vt 0.320123 0.120736
vt 0.324155 0.123421
vt 0.318991 0.123407
vt 0.320123 0.120736
vt 0.319000 0.120156
vt 0.320116 0.123410
vt 0.319050 0.101328
vt 0.315003 0.104568
vt 0.319042 0.104579
vt 0.315012 0.101317
vt 0.320168 0.104005
vt 0.319050 0.101328
vt 0.319042 0.104579
vt 0.320175 0.101331
vt 0.324207 0.104016
vt 0.320175 0.101331
vt 0.320168 0.104005
vt 0.324214 0.101341
vt 0.315012 0.101317
vt 0.313955 0.103989
vt 0.315003 0.104568
vt 0.313963 0.101314
vt 0.319000 0.120156
vt 0.315003 0.104568
vt 0.314962 0.120145
vt 0.319042 0.104579
vt 0.313914 0.119419
vt 0.315003 0.104568
vt 0.313952 0.105289
vt 0.314962 0.120145
vt 0.319900 0.119435
vt 0.319042 0.104579
vt 0.319000 0.120156
vt 0.319937 0.105305
vt 0.314962 0.120145
vt 0.318991 0.123407
vt 0.319000 0.120156
vt 0.314953 0.123396
vt 0.313911 0.120720
vt 0.314953 0.123396
vt 0.314962 0.120145
vt 0.313904 0.123393
vt 0.320116 0.123410
vt 0.324162 0.120747
vt 0.320123 0.120736
vt 0.324155 0.123421
vt 0.318991 0.123407
vt 0.320123 0.120736
vt 0.319000 0.120156
vt 0.320116 0.123410
vt 0.319050 0.101328
vt 0.315003 0.104568
vt 0.319042 0.104579
vt 0.315012 0.101317
vt 0.320168 0.104005
vt 0.319050 0.101328
vt 0.319042 0.104579
vt 0.320175 0.101331
vt 0.324207 0.104016
vt 0.320175 0.101331
vt 0.320168 0.104005
vt 0.324214 0.101341
vt 0.315012 0.101317
vt 0.313955 0.103989
vt 0.315003 0.104568
vt 0.313963 0.101314
vt 0.319000 0.120156
vt 0.315003 0.104568
vt 0.314962 0.120145
vt 0.319042 0.104579
vt 0.313914 0.119419
vt 0.315003 0.104568
vt 0.313952 0.105289
vt 0.314962 0.120145
vt 0.319900 0.119435
vt 0.319042 0.104579
vt 0.319000 0.120156
vt 0.319937 0.105305
vt 0.314962 0.120145
vt 0.318991 0.123407
vt 0.319000 0.120156
vt 0.314953 0.123396
vt 0.313911 0.120720
vt 0.314953 0.123396
vt 0.314962 0.120145
vt 0.313904 0.123393
vt 0.320116 0.123410
vt 0.324162 0.120747
vt 0.320123 0.120736
vt 0.324155 0.123421
vt 0.318991 0.123407
vt 0.320123 0.120736
vt 0.319000 0.120156
vt 0.320116 0.123410
vt 0.319050 0.101328
vt 0.315003 0.104568
vt 0.319042 0.104579
vt 0.315012 0.101317
vt 0.320168 0.104005
vt 0.319050 0.101328
vt 0.319042 0.104579
vt 0.320175 0.101331
vt 0.324207 0.104016
vt 0.320175 0.101331
vt 0.320168 0.104005
vt 0.324214 0.101341
vt 0.315012 0.101317
vt 0.313955 0.103989
vt 0.315003 0.104568
vt 0.313963 0.101314
vt 0.319000 0.120156
vt 0.315003 0.104568
vt 0.314962 0.120145
vt 0.319042 0.104579
vt 0.313914 0.119419
vt 0.315003 0.104568
vt 0.313952 0.105289
vt 0.314962 0.120145
vt 0.319900 0.119435
vt 0.319042 0.104579
vt 0.319000 0.120156
vt 0.319937 0.105305
vt 0.314962 0.120145
vt 0.318991 0.123407
vt 0.319000 0.120156
vt 0.314953 0.123396
vt 0.313911 0.120720
vt 0.314953 0.123396
vt 0.314962 0.120145
vt 0.313904 0.123393
vt 0.320116 0.123410
vt 0.324162 0.120747
vt 0.320123 0.120736
vt 0.324155 0.123421
vt 0.318991 0.123407
vt 0.320123 0.120736
vt 0.319000 0.120156
vt 0.320116 0.123410
vt 0.319050 0.101328
vt 0.315003 0.104568
vt 0.319042 0.104579
vt 0.315012 0.101317
vt 0.320168 0.104005
vt 0.319050 0.101328
vt 0.319042 0.104579
vt 0.320175 0.101331
vt 0.324207 0.104016
vt 0.320175 0.101331
vt 0.320168 0.104005
vt 0.324214 0.101341
vt 0.315012 0.101317
vt 0.313955 0.103989
vt 0.315003 0.104568
vt 0.313963 0.101314
vt 0.319000 0.120156
vt 0.315003 0.104568
vt 0.314962 0.120145
vt 0.319042 0.104579
vt 0.313914 0.119419
vt 0.315003 0.104568
vt 0.313952 0.105289
vt 0.314962 0.120145
vt 0.319900 0.119435
vt 0.319042 0.104579
vt 0.319000 0.120156
vt 0.319937 0.105305
vt 0.314962 0.120145
vt 0.318991 0.123407
vt 0.319000 0.120156
vt 0.314953 0.123396
vt 0.313911 0.120720
vt 0.314953 0.123396
vt 0.314962 0.120145
vt 0.313904 0.123393
vt 0.320116 0.123410
vt 0.324162 0.120747
vt 0.320123 0.120736
vt 0.324155 0.123421
vt 0.318991 0.123407
vt 0.320123 0.120736
vt 0.319000 0.120156
vt 0.320116 0.123410
vt 0.319050 0.101328
vt 0.315003 0.104568
vt 0.319042 0.104579
vt 0.315012 0.101317
vt 0.320168 0.104005
vt 0.319050 0.101328
vt 0.319042 0.104579
vt 0.320175 0.101331
vt 0.324207 0.104016
vt 0.320175 0.101331
vt 0.320168 0.104005
vt 0.324214 0.101341
vt 0.315012 0.101317
vt 0.313955 0.103989
vt 0.315003 0.104568
vt 0.313963 0.101314
vt 0.319000 0.120156
vt 0.315003 0.104568
vt 0.314962 0.120145
vt 0.319042 0.104579
vt 0.314962 0.120145
vt 0.313952 0.105289
vt 0.313914 0.119419
vt 0.315003 0.104568
vt 0.319900 0.119435
vt 0.319042 0.104579
vt 0.319000 0.120156
vt 0.319937 0.105305
vt 0.314962 0.120145
vt 0.318991 0.123407
vt 0.319000 0.120156
vt 0.314953 0.123396
vt 0.313911 0.120720
vt 0.314953 0.123396
vt 0.313904 0.123393
vt 0.320116 0.123410
vt 0.324162 0.120747
vt 0.320123 0.120736
vt 0.324155 0.123421
vt 0.318991 0.123407
vt 0.320123 0.120736
vt 0.319000 0.120156
vt 0.320116 0.123410
vt 0.319050 0.101328
vt 0.315003 0.104568
vt 0.319042 0.104579
vt 0.315012 0.101317
vt 0.320168 0.104005
vt 0.319050 0.101328
vt 0.319042 0.104579
vt 0.320175 0.101331
vt 0.324207 0.104016
vt 0.320175 0.101331
vt 0.320168 0.104005
vt 0.324214 0.101341
vt 0.315012 0.101317
vt 0.313955 0.103989
vt 0.315003 0.104568
vt 0.313963 0.101314
vt 0.319000 0.120156
vt 0.315003 0.104568
vt 0.314962 0.120145
vt 0.319042 0.104579
vt 0.314962 0.120145
vt 0.313952 0.105289
vt 0.313914 0.119419
vt 0.315003 0.104568
vt 0.319900 0.119435
vt 0.319042 0.104579
vt 0.319000 0.120156
vt 0.319937 0.105305
vt 0.314962 0.120145
vt 0.318991 0.123407
vt 0.319000 0.120156
vt 0.314953 0.123396
vt 0.313911 0.120720
vt 0.314953 0.123396
vt 0.313904 0.123393
vt 0.320116 0.123410
vt 0.324162 0.120747
vt 0.320123 0.120736
vt 0.324155 0.123421
vt 0.318991 0.123407
vt 0.320123 0.120736
vt 0.319000 0.120156
vt 0.320116 0.123410
vt 0.319050 0.101328
vt 0.315003 0.104568
vt 0.319042 0.104579
vt 0.315012 0.101317
vt 0.320168 0.104005
vt 0.319050 0.101328
vt 0.319042 0.104579
vt 0.320175 0.101331
vt 0.324207 0.104016
vt 0.320175 0.101331
vt 0.320168 0.104005
vt 0.324214 0.101341
vt 0.315012 0.101317
vt 0.313955 0.103989
vt 0.315003 0.104568
vt 0.313963 0.101314
vt 0.319000 0.120156
vt 0.315003 0.104568
vt 0.314962 0.120145
vt 0.319042 0.104579
vt 0.313914 0.119419
vt 0.315003 0.104568
vt 0.313952 0.105289
vt 0.314962 0.120145
vt 0.319900 0.119435
vt 0.319042 0.104579
vt 0.319000 0.120156
vt 0.319937 0.105305
vt 0.314962 0.120145
vt 0.318991 0.123407
vt 0.319000 0.120156
vt 0.314953 0.123396
vt 0.313911 0.120720
vt 0.314953 0.123396
vt 0.314962 0.120145
vt 0.313904 0.123393
vt 0.320116 0.123410
vt 0.324162 0.120747
vt 0.320123 0.120736
vt 0.324155 0.123421
vt 0.318991 0.123407
vt 0.320123 0.120736
vt 0.319000 0.120156
vt 0.320116 0.123410
vt 0.319050 0.101328
vt 0.315003 0.104568
vt 0.319042 0.104579
vt 0.315012 0.101317
vt 0.320168 0.104005
vt 0.319050 0.101328
vt 0.319042 0.104579
vt 0.320175 0.101331
vt 0.324207 0.104016
vt 0.320175 0.101331
vt 0.320168 0.104005
vt 0.324214 0.101341
vt 0.315012 0.101317
vt 0.313955 0.103989
vt 0.315003 0.104568
vt 0.313963 0.101314
vt 0.087860 0.151518
vt 0.082526 0.194305
vt 0.087860 0.194305
vt 0.082526 0.151518
vt 0.082526 0.151518
vt 0.076947 0.194304
vt 0.076947 0.151518
vt 0.071377 0.151518
vt 0.076947 0.194304
vt 0.076947 0.151518
vt 0.071377 0.194304
vt 0.087860 0.151518
vt 0.093242 0.194305
vt 0.093242 0.151519
vt 0.082526 0.146648
vt 0.087860 0.146648
vt 0.076947 0.146647
vt 0.082526 0.146648
vt 0.071377 0.151518
vt 0.076947 0.146647
vt 0.071377 0.146647
vt 0.093242 0.146648
vt 0.087860 0.146648
vt 0.987202 0.006086
vt 0.913558 0.008189
vt 0.913490 0.006089
vt 0.987454 0.008189
vt 0.913655 0.010290
vt 0.987758 0.010287
vt 0.987502 0.012392
vt 0.913584 0.012392
vt 0.987202 0.006086
vt 0.913588 0.003990
vt 0.987512 0.003990
vt 0.847954 0.010289
vt 0.847985 0.008185
vt 0.847985 0.012392
vt 0.847986 0.003990
vt 0.848018 0.006087
vt 0.769242 0.006091
vt 0.769166 0.008193
vt 0.769091 0.010292
vt 0.769164 0.012392
vt 0.769168 0.003990
vt 0.705035 0.006091
vt 0.705030 0.008193
vt 0.705026 0.010292
vt 0.705029 0.012392
vt 0.705031 0.003990
vt 0.652150 0.008187
vt 0.652188 0.006088
vt 0.652114 0.010290
vt 0.652151 0.012392
vt 0.652150 0.003990
vt 0.565582 0.006107
vt 0.565538 0.008225
vt 0.565496 0.010341
vt 0.565537 0.012457
vt 0.565540 0.003990
vt 0.464649 0.006103
vt 0.464536 0.008216
vt 0.464422 0.010337
vt 0.464535 0.012457
vt 0.464534 0.003990
vt 0.394484 0.006107
vt 0.394253 0.008225
vt 0.394023 0.010341
vt 0.394252 0.012457
vt 0.394253 0.003990
vt 0.307603 0.006105
vt 0.307346 0.008220
vt 0.307088 0.010338
vt 0.307337 0.012457
vt 0.307350 0.003990
vt 0.988764 0.008179
vt 0.953910 0.006084
vt 0.989021 0.006084
vt 0.954028 0.008178
vt 0.954145 0.010285
vt 0.988507 0.010286
vt 0.954025 0.012392
vt 0.988755 0.012392
vt 0.954024 0.003990
vt 0.988768 0.003990
vt 0.918544 0.008212
vt 0.918427 0.006101
vt 0.918660 0.010302
vt 0.918541 0.012392
vt 0.918543 0.003990
vt 0.897111 0.006143
vt 0.897187 0.008292
vt 0.897253 0.010341
vt 0.897183 0.012392
vt 0.897169 0.003990
vt 0.886393 0.008460
vt 0.886319 0.006219
vt 0.886441 0.010428
vt 0.886372 0.012392
vt 0.886344 0.003990
vt 0.877858 0.008376
vt 0.877930 0.006184
vt 0.877777 0.010383
vt 0.877814 0.012392
vt 0.877900 0.003990
vt 0.866398 0.008317
vt 0.866224 0.006153
vt 0.866570 0.010355
vt 0.866394 0.012392
vt 0.866432 0.003990
vt 0.850134 0.008231
vt 0.849889 0.006110
vt 0.850378 0.010311
vt 0.850148 0.012392
vt 0.850150 0.003990
vt 0.819788 0.008213
vt 0.819695 0.006101
vt 0.819886 0.010302
vt 0.819811 0.012392
vt 0.819796 0.003990
vt 0.797327 0.008196
vt 0.797368 0.006093
vt 0.797288 0.010294
vt 0.797338 0.012392
vt 0.797319 0.003990
vt 0.712342 0.006089
vt 0.712296 0.008189
vt 0.712250 0.010290
vt 0.712312 0.012392
vt 0.712280 0.003990
vt 0.607911 0.006091
vt 0.607867 0.008192
vt 0.607825 0.010292
vt 0.607892 0.012392
vt 0.607843 0.003990
vt 0.488467 0.006106
vt 0.488433 0.008222
vt 0.488399 0.010340
vt 0.488459 0.012457
vt 0.488406 0.003990
vt 0.411555 0.006107
vt 0.411527 0.008225
vt 0.411499 0.010341
vt 0.411547 0.012457
vt 0.411507 0.003990
vt 0.317349 0.006106
vt 0.317312 0.008222
vt 0.317277 0.010340
vt 0.317336 0.012457
vt 0.317289 0.003990
vt 0.987571 0.008188
vt 0.893359 0.006091
vt 0.987607 0.006088
vt 0.893335 0.008192
vt 0.987535 0.010289
vt 0.893312 0.010292
vt 0.893361 0.012392
vt 0.987594 0.012392
vt 0.987547 0.003990
vt 0.893309 0.003990
vt 0.768688 0.006089
vt 0.768668 0.008189
vt 0.768648 0.010290
vt 0.768686 0.012392
vt 0.768649 0.003990
vt 0.700673 0.006097
vt 0.700645 0.008205
vt 0.700614 0.010298
vt 0.700650 0.012392
vt 0.700625 0.003990
vt 0.686306 0.006102
vt 0.686384 0.008214
vt 0.686458 0.010303
vt 0.686376 0.012392
vt 0.686374 0.003990
vt 0.640813 0.008166
vt 0.640735 0.006078
vt 0.640893 0.010278
vt 0.640816 0.012392
vt 0.640803 0.003990
vt 0.625894 0.007994
vt 0.625704 0.005990
vt 0.626071 0.010192
vt 0.625837 0.012392
vt 0.625892 0.003990
vt 0.620860 0.005930
vt 0.620777 0.007867
vt 0.620641 0.010134
vt 0.620809 0.012392
vt 0.620627 0.003990
vt 0.615587 0.005909
vt 0.615487 0.007831
vt 0.615368 0.010121
vt 0.615644 0.012392
vt 0.615351 0.003990
vt 0.608504 0.005992
vt 0.608579 0.007994
vt 0.608669 0.010190
vt 0.608689 0.012392
vt 0.608549 0.003990
vt 0.598177 0.008103
vt 0.598162 0.006046
vt 0.598208 0.010246
vt 0.598221 0.012392
vt 0.598201 0.003990
vt 0.582847 0.006081
vt 0.582407 0.008175
vt 0.581971 0.010283
vt 0.582442 0.012392
vt 0.582395 0.003990
vt 0.518791 0.006106
vt 0.518692 0.008223
vt 0.518594 0.010340
vt 0.518715 0.012457
vt 0.518671 0.003990
vt 0.333561 0.006106
vt 0.333446 0.008223
vt 0.333331 0.010340
vt 0.333459 0.012457
vt 0.333433 0.003990
vt 0.988350 0.008188
vt 0.921365 0.006091
vt 0.988466 0.006089
vt 0.921212 0.008192
vt 0.988236 0.010290
vt 0.921061 0.010292
vt 0.921178 0.012392
vt 0.988363 0.012392
vt 0.988337 0.003990
vt 0.921247 0.003990
vt 0.843481 0.006091
vt 0.843350 0.008192
vt 0.843220 0.010292
vt 0.843301 0.012392
vt 0.843399 0.003990
vt 0.795203 0.006089
vt 0.795067 0.008189
vt 0.794932 0.010290
vt 0.795044 0.012392
vt 0.795091 0.003990
vt 0.704258 0.006090
vt 0.704122 0.008191
vt 0.703987 0.010291
vt 0.704098 0.012392
vt 0.704145 0.003990
vt 0.603751 0.006090
vt 0.603619 0.008190
vt 0.603487 0.010291
vt 0.603595 0.012392
vt 0.603642 0.003990
vt 0.516992 0.006107
vt 0.516862 0.008224
vt 0.516733 0.010340
vt 0.516853 0.012457
vt 0.516870 0.003990
vt 0.415903 0.006105
vt 0.415780 0.008222
vt 0.415658 0.010339
vt 0.415778 0.012457
vt 0.415779 0.003990
vt 0.395229 0.006092
vt 0.394947 0.008194
vt 0.394657 0.010325
vt 0.394943 0.012457
vt 0.394927 0.003990
vt 0.375146 0.006093
vt 0.375310 0.008196
vt 0.375456 0.010326
vt 0.375282 0.012457
vt 0.375270 0.003990
vt 0.355799 0.008164
vt 0.355983 0.006077
vt 0.355602 0.010310
vt 0.355774 0.012457
vt 0.355782 0.003990
vt 0.340459 0.006036
vt 0.340405 0.008083
vt 0.340313 0.010269
vt 0.340272 0.012457
vt 0.340420 0.003990
vt 0.329893 0.006008
vt 0.329487 0.008054
vt 0.328839 0.010189
vt 0.328938 0.012457
vt 0.329510 0.003990
vt 0.317936 0.005946
vt 0.318012 0.007952
vt 0.317602 0.010106
vt 0.317680 0.012457
vt 0.317694 0.003990
vt 0.311381 0.006048
vt 0.311332 0.008117
vt 0.311284 0.010345
vt 0.311332 0.012457
vt 0.311332 0.003990
vt 0.285573 0.006110
vt 0.285652 0.008230
vt 0.285732 0.010344
vt 0.285652 0.012457
vt 0.285652 0.003990
vt 0.255219 0.006122
vt 0.255272 0.008255
vt 0.255326 0.010356
vt 0.255272 0.012457
vt 0.255272 0.003990
vt 0.087860 0.151518
vt 0.082526 0.194305
vt 0.087860 0.194305
vt 0.082526 0.151518
vt 0.082526 0.151518
vt 0.076947 0.194304
vt 0.082526 0.194305
vt 0.076947 0.151518
vt 0.071377 0.151518
vt 0.076947 0.194304
vt 0.076947 0.151518
vt 0.071377 0.194304
vt 0.087860 0.151518
vt 0.093242 0.194305
vt 0.093242 0.151519
vt 0.087860 0.194305
vt 0.082526 0.146648
vt 0.087860 0.146648
vt 0.076947 0.146647
vt 0.082526 0.146648
vt 0.071377 0.151518
vt 0.076947 0.146647
vt 0.071377 0.146647
vt 0.093242 0.146648
vt 0.087860 0.146648
vt 0.712604 0.724427
vt 0.716328 0.725791
vt 0.714936 0.726815
vt 0.709735 0.735333
vt 0.717404 0.731361
vt 0.715951 0.730386
vt 0.716328 0.725791
vt 0.708595 0.725451
vt 0.706927 0.724332
vt 0.719891 0.733734
vt 0.706927 0.743526
vt 0.709419 0.745915
vt 0.717404 0.731361
vt 0.720823 0.724846
vt 0.720823 0.731355
vt 0.717720 0.724767
vt 0.714786 0.718445
vt 0.717720 0.724767
vt 0.719771 0.722133
vt 0.712843 0.721100
vt 0.705017 0.721487
vt 0.712843 0.721100
vt 0.710963 0.718061
vt 0.706927 0.724332
vt 0.703496 0.743889
vt 0.706927 0.724332
vt 0.703496 0.724310
vt 0.706927 0.743526
vt 0.708595 0.725451
vt 0.712604 0.724427
vt 0.712724 0.722763
vt 0.710059 0.726433
vt 0.715951 0.730386
vt 0.709735 0.735333
vt 0.708502 0.738928
vt 0.714755 0.729584
vt 0.712604 0.724427
vt 0.716328 0.725791
vt 0.714936 0.726815
vt 0.709735 0.735333
vt 0.717404 0.731361
vt 0.715951 0.730386
vt 0.716328 0.725791
vt 0.708595 0.725451
vt 0.706927 0.724332
vt 0.706927 0.743526
vt 0.719891 0.733734
vt 0.709419 0.745915
vt 0.717404 0.731361
vt 0.720823 0.724846
vt 0.720823 0.731355
vt 0.717720 0.724767
vt 0.717720 0.724767
vt 0.714786 0.718445
vt 0.719771 0.722133
vt 0.712843 0.721100
vt 0.712843 0.721100
vt 0.705017 0.721487
vt 0.710963 0.718061
vt 0.706927 0.724332
vt 0.706927 0.724332
vt 0.703496 0.743889
vt 0.703496 0.724310
vt 0.706927 0.743526
vt 0.712604 0.724427
vt 0.708595 0.725451
vt 0.712724 0.722763
vt 0.710059 0.726433
vt 0.715951 0.730386
vt 0.709735 0.735333
vt 0.714755 0.729584
vt 0.708502 0.738928
vt 0.716328 0.725791
vt 0.712604 0.724427
vt 0.714936 0.726815
vt 0.715951 0.730386
vt 0.709735 0.735333
vt 0.717404 0.731361
vt 0.716328 0.725791
vt 0.708595 0.725451
vt 0.706927 0.724332
vt 0.706927 0.743526
vt 0.719891 0.733734
vt 0.709419 0.745915
vt 0.717404 0.731361
vt 0.720823 0.724846
vt 0.720823 0.731355
vt 0.717720 0.724767
vt 0.717720 0.724767
vt 0.714786 0.718445
vt 0.719771 0.722133
vt 0.712843 0.721100
vt 0.712843 0.721100
vt 0.705017 0.721487
vt 0.710963 0.718061
vt 0.706927 0.724332
vt 0.706927 0.724332
vt 0.703496 0.743889
vt 0.703496 0.724310
vt 0.706927 0.743526
vt 0.712604 0.724427
vt 0.708595 0.725451
vt 0.712724 0.722763
vt 0.710059 0.726433
vt 0.715951 0.730386
vt 0.709735 0.735333
vt 0.714755 0.729584
vt 0.708502 0.738928
vt 0.716328 0.725791
vt 0.712604 0.724427
vt 0.714936 0.726815
vt 0.715951 0.730386
vt 0.709735 0.735333
vt 0.717404 0.731361
vt 0.716328 0.725791
vt 0.708595 0.725451
vt 0.706927 0.724332
vn 0.0006 -0.4376 -0.8992
vn 0.0009 0.3636 -0.9316
vn 0.0006 0.9310 -0.3650
vn -0.0009 -0.3636 0.9316
vn -1.0000 -0.0002 0.0005
vn 1.0000 0.0000 -0.0001
vn 0.0000 1.0000 0.0000
vn 0.0000 0.0000 1.0000
vn 0.8806 0.4739 -0.0023
vn 0.8820 0.4712 -0.0021
vn 0.8796 0.4757 -0.0024
vn 0.8830 0.4694 -0.0020
vn 0.0000 0.0000 -1.0000
vn -0.8806 0.4739 0.0023
vn -0.8820 0.4712 0.0021
vn -0.8796 0.4757 0.0024
vn -0.8830 0.4694 0.0020
vn -0.8796 0.4757 -0.0024
vn -0.8830 0.4694 -0.0020
vn 0.8796 0.4757 0.0024
vn 0.8830 0.4694 0.0020
vn -0.7038 0.7020 0.1086
vn -0.7009 0.7051 0.1075
vn -0.6992 0.7069 0.1069
vn -0.7055 0.7002 0.1092
vn 0.6933 0.7128 -0.1062
vn 0.6969 0.7090 -0.1075
vn 0.6989 0.7070 -0.1083
vn 0.6913 0.7148 -0.1054
vn 0.6989 -0.7070 -0.1082
vn 0.6914 -0.7147 -0.1054
vn -0.6992 -0.7069 0.1068
vn -0.7056 -0.7001 0.1092
vn -0.7065 0.7076 0.0115
vn -0.7071 0.7070 0.0115
vn 0.7067 0.7075 -0.0115
vn 0.7071 0.7071 -0.0116
vn 0.7067 -0.7074 -0.0115
vn 0.7071 -0.7070 -0.0116
vn -0.7068 -0.7073 0.0115
vn -0.7065 -0.7076 0.0115
vn -0.7071 -0.7070 0.0115
vn -0.7073 0.7069 -0.0055
vn -0.7071 0.7071 -0.0055
vn 0.7073 0.7069 0.0055
vn 0.7071 0.7071 0.0054
vn 0.7071 -0.7071 0.0054
vn 0.7074 -0.7068 0.0055
vn -0.7071 -0.7071 -0.0055
vn -0.7074 -0.7068 -0.0055
vn -0.6960 0.7042 -0.1406
vn -0.6918 0.7084 -0.1396
vn -0.6893 0.7110 -0.1391
vn -0.6984 0.7016 -0.1411
vn 0.6624 0.7051 0.2530
vn 0.6607 0.7069 0.2524
vn 0.6634 0.7040 0.2534
vn 0.6597 0.7080 0.2521
vn 0.6896 -0.7110 0.1378
vn 0.6988 -0.7015 0.1398
vn -0.6609 -0.7069 -0.2520
vn -0.6625 -0.7052 -0.2526
vn -0.6636 -0.7041 -0.2529
vn -0.6599 -0.7080 -0.2516
vn -0.6835 0.7021 -0.1994
vn -0.6813 0.7046 -0.1983
vn -0.6800 0.7061 -0.1977
vn -0.6848 0.7007 -0.2001
vn 0.5725 0.6980 0.4303
vn 0.5703 0.7004 0.4291
vn 0.5738 0.6965 0.4309
vn 0.5690 0.7018 0.4285
vn 0.6803 -0.7060 0.1968
vn 0.6852 -0.7006 0.1991
vn -0.5709 -0.7005 -0.4282
vn -0.5731 -0.6980 -0.4293
vn -0.5743 -0.6966 -0.4301
vn -0.5696 -0.7019 -0.4276
vn -0.5602 0.7067 -0.4321
vn -0.5603 0.7066 -0.4321
vn -0.5602 0.7068 -0.4321
vn -0.5605 0.7064 -0.4323
vn 0.5664 0.7077 0.4224
vn 0.5666 0.7075 0.4225
vn 0.5666 0.7074 0.4225
vn 0.5663 0.7078 0.4223
vn 0.5601 -0.7069 0.4320
vn 0.5605 -0.7064 0.4323
vn -0.5667 -0.7073 -0.4226
vn -0.5663 -0.7078 -0.4223
vn -0.6990 0.7070 -0.1076
vn -0.6987 0.7073 -0.1076
vn -0.6986 0.7074 -0.1076
vn -0.6991 0.7069 -0.1076
vn 0.6992 0.7073 0.1043
vn 0.6994 0.7071 0.1043
vn 0.6996 0.7069 0.1043
vn 0.6991 0.7073 0.1043
vn 0.6987 -0.7073 0.1075
vn 0.6991 -0.7069 0.1075
vn -0.6996 -0.7069 -0.1042
vn -0.6991 -0.7074 -0.1042
vn -0.6485 0.7085 0.2785
vn -0.6503 0.7066 0.2790
vn -0.6474 0.7096 0.2781
vn -0.6514 0.7054 0.2794
vn 0.6370 0.7057 -0.3102
vn 0.6352 0.7075 -0.3097
vn 0.6381 0.7046 -0.3104
vn 0.6342 0.7086 -0.3094
vn 0.6500 -0.7066 -0.2795
vn 0.6483 -0.7084 -0.2790
vn 0.6473 -0.7095 -0.2787
vn 0.6511 -0.7055 -0.2799
vn -0.6350 -0.7075 0.3102
vn -0.6368 -0.7057 0.3107
vn -0.6379 -0.7045 0.3110
vn -0.6339 -0.7086 0.3099
vn -0.4954 0.7072 0.5045
vn -0.4954 0.7071 0.5045
vn 0.4954 0.7072 -0.5045
vn 0.4954 0.7071 -0.5046
vn 0.4954 -0.7072 -0.5045
vn 0.4954 -0.7071 -0.5046
vn -0.4954 -0.7072 0.5045
vn -0.4954 -0.7071 0.5045
vn -0.1167 0.7071 0.6974
vn -0.1167 0.7071 0.6975
vn 0.1167 0.7072 -0.6973
vn 0.1167 -0.7072 -0.6973
vn 0.1168 -0.7072 -0.6973
vn -0.1167 -0.7070 0.6975
vn -0.1168 -0.7071 0.6974
vn 0.3696 0.7071 0.6028
vn -0.3696 0.7072 -0.6027
vn -0.3696 0.7073 -0.6027
vn -0.3696 0.7073 -0.6026
vn -0.3696 -0.7072 -0.6027
vn 0.3696 -0.7071 0.6028
vn 0.5870 0.7072 0.3941
vn 0.5871 0.7071 0.3941
vn 0.5871 0.7071 0.3942
vn -0.5871 0.7071 -0.3941
vn -0.5870 0.7072 -0.3941
vn -0.5870 -0.7072 -0.3941
vn -0.5871 -0.7071 -0.3941
vn 0.5871 -0.7071 0.3942
vn 0.5870 -0.7072 0.3941
vn 0.6797 0.7077 0.1927
vn 0.6821 0.7053 0.1933
vn 0.6834 0.7039 0.1937
vn 0.6783 0.7092 0.1923
vn -0.6525 0.7077 -0.2711
vn -0.6547 0.7052 -0.2720
vn -0.6511 0.7092 -0.2705
vn -0.6561 0.7037 -0.2726
vn -0.6833 -0.7038 -0.1944
vn -0.6781 -0.7092 -0.1930
vn 0.6544 -0.7052 0.2727
vn 0.6522 -0.7077 0.2717
vn 0.6508 -0.7092 0.2711
vn 0.6558 -0.7037 0.2733
vn 0.6998 0.7082 0.0942
vn 0.7013 0.7066 0.0942
vn 0.6987 0.7092 0.0941
vn 0.7024 0.7055 0.0943
vn -0.7089 0.7049 0.0217
vn -0.7117 0.7021 0.0215
vn -0.7136 0.7003 0.0214
vn -0.7071 0.7068 0.0219
vn -0.7013 -0.7066 -0.0940
vn -0.6997 -0.7082 -0.0939
vn -0.6987 -0.7092 -0.0939
vn -0.7024 -0.7056 -0.0940
vn 0.7089 -0.7049 -0.0223
vn 0.7117 -0.7021 -0.0218
vn 0.7136 -0.7003 -0.0214
vn 0.7071 -0.7068 -0.0227
vn 0.7068 0.7074 0.0062
vn 0.7076 0.7065 0.0062
vn -0.7069 0.7073 -0.0003
vn -0.7073 0.7069 -0.0003
vn -0.7068 -0.7074 -0.0062
vn -0.7075 -0.7067 -0.0062
vn 0.7069 -0.7073 0.0003
vn 0.7075 -0.7067 0.0003
vn 0.6910 0.7101 -0.1356
vn 0.6948 0.7063 -0.1355
vn -0.6998 0.7013 0.1362
vn -0.6947 0.7063 0.1363
vn -0.6961 -0.7049 0.1363
vn -0.6985 -0.7025 0.1362
vn -0.6999 -0.7011 0.1362
vn -0.6947 -0.7063 0.1363
vn 0.6939 -0.7072 -0.1355
vn 0.6921 -0.7090 -0.1356
vn 0.6911 -0.7100 -0.1356
vn 0.6948 -0.7063 -0.1355
vn -0.7030 0.6847 -0.1924
vn -0.7156 0.6664 -0.2092
vn 0.6168 0.6577 -0.4324
vn 0.5952 0.6671 -0.4481
vn 0.5952 -0.6670 -0.4481
vn 0.6168 -0.6576 -0.4325
vn -0.7157 -0.6663 -0.2093
vn -0.7030 -0.6847 -0.1924
vn 0.6278 0.6563 -0.4184
vn 0.6145 0.6619 -0.4293
vn 0.6146 -0.6618 -0.4293
vn 0.6278 -0.6563 -0.4185
vn -0.6999 -0.6628 -0.2660
vn -0.6928 -0.6747 -0.2544
vn -0.6928 0.6748 -0.2544
vn -0.6999 0.6629 -0.2659
vn -0.6196 0.7072 -0.3406
vn -0.6191 0.7077 -0.3403
vn -0.6198 0.7070 -0.3407
vn -0.6189 0.7080 -0.3401
vn 0.6444 0.7064 0.2927
vn 0.6448 0.7060 0.2929
vn 0.6442 0.7067 0.2925
vn 0.6450 0.7057 0.2931
vn 0.6190 -0.7077 0.3404
vn 0.6194 -0.7073 0.3407
vn 0.6197 -0.7070 0.3409
vn 0.6187 -0.7082 0.3402
vn -0.6448 -0.7059 -0.2932
vn -0.6444 -0.7064 -0.2928
vn -0.6441 -0.7067 -0.2926
vn -0.6451 -0.7056 -0.2934
vn 0.1860 -0.0000 0.9825
vn 0.1245 0.0000 0.9922
vn -0.8312 0.0000 -0.5560
vn -0.9904 0.0000 0.1382
vn -0.4377 0.0000 0.8991
vn 0.6018 0.0000 0.7987
vn 0.9880 0.0000 -0.1546
vn -0.4704 0.7029 -0.5335
vn -0.4535 0.7812 -0.4289
vn 0.0000 0.9775 0.2107
vn -0.0000 0.9776 0.2106
vn -0.0067 0.9780 0.2087
vn 0.0000 0.9804 0.1971
vn -0.0086 0.9781 0.2081
vn -0.0000 -0.9775 -0.2107
vn -0.0032 -0.9787 -0.2053
vn 0.0066 -0.9780 -0.2087
vn 0.0007 -0.9802 -0.1980
vn 0.0000 -0.9804 -0.1972
vn -0.0000 0.1993 -0.9799
vn -0.0000 0.1994 -0.9799
vn 1.0000 -0.0000 -0.0000
vn 0.0000 -0.1989 0.9800
vn 0.0000 -0.1994 0.9799
vn -1.0000 -0.0022 -0.0006
vn -1.0000 -0.0034 -0.0009
vn -1.0000 -0.0042 -0.0010
vn -1.0000 -0.0014 -0.0005
vn 0.0004 0.1917 -0.9815
vn 0.0002 0.1891 -0.9820
vn 0.0000 0.1875 -0.9823
vn 0.0006 0.1932 -0.9812
vn 1.0000 0.0021 0.0008
vn 1.0000 0.0008 0.0007
vn 1.0000 0.0029 0.0009
vn 1.0000 -0.0001 0.0006
vn 0.0067 0.9780 0.2086
vn 0.0086 0.9781 0.2081
vn 0.0032 -0.9787 -0.2054
vn -0.0066 -0.9779 -0.2088
vn -0.0006 -0.9802 -0.1981
vn -1.0000 -0.0000 0.0000
vn 0.0000 -0.1991 0.9800
vn -0.0000 -0.1993 0.9799
vn 0.0000 -0.1990 0.9800
vn 1.0000 -0.0034 -0.0009
vn 1.0000 -0.0023 -0.0006
vn 1.0000 -0.0042 -0.0010
vn 1.0000 -0.0014 -0.0005
vn -0.0002 0.1891 -0.9820
vn -0.0004 0.1916 -0.9815
vn -0.0000 0.1876 -0.9822
vn -0.0006 0.1931 -0.9812
vn -1.0000 0.0021 0.0008
vn -1.0000 0.0007 0.0007
vn -1.0000 -0.0001 0.0006
vn -1.0000 0.0029 0.0009
vn -0.8660 0.0000 0.5000
vn 0.8660 0.0000 0.5000
vn -0.8660 0.0000 -0.5000
vn 0.8660 0.0000 -0.5000
vn -0.7652 -0.4491 0.4613
vn -0.7614 -0.4426 0.4736
vn 0.7701 0.4235 0.4771
vn 0.7744 0.4368 0.4577
vn -0.7652 -0.4491 -0.4613
vn -0.7614 -0.4426 -0.4736
vn 0.7744 0.4368 -0.4577
vn 0.7701 0.4235 -0.4771
vn -0.0000 -0.8883 0.4593
vn -0.0000 0.8883 0.4593
vn 0.0000 -0.8883 -0.4593
vn 0.0000 0.8883 -0.4593
vn 0.7652 -0.4491 0.4613
vn 0.7614 -0.4426 0.4736
vn -0.7744 0.4368 0.4577
vn -0.7701 0.4236 0.4771
vn 0.7651 -0.4491 -0.4614
vn 0.7614 -0.4426 -0.4736
vn -0.7700 0.4235 -0.4771
vn -0.7744 0.4368 -0.4578
vn 0.0000 0.7071 -0.7071
vn 0.0000 0.7071 0.7071
vn 0.0000 -0.7071 0.7071
vn 0.0000 -0.7071 -0.7071
vn -0.8661 0.0000 -0.5000
vn 0.7651 -0.4491 0.4613
vn -0.7700 0.4235 0.4771
vn -0.7744 0.4368 0.4578
vn 0.7615 -0.4426 -0.4736
vn 0.7652 -0.4491 -0.4613
vn -0.7744 0.4368 -0.4577
vn -0.7701 0.4236 -0.4771
vn 0.7700 0.4235 0.4771
vn -0.7615 -0.4426 -0.4736
vn -0.3163 0.3811 0.8687
vn -0.2271 0.4497 0.8638
vn -0.3425 0.0260 0.9392
vn -0.0968 -0.1885 0.9773
vn 0.2271 0.4497 0.8638
vn 0.3163 0.3811 0.8687
vn 0.0968 -0.1885 0.9773
vn 0.3425 0.0260 0.9392
vn 0.2409 0.9489 0.2040
vn 0.1398 0.6598 0.7383
vn 0.0097 0.2092 0.9778
vn 0.1477 0.5328 0.8333
vn 0.6581 0.7116 0.2458
vn 0.3951 0.5331 0.7481
vn 0.3094 0.4476 0.8390
vn 0.3617 0.4738 0.8030
vn -0.0449 -0.6789 0.7328
vn -0.4881 -0.6394 0.5941
vn 0.8990 0.3007 0.3183
vn 0.5734 0.2910 0.7658
vn 0.5734 0.2911 0.7658
vn 0.4827 0.3075 0.8200
vn 0.3333 0.2509 0.9088
vn -0.7059 -0.1902 0.6823
vn -0.9169 0.0745 0.3921
vn 0.8990 -0.1737 0.4019
vn 0.6162 -0.0289 0.7870
vn 0.3491 0.0698 0.9345
vn 0.5230 -0.0266 0.8519
vn -0.8742 0.3105 0.3734
vn -0.8106 0.0766 0.5806
vn 0.6581 -0.5846 0.4744
vn 0.4808 -0.3461 0.8056
vn 0.4277 -0.2433 0.8706
vn 0.3497 -0.1881 0.9178
vn -0.4818 0.7868 0.3857
vn 0.0829 0.8576 0.5076
vn 0.2409 -0.8219 0.5162
vn 0.1826 -0.5482 0.8162
vn 0.1889 -0.2963 0.9362
vn 0.0097 0.1380 0.9904
vn -0.0118 0.8491 0.5280
vn 0.0873 0.8186 0.5677
vn -0.2409 -0.8219 0.5162
vn -0.1826 -0.5482 0.8162
vn -0.0097 0.1380 0.9904
vn -0.1890 -0.2963 0.9362
vn -0.0874 0.8186 0.5677
vn 0.0118 0.8491 0.5280
vn -0.6581 -0.5846 0.4744
vn -0.4808 -0.3462 0.8056
vn -0.3498 -0.1881 0.9178
vn -0.4276 -0.2434 0.8706
vn -0.0665 0.8567 0.5115
vn 0.4785 0.7849 0.3938
vn -0.8990 -0.1737 0.4019
vn -0.6162 -0.0289 0.7870
vn -0.5230 -0.0265 0.8519
vn -0.3492 0.0698 0.9345
vn 0.8080 0.0768 0.5842
vn 0.8720 0.3186 0.3716
vn -0.8990 0.3007 0.3183
vn -0.5734 0.2910 0.7658
vn -0.3333 0.2509 0.9088
vn -0.4827 0.3075 0.8200
vn 0.9172 0.0743 0.3914
vn 0.7054 -0.1911 0.6825
vn -0.6581 0.7116 0.2458
vn -0.3951 0.5331 0.7481
vn -0.3616 0.4738 0.8030
vn -0.3094 0.4476 0.8390
vn 0.4880 -0.6393 0.5943
vn 0.0449 -0.6789 0.7328
vn -0.2409 0.9489 0.2040
vn -0.1398 0.6598 0.7383
vn -0.1477 0.5328 0.8333
vn -0.0097 0.2092 0.9778
vn 0.3032 0.8804 0.3647
vn 0.3753 0.3547 0.8564
vn 0.3753 -0.3547 0.8564
vn 0.3032 -0.8804 0.3647
vn 0.3032 -0.8804 0.3646
vn -0.3032 0.8804 0.3647
vn -0.3753 0.3547 0.8564
vn -0.3752 -0.3547 0.8564
vn -0.3753 -0.3547 0.8564
vn -0.3032 -0.8804 0.3647
vn -0.3032 -0.8804 0.3646
vn -0.5000 0.8660 0.0015
vn -1.0000 0.0000 0.0015
vn -0.5000 -0.8660 0.0015
vn 0.5000 -0.8660 0.0015
vn 1.0000 0.0000 0.0015
vn 0.5000 0.8660 0.0015
vn -0.5479 0.0000 -0.8366
vn -0.3874 0.7071 -0.5915
vn 0.5479 -0.0000 0.8366
vn 0.3874 0.7071 0.5915
vn 0.8386 0.0000 -0.5448
vn 0.8386 -0.0001 -0.5448
vn 0.8387 0.0000 -0.5446
vn -0.8386 0.0001 0.5448
vn -0.8386 -0.0000 0.5448
vn -0.8386 -0.0001 0.5448
vn -0.8385 0.0003 0.5448
vn -0.8123 0.0000 0.5833
vn -0.5556 -0.0000 0.8315
vn -0.1951 0.0000 0.9808
vn 0.1951 0.0000 0.9808
vn 0.5556 0.0000 0.8315
vn 0.8315 0.0000 0.5556
vn 0.9808 0.0000 0.1951
vn 0.9808 0.0001 0.1951
vn 0.9808 0.0001 -0.1951
vn 0.9808 0.0000 -0.1951
vn 0.8315 0.0000 -0.5556
vn 0.5556 0.0000 -0.8315
vn 0.1951 0.0000 -0.9808
vn -0.1951 -0.0000 -0.9808
vn -0.5556 0.0000 -0.8315
vn -0.8123 -0.0000 -0.5833
vn -0.5727 0.7091 0.4112
vn -0.5826 0.6832 0.4403
vn -0.3928 0.7071 0.5879
vn -0.1379 0.7071 0.6935
vn 0.1380 0.7071 0.6935
vn 0.1379 0.7071 0.6935
vn 0.3929 0.7071 0.5879
vn 0.5879 0.7071 0.3929
vn 0.5879 0.7071 0.3928
vn 0.6935 0.7071 0.1380
vn 0.6935 0.7071 -0.1380
vn 0.6935 0.7071 -0.1379
vn 0.5879 0.7071 -0.3929
vn 0.3928 0.7071 -0.5879
vn 0.1380 0.7071 -0.6935
vn -0.1380 0.7071 -0.6935
vn -0.3928 0.7071 -0.5879
vn -0.5858 0.6788 -0.4428
vn -0.5746 0.7089 -0.4091
vn -0.9990 -0.0454 0.0000
vn -0.9989 -0.0458 0.0001
vn 0.0000 0.9999 0.0155
vn 0.0000 0.4179 -0.9085
vn 0.0000 0.7646 0.6445
vn 0.5479 0.0000 -0.8366
vn 0.3874 0.7071 -0.5915
vn -0.5479 -0.0000 0.8366
vn -0.3874 0.7071 0.5915
vn -0.3874 0.7072 0.5915
vn -0.8386 0.0000 -0.5448
vn -0.8386 -0.0001 -0.5448
vn -0.8386 0.0000 -0.5447
vn 0.8386 0.0001 0.5448
vn 0.8386 0.0003 0.5448
vn 0.8385 0.0002 0.5448
vn 0.8386 -0.0001 0.5448
vn 0.8386 -0.0000 0.5448
vn 0.8123 0.0000 0.5833
vn -0.8315 0.0000 0.5556
vn -0.9808 0.0000 0.1951
vn -0.9808 0.0000 -0.1951
vn -0.9808 0.0001 -0.1951
vn -0.8315 0.0000 -0.5556
vn 0.8123 0.0000 -0.5833
vn 0.5754 0.7088 0.4080
vn 0.5874 0.6767 0.4440
vn 0.3928 0.7071 0.5879
vn -0.3929 0.7071 0.5879
vn -0.5879 0.7071 0.3928
vn -0.6935 0.7071 0.1380
vn -0.6935 0.7071 -0.1380
vn -0.6935 0.7071 -0.1379
vn -0.5879 0.7071 -0.3928
vn -0.5879 0.7071 -0.3929
vn -0.3929 0.7071 -0.5879
vn 0.1379 0.7071 -0.6935
vn 0.5727 0.7091 -0.4112
vn 0.5826 0.6832 -0.4403
vn 0.9989 -0.0459 -0.0000
vn 0.9990 -0.0453 -0.0001
vn 0.9989 -0.0460 0.0000
vn -0.5000 0.0005 0.8660
vn -1.0000 0.0005 0.0000
vn -0.5000 0.0005 -0.8660
vn 0.5000 0.0005 -0.8660
vn 1.0000 0.0005 0.0000
vn 0.5000 0.0005 0.8660
vn 0.0000 0.5160 -0.8566
vn 0.0000 0.5160 0.8566
vn 0.0000 0.1862 0.9825
vn -0.0000 -0.1763 -0.9843
vn 0.0000 -1.0000 0.0000
vn 0.3831 0.9208 -0.0725
vn 0.3833 0.9208 -0.0726
vn 0.9220 0.3802 -0.0725
vn 0.9221 0.3801 -0.0726
vn 0.9208 -0.3831 -0.0725
vn 0.9208 -0.3833 -0.0726
vn 0.3802 -0.9221 -0.0725
vn 0.3800 -0.9221 -0.0726
vn -0.3831 -0.9208 -0.0725
vn -0.3833 -0.9208 -0.0726
vn -0.9220 -0.3802 -0.0725
vn -0.9221 -0.3801 -0.0726
vn -0.9208 0.3831 -0.0725
vn -0.9208 0.3833 -0.0726
vn -0.3802 0.9220 -0.0725
vn -0.3800 0.9221 -0.0726
vn 0.0000 1.0000 0.0019
vn -0.0000 0.3150 -0.9491
vn -0.8676 0.4883 0.0941
vn -0.8324 0.5542 0.0010
vn 0.0000 0.4358 0.9001
vn 0.0000 0.4358 0.9000
vn 0.8676 0.4883 0.0941
vn 0.8324 0.5542 0.0010
vn 0.5202 0.1286 0.8443
vn 0.5205 0.1294 0.8440
vn 0.5198 0.1286 0.8446
vn 0.5253 0.1358 0.8400
vn 1.0000 -0.0006 -0.0002
vn 1.0000 -0.0004 -0.0005
vn 1.0000 -0.0003 -0.0007
vn 1.0000 -0.0007 -0.0000
vn 0.0397 0.8544 0.5181
vn 0.0428 0.8555 0.5160
vn 0.0431 0.8557 0.5157
vn 0.0392 0.8543 0.5184
vn 0.0000 0.1497 0.9887
vn 0.0000 0.4627 0.8865
vn -0.6224 0.1213 0.7733
vn -0.6206 0.1193 0.7750
vn -0.6251 0.1245 0.7706
vn -0.6198 0.1183 0.7758
vn -1.0000 -0.0006 -0.0002
vn -1.0000 -0.0004 -0.0005
vn -1.0000 -0.0007 -0.0000
vn -1.0000 -0.0003 -0.0007
vn -0.0573 0.4895 0.8701
vn -0.0672 0.4539 0.8885
vn -0.8674 0.3660 0.3372
vn -0.5968 0.6862 0.4159
vn 0.0000 0.3140 0.9494
vn 0.0000 0.3141 0.9494
vn 0.5917 0.6900 0.4169
vn 0.8705 0.3597 0.3360
vn -0.4729 0.7398 0.4787
vn -0.6719 0.1202 0.7308
vn -0.6911 0.1231 0.7122
vn 0.0000 0.1623 0.9867
vn 0.0000 1.0000 -0.0072
vn 0.0000 0.8153 0.5791
vn 1.0000 -0.0004 -0.0057
vn 1.0000 0.0003 -0.0017
vn 1.0000 -0.0006 -0.0049
vn 0.0594 0.4815 0.8744
vn 0.0671 0.4538 0.8886
vn 0.6911 0.1231 0.7122
vn 0.6719 0.1202 0.7308
vn 0.0000 1.0000 -0.0071
vn -1.0000 0.0003 -0.0017
vn -1.0000 -0.0006 -0.0050
vn -1.0000 -0.0004 -0.0057
vn -1.0000 -0.0007 -0.0043
vn 0.0000 -0.9772 0.2124
vn 0.4116 -0.9113 -0.0058
vn 0.1175 -0.9704 0.2109
vn -0.1518 -0.9659 0.2099
vn -0.5058 -0.8626 -0.0055
vn -0.0433 0.8557 0.5157
vn -0.0393 0.8542 0.5184
vn 0.0000 0.1605 0.9870
vn 0.0000 -0.9973 0.0732
vn 0.0000 -0.9973 0.0733
vn 0.0000 0.8549 0.5188
vn 0.0000 0.9459 0.3245
vn 0.3090 -0.0060 0.9510
vn 0.2553 0.5636 0.7856
vn 0.8090 -0.0061 0.5878
vn 0.6684 0.5635 0.4855
vn 1.0000 -0.0063 -0.0000
vn 0.8262 0.5634 -0.0002
vn 0.8090 -0.0065 -0.5878
vn 0.6684 0.5633 -0.4858
vn 0.3090 -0.0067 -0.9510
vn 0.2553 0.5632 -0.7859
vn -0.3090 -0.0067 -0.9510
vn -0.2553 0.5632 -0.7859
vn -0.8090 -0.0065 -0.5878
vn -0.6684 0.5633 -0.4858
vn -1.0000 -0.0063 0.0000
vn -0.8262 0.5634 -0.0002
vn -0.8090 -0.0061 0.5878
vn -0.6684 0.5635 0.4855
vn -0.3090 -0.0060 0.9510
vn -0.2553 0.5636 0.7856
vn 0.0000 1.0000 -0.0003
vn 0.8730 0.0000 -0.4876
vn -0.9284 -0.0000 -0.3716
vn 0.0043 0.0000 1.0000
vn -0.0146 0.0000 0.9999
vn 0.5032 0.0000 0.8642
vn 0.6285 0.0000 -0.7778
vn 0.6284 0.0000 -0.7779
vn -0.0020 0.9711 -0.2386
vn -0.0009 0.9728 -0.2316
vn -0.0013 0.9827 -0.1854
vn -0.0007 0.9826 -0.1858
vn 0.0000 0.9825 -0.1863
vn -0.0015 0.9827 -0.1853
vn 0.0000 -0.0001 1.0000
vn 0.0834 0.9736 0.2124
vn 0.0882 0.9720 0.2179
vn 0.0884 0.9719 0.2181
vn 0.0831 0.9737 0.2120
vn 0.2109 0.9641 0.1616
vn 0.2111 0.9640 0.1616
vn 0.2112 0.9640 0.1616
vn 0.1544 0.9648 0.2129
vn 0.2109 0.9641 -0.1616
vn 0.1543 0.9648 -0.2129
vn 0.0882 0.9720 -0.2179
vn 0.0834 0.9736 -0.2124
vn 0.0884 0.9719 -0.2181
vn 0.0831 0.9737 -0.2120
vn 0.0050 -0.7806 -0.6250
vn 0.0015 -0.7071 -0.7071
vn 0.0016 -0.7807 0.6249
vn 0.0045 -0.7071 0.7071
vn 0.0026 0.8004 0.5995
vn -0.0015 0.7071 0.7071
vn -0.0017 0.8004 -0.5995
vn 0.0023 0.7071 -0.7071
vn -0.0000 0.0001 1.0000
vn -0.0001 -0.0000 1.0000
vn 0.0001 0.0000 1.0000
vn 0.0084 1.0000 0.0000
vn 0.0000 0.9971 0.0760
vn 0.0564 0.0707 0.9959
vn 0.0608 -0.0762 0.9952
vn 0.0000 -0.0001 -1.0000
vn 0.0001 -0.0000 -1.0000
vn 0.0000 0.7597 0.6502
vn 0.0000 0.7598 0.6502
vn -0.6973 0.7168 0.0000
vn 0.6162 0.7876 -0.0000
vn 0.6973 0.7168 -0.0000
vn -0.6162 0.7876 0.0000
vn 0.1610 0.9239 -0.3472
vn 0.1610 0.9239 -0.3471
vn 0.3893 0.3827 -0.8379
vn 0.3893 -0.3827 -0.8379
vn 0.3508 -0.4938 -0.7957
vn 0.1320 -0.9234 -0.3604
vn 0.1320 -0.9234 -0.3605
vn -0.1907 -0.9234 0.3331
vn -0.4020 -0.3827 0.8318
vn -0.3671 -0.4939 0.7882
vn -0.3900 0.3827 0.8375
vn -0.1618 0.9239 0.3468
vn 0.9067 -0.0000 0.4218
vn 0.9067 0.0000 0.4217
vn -0.9067 0.0000 -0.4218
vn 0.4218 -0.0000 -0.9067
vn -0.8273 0.4093 -0.3848
vn -0.4217 -0.0000 0.9067
vn 0.4217 0.0000 -0.9067
vn -0.4218 0.0000 0.9067
vn 0.9659 0.0000 -0.2588
vn 0.7071 0.0000 -0.7071
vn 0.2588 -0.0000 -0.9659
vn -0.2588 0.0000 -0.9659
vn -0.7071 -0.0000 -0.7071
vn -0.9659 0.0000 -0.2588
vn -0.9659 0.0000 0.2588
vn -0.7071 0.0000 0.7071
vn -0.2588 0.0000 0.9659
vn 0.2588 0.0000 0.9659
vn 0.7071 0.0000 0.7071
vn 0.9659 0.0000 0.2588
vn 0.6830 0.7071 -0.1830
vn 0.5000 0.7071 -0.5000
vn 0.1830 0.7071 -0.6830
vn -0.1830 0.7071 -0.6830
vn -0.5000 0.7071 -0.5000
vn -0.6830 0.7071 -0.1830
vn -0.6830 0.7071 0.1830
vn -0.5000 0.7071 0.5000
vn -0.1830 0.7071 0.6830
vn 0.1830 0.7071 0.6830
vn 0.5000 0.7071 0.5000
vn 0.6830 0.7071 0.1830
vn 0.7986 -0.5241 -0.2958
vn 0.7614 -0.4426 -0.4737
vn -0.7701 0.4235 -0.4771
vn 0.7379 -0.4848 0.4695
vn 0.7390 -0.4867 0.4659
vn 0.7374 -0.4840 0.4711
vn 0.7394 -0.4876 0.4643
vn -0.7651 -0.4491 -0.4613
vn 0.7700 0.4235 -0.4771
vn 0.8661 0.0000 -0.5000
vn 0.8661 0.0000 -0.4999
vn 0.0000 0.8883 -0.4592
vn 0.7651 -0.4491 0.4614
vn -0.7700 0.4235 0.4772
vn 0.0000 -0.1700 -0.9855
vn 0.0000 -0.1700 -0.9854
vn 0.0000 -0.9855 0.1699
vn 0.8737 -0.4793 0.0827
vn 0.8737 -0.4794 0.0827
vn 0.8737 0.4793 -0.0827
vn 0.0000 0.9854 -0.1700
vn -0.8737 0.4793 -0.0827
vn -0.8737 -0.4793 0.0827
vn -0.0000 -0.1699 -0.9855
vn -0.8737 0.4794 -0.0827
vn 0.8737 0.4794 -0.0827
vn -1.0000 -0.0001 0.0081
vn 0.0000 -0.8247 0.5656
vn 0.0000 -0.6437 -0.7652
vn 0.0000 -0.1529 -0.9882
vn 0.0000 0.9950 -0.1003
vn 0.9994 -0.0231 -0.0274
vn 1.0000 0.0000 -0.0022
vn 1.0000 0.0001 -0.0066
vn 1.0000 0.0001 -0.0081
vn 0.6175 0.0000 -0.7866
vn -0.6175 0.0000 -0.7866
vn 0.3281 0.6907 -0.6444
vn 0.7922 0.2336 -0.5638
vn 0.7922 0.2335 -0.5639
vn 0.7966 -0.3973 -0.4556
vn 0.8014 -0.3948 -0.4493
vn 0.3281 -0.8694 -0.3693
vn -0.3281 -0.8694 -0.3693
vn -0.3281 -0.8695 -0.3693
vn -0.7944 -0.4077 -0.4502
vn -0.7936 -0.4081 -0.4512
vn -0.7934 -0.4082 -0.4515
vn -0.7947 -0.4076 -0.4498
vn -0.7878 0.2464 -0.5645
vn -0.7868 0.2440 -0.5670
vn -0.7864 0.2434 -0.5677
vn -0.7882 0.2472 -0.5636
vn -0.3281 0.6907 -0.6444
vn 0.0029 -0.1605 -0.9870
vn 0.0042 -0.1636 -0.9865
vn 0.0036 -0.1622 -0.9868
vn -0.0101 -0.1496 -0.9887
vn -0.0000 -0.1536 -0.9881
vn 0.0000 -0.1736 -0.9848
vn -0.8450 0.0000 -0.5347
vn -0.8450 0.0000 0.5348
vn 0.8450 0.0000 0.5348
vn 0.8450 -0.0000 -0.5348
vn -0.9118 0.0000 0.4106
vn -0.4210 0.0000 0.9071
vn 0.4210 0.0000 0.9071
vn 0.9118 0.0000 0.4106
vn 0.9019 0.0000 -0.4318
vn 0.4210 -0.0000 -0.9071
vn -0.4210 -0.0000 -0.9071
vn -0.9019 -0.0000 -0.4318
vn 0.0000 0.9966 -0.0819
vn -0.0000 0.9967 -0.0811
vn 0.0000 0.9967 -0.0816
vn -0.6899 0.6538 0.3107
vn -0.7424 0.6085 0.2803
vn -0.3663 0.6288 0.6859
vn -0.3390 0.5928 0.7305
vn 0.3390 0.5928 0.7305
vn 0.3663 0.6288 0.6858
vn 0.7424 0.6085 0.2803
vn 0.6899 0.6538 0.3107
vn 0.6850 0.6505 -0.3280
vn 0.6521 0.6748 -0.3457
vn 0.3003 0.6416 -0.7058
vn 0.3139 0.6664 -0.6763
vn -0.3139 0.6664 -0.6763
vn -0.3004 0.6416 -0.7058
vn -0.6521 0.6748 -0.3457
vn -0.6850 0.6505 -0.3280
vn -0.0001 0.3827 -0.9239
vn -0.0002 0.9239 -0.3827
vn -0.0002 0.9239 0.3827
vn -0.0001 0.3827 0.9239
vn 0.0001 -0.3827 0.9239
vn 0.0002 -0.9239 0.3827
vn 0.0002 -0.9239 -0.3827
vn 0.0001 -0.3827 -0.9239
vn 0.0001 0.3827 -0.9239
vn 0.0002 0.9239 -0.3827
vn 0.0002 0.9239 0.3827
vn 0.0001 0.3827 0.9239
vn -0.0001 -0.3827 0.9239
vn -0.0002 -0.9239 0.3827
vn -0.0002 -0.9239 -0.3827
vn -0.0001 -0.3827 -0.9239
vn -1.0000 -0.0000 0.0001
vn 0.0000 -0.3333 -0.9428
vn 0.0000 0.6578 -0.7532
vn 0.0000 -0.9404 -0.3400
vn 0.0000 0.1325 -0.9912
vn 0.0000 0.9353 -0.3537
vn 0.0000 0.9353 -0.3538
vn 0.0001 -0.7071 -0.7071
vn -0.0001 0.7071 -0.7071
vn -0.0001 0.7071 0.7071
vn 0.0001 -0.7071 0.7071
vn -1.0000 -0.0001 0.0000
vn 1.0000 0.0001 0.0000
vn 0.0000 0.7004 -0.7138
vn 0.0000 0.7003 -0.7138
vn 0.0000 -0.7002 0.7139
vn 0.0000 -0.7000 0.7141
vn -0.0000 -0.7003 0.7138
vn 0.0000 -0.6999 0.7143
vn -0.0000 0.7138 0.7004
vn 1.0000 -0.0001 0.0000
vn 1.0000 -0.0001 0.0001
vn 0.0000 -0.0093 -1.0000
vn 0.0000 -0.0097 -1.0000
vn -0.0000 -0.0098 -1.0000
vn 0.0000 0.7137 0.7004
vn 1.0000 0.0001 0.0001
vn 1.0000 0.0000 0.0003
vn -1.0000 0.0017 0.0017
vn -0.0001 -0.7000 0.7142
vn 0.0000 -0.3332 -0.9428
vn 0.0000 0.9354 -0.3537
vn -0.0001 -0.7071 -0.7071
vn 0.0001 0.7071 -0.7071
vn 0.0001 0.7071 0.7071
vn -0.0001 -0.7071 0.7071
vn -1.0000 0.0001 0.0000
vn 0.0000 -0.7004 0.7138
vn 1.0000 -0.0000 0.0001
vn -0.0000 -0.0094 -1.0000
vn -1.0000 0.0000 0.0003
vn -1.0000 0.0001 0.0001
vn -1.0000 0.0002 0.0001
vn -0.0000 0.7138 0.7003
vn 1.0000 0.0017 0.0017
vn 0.0000 -0.7003 0.7139
vn 0.0000 -0.1219 -0.9925
vn 0.0000 -0.1218 -0.9926
vn -0.0001 -0.1219 -0.9925
vn 0.3626 -0.9294 0.0690
vn -0.2323 -0.9700 0.0720
vn -0.6883 -0.7234 0.0537
vn 0.7944 -0.6057 0.0450
vn -0.9349 -0.3540 0.0263
vn -0.9958 -0.0911 0.0068
vn -0.9335 0.3575 -0.0265
vn 0.9185 -0.3944 0.0293
vn 0.9841 0.1773 -0.0132
vn 0.7923 0.6085 -0.0452
vn 0.4957 0.8661 -0.0643
vn -0.5306 0.8453 -0.0628
vn -0.0000 -0.1220 -0.9925
vn -0.0000 -0.1218 -0.9925
vn 0.0001 -0.1218 -0.9925
vn 0.0001 -0.1219 -0.9925
vn -0.0002 -0.1218 -0.9926
vn -0.0001 -0.1218 -0.9926
vn -0.0001 -0.1218 -0.9925
vn -0.0002 -0.1217 -0.9926
vn -0.3629 0.9264 -0.1000
vn 0.2326 0.9670 -0.1044
vn 0.2325 0.9670 -0.1044
vn 0.6887 0.7209 -0.0778
vn 0.6887 0.7209 -0.0779
vn 0.6887 0.7208 -0.0778
vn 0.9350 0.3526 -0.0381
vn 0.9958 0.0907 -0.0098
vn 0.9337 -0.3561 0.0384
vn 0.5323 -0.8416 0.0909
vn -0.5136 -0.8531 0.0921
vn -0.7926 -0.6062 0.0655
vn -0.9836 -0.1796 0.0194
vn -0.9163 0.3982 -0.0430
vn -0.7947 0.6035 -0.0652
vn -0.0000 0.1219 0.9925
vn -0.0001 0.1219 0.9925
vn -0.0000 0.8660 -0.5000
vn 0.0000 -0.8922 -0.4517
vn 0.0000 -0.8660 0.5000
vn 0.0000 0.8660 0.5000
vn 0.0000 -0.8660 -0.5000
vn 0.9237 -0.0555 -0.3790
vn 0.9241 -0.0555 -0.3781
vn 0.3701 -0.1318 -0.9196
vn 0.3955 -0.1332 -0.9087
vn 0.0000 -0.1418 -0.9899
vn -0.3701 -0.1347 -0.9192
vn -0.3955 -0.1303 -0.9092
vn -0.9511 -0.0448 -0.3057
vn -0.9342 -0.0436 -0.3541
vn -0.9994 0.0086 0.0333
vn -0.9222 0.0557 0.3827
vn -0.9231 0.0557 0.3806
vn -0.9216 0.0558 0.3841
vn -0.9236 0.0556 0.3793
vn -0.3913 0.1334 0.9105
vn -0.3654 0.1321 0.9214
vn 0.0000 0.1419 0.9899
vn 0.3913 0.1306 0.9110
vn 0.3654 0.1350 0.9210
vn -1.0000 -0.0000 0.0002
vn -0.0000 0.1416 0.9899
vn -0.0001 0.1416 0.9899
vn 0.0001 0.9900 -0.1414
vn 0.0000 0.9900 -0.1413
vn 0.0002 0.9899 -0.1415
vn -0.0001 -0.9899 0.1419
vn 0.0000 -0.9899 0.1419
vn 0.0001 0.9899 -0.1418
vn -0.0000 -0.9899 0.1420
vn -0.0001 0.9899 -0.1418
vn -0.0002 0.9899 -0.1416
vn 0.0001 -0.9899 0.1419
vn -0.0237 0.1429 0.9895
vn -0.0208 0.1427 0.9895
vn -0.0256 0.1430 0.9894
vn -0.0188 0.1426 0.9896
vn -0.0001 0.9900 -0.1414
vn -0.0152 0.7059 0.7081
vn 0.0001 0.7042 0.7100
vn -0.7071 -0.0985 -0.7002
vn -0.7071 0.0985 0.7002
vn 0.7071 0.0985 0.7002
vn 0.7071 -0.0985 -0.7002
vn 0.7072 -0.0985 -0.7002
vn -0.7071 0.0985 0.7003
vn -0.7070 0.0985 0.7003
vn 0.7070 0.0985 0.7003
vn -0.7071 -0.0985 -0.7003
vn 0.0000 0.9900 -0.1414
vn 0.9238 0.0597 0.3781
vn 0.3427 0.1467 0.9279
vn 0.3427 0.1466 0.9279
vn -0.3820 0.1443 0.9128
vn -0.9238 0.0598 0.3781
vn -0.9238 0.0597 0.3781
vn -0.9239 -0.0597 -0.3780
vn -0.3827 -0.1442 -0.9126
vn -0.3827 -0.1442 -0.9125
vn 0.3433 -0.1465 -0.9277
vn 0.3433 -0.1466 -0.9277
vn 0.9239 -0.0597 -0.3780
vn 0.0000 -0.9900 0.1414
vn 0.0000 -0.9900 0.1412
vn -0.0005 -0.9900 0.1413
vn -0.0001 -0.9900 0.1411
vn -0.0000 -0.9899 0.1414
vn -0.0005 -0.9900 0.1414
vn 0.0000 -0.9899 0.1416
vn -0.0000 -0.1447 -0.9895
vn 0.0000 -0.1448 -0.9895
vn -0.0000 0.9906 -0.1368
vn 0.0000 -0.9908 0.1353
vn -0.0000 -0.9908 0.1356
vn 0.0001 0.9906 -0.1371
vn 0.0000 -0.1416 -0.9899
vn -0.0004 0.9898 -0.1421
vn -0.0001 0.9900 -0.1412
vn 0.0000 0.9900 -0.1410
vn -0.0004 0.9898 -0.1424
vn 0.0000 -0.9899 0.1415
vn -0.9999 -0.0024 -0.0167
vn -0.9999 -0.0024 -0.0166
vn 1.0000 -0.0059 -0.0002
vn 1.0000 -0.0068 0.0004
vn 1.0000 -0.0071 0.0007
vn 0.9999 0.0043 0.0163
vn 0.0004 0.9897 -0.1429
vn 0.0001 0.9897 -0.1429
vn -0.5000 0.1226 0.8573
vn -0.5000 -0.1226 -0.8573
vn 0.5000 -0.1226 -0.8573
vn 0.5000 0.1226 0.8573
vn -0.0000 0.9899 -0.1416
vn 0.8292 -0.0809 -0.5531
vn 0.8295 -0.0811 -0.5526
vn 0.1330 -0.1440 -0.9806
vn -0.8291 -0.0812 -0.5532
vn -0.8294 -0.0809 -0.5528
vn -0.9983 -0.0085 -0.0581
vn 0.9999 -0.0016 -0.0111
vn 0.9999 0.0007 -0.0151
vn 0.0000 -0.9945 0.1043
vn 0.0001 -0.9946 0.1041
vn -0.0000 0.7318 -0.6816
vn -0.0002 0.7051 -0.7091
vn -0.0003 0.7053 -0.7089
vn -0.0000 0.7048 -0.7094
vn 0.0002 0.9839 -0.1788
vn 0.0003 0.9839 -0.1787
vn -0.0007 0.7059 -0.7083
vn 0.2728 -0.8436 -0.4625
vn 0.3184 -0.7866 -0.5291
vn 0.3195 0.6047 -0.7296
vn 0.4031 0.4352 -0.8051
vn 0.1198 -0.7588 -0.6402
vn 0.0580 -0.5888 -0.8062
vn -0.1201 0.5463 -0.8289
vn -0.0581 0.3344 -0.9406
vn -0.3241 -0.7868 -0.5252
vn -0.2967 -0.8229 -0.4846
vn -0.4021 0.4375 -0.8043
vn -0.3194 0.6047 -0.7296
vn -0.6175 0.7712 -0.1550
vn -0.7061 0.6862 -0.1749
vn 0.7081 0.6917 -0.1417
vn 0.6171 0.7767 -0.1258
vn -0.1330 -0.1440 -0.9806
vn -0.1198 -0.7589 -0.6401
vn -0.0580 -0.5888 -0.8062
vn 0.1201 0.5463 -0.8290
vn 0.0581 0.3344 -0.9406
vn -0.0000 -0.9899 0.1417
vn 0.0002 0.9899 -0.1417
vn 0.0006 0.9897 -0.1431
vn 0.0000 0.9900 -0.1411
vn 0.0008 0.9896 -0.1436
vn 0.9505 0.0403 0.3081
vn 0.9483 0.0460 0.3139
vn 0.9486 0.0453 0.3132
vn 0.9344 0.0453 0.3534
vn 0.9997 -0.0064 -0.0249
vn -0.0000 -0.9520 -0.3062
vn -0.0000 -0.9520 -0.3061
vn -0.0000 -0.8943 -0.4474
vn -0.9238 -0.0555 -0.3787
vn -0.9240 -0.0555 -0.3785
vn -0.9237 -0.0555 -0.3790
vn -0.9241 -0.0555 -0.3781
vn -0.3701 -0.1318 -0.9196
vn -0.3955 -0.1332 -0.9087
vn 0.3701 -0.1347 -0.9192
vn 0.3955 -0.1303 -0.9092
vn 0.9342 -0.0436 -0.3541
vn 0.9511 -0.0448 -0.3057
vn 0.9511 -0.0447 -0.3055
vn 0.9511 -0.0448 -0.3056
vn 0.9995 0.0085 0.0314
vn 0.9216 0.0558 0.3841
vn 0.9236 0.0556 0.3793
vn 0.3913 0.1334 0.9105
vn 0.3654 0.1321 0.9214
vn -0.3913 0.1306 0.9110
vn -0.3654 0.1350 0.9210
vn 1.0000 -0.0000 0.0002
vn -0.0001 0.9900 -0.1413
vn -0.0001 0.9899 -0.1414
vn 0.0002 0.9899 -0.1416
vn -0.0000 -0.9909 0.1343
vn 0.0209 0.1427 0.9895
vn 0.0236 0.1429 0.9895
vn 0.0257 0.1430 0.9894
vn 0.0189 0.1426 0.9896
vn -0.0000 -0.9910 0.1341
vn 0.0153 0.7059 0.7081
vn 0.0000 0.7042 0.7100
vn 0.7071 0.0985 0.7003
vn 0.7071 -0.0985 -0.7003
vn -0.3427 0.1467 0.9279
vn 0.3820 0.1443 0.9128
vn 0.9238 0.0598 0.3781
vn 0.9239 -0.0598 -0.3780
vn 0.3827 -0.1442 -0.9126
vn -0.3433 -0.1466 -0.9277
vn 0.0004 -0.9900 0.1413
vn 0.0005 -0.9900 0.1414
vn 0.0001 -0.9900 0.1411
vn 0.0000 -0.1729 -0.9849
vn 0.0969 -0.1441 -0.9848
vn -0.0133 -0.9907 0.1353
vn -0.0001 0.9906 -0.1371
vn 0.0000 -0.1554 -0.9879
vn 0.0004 0.9899 -0.1421
vn 0.0001 0.9900 -0.1413
vn 0.0004 0.9898 -0.1423
vn -0.1928 -0.6339 0.7490
vn 0.9999 -0.0024 -0.0166
vn 0.9999 -0.0024 -0.0167
vn -1.0000 -0.0059 -0.0002
vn -0.9999 0.0043 0.0163
vn 0.0002 0.9900 -0.1414
vn -0.0001 0.9897 -0.1429
vn -0.0004 0.9897 -0.1429
vn 0.4376 0.1391 0.8883
vn -0.0181 -0.9912 0.1312
vn -0.8293 -0.0812 -0.5529
vn -0.8330 -0.0838 -0.5469
vn -0.8292 -0.0809 -0.5531
vn -0.8339 -0.0845 -0.5454
vn -0.1311 -0.1511 -0.9798
vn -0.1225 -0.1451 -0.9818
vn -0.1320 -0.1517 -0.9796
vn -0.1212 -0.1442 -0.9821
vn 0.8292 -0.0811 -0.5531
vn 0.8292 -0.0811 -0.5530
vn 0.8291 -0.0812 -0.5532
vn 0.8294 -0.0809 -0.5528
vn 0.9983 -0.0085 -0.0581
vn -0.9999 -0.0013 -0.0115
vn -0.9999 0.0007 -0.0148
vn -0.9999 -0.0016 -0.0111
vn -0.9999 0.0007 -0.0151
vn -0.0000 -0.9946 0.1042
vn -0.0001 -0.9946 0.1042
vn -0.0001 -0.9946 0.1041
vn -0.0002 0.9839 -0.1788
vn -0.0001 0.9839 -0.1787
vn -0.0003 0.9839 -0.1789
vn 0.0007 0.7059 -0.7083
vn 0.0093 0.7193 -0.6947
vn -0.3184 -0.7866 -0.5291
vn -0.2728 -0.8436 -0.4625
vn -0.2836 0.5962 -0.7510
vn -0.3832 0.4171 -0.8241
vn -0.1198 -0.7588 -0.6402
vn 0.1201 0.5463 -0.8289
vn 0.3241 -0.7868 -0.5252
vn 0.2967 -0.8229 -0.4846
vn 0.3194 0.6047 -0.7296
vn 0.4021 0.4375 -0.8043
vn 0.7061 0.6862 -0.1749
vn 0.6175 0.7712 -0.1550
vn -0.7081 0.6917 -0.1417
vn -0.6171 0.7767 -0.1258
vn 0.1198 -0.7589 -0.6401
vn -0.0856 0.3338 -0.9388
vn -0.1726 0.5643 -0.8073
vn -0.1722 0.5648 -0.8071
vn -0.1704 0.5690 -0.8045
vn -0.0006 0.9897 -0.1430
vn -0.0002 0.9899 -0.1417
vn -0.0008 0.9896 -0.1436
vn -0.9344 0.0453 0.3534
vn -0.9483 0.0460 0.3139
vn -0.9997 -0.0064 -0.0236
vn 0.0000 -0.8943 -0.4475
vn 0.0058 0.0851 0.9964
vn -0.0001 0.0840 0.9965
vn 0.0000 0.0850 0.9964
vn 0.0005 0.0866 0.9962
vn -0.5917 0.8052 -0.0402
vn -0.5951 0.8026 -0.0399
vn -0.5974 0.8010 -0.0396
vn -0.5894 0.8068 -0.0405
vn -1.0000 0.0019 -0.0001
vn 0.0017 0.9988 -0.0495
vn 0.0007 0.9988 -0.0495
vn 0.0025 0.9988 -0.0495
vn 0.0000 0.9988 -0.0495
vn 0.0002 -0.0767 -0.9971
vn 0.0004 -0.0769 -0.9970
vn 0.0000 -0.0766 -0.9971
vn 0.0000 -0.0770 -0.9970
vn -1.0000 0.0008 -0.0000
vn -1.0000 0.0018 -0.0001
vn -1.0000 0.0026 -0.0001
vn 0.0000 -0.9987 0.0503
vn 0.0080 0.0854 0.9963
vn 0.0003 0.0889 0.9960
vn 0.0001 0.0840 0.9965
vn -0.0058 0.0851 0.9964
vn -0.0005 0.0866 0.9962
vn 0.5917 0.8052 -0.0402
vn 0.5951 0.8026 -0.0399
vn 0.5894 0.8068 -0.0405
vn 0.5974 0.8010 -0.0396
vn 1.0000 0.0018 -0.0001
vn 1.0000 0.0019 -0.0001
vn -0.0007 0.9988 -0.0495
vn -0.0017 0.9988 -0.0495
vn -0.0025 0.9988 -0.0495
vn -0.0004 -0.0769 -0.9970
vn -0.0002 -0.0767 -0.9971
vn 0.0000 -0.0767 -0.9971
vn 1.0000 0.0008 -0.0000
vn 1.0000 0.0027 -0.0001
vn -0.0080 0.0854 0.9963
vn -0.0003 0.0889 0.9960
vn 0.0000 0.4972 0.8677
vn 0.1325 0.9912 0.0000
vn 0.1323 0.9912 0.0015
vn 0.5120 0.8590 0.0034
vn 0.4780 0.8758 -0.0667
vn -0.0000 -0.1696 -0.9855
vn 0.0056 -0.1428 -0.9897
vn 0.0026 -0.1413 -0.9900
vn 0.0013 -0.1390 -0.9903
vn 0.0000 -0.1395 -0.9902
vn 0.0000 -0.9982 -0.0601
vn 0.0000 0.5553 0.8317
vn -1.0000 -0.0001 0.0002
vn -1.0000 0.0001 -0.0003
vn 0.0000 -1.0000 0.0009
vn 0.0000 -0.8017 0.5978
vn 0.0000 -0.0474 0.9989
vn 0.0000 -0.3208 0.9471
vn 0.0000 0.2827 0.9592
vn 0.0000 0.8864 0.4629
vn 0.0000 -0.5196 0.8544
vn 0.0000 -0.9418 -0.3361
vn 0.0000 -0.9951 0.0985
vn 0.0000 -0.8290 0.5592
vn 0.0000 -0.1982 0.9802
vn 0.0000 -0.5592 0.8290
vn 0.0000 -0.2108 -0.9775
vn -0.0001 0.9985 -0.0544
vn -0.0000 0.7825 -0.6226
vn -0.0000 0.7825 -0.6227
vn 0.0000 0.0266 -0.9996
vn 0.0000 -0.8491 -0.5283
vn 0.0000 -0.5423 -0.8402
vn 0.0000 -0.6451 -0.7641
vn 0.0000 0.1827 0.9832
vn 0.0000 0.1828 0.9832
vn -0.0000 0.9971 -0.0760
vn 0.0000 0.4972 0.8676
vn -0.1323 0.9912 0.0011
vn -0.1324 0.9912 0.0004
vn -0.1325 0.9912 0.0000
vn -0.1323 0.9912 0.0015
vn -0.4780 0.8758 -0.0668
vn -0.5120 0.8590 0.0035
vn 0.0000 0.5553 0.8316
vn 1.0000 -0.0001 0.0002
vn 0.0001 0.9985 -0.0544
vn -1.0000 0.0019 -0.0002
vn -1.0000 0.0011 -0.0001
vn 0.0000 -0.8816 0.4720
vn 0.0000 1.0000 0.0023
vn 0.0000 -0.3610 0.9326
vn -0.0000 0.5280 -0.8493
vn -0.0000 0.5279 -0.8493
vn 0.0000 0.9804 0.1972
vn -0.0005 -0.1399 -0.9902
vn -0.0056 -0.1428 -0.9897
vn -0.0013 -0.1390 -0.9903
vn -1.0000 -0.0002 0.0000
vn 1.0000 0.0011 -0.0001
vn 1.0000 -0.0002 0.0000
vn 1.0000 0.0019 -0.0002
vn 0.0003 0.1773 0.9842
vn -0.0001 0.1775 0.9841
vn 0.0005 0.1772 0.9842
vn -0.0003 0.1773 0.9842
vn 0.5638 0.7322 0.3822
vn 0.5647 0.7308 0.3834
vn -0.0000 -0.7093 0.7049
vn 0.0037 -0.7093 0.7049
vn -0.0037 -0.7093 0.7049
vn 0.1697 0.4078 0.8972
vn 0.1550 0.3723 -0.9151
vn 0.4083 0.1684 0.8972
vn 0.3728 0.1537 -0.9151
vn 0.4078 -0.1697 0.8972
vn 0.3723 -0.1550 -0.9151
vn 0.1684 -0.4083 0.8972
vn 0.1536 -0.3728 -0.9151
vn -0.1697 -0.4078 0.8972
vn -0.1550 -0.3723 -0.9151
vn -0.4083 -0.1684 0.8972
vn -0.3728 -0.1537 -0.9151
vn -0.4078 0.1697 0.8972
vn -0.3723 0.1550 -0.9151
vn -0.1684 0.4083 0.8972
vn -0.1537 0.3728 -0.9151
vn -0.2930 0.2974 0.9087
vn 0.2919 0.2989 0.9086
vn 1.0000 -0.0007 -0.0043
vn 0.0104 0.9151 0.4031
vn -0.0104 0.9152 0.4029
vn -0.9976 0.0000 0.0690
vn 0.9171 0.0000 0.3987
vn 0.2115 0.9639 0.1616
vn 0.2115 0.9639 -0.1616
vn 0.0820 -0.7780 -0.6229
vn 0.0820 -0.7780 0.6229
vn 0.0969 0.7966 0.5967
vn 0.0969 0.7966 -0.5967
vn -0.9994 0.0231 0.0274
vn 0.9511 0.0388 0.3065
vn 1.0000 -0.0075 0.0010
vn 1.0000 -0.0056 0.0008
vn -0.9996 -0.0293 0.0042
vn 0.0001 0.9839 -0.1789
vn -0.9512 -0.0446 -0.3055
vn -1.0000 0.0075 -0.0011
vn -0.9367 -0.3412 -0.0780
vn 0.9109 -0.4107 -0.0405
vn -0.9511 0.0388 0.3065
vn -1.0000 -0.0056 0.0008
vn -1.0000 -0.0075 0.0010
vn -1.0000 -0.0072 0.0010
vn 0.9996 -0.0293 0.0042
vn -1.0000 -0.0077 0.0011
vn -0.1701 0.5697 -0.8040
vn 0.9512 -0.0446 -0.3055
vn 1.0000 0.0075 -0.0011
vn 0.9367 -0.3412 -0.0780
vn -0.9109 -0.4107 -0.0405
vn -1.0000 -0.0001 0.0001
vn 1.0000 -0.0003 -0.0000
vn 0.0007 0.1770 0.9842
vn -0.0000 -0.1380 -0.9904
vn -0.0007 0.1770 0.9842
vn 0.0000 0.8247 0.5656
vn 0.4724 0.7396 0.4795
vn -0.0000 0.9965 -0.0833
vn 0.0000 0.9963 -0.0858
vn 0.0000 0.9963 -0.0863
vn -0.0000 0.9962 -0.0871
vn 0.6907 0.2139 0.6907
vn 0.6909 0.2132 -0.6909
vn 0.6908 0.2132 -0.6909
vn -0.6909 0.2132 -0.6908
vn -0.6909 0.2132 -0.6909
vn -0.6907 0.2139 0.6907
vn 0.7062 0.0493 0.7063
vn 0.7063 0.0493 0.7062
vn 0.7062 0.0493 -0.7062
vn 0.7062 0.0493 -0.7063
vn -0.7063 0.0493 -0.7062
vn -0.7062 0.0493 -0.7062
vn -0.7062 0.0493 -0.7063
vn -0.7062 0.0493 0.7062
vn 0.6193 0.7851 0.0001
vn 0.6191 0.7853 0.0000
vn 0.6196 0.7849 0.0002
vn 0.6186 0.7857 -0.0001
vn -0.6336 0.7737 -0.0001
vn -0.6347 0.7728 0.0002
vn 0.0029 0.9654 0.2606
vn 0.0028 0.9655 0.2605
vn 0.0031 0.9654 0.2607
vn 0.0000 0.9663 0.2575
vn 0.0029 0.9654 0.2607
vn 0.0079 0.9825 0.1859
vn 0.0027 0.9828 0.1849
vn 0.0105 0.9824 0.1864
vn 0.0000 0.9828 0.1844
vn 0.2443 0.9697 -0.0059
vn 0.2434 0.9699 -0.0019
vn 0.2447 0.9696 -0.0078
vn 0.2429 0.9700 0.0000
vn -0.2443 0.9697 0.0059
vn -0.2434 0.9699 0.0019
vn -0.2447 0.9696 0.0078
vn -0.2429 0.9700 0.0000
vn 0.7817 0.6236 0.0000
vn -0.7846 0.6200 0.0000
vn -0.0002 1.0000 0.0002
vn -0.0002 1.0000 0.0003
vn 0.8549 -0.0000 0.5188
vn 0.0002 -1.0000 -0.0002
vn 0.0002 -1.0000 -0.0003
vn -0.5188 -0.0000 0.8549
vn 0.7279 0.0000 -0.6857
vn -0.0002 -0.9820 -0.1888
vn -0.0002 0.8502 0.5264
vn -0.0001 0.8502 0.5264
vn -0.9792 -0.0738 0.1892
vn 0.9683 -0.0909 0.2329
vn -0.0002 0.8503 0.5264
vn -0.0002 -0.9820 -0.1887
vn 0.9368 0.0000 0.3499
vn 0.9603 -0.0000 0.2788
vn -0.9642 -0.0000 0.2653
vn -0.9610 0.0000 0.2766
vn -0.9550 -0.0000 0.2966
vn -0.9866 0.0000 0.1633
vn -0.9639 -0.0000 0.2662
vn -0.9590 -0.0000 0.2834
vn -0.9855 -0.0000 0.1696
vn -0.9833 -0.0000 0.1818
vn -0.9864 0.0000 0.1644
vn -0.9866 -0.0000 0.1632
vn -0.9612 0.0000 0.2759
vn 0.9532 -0.0000 0.3022
vn 0.9589 -0.0000 0.2836
vn 0.9751 -0.0000 0.2216
vn 0.9729 0.0000 0.2313
vn 0.9580 -0.0000 0.2867
vn 0.9623 0.0000 0.2721
vn 0.9697 0.0000 0.2443
vn 0.9475 -0.1613 0.2761
vn 0.9758 0.0000 0.2187
vn -0.0001 -0.9820 -0.1888
vn -0.9610 -0.0000 0.2765
vn -0.0388 -0.8282 -0.5592
vn -0.0406 -0.8653 0.4996
vn 0.0000 -0.8288 0.5596
vn 0.6992 0.7069 0.1068
vn 0.7055 0.7002 0.1092
vn -0.6989 0.7070 -0.1083
vn -0.6913 0.7148 -0.1054
vn -0.6969 -0.7090 -0.1075
vn -0.6934 -0.7127 -0.1061
vn -0.6914 -0.7148 -0.1054
vn -0.6989 -0.7070 -0.1082
vn 0.7009 -0.7051 0.1074
vn 0.7039 -0.7019 0.1086
vn 0.7056 -0.7001 0.1092
vn 0.6992 -0.7069 0.1068
vn 0.7031 0.6883 -0.1786
vn 0.7167 0.6692 -0.1965
vn -0.6227 0.6572 -0.4245
vn -0.5973 0.6686 -0.4430
vn -0.6169 -0.6527 -0.4398
vn -0.5907 -0.6639 -0.4587
vn 0.7015 -0.6852 -0.1957
vn 0.7153 -0.6653 -0.2137
vn -0.1860 -0.0000 0.9825
vn 0.6992 0.7069 0.1069
vn 0.7067 0.7074 0.0115
vn 0.7069 0.7072 0.0115
vn 0.7065 0.7076 0.0115
vn 0.7071 0.7070 0.0115
vn -0.7068 0.7073 -0.0115
vn -0.7069 0.7072 -0.0116
vn -0.7067 0.7074 -0.0115
vn -0.7071 0.7070 -0.0116
vn -0.7071 -0.7070 -0.0116
vn -0.7067 -0.7074 -0.0115
vn 0.7067 -0.7075 0.0115
vn 0.7070 -0.7071 0.0115
vn 0.7071 -0.7070 0.0115
vn 0.7065 -0.7076 0.0115
vn 0.7069 0.7073 -0.0056
vn 0.7073 0.7069 -0.0055
vn 0.7071 0.7071 -0.0055
vn -0.7073 0.7069 0.0055
vn -0.7071 0.7071 0.0054
vn -0.7073 0.7068 0.0055
vn -0.7071 -0.7071 0.0054
vn -0.7073 -0.7068 0.0055
vn 0.7071 -0.7071 -0.0055
vn 0.7073 -0.7069 -0.0055
vn 0.6918 0.7084 -0.1396
vn 0.6959 0.7042 -0.1406
vn 0.6893 0.7110 -0.1391
vn 0.6984 0.7016 -0.1411
vn -0.6624 0.7051 0.2531
vn -0.6607 0.7069 0.2525
vn -0.6597 0.7080 0.2521
vn -0.6634 0.7040 0.2534
vn -0.6921 -0.7084 0.1383
vn -0.6963 -0.7041 0.1393
vn -0.6988 -0.7015 0.1398
vn -0.6896 -0.7110 0.1378
vn 0.6636 -0.7041 -0.2529
vn 0.6599 -0.7080 -0.2516
vn 0.6813 0.7047 -0.1983
vn 0.6835 0.7021 -0.1994
vn 0.6800 0.7061 -0.1977
vn 0.6848 0.7007 -0.2001
vn -0.5725 0.6979 0.4303
vn -0.5703 0.7004 0.4291
vn -0.5690 0.7018 0.4285
vn -0.5738 0.6965 0.4309
vn -0.6816 -0.7046 0.1974
vn -0.6839 -0.7020 0.1985
vn -0.6852 -0.7006 0.1991
vn -0.6803 -0.7060 0.1968
vn 0.5743 -0.6966 -0.4301
vn 0.5696 -0.7019 -0.4276
vn 0.5602 0.7067 -0.4321
vn 0.5605 0.7064 -0.4323
vn 0.5602 0.7068 -0.4321
vn -0.5666 0.7075 0.4225
vn -0.5663 0.7078 0.4223
vn -0.5666 0.7074 0.4225
vn -0.5602 -0.7068 0.4321
vn -0.5604 -0.7065 0.4322
vn -0.5605 -0.7064 0.4323
vn -0.5601 -0.7069 0.4320
vn 0.5665 -0.7076 -0.4224
vn 0.5664 -0.7077 -0.4224
vn 0.5663 -0.7078 -0.4223
vn 0.5667 -0.7073 -0.4225
vn 0.6987 0.7073 -0.1076
vn 0.6989 0.7071 -0.1076
vn 0.6986 0.7073 -0.1076
vn 0.6991 0.7069 -0.1076
vn -0.6994 0.7071 0.1043
vn -0.6991 0.7073 0.1043
vn -0.6996 0.7069 0.1043
vn -0.6991 -0.7069 0.1075
vn -0.6990 -0.7070 0.1075
vn -0.6987 -0.7073 0.1075
vn 0.6992 -0.7073 -0.1042
vn 0.6993 -0.7072 -0.1042
vn 0.6991 -0.7074 -0.1042
vn 0.6996 -0.7069 -0.1042
vn 0.6490 0.7080 0.2786
vn 0.6514 0.7054 0.2794
vn 0.6475 0.7096 0.2779
vn 0.6474 0.7096 0.2781
vn 0.6473 0.7097 0.2781
vn 0.6503 0.7066 0.2790
vn -0.6366 0.7062 -0.3100
vn -0.6342 0.7086 -0.3094
vn -0.6381 0.7046 -0.3104
vn -0.6381 0.7046 -0.3105
vn -0.6381 0.7045 -0.3105
vn -0.6352 0.7075 -0.3097
vn -0.6472 -0.7096 -0.2786
vn -0.6473 -0.7095 -0.2787
vn -0.6474 -0.7094 -0.2787
vn -0.6511 -0.7055 -0.2799
vn 0.6379 -0.7045 0.3111
vn 0.6379 -0.7045 0.3110
vn 0.6380 -0.7044 0.3110
vn 0.6350 -0.7075 0.3102
vn 0.6339 -0.7086 0.3099
vn 0.4954 0.7071 0.5046
vn 0.4954 0.7071 0.5045
vn -0.4954 0.7071 -0.5046
vn -0.4954 0.7071 -0.5045
vn -0.4954 -0.7071 -0.5046
vn -0.4954 -0.7071 -0.5045
vn -0.4954 -0.7072 -0.5045
vn 0.4954 -0.7071 0.5045
vn 0.1168 0.7071 0.6974
vn 0.1167 0.7070 0.6975
vn -0.1167 0.7072 -0.6973
vn -0.1167 0.7072 -0.6974
vn -0.1168 0.7072 -0.6973
vn -0.1167 -0.7072 -0.6973
vn -0.1168 -0.7072 -0.6973
vn -0.1167 -0.7072 -0.6974
vn 0.1168 -0.7071 0.6974
vn 0.1167 -0.7070 0.6975
vn -0.3696 0.7071 0.6028
vn 0.3696 0.7072 -0.6027
vn 0.3696 0.7073 -0.6027
vn 0.3696 -0.7073 -0.6027
vn 0.3696 -0.7072 -0.6027
vn -0.3696 -0.7071 0.6028
vn -0.3532 0.9183 0.1789
vn -0.5871 0.7071 0.3942
vn 0.5871 0.7071 -0.3941
vn 0.5870 0.7072 -0.3941
vn 0.5871 0.7071 -0.3942
vn 0.5870 -0.7072 -0.3941
vn 0.3528 -0.9181 -0.1806
vn -0.6399 -0.6952 0.3275
vn -0.6281 -0.7101 0.3182
vn -0.3615 0.9215 0.1424
vn -0.6718 0.7080 0.2178
vn 0.6622 0.7074 -0.2471
vn 0.6629 0.7066 -0.2475
vn 0.6635 0.7060 -0.2477
vn 0.6616 0.7080 -0.2469
vn 0.6717 -0.7080 -0.2180
vn 0.3615 -0.9215 -0.1421
vn -0.6352 -0.7100 0.3038
vn -0.6442 -0.6996 0.3091
vn -0.7015 0.7080 0.0817
vn -0.7026 0.7069 0.0818
vn -0.7033 0.7061 0.0818
vn -0.7007 0.7087 0.0817
vn 0.7105 0.7036 0.0083
vn 0.7086 0.7056 0.0094
vn 0.7125 0.7017 0.0092
vn 0.7070 0.7072 0.0042
vn 0.7008 -0.7087 -0.0815
vn 0.7033 -0.7061 -0.0817
vn -0.7106 -0.7036 -0.0086
vn -0.7085 -0.7056 -0.0099
vn -0.7124 -0.7017 -0.0092
vn -0.7070 -0.7072 -0.0073
vn -0.7071 0.7070 0.0074
vn -0.7074 0.7067 0.0073
vn -0.7068 0.7074 0.0074
vn -0.7077 0.7065 0.0073
vn 0.7068 -0.7074 -0.0073
vn 0.7075 -0.7067 -0.0074
vn -0.7072 -0.7070 -0.0042
vn -0.7070 -0.7072 -0.0042
vn 0.7030 0.6847 -0.1924
vn 0.7156 0.6664 -0.2092
vn -0.6168 0.6577 -0.4324
vn -0.5952 0.6671 -0.4481
vn -0.6168 -0.6577 -0.4325
vn -0.5952 -0.6670 -0.4481
vn 0.7030 -0.6847 -0.1924
vn 0.7157 -0.6663 -0.2093
vn 0.6195 0.7073 -0.3405
vn 0.6192 0.7077 -0.3403
vn 0.6189 0.7080 -0.3401
vn 0.6198 0.7070 -0.3407
vn -0.6444 0.7065 0.2926
vn -0.6447 0.7061 0.2929
vn -0.6450 0.7057 0.2931
vn -0.6442 0.7067 0.2925
vn -0.6197 -0.7070 0.3409
vn -0.6187 -0.7082 0.3402
vn 0.6441 -0.7067 -0.2926
vn 0.6451 -0.7056 -0.2934
vn -0.6488 -0.7079 -0.2791
vn 0.6338 -0.7087 0.3099
vn -0.0119 0.9582 -0.2859
vn -0.0137 0.9251 0.3794
vn -0.0060 0.2011 0.9796
vn 0.0083 -0.7809 0.6246
vn 0.0083 -0.7810 0.6245
vn 0.0084 -0.7810 0.6245
vn 0.0136 -0.9100 -0.4144
vn 0.9999 0.0134 0.0034
vn -0.0106 0.9038 -0.4278
vn -0.0107 0.9038 -0.4279
vn -0.0136 0.9251 0.3794
vn 0.0083 -0.7809 0.6245
vn 0.0138 -0.9500 -0.3120
vn 0.9999 0.0134 0.0035
vn 0.9999 0.0132 0.0024
vn 0.9999 0.0131 0.0015
vn 0.9998 0.0034 0.0198
vn 0.9998 0.0034 0.0199
vn 0.0926 -0.0165 -0.9956
vn 0.0924 -0.0165 -0.9956
vn -0.0924 0.0165 0.9956
vn -0.0926 0.0165 0.9956
vn -0.0924 0.0166 0.9956
vn -0.0039 1.0000 -0.0036
vn 0.1179 -0.0367 -0.9923
vn 0.1251 -0.0163 -0.9920
vn 0.0042 -1.0000 0.0036
vn -0.1179 0.0369 0.9923
vn -0.1252 0.0161 0.9920
vn 0.0039 -1.0000 0.0036
vn -0.1178 -0.0040 0.9930
vn -0.1251 0.0163 0.9920
vn -0.0042 1.0000 -0.0036
vn 0.1179 0.0042 -0.9930
vn 0.1252 -0.0163 -0.9920
vn 0.0927 -0.0165 -0.9956
vn 0.1179 -0.0369 -0.9923
vn -0.1179 0.0367 0.9923
vn -0.1179 -0.0042 0.9930
vn -0.1252 0.0163 0.9920
vn 0.1178 0.0040 -0.9930
vn 0.0925 -0.0165 -0.9956
vn -0.0923 0.0165 0.9956
vn -0.0927 0.0165 0.9956
vn 0.1178 -0.0370 -0.9923
vn -0.1252 0.0164 0.9920
vn 0.1252 -0.0164 -0.9920
vn 0.1179 -0.0368 -0.9923
vn 0.1251 -0.0164 -0.9920
vn 0.0041 -1.0000 0.0036
vn -0.1178 -0.0042 0.9930
vn -0.1251 0.0161 0.9920
vn -0.0041 1.0000 -0.0036
vn 0.1178 0.0039 -0.9930
vn 0.0928 -0.0165 -0.9955
vn 0.0923 -0.0165 -0.9956
vn -0.0925 0.0165 0.9956
vn -0.1251 0.0164 0.9920
vn -0.1179 -0.0040 0.9930
vn 0.1179 0.0040 -0.9930
vn 0.1252 -0.0165 -0.9920
vn 0.9998 0.0214 0.0058
vn 0.0840 -0.9170 -0.3898
vn 0.0836 -0.9171 -0.3898
vn -0.0842 0.9170 0.3898
vn -0.0839 0.9171 0.3898
vn -0.0039 0.4013 -0.9159
vn 0.1071 -0.9220 -0.3720
vn 0.1137 -0.9142 -0.3889
vn 0.0042 -0.4013 0.9159
vn 0.0041 -0.4013 0.9159
vn -0.1071 0.9220 0.3720
vn -0.1136 0.9142 0.3889
vn 0.0039 -0.4013 0.9159
vn 0.0038 -0.4013 0.9159
vn -0.1069 0.9074 0.4065
vn -0.1137 0.9143 0.3888
vn -0.0041 0.4013 -0.9159
vn -0.0042 0.4013 -0.9159
vn 0.1070 -0.9074 -0.4063
vn 0.1138 -0.9143 -0.3886
vn 0.9998 0.0199 -0.0022
vn 0.0408 -0.9991 -0.0109
vn 0.0893 -0.9960 -0.0095
vn -0.0909 0.9958 0.0093
vn -0.0940 0.9955 0.0094
vn -0.0959 0.9953 0.0095
vn -0.0888 0.9960 0.0093
vn -0.0030 0.0252 -0.9997
vn 0.0912 -0.9924 0.0823
vn 0.1251 -0.9921 -0.0122
vn 0.0037 -0.0254 0.9997
vn 0.0033 -0.0255 0.9997
vn 0.0030 -0.0256 0.9997
vn 0.0041 -0.0252 0.9997
vn -0.0914 0.9957 0.0128
vn -0.0913 0.9957 0.0126
vn -0.0915 0.9957 0.0131
vn -0.0912 0.9958 0.0120
vn 0.0030 -0.0252 0.9997
vn -0.0913 0.9957 0.0119
vn -0.0914 0.9957 0.0118
vn -0.0915 0.9957 0.0114
vn -0.0912 0.9958 0.0124
vn 0.0914 -0.9957 -0.0118
vn 0.0914 -0.9957 -0.0120
vn 0.0915 -0.9957 -0.0113
vn 0.0912 -0.9958 -0.0124
vn 0.9998 0.0199 -0.0023
vn 0.0406 -0.9991 -0.0113
vn 0.0894 -0.9959 -0.0100
vn -0.0911 0.9958 0.0098
vn -0.0938 0.9955 0.0099
vn -0.0954 0.9954 0.0099
vn -0.0893 0.9960 0.0097
vn 0.0039 -0.0253 0.9997
vn 0.0034 -0.0255 0.9997
vn 0.0031 -0.0256 0.9997
vn 0.0042 -0.0252 0.9997
vn -0.0915 0.9957 0.0128
vn -0.0914 0.9957 0.0124
vn -0.0915 0.9957 0.0130
vn -0.0912 0.9958 0.0122
vn 0.0031 -0.0252 0.9997
vn 0.0030 -0.0253 0.9997
vn -0.0913 0.9957 0.0121
vn -0.0914 0.9957 0.0117
vn 0.0915 -0.9957 -0.0116
vn 0.0914 -0.9957 -0.0119
vn 0.0915 -0.9957 -0.0112
vn 0.0914 -0.9957 -0.0125
vn 0.9998 -0.0115 0.0165
vn 0.9998 -0.0114 0.0165
vn 0.0926 0.6858 -0.7219
vn 0.0923 0.6858 -0.7219
vn -0.0924 -0.6858 0.7219
vn -0.0925 -0.6858 0.7219
vn -0.0922 -0.6858 0.7219
vn -0.0017 0.7160 0.6981
vn 0.0533 0.7100 -0.7021
vn 0.0490 0.6879 -0.7242
vn 0.0016 -0.7160 -0.6981
vn -0.0533 -0.7100 0.7022
vn -0.0490 -0.6879 0.7241
vn 0.0015 -0.7158 -0.6983
vn 0.0016 -0.7159 -0.6982
vn 0.0018 -0.7160 -0.6981
vn 0.0014 -0.7157 -0.6984
vn -0.0534 -0.6646 0.7453
vn -0.0489 -0.6881 0.7240
vn -0.0014 0.7159 0.6982
vn -0.0016 0.7160 0.6981
vn -0.0012 0.7157 0.6984
vn 0.0413 0.6578 -0.7521
vn 0.0369 0.6883 -0.7245
vn 0.7073 -0.7043 -0.0606
vn 0.7002 -0.7114 -0.0601
vn 0.7070 0.7047 0.0595
vn 0.7145 0.6971 0.0600
vn -0.7093 0.7024 0.0596
vn -0.7127 0.6989 0.0598
vn -0.7146 0.6969 0.0600
vn -0.7073 0.7044 0.0594
vn -0.7050 -0.7066 -0.0605
vn -0.7018 -0.7099 -0.0603
vn -0.6998 -0.7118 -0.0601
vn -0.7069 -0.7047 -0.0607
vn 0.6801 -0.6984 -0.2229
vn 0.6813 -0.6974 -0.2223
vn 0.6800 -0.6983 -0.2236
vn 0.6888 -0.6922 -0.2156
vn 0.6876 0.6643 -0.2932
vn 0.6787 0.6780 -0.2824
vn -0.6854 0.6603 -0.3071
vn -0.6758 0.6755 -0.2951
vn -0.6765 -0.6967 -0.2387
vn -0.6864 -0.6899 -0.2300
vn 0.7047 0.7051 0.0793
vn 0.7026 0.7071 0.0793
vn 0.7061 0.7037 0.0792
vn 0.7011 0.7086 0.0794
vn 0.7062 -0.7058 -0.0556
vn 0.7046 -0.7075 -0.0549
vn 0.7073 -0.7052 -0.0484
vn 0.7037 -0.7083 -0.0558
vn -0.7027 -0.7070 -0.0791
vn -0.7047 -0.7050 -0.0790
vn -0.7061 -0.7037 -0.0790
vn -0.7014 -0.7084 -0.0791
vn -0.7061 0.7059 0.0558
vn -0.7046 0.7074 0.0559
vn -0.7036 0.7084 0.0560
vn -0.7072 0.7048 0.0557
vn 0.7073 -0.7053 -0.0484
vn -0.7070 -0.7055 -0.0485
vn -0.7070 -0.7056 -0.0485
vn -0.7073 0.7052 0.0484
vn 0.7064 0.7072 -0.0276
vn 0.7065 0.7072 -0.0276
vn 0.7067 -0.7070 0.0276
vn 0.7067 -0.7069 0.0276
vn -0.7064 -0.7073 0.0276
vn -0.7065 -0.7072 0.0276
vn -0.7067 0.7069 -0.0276
vn 0.7072 0.7069 0.0071
vn 0.7075 -0.7067 -0.0071
vn -0.7072 -0.7069 -0.0071
vn -0.7072 -0.7070 -0.0071
vn -0.7075 0.7067 0.0071
vn 0.7073 0.7061 0.0347
vn 0.7072 0.7061 0.0347
vn 0.7075 -0.7059 -0.0346
vn -0.7072 -0.7062 -0.0347
vn -0.7072 -0.7061 -0.0347
vn -0.7075 0.7058 0.0346
vn 0.7069 0.7072 -0.0132
vn 0.7068 0.7072 -0.0132
vn 0.7072 -0.7069 0.0132
vn 0.7071 -0.7070 0.0132
vn -0.7069 -0.7072 0.0132
vn -0.7068 -0.7073 0.0132
vn -0.7072 0.7069 -0.0132
vn -0.7071 0.7070 -0.0132
vn 0.7073 0.7068 0.0159
vn 0.7073 0.7067 0.0159
vn 0.7075 -0.7065 -0.0159
vn 0.7076 -0.7065 -0.0159
vn -0.7073 -0.7068 -0.0159
vn -0.7073 -0.7067 -0.0159
vn -0.7075 0.7065 0.0159
vn -0.7076 0.7065 0.0159
vn 0.7025 0.7053 -0.0947
vn 0.7026 0.7053 -0.0947
vn 0.7028 -0.7050 0.0947
vn -0.7026 -0.7053 0.0947
vn -0.7028 0.7051 -0.0947
vn -0.7027 0.7051 -0.0947
vn 0.7043 0.7063 -0.0723
vn 0.7042 0.7063 -0.0723
vn 0.7045 -0.7060 0.0723
vn -0.7042 -0.7063 0.0723
vn -0.7044 0.7061 -0.0723
vn -0.7045 0.7060 -0.0723
vn 0.7041 0.7062 -0.0743
vn 0.6965 0.7136 -0.0760
vn 0.6869 -0.6928 0.2192
vn 0.7072 -0.6734 0.2155
vn -0.7041 -0.7063 0.0736
vn -0.6963 -0.7138 0.0753
vn -0.6872 0.6932 -0.2175
vn -0.7072 0.6739 -0.2138
vn 0.7073 0.6655 -0.2383
vn 0.7073 0.6655 -0.2384
vn 0.7075 -0.6653 0.2383
vn 0.7076 -0.6653 0.2383
vn -0.7073 -0.6655 0.2384
vn -0.7076 0.6652 -0.2383
vn -0.7076 0.6653 -0.2383
vn 0.7036 0.7066 -0.0749
vn 0.6991 0.7110 -0.0752
vn 0.6964 0.7136 -0.0754
vn 0.7063 0.7040 -0.0747
vn 0.7035 -0.6940 0.1531
vn 0.7020 -0.6954 0.1535
vn 0.7043 -0.6933 0.1529
vn 0.7013 -0.6961 0.1536
vn -0.6965 -0.7134 0.0767
vn -0.7062 -0.7039 0.0760
vn -0.7021 0.6953 -0.1539
vn -0.7035 0.6939 -0.1535
vn -0.7044 0.6930 -0.1533
vn -0.7012 0.6961 -0.1541
vn 0.7072 0.7069 -0.0087
vn 0.6078 0.7934 0.0336
vn 0.6215 -0.6344 -0.4597
vn 0.7066 -0.5545 -0.4395
vn -0.7068 -0.7072 -0.0160
vn -0.6161 -0.7859 -0.0537
vn -0.6142 0.6274 0.4786
vn -0.7073 0.5391 0.4573
vn 0.6545 0.2254 0.7217
vn 0.6656 0.2207 0.7129
vn 0.6300 -0.1564 -0.7607
vn 0.6860 -0.1262 -0.7166
vn -0.6624 -0.2249 -0.7146
vn -0.6574 -0.2269 -0.7185
vn -0.6551 -0.2279 -0.7204
vn -0.6649 -0.2240 -0.7125
vn -0.6250 0.1432 0.7674
vn -0.6894 0.1056 0.7167
vn 0.6973 -0.2874 0.6566
vn 0.6984 -0.2872 0.6556
vn 0.6968 -0.2875 0.6572
vn 0.6990 -0.2871 0.6549
vn 0.6976 0.2869 -0.6566
vn 0.6987 0.2867 -0.6555
vn 0.6970 0.2869 -0.6571
vn 0.6992 0.2865 -0.6549
vn -0.6984 0.2868 -0.6558
vn -0.6973 0.2870 -0.6568
vn -0.6967 0.2871 -0.6574
vn -0.6990 0.2866 -0.6551
vn -0.6987 -0.2871 0.6553
vn -0.6976 -0.2873 0.6564
vn -0.6970 -0.2874 0.6569
vn -0.6993 -0.2870 0.6547
vn 0.6800 -0.6221 0.3880
vn 0.7071 -0.6024 0.3702
vn 0.6811 0.6188 -0.3913
vn 0.7074 0.5997 -0.3741
vn -0.6808 0.6191 -0.3915
vn -0.7071 0.6000 -0.3742
vn -0.6803 -0.6219 0.3879
vn -0.7074 -0.6022 0.3701
vn 0.6937 -0.6981 0.1771
vn 0.7073 -0.6856 0.1725
vn 0.6942 0.6974 -0.1783
vn 0.7075 0.6850 -0.1738
vn -0.6939 0.6977 -0.1783
vn -0.7072 0.6853 -0.1738
vn -0.6940 -0.6979 0.1770
vn -0.7075 -0.6854 0.1725
vn 0.7034 -0.7094 0.0452
vn 0.7048 -0.7080 0.0450
vn 0.7025 -0.7102 0.0454
vn 0.7057 -0.7071 0.0448
vn 0.7036 0.7091 -0.0456
vn 0.7050 0.7077 -0.0454
vn 0.7027 0.7100 -0.0459
vn 0.7059 0.7068 -0.0452
vn -0.7048 0.7080 -0.0454
vn -0.7034 0.7093 -0.0457
vn -0.7025 0.7102 -0.0459
vn -0.7058 0.7070 -0.0452
vn -0.7050 -0.7078 0.0449
vn -0.7036 -0.7092 0.0452
vn -0.7027 -0.7101 0.0454
vn -0.7060 -0.7068 0.0447
vn 0.7073 -0.7068 -0.0155
vn 0.7075 0.7065 0.0155
vn -0.7074 0.7067 0.0155
vn -0.7073 0.7068 0.0155
vn -0.7075 -0.7065 -0.0155
vn 0.7068 -0.7073 0.0147
vn 0.7068 -0.7072 0.0147
vn 0.7071 0.7070 -0.0147
vn -0.7068 0.7073 -0.0147
vn -0.7068 0.7072 -0.0147
vn -0.7071 -0.7070 0.0147
vn 0.7073 -0.7069 -0.0096
vn 0.7075 0.7066 0.0096
vn 0.7075 0.7067 0.0096
vn -0.7072 0.7069 0.0096
vn -0.7073 0.7069 0.0096
vn -0.7075 -0.7066 -0.0096
vn 0.7069 -0.7072 0.0104
vn 0.7071 0.7070 -0.0104
vn 0.7072 0.7070 -0.0104
vn -0.7070 0.7072 -0.0104
vn -0.7069 0.7072 -0.0104
vn -0.7072 -0.7069 0.0104
vn 0.7073 -0.7066 -0.0190
vn 0.7075 0.7064 0.0190
vn 0.7076 0.7064 0.0190
vn -0.7073 0.7067 0.0190
vn -0.7076 -0.7064 -0.0190
vn -0.7076 -0.7063 -0.0190
vn 0.7068 -0.7072 0.0157
vn 0.7068 -0.7073 0.0157
vn 0.7070 0.7070 -0.0157
vn 0.7071 0.7070 -0.0157
vn -0.7068 0.7073 -0.0157
vn -0.7068 0.7072 -0.0157
vn -0.7070 -0.7070 0.0157
vn -0.7071 -0.7070 0.0157
vn 0.7073 -0.7065 -0.0236
vn 0.7076 0.7062 0.0236
vn 0.7076 0.7063 0.0236
vn -0.7073 0.7065 0.0236
vn -0.7076 -0.7063 -0.0236
vn -0.7076 -0.7062 -0.0236
vn 0.7068 -0.7072 0.0156
vn 0.7068 -0.7073 0.0156
vn 0.7070 0.7070 -0.0156
vn 0.7071 0.7070 -0.0156
vn -0.7068 0.7073 -0.0156
vn -0.7068 0.7072 -0.0156
vn -0.7071 -0.7070 0.0156
vn -0.7070 -0.7071 0.0156
vn 0.7047 -0.7012 -0.1079
vn 0.7048 -0.7012 -0.1079
vn 0.7050 0.7010 0.1079
vn 0.7050 0.7010 0.1078
vn -0.7047 0.7012 0.1079
vn -0.7048 0.7012 0.1079
vn -0.7048 0.7011 0.1079
vn -0.7050 -0.7010 -0.1078
vn -0.7050 -0.7009 -0.1078
vn 0.7054 -0.6591 -0.2609
vn 0.7056 0.6588 0.2608
vn 0.7056 0.6589 0.2608
vn -0.7054 0.6591 0.2609
vn -0.7053 0.6591 0.2609
vn -0.7057 -0.6588 -0.2608
vn 0.7051 -0.6999 -0.1139
vn 0.6889 -0.7159 -0.1134
vn 0.7056 0.6989 0.1171
vn 0.6886 0.7157 0.1165
vn -0.7053 0.6992 0.1172
vn -0.6883 0.7160 0.1166
vn -0.7054 -0.6996 -0.1139
vn -0.6892 -0.7157 -0.1133
vn 0.6975 -0.6383 0.3255
vn 0.6922 -0.6441 0.3255
vn 0.6903 -0.6461 0.3255
vn 0.6996 -0.6361 0.3255
vn 0.6900 0.6444 -0.3297
vn 0.7004 0.6327 -0.3303
vn -0.6897 0.6446 -0.3299
vn -0.7001 0.6330 -0.3305
vn -0.6906 -0.6459 0.3254
vn -0.6999 -0.6359 0.3254
vn 0.6732 -0.3298 0.6619
vn 0.6857 -0.3199 0.6539
vn 0.6723 0.3253 -0.6649
vn 0.6872 0.3125 -0.6558
vn -0.6720 0.3255 -0.6652
vn -0.6869 0.3126 -0.6561
vn -0.6735 -0.3296 0.6616
vn -0.6859 -0.3198 0.6536
vn 0.6548 0.3033 0.6923
vn 0.6809 0.3015 0.6674
vn 0.6527 -0.3118 -0.6905
vn 0.6834 -0.3109 -0.6606
vn -0.6525 -0.3120 -0.6906
vn -0.6831 -0.3110 -0.6608
vn -0.6550 0.3033 0.6921
vn -0.6812 0.3014 0.6672
vn 0.6994 0.6049 0.3808
vn 0.6987 0.6055 0.3810
vn 0.6997 0.6046 0.3807
vn 0.6984 0.6059 0.3811
vn 0.6996 -0.6045 -0.3809
vn 0.6990 -0.6051 -0.3811
vn 0.7000 -0.6041 -0.3808
vn 0.6986 -0.6055 -0.3812
vn -0.6987 -0.6054 -0.3813
vn -0.6994 -0.6046 -0.3811
vn -0.6998 -0.6043 -0.3809
vn -0.6983 -0.6057 -0.3814
vn -0.6989 0.6054 0.3808
vn -0.6996 0.6047 0.3806
vn -0.6999 0.6044 0.3805
vn -0.6987 0.6056 0.3809
vn 0.7040 0.6958 0.1423
vn 0.7043 -0.6955 -0.1423
vn -0.7040 -0.6958 -0.1423
vn -0.7042 0.6956 0.1423
vn 0.6879 0.7257 0.0094
vn 0.7065 0.7077 0.0082
vn 0.7065 0.7077 0.0084
vn 0.6882 -0.7255 -0.0084
vn 0.7067 -0.7075 -0.0073
vn 0.7067 -0.7075 -0.0079
vn -0.6879 -0.7258 -0.0084
vn -0.7065 -0.7077 -0.0079
vn -0.7064 -0.7077 -0.0084
vn -0.7065 -0.7077 -0.0073
vn -0.6882 0.7254 0.0093
vn -0.7066 0.7075 0.0084
vn -0.7066 0.7075 0.0082
vn 0.7065 0.7077 0.0085
vn 0.7065 0.7076 0.0085
vn 0.7067 -0.7075 -0.0085
vn -0.7065 -0.7077 -0.0085
vn -0.7068 0.7074 0.0085
vn 0.7057 0.7084 -0.0117
vn 0.7057 0.7085 -0.0117
vn 0.7059 -0.7082 0.0117
vn -0.7057 -0.7085 0.0117
vn -0.7056 -0.7085 0.0117
vn -0.7059 0.7082 -0.0117
vn 0.7063 0.7078 0.0045
vn 0.7063 0.7079 0.0044
vn 0.7068 0.7072 0.0182
vn 0.7066 -0.7076 -0.0045
vn 0.7066 -0.7076 -0.0044
vn 0.7071 -0.7069 -0.0182
vn -0.7065 -0.7077 -0.0044
vn -0.7063 -0.7079 -0.0045
vn -0.7066 -0.7075 -0.0114
vn -0.7066 0.7076 0.0045
vn -0.7058 0.7082 0.0178
vn -0.7070 0.7070 0.0182
vn 0.7068 0.7072 0.0181
vn 0.7070 -0.7070 -0.0181
vn -0.7068 -0.7072 -0.0181
vn -0.7070 0.7069 0.0181
vn 0.7059 0.7083 -0.0067
vn 0.7061 -0.7080 0.0067
vn 0.7061 -0.7081 0.0067
vn -0.7059 -0.7083 0.0067
vn -0.7062 0.7080 -0.0067
vn -0.7061 0.7081 -0.0067
vn 0.7065 0.7076 0.0095
vn 0.7066 0.7076 0.0097
vn 0.7060 0.7082 -0.0042
vn 0.7067 -0.7074 -0.0095
vn 0.7068 -0.7073 -0.0097
vn 0.7063 -0.7079 0.0042
vn -0.7065 -0.7076 -0.0097
vn -0.7066 -0.7076 -0.0095
vn -0.7060 -0.7082 0.0042
vn -0.7067 0.7074 0.0095
vn -0.7059 0.7083 -0.0038
vn -0.7063 0.7079 -0.0041
vn -0.7068 0.7074 0.0095
vn 0.7060 0.7082 -0.0041
vn 0.7064 0.7078 0.0053
vn 0.7063 -0.7079 0.0041
vn 0.7066 -0.7076 -0.0053
vn -0.7061 -0.7081 0.0041
vn -0.7070 -0.7072 0.0038
vn -0.7062 0.7080 -0.0041
vn -0.7066 0.7076 0.0053
vn 0.7064 0.7078 0.0052
vn 0.7066 -0.7076 -0.0052
vn -0.7064 -0.7078 -0.0052
vn -0.7066 0.7076 0.0052
vn 0.7056 0.7085 -0.0124
vn 0.7057 0.7084 -0.0124
vn 0.7058 -0.7083 0.0124
vn 0.7059 -0.7082 0.0124
vn -0.7057 -0.7084 0.0124
vn -0.7056 -0.7085 0.0124
vn -0.7059 0.7082 -0.0124
vn -0.7058 0.7083 -0.0124
vn 0.6990 0.7008 -0.1424
vn 0.6953 0.7044 -0.1426
vn 0.6932 0.7065 -0.1427
vn 0.7011 0.6987 -0.1423
vn 0.6993 -0.7003 0.1435
vn 0.6955 -0.7040 0.1437
vn 0.6933 -0.7061 0.1439
vn 0.7015 -0.6981 0.1435
vn -0.6930 -0.7064 0.1439
vn -0.7012 -0.6984 0.1436
vn -0.6934 0.7063 -0.1426
vn -0.7014 0.6984 -0.1423
vn 0.7073 0.6596 -0.2543
vn 0.7072 0.6596 -0.2543
vn 0.7072 0.6597 -0.2543
vn 0.7075 -0.6594 0.2542
vn -0.7073 -0.6596 0.2543
vn -0.7075 0.6594 -0.2542
vn 0.6876 0.5477 -0.4767
vn 0.6989 0.5382 -0.4710
vn 0.6875 -0.5465 0.4782
vn 0.6993 -0.5366 0.4722
vn -0.6873 -0.5467 0.4783
vn -0.6991 -0.5368 0.4724
vn -0.6878 0.5475 -0.4766
vn -0.6992 0.5380 -0.4708
vn 0.6734 0.1532 -0.7232
vn 0.7069 0.1387 -0.6936
vn 0.6718 -0.1453 0.7264
vn 0.7073 -0.1297 0.6949
vn -0.6715 -0.1453 0.7266
vn -0.7071 -0.1297 0.6951
vn -0.6736 0.1532 -0.7230
vn -0.7072 0.1386 -0.6933
vn 0.6540 -0.2784 -0.7034
vn 0.6977 -0.2757 -0.6612
vn 0.6595 0.2594 0.7055
vn 0.6951 0.2562 0.6717
vn -0.6507 0.2903 0.7017
vn -0.6993 0.2882 0.6542
vn -0.6618 -0.2505 -0.7066
vn -0.6938 -0.2472 -0.6765
vn 0.6587 -0.6810 -0.3199
vn 0.6774 -0.6679 -0.3082
vn 0.6329 0.7328 0.2500
vn 0.6964 0.6899 0.1975
vn -0.6568 0.6856 0.3140
vn -0.6793 0.6702 0.2988
vn -0.6393 -0.7212 -0.2666
vn -0.6924 -0.6848 -0.2271
vn 0.7017 -0.6982 0.1418
vn 0.6993 -0.7006 0.1420
vn 0.6978 -0.7021 0.1421
vn 0.7033 -0.6967 0.1417
vn 0.7022 0.6983 -0.1390
vn 0.6999 0.7005 -0.1392
vn 0.6984 0.7021 -0.1393
vn 0.7037 0.6968 -0.1389
vn -0.6977 0.7020 -0.1428
vn -0.7032 0.6966 -0.1423
vn -0.6984 -0.7021 0.1387
vn -0.7038 -0.6968 0.1383
vn 0.7061 -0.7018 0.0943
vn 0.7069 -0.7010 0.0942
vn 0.7059 0.7009 -0.1021
vn 0.7065 0.7003 -0.1021
vn -0.7063 0.7016 -0.0943
vn -0.7064 0.7015 -0.0943
vn -0.7061 0.7018 -0.0943
vn -0.7068 0.7011 -0.0943
vn -0.7060 -0.7008 0.1020
vn -0.7066 -0.7002 0.1020
vn 0.7070 0.7055 0.0484
vn 0.7071 0.7055 0.0484
vn 0.7072 -0.7070 0.0003
vn 0.7002 -0.7139 0.0013
vn 0.7067 0.7070 0.0256
vn 0.7138 0.6999 0.0269
vn -0.7093 0.7049 -0.0014
vn -0.7127 0.7014 -0.0008
vn -0.7147 0.6995 -0.0006
vn -0.7073 0.7069 -0.0016
vn -0.7046 -0.7091 -0.0266
vn -0.7011 -0.7125 -0.0260
vn -0.6991 -0.7145 -0.0256
vn -0.7066 -0.7071 -0.0270
vn 0.6641 -0.6912 -0.2848
vn 0.6621 -0.6926 -0.2862
vn 0.6613 -0.6931 -0.2868
vn 0.6668 -0.6895 -0.2829
vn 0.6580 0.6193 -0.4284
vn 0.6577 0.6202 -0.4275
vn 0.6582 0.6191 -0.4283
vn 0.6549 0.6261 -0.4233
vn -0.6924 0.6682 -0.2722
vn -0.6923 0.6683 -0.2721
vn -0.6921 0.6686 -0.2719
vn -0.6925 0.6680 -0.2723
vn -0.6952 -0.7100 -0.1122
vn -0.6933 -0.7115 -0.1143
vn 0.3447 0.7005 -0.6249
vn 0.3525 0.7799 -0.5171
vn 0.7060 0.7045 -0.0729
vn 0.7208 0.6876 -0.0875
vn -0.6478 0.7581 0.0755
vn -0.7218 0.6837 0.1075
vn -0.2933 0.9357 -0.1962
vn -0.3026 0.9308 -0.2051
vn -0.4435 0.8942 0.0619
vn -0.4002 0.9155 0.0413
vn -0.1967 0.8933 0.4040
vn -0.1869 0.9221 0.3389
vn 0.2175 0.9324 0.2887
vn 0.3037 0.8883 0.3445
vn 0.3617 0.9308 -0.0538
vn 0.3810 0.9227 -0.0596
vn 0.6017 -0.0000 0.7987
vn 0.5638 0.7322 0.3821
vn 0.5648 0.7308 0.3834
vn 0.3616 0.9308 -0.0538
vn 0.3809 0.9227 -0.0596
vn 0.8312 0.0000 -0.5560
vn 0.9904 -0.0000 0.1382
vn 0.4377 -0.0000 0.8991
vn -0.6017 0.0000 0.7987
vn -0.9880 0.0000 -0.1546
vn 0.4704 0.7029 -0.5335
vn 0.4535 0.7812 -0.4289
vn -0.5647 0.7308 0.3834
vn -0.5638 0.7322 0.3821
vn -0.3447 0.7004 -0.6249
vn -0.3525 0.7799 -0.5171
vn -0.7060 0.7045 -0.0729
vn -0.7207 0.6877 -0.0875
vn 0.7218 0.6837 0.1075
vn 0.6478 0.7581 0.0755
vn 0.2956 0.9345 -0.1985
vn 0.3000 0.9322 -0.2027
vn 0.3025 0.9308 -0.2051
vn 0.2933 0.9357 -0.1962
vn 0.4435 0.8942 0.0619
vn 0.4002 0.9155 0.0413
vn 0.1967 0.8933 0.4040
vn 0.1869 0.9221 0.3389
vn -0.3037 0.8883 0.3445
vn -0.2175 0.9324 0.2887
vn -0.3809 0.9227 -0.0596
vn -0.3616 0.9308 -0.0538
vn -0.6018 0.0000 0.7987
vn 0.4704 0.7030 -0.5335
vn 0.4535 0.7813 -0.4289
vn -0.5648 0.7308 0.3834
vn -0.5638 0.7321 0.3822
vn -0.3447 0.7005 -0.6249
vn -0.7208 0.6876 -0.0876
vn 0.2956 0.9345 -0.1984
vn 0.3000 0.9322 -0.2026
vn 0.3025 0.9308 -0.2050
vn 0.4001 0.9155 0.0413
vn 0.1967 0.8933 0.4041
vn 0.1869 0.9221 0.3388
g Hull_Object_1.002_Hull_Object_1.002_Material_1.004
usemtl Material_1.004
s 1
f 1/1/1 2/2/1 3/3/1
f 2/2/1 4/4/1 3/3/1
f 5/5/2 6/6/2 7/7/2
f 5/5/2 8/8/2 6/6/2
f 9/9/3 10/10/3 11/11/3
f 9/9/3 12/12/3 10/10/3
f 13/13/4 14/14/4 15/15/4
f 13/13/4 16/16/4 14/14/4
f 17/17/5 18/18/5 19/19/5
f 17/17/5 20/20/5 18/18/5
f 21/21/6 22/22/6 23/23/6
f 21/21/6 24/24/6 22/22/6
f 25/25/7 26/26/7 27/27/7
f 25/25/7 28/28/7 26/26/7
f 29/29/8 30/30/8 31/31/8
f 29/29/8 32/32/8 30/30/8
f 33/33/9 27/27/10 34/34/11
f 33/33/9 25/25/12 27/27/10
f 35/35/13 36/36/13 37/37/13
f 35/35/13 38/38/13 36/36/13
f 39/39/14 28/28/15 40/40/16
f 39/39/14 26/26/17 28/28/15
f 41/41/7 42/42/7 43/43/7
f 41/41/7 44/44/7 42/42/7
f 45/45/8 46/46/8 47/47/8
f 45/45/8 48/48/8 46/46/8
f 44/44/18 49/49/18 50/50/18
f 44/44/19 41/41/19 49/49/19
f 51/51/13 52/52/13 53/53/13
f 51/51/13 54/54/13 52/52/13
f 43/43/20 55/55/20 56/56/20
f 43/43/21 42/42/21 55/55/21
f 57/57/22 58/58/23 59/59/24
f 57/57/22 60/60/25 58/58/23
f 61/61/26 62/62/27 63/63/28
f 61/61/26 64/64/29 62/62/27
f 65/65/30 61/61/30 66/66/30
f 65/65/31 67/67/31 61/61/31
f 68/68/32 69/69/32 59/59/32
f 68/68/33 70/70/33 69/69/33
f 71/71/34 72/72/34 73/73/34
f 71/71/35 74/74/35 72/72/35
f 75/75/36 74/74/36 71/71/36
f 75/75/37 76/76/37 74/74/37
f 77/77/38 75/75/38 78/78/38
f 77/77/39 76/76/39 75/75/39
f 72/72/40 79/79/40 73/73/41
f 72/72/40 80/80/42 79/79/40
f 81/81/43 72/72/44 74/74/44
f 81/81/43 82/82/43 72/72/44
f 83/83/45 74/74/46 76/76/46
f 83/83/45 81/81/45 74/74/46
f 77/77/47 83/83/48 76/76/47
f 77/77/47 84/84/48 83/83/48
f 72/72/49 85/85/50 80/80/49
f 72/72/49 82/82/50 85/85/50
f 81/81/51 86/86/52 82/82/53
f 81/81/51 87/87/54 86/86/52
f 88/88/55 81/81/56 83/83/57
f 88/88/55 87/87/58 81/81/56
f 89/89/59 83/83/59 84/84/59
f 89/89/60 88/88/60 83/83/60
f 82/82/61 90/90/62 85/85/63
f 82/82/61 86/86/64 90/90/62
f 87/87/65 91/91/66 86/86/67
f 87/87/65 92/92/68 91/91/66
f 93/93/69 87/87/70 88/88/71
f 93/93/69 92/92/72 87/87/70
f 94/94/73 88/88/73 89/89/73
f 94/94/74 93/93/74 88/88/74
f 86/86/75 95/95/76 90/90/77
f 86/86/75 91/91/78 95/95/76
f 96/96/79 97/97/80 98/98/81
f 96/96/79 99/99/82 97/97/80
f 100/100/83 99/99/84 96/96/85
f 100/100/83 101/101/86 99/99/84
f 102/102/87 100/100/87 103/103/87
f 102/102/88 101/101/88 100/100/88
f 97/97/89 104/104/89 98/98/89
f 97/97/90 105/105/90 104/104/90
f 99/99/91 106/106/92 97/97/93
f 99/99/91 107/107/94 106/106/92
f 101/101/95 107/107/96 99/99/97
f 101/101/95 108/108/98 107/107/96
f 109/109/99 101/101/99 102/102/99
f 109/109/100 108/108/100 101/101/100
f 106/106/101 105/105/101 97/97/101
f 106/106/102 110/110/102 105/105/102
f 111/111/103 106/106/104 107/107/105
f 111/111/103 112/112/106 106/106/104
f 113/113/107 107/107/108 108/108/109
f 113/113/107 111/111/110 107/107/108
f 109/109/111 113/113/112 108/108/113
f 109/109/111 114/114/114 113/113/112
f 106/106/115 115/115/116 110/110/117
f 106/106/115 112/112/118 115/115/116
f 111/111/119 116/116/120 112/112/119
f 111/111/119 117/117/120 116/116/120
f 113/113/121 117/117/122 111/111/121
f 113/113/121 118/118/122 117/117/122
f 119/119/123 113/113/123 114/114/123
f 119/119/124 118/118/124 113/113/124
f 116/116/125 115/115/125 112/112/125
f 116/116/126 120/120/126 115/115/126
f 117/117/127 121/121/127 116/116/128
f 117/117/127 122/122/127 121/121/127
f 118/118/129 122/122/129 117/117/129
f 118/118/129 123/123/129 122/122/129
f 124/124/130 118/118/130 119/119/130
f 124/124/131 123/123/131 118/118/131
f 121/121/132 120/120/132 116/116/132
f 121/121/133 125/125/133 120/120/133
f 126/126/134 121/121/134 122/122/134
f 126/126/134 127/127/134 121/121/134
f 128/128/135 122/122/136 123/123/137
f 128/128/135 126/126/135 122/122/136
f 124/124/138 128/128/138 123/123/138
f 124/124/138 129/129/138 128/128/138
f 121/121/139 130/130/139 125/125/139
f 121/121/139 127/127/139 130/130/139
f 131/131/140 127/127/141 126/126/142
f 131/131/140 132/132/140 127/127/141
f 133/133/143 126/126/144 128/128/144
f 133/133/143 131/131/143 126/126/144
f 129/129/145 133/133/146 128/128/145
f 129/129/145 134/134/146 133/133/146
f 127/127/147 135/135/148 130/130/147
f 127/127/147 132/132/148 135/135/148
f 131/131/149 136/136/150 132/132/151
f 131/131/149 137/137/152 136/136/150
f 138/138/153 131/131/154 133/133/155
f 138/138/153 137/137/156 131/131/154
f 139/139/157 133/133/157 134/134/157
f 139/139/158 138/138/158 133/133/158
f 132/132/159 140/140/160 135/135/161
f 132/132/159 136/136/162 140/140/160
f 141/141/163 136/136/164 137/137/165
f 141/141/163 142/142/166 136/136/164
f 138/138/167 141/141/168 137/137/169
f 138/138/167 143/143/170 141/141/168
f 139/139/171 143/143/172 138/138/173
f 139/139/171 144/144/174 143/143/172
f 136/136/175 145/145/176 140/140/177
f 136/136/175 142/142/178 145/145/176
f 141/141/179 146/146/179 142/142/179
f 141/141/180 147/147/180 146/146/180
f 143/143/181 147/147/181 141/141/181
f 143/143/182 148/148/182 147/147/182
f 144/144/183 148/148/183 143/143/183
f 144/144/184 149/149/184 148/148/184
f 146/146/185 145/145/185 142/142/185
f 146/146/186 150/150/186 145/145/186
f 151/151/187 152/152/187 153/153/187
f 151/151/188 154/154/188 152/152/188
f 155/155/189 156/156/189 157/157/189
f 155/155/190 158/158/190 156/156/190
f 159/159/191 160/160/192 161/161/193
f 159/159/191 162/162/194 160/160/192
f 163/163/195 164/164/196 165/165/197
f 163/163/195 154/154/198 164/164/196
f 58/58/199 166/166/199 167/167/199
f 58/58/200 60/60/200 166/166/200
f 62/62/201 168/168/201 169/169/201
f 62/62/202 64/64/202 168/168/202
f 65/65/203 170/170/203 67/67/203
f 65/65/204 171/171/204 170/170/204
f 68/68/205 172/172/205 70/70/205
f 68/68/206 173/173/206 172/172/206
f 153/153/207 174/174/207 175/175/207
f 153/153/208 152/152/208 174/174/208
f 165/165/209 176/176/209 163/163/209
f 165/165/210 177/177/210 176/176/210
f 161/161/211 178/178/211 159/159/211
f 161/161/212 179/179/212 178/178/212
f 157/157/213 180/180/213 181/181/213
f 157/157/214 156/156/214 180/180/214
f 96/96/215 91/91/216 92/92/217
f 96/96/215 98/98/218 91/91/216
f 100/100/219 92/92/220 93/93/221
f 100/100/219 96/96/222 92/92/220
f 94/94/223 100/100/224 93/93/225
f 94/94/223 103/103/226 100/100/224
f 91/91/227 104/104/228 95/95/229
f 91/91/227 98/98/230 104/104/228
f 182/182/231 183/183/231 184/184/231
f 182/182/231 185/185/231 183/183/231
f 186/186/232 187/187/232 188/188/232
f 186/186/232 189/189/232 187/187/232
f 190/190/233 191/191/233 192/192/233
f 190/190/233 193/193/233 191/191/233
f 194/194/234 193/193/234 195/195/234
f 194/194/234 196/196/234 193/193/234
f 197/197/235 198/198/235 199/199/235
f 197/197/235 200/200/235 198/198/235
f 201/201/236 202/202/236 203/203/236
f 201/201/236 204/204/236 202/202/236
f 205/205/237 206/206/237 207/207/237
f 205/205/237 208/208/237 206/206/237
f 209/209/238 210/210/238 211/211/238
f 209/209/239 212/212/239 210/210/239
f 213/213/240 214/214/241 215/215/242
f 213/213/240 216/216/240 214/214/241
f 217/217/243 214/214/243 218/218/243
f 217/217/244 215/215/242 214/214/241
f 219/219/245 220/220/246 221/221/245
f 219/219/245 222/222/247 220/220/246
f 220/220/246 223/223/248 224/224/249
f 220/220/246 222/222/247 223/223/248
f 225/225/250 226/226/251 227/227/250
f 225/225/250 228/228/251 226/226/251
f 229/229/252 230/230/252 231/231/252
f 229/229/252 232/232/252 230/230/252
f 233/233/253 234/234/254 235/235/253
f 233/233/253 236/236/254 234/234/254
f 237/237/255 238/238/256 239/239/257
f 237/237/255 240/240/258 238/238/256
f 241/241/259 242/242/260 243/243/261
f 241/241/259 244/244/262 242/242/260
f 245/245/263 246/246/264 247/247/265
f 245/245/263 248/248/266 246/246/264
f 249/249/241 250/250/240 251/251/267
f 249/249/241 252/252/240 250/250/240
f 253/253/268 249/249/241 251/251/267
f 253/253/243 254/254/243 249/249/243
f 255/255/245 256/256/269 257/257/270
f 255/255/245 258/258/245 256/256/269
f 256/256/269 259/259/271 257/257/270
f 256/256/269 260/260/249 259/259/271
f 261/261/250 262/262/250 263/263/250
f 261/261/250 264/264/250 262/262/250
f 265/265/272 266/266/272 267/267/272
f 265/265/272 268/268/272 266/266/272
f 269/269/273 270/270/274 271/271/275
f 269/269/273 272/272/254 270/270/274
f 273/273/276 274/274/277 275/275/278
f 273/273/276 276/276/279 274/274/277
f 277/277/280 278/278/281 279/279/282
f 277/277/280 280/280/283 278/278/281
f 281/281/284 282/282/285 283/283/286
f 281/281/284 284/284/287 282/282/285
f 285/285/288 286/286/288 287/287/288
f 285/285/288 288/288/288 286/286/288
f 289/289/8 288/288/8 285/285/8
f 289/289/8 290/290/8 288/288/8
f 290/290/289 291/291/289 292/292/289
f 290/290/289 289/289/289 291/291/289
f 286/286/290 293/293/290 287/287/290
f 286/286/290 294/294/290 293/293/290
f 294/294/13 295/295/13 293/293/13
f 294/294/13 296/296/13 295/295/13
f 297/297/291 291/291/291 298/298/291
f 297/297/291 292/292/291 291/291/291
f 299/299/292 287/287/292 300/300/292
f 299/299/293 285/285/293 287/287/293
f 301/301/8 285/285/8 299/299/8
f 301/301/8 289/289/8 285/285/8
f 289/289/294 302/302/294 291/291/294
f 289/289/295 301/301/295 302/302/295
f 287/287/296 303/303/296 300/300/296
f 287/287/297 293/293/297 303/303/297
f 293/293/13 304/304/13 303/303/13
f 293/293/13 295/295/13 304/304/13
f 298/298/298 302/302/298 305/305/298
f 298/298/299 291/291/299 302/302/299
f 300/300/300 306/306/300 299/299/300
f 300/300/300 307/307/300 306/306/300
f 306/306/8 301/301/8 299/299/8
f 306/306/8 308/308/8 301/301/8
f 308/308/301 302/302/301 301/301/301
f 308/308/301 309/309/301 302/302/301
f 307/307/302 303/303/302 310/310/302
f 307/307/302 300/300/302 303/303/302
f 310/310/13 304/304/13 311/311/13
f 310/310/13 303/303/13 304/304/13
f 312/312/303 302/302/303 309/309/303
f 312/312/303 305/305/303 302/302/303
f 313/313/304 306/306/304 307/307/304
f 313/313/305 314/314/305 306/306/305
f 314/314/8 308/308/8 306/306/8
f 314/314/8 315/315/8 308/308/8
f 315/315/306 309/309/306 308/308/306
f 315/315/307 316/316/307 309/309/307
f 310/310/308 313/313/308 307/307/308
f 310/310/309 317/317/309 313/313/309
f 311/311/13 317/317/13 310/310/13
f 311/311/13 318/318/13 317/317/13
f 319/319/310 309/309/310 316/316/310
f 319/319/311 312/312/311 309/309/311
f 320/320/289 314/314/289 313/313/289
f 320/320/289 321/321/289 314/314/289
f 321/321/8 315/315/8 314/314/8
f 321/321/8 322/322/8 315/315/8
f 322/322/288 316/316/288 315/315/288
f 322/322/288 323/323/288 316/316/288
f 317/317/291 320/320/291 313/313/291
f 317/317/291 324/324/291 320/320/291
f 318/318/13 324/324/13 317/317/13
f 318/318/13 325/325/13 324/324/13
f 326/326/290 316/316/290 323/323/290
f 326/326/290 319/319/290 316/316/290
f 327/327/312 328/328/312 329/329/312
f 327/327/312 330/330/312 328/328/312
f 331/331/313 330/330/313 327/327/313
f 331/331/313 332/332/313 330/330/313
f 333/333/314 332/332/314 331/331/314
f 333/333/314 334/334/314 332/332/314
f 329/329/315 335/335/315 336/336/315
f 329/329/315 328/328/315 335/335/315
f 337/337/272 338/338/272 339/339/272
f 337/337/272 340/340/272 338/338/272
f 341/341/252 342/342/252 343/343/252
f 341/341/252 344/344/252 342/342/252
f 345/345/289 346/346/289 347/347/289
f 345/345/289 348/348/289 346/346/289
f 349/349/8 347/347/8 350/350/8
f 349/349/8 345/345/8 347/347/8
f 351/351/288 350/350/288 352/352/288
f 351/351/288 349/349/288 350/350/288
f 346/346/291 353/353/291 354/354/291
f 346/346/291 348/348/291 353/353/291
f 354/354/13 355/355/13 356/356/13
f 354/354/13 353/353/13 355/355/13
f 351/351/316 357/357/290 358/358/316
f 351/351/316 352/352/290 357/357/290
f 359/359/305 348/348/305 345/345/305
f 359/359/317 360/360/317 348/348/317
f 361/361/8 345/345/8 349/349/8
f 361/361/8 359/359/8 345/345/8
f 362/362/318 349/349/318 351/351/318
f 362/362/319 361/361/319 349/349/319
f 348/348/320 363/363/320 353/353/320
f 348/348/321 360/360/321 363/363/321
f 353/353/13 364/364/13 355/355/13
f 353/353/13 363/363/13 364/364/13
f 362/362/322 358/358/322 365/365/322
f 362/362/323 351/351/323 358/358/323
f 366/366/300 360/360/300 359/359/300
f 366/366/300 367/367/300 360/360/300
f 361/361/8 366/366/8 359/359/8
f 361/361/8 368/368/8 366/366/8
f 362/362/301 368/368/301 361/361/301
f 362/362/301 369/369/301 368/368/301
f 363/363/302 367/367/302 370/370/302
f 363/363/302 360/360/302 367/367/302
f 364/364/13 370/370/13 371/371/13
f 364/364/13 363/363/13 370/370/13
f 362/362/303 372/372/303 369/369/303
f 362/362/303 365/365/303 372/372/303
f 373/373/293 366/366/293 374/374/293
f 373/373/292 367/367/292 366/366/292
f 374/374/8 368/368/8 375/375/8
f 374/374/8 366/366/8 368/368/8
f 369/369/295 375/375/295 368/368/295
f 369/369/324 376/376/324 375/375/324
f 370/370/325 373/373/325 377/377/325
f 370/370/296 367/367/296 373/373/296
f 371/371/13 377/377/13 378/378/13
f 371/371/13 370/370/13 377/377/13
f 369/369/299 379/379/299 376/376/299
f 369/369/298 372/372/298 379/379/298
f 380/380/288 374/374/288 381/381/288
f 380/380/288 373/373/288 374/374/288
f 381/381/8 375/375/8 382/382/8
f 381/381/8 374/374/8 375/375/8
f 376/376/289 382/382/289 375/375/289
f 376/376/289 383/383/289 382/382/289
f 377/377/290 380/380/290 384/384/290
f 377/377/290 373/373/290 380/380/290
f 378/378/13 384/384/13 385/385/13
f 378/378/13 377/377/13 384/384/13
f 376/376/291 386/386/291 383/383/291
f 376/376/291 379/379/291 386/386/291
f 387/387/312 388/388/312 389/389/312
f 387/387/312 390/390/312 388/388/312
f 390/390/313 391/391/313 388/388/313
f 390/390/313 392/392/313 391/391/313
f 392/392/314 393/393/314 391/391/314
f 392/392/314 394/394/314 393/393/314
f 395/395/315 389/389/315 396/396/315
f 395/395/315 387/387/315 389/389/315
f 397/397/252 398/398/252 399/399/252
f 397/397/252 400/400/252 398/398/252
f 401/401/272 402/402/272 403/403/272
f 401/401/272 404/404/272 402/402/272
f 405/405/326 406/406/326 407/407/326
f 405/405/327 408/408/327 406/406/327
f 409/409/328 405/405/328 407/407/328
f 409/409/329 410/410/329 405/405/329
f 405/405/330 411/411/330 408/408/330
f 405/405/331 412/412/331 411/411/331
f 413/413/332 405/405/332 410/410/332
f 413/413/333 412/412/333 405/405/333
f 414/414/334 415/415/334 416/416/334
f 414/414/334 417/417/334 415/415/334
f 418/418/335 414/414/335 419/419/335
f 418/418/335 417/417/335 414/414/335
f 420/420/336 419/419/336 421/421/336
f 420/420/337 418/418/337 419/419/337
f 417/417/338 422/422/338 415/415/338
f 417/417/338 423/423/338 422/422/338
f 418/418/339 423/423/339 417/417/339
f 418/418/339 424/424/339 423/423/339
f 425/425/340 418/418/340 420/420/340
f 425/425/341 424/424/341 418/418/341
f 426/426/342 427/427/342 428/428/342
f 426/426/343 429/429/343 427/427/343
f 423/423/344 430/430/344 422/422/344
f 423/423/344 431/431/344 430/430/344
f 424/424/345 431/431/346 423/423/345
f 424/424/345 432/432/346 431/431/346
f 425/425/347 432/432/347 424/424/347
f 425/425/348 433/433/348 432/432/348
f 434/434/349 429/429/349 426/426/349
f 434/434/350 435/435/350 429/429/350
f 431/431/351 436/436/351 430/430/351
f 431/431/351 437/437/351 436/436/351
f 432/432/352 437/437/352 431/431/352
f 432/432/352 438/438/352 437/437/352
f 439/439/353 432/432/353 433/433/353
f 439/439/354 438/438/354 432/432/354
f 440/440/355 435/435/355 434/434/355
f 440/440/356 441/441/356 435/435/356
f 437/437/357 442/442/357 436/436/357
f 437/437/357 443/443/357 442/442/357
f 438/438/358 443/443/358 437/437/358
f 438/438/358 444/444/358 443/443/358
f 439/439/359 444/444/359 438/438/359
f 439/439/360 445/445/360 444/444/360
f 440/440/361 446/446/361 441/441/361
f 440/440/362 447/447/362 446/446/362
f 443/443/363 448/448/363 442/442/363
f 443/443/363 449/449/363 448/448/363
f 444/444/364 449/449/364 443/443/364
f 444/444/364 450/450/364 449/449/364
f 445/445/365 450/450/365 444/444/365
f 445/445/366 451/451/366 450/450/366
f 447/447/367 452/452/367 446/446/367
f 447/447/368 453/453/368 452/452/368
f 449/449/369 454/454/369 448/448/369
f 449/449/369 455/455/369 454/454/369
f 456/456/370 449/449/370 450/450/370
f 456/456/370 455/455/370 449/449/370
f 457/457/371 450/450/371 451/451/371
f 457/457/372 456/456/372 450/450/372
f 458/458/373 452/452/373 453/453/373
f 458/458/374 459/459/374 452/452/374
f 455/455/375 460/460/375 454/454/375
f 455/455/375 461/461/375 460/460/375
f 462/462/376 455/455/376 456/456/376
f 462/462/376 461/461/376 455/455/376
f 463/463/377 456/456/377 457/457/377
f 463/463/378 462/462/378 456/456/378
f 464/464/379 459/459/379 458/458/379
f 464/464/380 465/465/380 459/459/380
f 461/461/381 466/466/381 460/460/381
f 461/461/381 467/467/381 466/466/381
f 468/468/382 461/461/382 462/462/382
f 468/468/382 467/467/382 461/461/382
f 463/463/383 468/468/383 462/462/383
f 463/463/384 469/469/384 468/468/384
f 464/464/385 470/470/385 465/465/385
f 464/464/386 471/471/386 470/470/386
f 467/467/387 472/472/387 466/466/387
f 467/467/387 473/473/387 472/472/387
f 474/474/388 467/467/388 468/468/388
f 474/474/388 473/473/388 467/467/388
f 475/475/389 468/468/389 469/469/389
f 475/475/390 474/474/390 468/468/390
f 471/471/391 476/476/391 470/470/391
f 471/471/392 477/477/392 476/476/392
f 473/473/393 478/478/393 472/472/393
f 473/473/393 479/479/393 478/478/393
f 480/480/394 473/473/394 474/474/394
f 480/480/394 479/479/394 473/473/394
f 475/475/395 480/480/395 474/474/395
f 475/475/396 481/481/396 480/480/396
f 477/477/397 482/482/397 476/476/397
f 477/477/398 428/428/398 482/482/398
f 479/479/399 416/416/399 478/478/399
f 479/479/399 414/414/399 416/416/399
f 480/480/400 414/414/400 479/479/400
f 480/480/400 419/419/400 414/414/400
f 481/481/401 419/419/401 480/480/401
f 481/481/402 421/421/402 419/419/402
f 483/483/403 484/484/403 485/485/403
f 483/483/403 486/486/403 484/484/403
f 486/486/404 487/487/404 484/484/404
f 486/486/404 488/488/404 487/487/404
f 489/489/405 487/487/405 488/488/405
f 489/489/405 490/490/405 487/487/405
f 491/491/406 490/490/406 489/489/406
f 491/491/407 492/492/407 490/490/407
f 493/493/408 483/483/408 494/494/408
f 493/493/408 486/486/408 483/483/408
f 495/495/409 486/486/409 493/493/409
f 495/495/409 488/488/409 486/486/409
f 495/495/410 489/489/411 488/488/411
f 495/495/410 496/496/410 489/489/411
f 496/496/412 491/491/412 489/489/412
f 496/496/413 497/497/413 491/491/413
f 498/498/414 499/499/414 500/500/414
f 498/498/414 501/501/414 499/499/414
f 502/502/415 501/501/415 498/498/415
f 502/502/415 503/503/415 501/501/415
f 504/504/416 503/503/416 502/502/416
f 504/504/416 505/505/416 503/503/416
f 506/506/417 507/507/417 508/508/417
f 506/506/417 509/509/417 507/507/417
f 510/510/418 509/509/418 506/506/418
f 510/510/418 511/511/418 509/509/418
f 512/512/419 511/511/419 510/510/419
f 512/512/419 513/513/419 511/511/419
f 514/514/8 515/515/8 516/516/8
f 514/514/8 517/517/8 515/515/8
f 518/518/8 514/514/8 519/519/8
f 518/518/8 517/517/8 514/514/8
f 520/520/7 521/521/7 522/522/7
f 520/520/7 523/523/7 521/521/7
f 524/524/13 525/525/13 526/526/13
f 524/524/13 527/527/13 525/525/13
f 528/528/272 529/529/272 530/530/272
f 528/528/272 531/531/272 529/529/272
f 532/532/8 533/533/8 534/534/8
f 532/532/8 535/535/8 533/533/8
f 536/536/252 537/537/252 538/538/252
f 536/536/252 539/539/252 537/537/252
f 540/540/420 541/541/420 542/542/420
f 540/540/420 543/543/420 541/541/420
f 544/544/421 545/545/421 546/546/421
f 544/544/421 547/547/421 545/545/421
f 548/548/422 549/549/422 550/550/422
f 548/548/422 551/551/422 549/549/422
f 549/549/423 552/552/423 550/550/423
f 549/549/423 553/553/423 552/552/423
f 553/553/7 546/546/7 552/552/7
f 553/553/7 544/544/7 546/546/7
f 554/554/424 555/555/424 556/556/425
f 554/554/424 557/557/426 555/555/424
f 558/558/425 554/554/424 556/556/425
f 559/559/424 554/554/424 558/558/425
f 560/560/427 561/561/428 562/562/428
f 560/560/427 563/563/428 561/561/428
f 564/564/429 560/560/427 565/565/430
f 564/564/429 563/563/428 560/560/427
f 566/566/431 567/567/431 568/568/431
f 566/566/431 569/569/431 567/567/431
f 570/570/432 569/569/432 566/566/432
f 570/570/432 571/571/432 569/569/432
f 572/572/433 571/571/433 570/570/433
f 572/572/433 573/573/433 571/571/433
f 574/574/434 573/573/434 572/572/434
f 574/574/434 575/575/434 573/573/434
f 576/576/435 575/575/435 574/574/435
f 576/576/435 577/577/435 575/575/435
f 578/578/436 577/577/436 576/576/436
f 578/578/436 579/579/436 577/577/436
f 580/580/437 579/579/437 578/578/437
f 580/580/438 581/581/438 579/579/438
f 582/582/439 583/583/439 584/584/439
f 582/582/440 585/585/440 583/583/440
f 586/586/441 585/585/441 582/582/441
f 586/586/441 587/587/441 585/585/441
f 588/588/442 587/587/442 586/586/442
f 588/588/442 589/589/442 587/587/442
f 590/590/443 589/589/443 588/588/443
f 590/590/443 591/591/443 589/589/443
f 592/592/444 591/591/444 590/590/444
f 592/592/444 593/593/444 591/591/444
f 594/594/445 593/593/445 592/592/445
f 594/594/445 595/595/445 593/593/445
f 596/596/446 594/594/446 597/597/446
f 596/596/446 595/595/446 594/594/446
f 598/598/7 599/599/7 600/600/7
f 598/598/7 601/601/7 599/599/7
f 601/601/7 602/602/7 603/603/7
f 601/601/7 598/598/7 602/602/7
f 601/601/7 604/604/7 605/605/7
f 601/601/7 603/603/7 604/604/7
f 606/606/7 601/601/7 605/605/7
f 607/607/7 601/601/7 606/606/7
f 608/608/7 601/601/7 607/607/7
f 609/609/7 601/601/7 608/608/7
f 610/610/7 601/601/7 609/609/7
f 611/611/7 601/601/7 610/610/7
f 612/612/447 613/613/447 614/614/447
f 612/612/448 615/615/448 613/613/448
f 616/616/449 614/614/449 617/617/449
f 616/616/449 612/612/449 614/614/449
f 618/618/450 617/617/450 619/619/450
f 618/618/450 616/616/450 617/617/450
f 620/620/451 619/619/451 621/621/451
f 620/620/451 618/618/452 619/619/451
f 622/622/453 621/621/453 623/623/453
f 622/622/453 620/620/453 621/621/453
f 624/624/454 623/623/455 625/625/454
f 624/624/454 622/622/455 623/623/455
f 626/626/456 625/625/456 627/627/456
f 626/626/456 624/624/456 625/625/456
f 628/628/457 627/627/457 629/629/458
f 628/628/457 626/626/457 627/627/457
f 630/630/459 629/629/459 631/631/459
f 630/630/459 628/628/459 629/629/459
f 632/632/460 631/631/460 633/633/460
f 632/632/460 630/630/460 631/631/460
f 634/634/461 633/633/461 635/635/461
f 634/634/461 632/632/461 633/633/461
f 636/636/462 635/635/462 637/637/462
f 636/636/462 634/634/462 635/635/462
f 638/638/463 637/637/463 639/639/463
f 638/638/463 636/636/463 637/637/463
f 638/638/464 640/640/464 641/641/464
f 638/638/465 639/639/465 640/640/465
f 642/642/466 643/643/466 644/644/466
f 642/642/467 645/645/467 643/643/467
f 646/646/468 647/647/468 648/648/468
f 646/646/468 649/649/468 647/647/468
f 650/650/272 651/651/272 652/652/272
f 650/650/272 653/653/272 651/651/272
f 654/654/469 648/648/469 655/655/469
f 654/654/469 646/646/469 648/648/469
f 656/656/252 657/657/252 658/658/252
f 656/656/252 659/659/252 657/657/252
f 660/660/470 649/649/470 661/661/470
f 660/660/470 647/647/470 649/649/470
f 662/662/468 663/663/468 664/664/468
f 662/662/468 665/665/468 663/663/468
f 666/666/272 667/667/272 668/668/272
f 666/666/272 669/669/272 667/667/272
f 670/670/469 664/664/469 671/671/469
f 670/670/469 662/662/469 664/664/469
f 672/672/252 673/673/252 674/674/252
f 672/672/252 675/675/252 673/673/252
f 676/676/470 665/665/470 677/677/470
f 676/676/470 663/663/470 665/665/470
f 678/678/471 679/679/471 680/680/471
f 678/678/471 681/681/471 679/679/471
f 682/682/472 683/683/472 684/684/472
f 682/682/472 685/685/472 683/683/472
f 686/686/473 687/687/473 688/688/473
f 686/686/473 689/689/473 687/687/473
f 686/686/474 690/690/474 691/691/474
f 686/686/475 688/688/475 690/690/475
f 691/691/7 685/685/7 682/682/7
f 691/691/7 690/690/7 685/685/7
f 692/692/476 693/693/477 694/694/477
f 692/692/476 695/695/476 693/693/477
f 696/696/476 692/692/476 694/694/477
f 697/697/478 692/692/476 696/696/476
f 698/698/479 699/699/480 700/700/481
f 698/698/479 701/701/482 699/699/480
f 702/702/483 698/698/479 703/703/483
f 702/702/483 701/701/482 698/698/479
f 704/704/484 705/705/484 706/706/484
f 704/704/484 707/707/484 705/705/484
f 707/707/435 708/708/435 705/705/435
f 707/707/435 709/709/435 708/708/435
f 709/709/434 710/710/434 708/708/434
f 709/709/434 711/711/434 710/710/434
f 711/711/433 712/712/433 710/710/433
f 711/711/433 713/713/433 712/712/433
f 713/713/432 714/714/432 712/712/432
f 713/713/432 715/715/432 714/714/432
f 715/715/485 716/716/485 714/714/485
f 715/715/485 717/717/485 716/716/485
f 717/717/486 718/718/486 716/716/486
f 717/717/486 719/719/486 718/718/486
f 720/720/487 721/721/487 722/722/487
f 720/720/487 723/723/488 721/721/487
f 723/723/489 724/724/489 721/721/489
f 723/723/489 725/725/489 724/724/489
f 725/725/445 726/726/445 724/724/445
f 725/725/445 727/727/445 726/726/445
f 727/727/444 728/728/444 726/726/444
f 727/727/444 729/729/444 728/728/444
f 729/729/443 730/730/443 728/728/443
f 729/729/443 731/731/443 730/730/443
f 731/731/442 732/732/442 730/730/442
f 731/731/442 733/733/442 732/732/442
f 733/733/490 734/734/490 732/732/490
f 733/733/490 735/735/490 734/734/490
f 736/736/7 737/737/7 738/738/7
f 736/736/7 739/739/7 737/737/7
f 739/739/7 740/740/7 741/741/7
f 739/739/7 736/736/7 740/740/7
f 739/739/7 742/742/7 743/743/7
f 739/739/7 741/741/7 742/742/7
f 744/744/7 739/739/7 743/743/7
f 745/745/7 739/739/7 744/744/7
f 746/746/7 739/739/7 745/745/7
f 747/747/7 739/739/7 746/746/7
f 748/748/7 739/739/7 747/747/7
f 749/749/7 739/739/7 748/748/7
f 750/750/491 751/751/491 752/752/491
f 750/750/492 753/753/492 751/751/492
f 752/752/453 754/754/453 755/755/453
f 752/752/493 751/751/493 754/754/493
f 755/755/452 756/756/452 757/757/452
f 755/755/451 754/754/451 756/756/451
f 757/757/450 758/758/450 759/759/450
f 757/757/450 756/756/450 758/758/450
f 759/759/494 760/760/494 761/761/494
f 759/759/449 758/758/449 760/760/449
f 761/761/495 762/762/495 763/763/495
f 761/761/495 760/760/495 762/762/495
f 763/763/496 764/764/496 765/765/496
f 763/763/496 762/762/496 764/764/496
f 765/765/497 766/766/497 767/767/497
f 765/765/498 764/764/498 766/766/498
f 767/767/499 768/768/499 769/769/499
f 767/767/500 766/766/500 768/768/500
f 769/769/463 770/770/463 771/771/463
f 769/769/501 768/768/501 770/770/501
f 771/771/462 772/772/462 773/773/462
f 771/771/462 770/770/462 772/772/462
f 773/773/461 774/774/461 775/775/461
f 773/773/502 772/772/502 774/774/502
f 775/775/460 776/776/460 777/777/460
f 775/775/460 774/774/460 776/776/460
f 776/776/503 778/778/503 777/777/503
f 776/776/504 779/779/504 778/778/504
f 780/780/505 781/781/506 782/782/507
f 780/780/505 783/783/506 781/781/506
f 784/784/468 785/785/468 786/786/468
f 784/784/468 787/787/468 785/785/468
f 788/788/252 789/789/252 790/790/252
f 788/788/252 791/791/252 789/789/252
f 786/786/469 792/792/469 793/793/469
f 786/786/469 785/785/469 792/792/469
f 794/794/272 795/795/272 796/796/272
f 794/794/272 797/797/272 795/795/272
f 787/787/470 798/798/470 799/799/470
f 787/787/470 784/784/470 798/798/470
f 800/800/468 801/801/468 802/802/468
f 800/800/468 803/803/468 801/801/468
f 804/804/252 805/805/252 806/806/252
f 804/804/252 807/807/252 805/805/252
f 802/802/469 808/808/469 809/809/469
f 802/802/469 801/801/469 808/808/469
f 810/810/272 811/811/272 812/812/272
f 810/810/272 813/813/272 811/811/272
f 803/803/470 814/814/470 815/815/470
f 803/803/470 800/800/470 814/814/470
f 816/816/508 817/817/508 818/818/508
f 816/816/508 819/819/508 817/817/508
f 819/819/509 820/820/509 817/817/509
f 819/819/509 821/821/509 820/820/509
f 822/822/510 823/823/510 824/824/510
f 822/822/510 825/825/510 823/823/510
f 825/825/511 826/826/511 823/823/511
f 825/825/511 827/827/511 826/826/511
f 827/827/512 828/828/512 826/826/512
f 827/827/512 829/829/512 828/828/512
f 829/829/513 818/818/513 828/828/513
f 829/829/513 816/816/513 818/818/513
f 830/830/252 831/831/252 832/832/252
f 830/830/252 833/833/252 831/831/252
f 834/834/272 835/835/272 836/836/272
f 834/834/272 837/837/272 835/835/272
f 838/838/7 839/839/7 840/840/7
f 838/838/7 841/841/7 839/839/7
f 842/842/514 843/843/514 844/844/514
f 842/842/514 845/845/514 843/843/514
f 846/846/515 847/847/515 848/848/515
f 846/846/515 849/849/515 847/847/515
f 850/850/516 851/851/516 852/852/516
f 850/850/516 853/853/516 851/851/516
f 854/854/517 855/855/517 856/856/517
f 854/854/517 857/857/517 855/855/517
f 858/858/7 859/859/7 860/860/7
f 858/858/7 861/861/7 859/859/7
f 862/862/272 863/863/272 864/864/272
f 862/862/272 865/865/272 863/863/272
f 866/866/252 867/867/252 868/868/252
f 866/866/252 869/869/252 867/867/252
f 870/870/8 871/871/8 872/872/8
f 870/870/8 873/873/8 871/871/8
f 874/874/518 875/875/518 876/876/518
f 874/874/518 877/877/518 875/875/518
f 878/878/252 879/879/252 880/880/252
f 878/878/252 881/881/252 879/879/252
f 882/882/7 883/883/7 884/884/7
f 882/882/7 885/885/7 883/883/7
f 886/886/272 887/887/272 888/888/272
f 886/886/272 889/889/272 887/887/272
f 890/890/519 891/891/519 892/892/519
f 890/890/520 893/893/520 891/891/520
f 894/894/521 893/893/521 890/890/521
f 894/894/522 895/895/522 893/893/522
f 896/896/523 895/895/523 894/894/523
f 896/896/524 897/897/524 895/895/524
f 898/898/525 897/897/525 896/896/525
f 898/898/526 899/899/526 897/897/526
f 900/900/527 901/901/527 902/902/527
f 900/900/528 903/903/528 901/901/528
f 904/904/529 903/903/529 900/900/529
f 904/904/530 905/905/530 903/903/530
f 906/906/531 905/905/531 904/904/531
f 906/906/532 907/907/532 905/905/532
f 892/892/533 907/907/533 906/906/533
f 892/892/534 891/891/534 907/907/534
f 908/908/535 909/909/535 910/910/535
f 908/908/535 911/911/535 909/909/535
f 912/912/536 913/913/536 914/914/536
f 912/912/536 915/915/536 913/913/536
f 916/916/537 917/917/537 918/918/537
f 916/916/538 919/919/538 917/917/538
f 920/920/539 921/921/540 922/922/540
f 920/920/539 923/923/539 921/921/540
f 924/924/541 925/925/541 926/926/541
f 924/924/542 927/927/542 925/925/542
f 928/928/543 929/929/544 930/930/545
f 928/928/543 931/931/546 929/929/544
f 932/932/547 933/933/548 934/934/549
f 932/932/547 935/935/550 933/933/548
f 936/936/551 937/937/552 938/938/553
f 936/936/551 939/939/554 937/937/552
f 940/940/555 941/941/555 942/942/555
f 940/940/555 943/943/555 941/941/555
f 944/944/556 945/945/556 946/946/556
f 944/944/556 947/947/556 945/945/556
f 948/948/557 949/949/558 950/950/559
f 948/948/557 951/951/560 949/949/558
f 952/952/561 953/953/562 954/954/563
f 952/952/561 955/955/564 953/953/562
f 956/956/565 957/957/565 947/947/565
f 956/956/566 958/958/566 957/957/566
f 959/959/567 960/960/567 961/961/567
f 959/959/568 962/962/568 960/960/568
f 963/963/569 960/960/569 964/964/569
f 963/963/570 965/965/570 960/960/570
f 966/966/571 965/965/571 967/967/571
f 966/966/572 968/968/572 965/965/572
f 969/969/573 970/970/573 971/971/573
f 972/972/272 973/973/272 974/974/272
f 972/972/272 975/975/272 973/973/272
f 976/976/574 977/977/574 978/978/574
f 976/976/575 979/979/575 977/977/575
f 980/980/576 981/981/576 982/982/576
f 980/980/576 983/983/576 981/981/576
f 984/984/577 985/985/577 986/986/577
f 984/984/577 987/987/577 985/985/577
f 986/986/578 988/988/578 989/989/578
f 986/986/578 985/985/578 988/988/578
f 990/990/579 991/991/580 992/992/252
f 993/993/581 991/991/580 990/990/579
f 994/994/582 995/995/582 945/945/582
f 994/994/583 996/996/583 995/995/583
f 997/997/252 998/998/252 999/999/252
f 997/997/252 1000/1000/252 998/998/252
f 1001/1001/584 1002/1002/584 1003/1003/584
f 1001/1001/585 1004/1004/585 1002/1002/585
f 1005/1005/576 1006/1006/576 1007/1007/576
f 1005/1005/576 1008/1008/576 1006/1006/576
f 1009/1009/586 1010/1010/577 1011/1011/577
f 1009/1009/586 1012/1012/586 1010/1010/577
f 1013/1013/578 1011/1011/578 1014/1014/578
f 1013/1013/578 1009/1009/578 1011/1011/578
f 1015/1015/587 1016/1016/588 1017/1017/589
f 1015/1015/587 1018/1018/590 1016/1016/588
f 1019/1019/591 1020/1020/591 1021/1021/591
f 1019/1019/591 1022/1022/591 1020/1020/591
f 1023/1023/592 1020/1020/592 1024/1024/592
f 1023/1023/593 1021/1021/593 1020/1020/593
f 1025/1025/594 1022/1022/594 1019/1019/594
f 1025/1025/595 1026/1026/595 1022/1022/595
f 1027/1027/596 1028/1028/596 1029/1029/596
f 1027/1027/597 1030/1030/597 1028/1028/597
f 1031/1031/598 1032/1032/598 1033/1033/598
f 1031/1031/598 1034/1034/598 1032/1032/598
f 1035/1035/599 1036/1036/600 1037/1037/600
f 1035/1035/599 1038/1038/599 1036/1036/600
f 1039/1039/252 1040/1040/252 1041/1041/252
f 1039/1039/252 1042/1042/252 1040/1040/252
f 1043/1043/601 1044/1044/601 1045/1045/601
f 1043/1043/601 1046/1046/601 1044/1044/601
f 1047/1047/272 1048/1048/272 1049/1049/272
f 1047/1047/272 1050/1050/272 1048/1048/272
f 1051/1051/602 1029/1029/602 1052/1052/602
f 1051/1051/602 938/938/602 1029/1029/602
f 1053/1053/603 1054/1054/603 1055/1055/603
f 1053/1053/603 1056/1056/603 1054/1054/603
f 1057/1057/604 1058/1058/604 1059/1059/604
f 1057/1057/604 1060/1060/604 1058/1058/604
f 1061/1061/605 1056/1056/605 1053/1053/605
f 1061/1061/605 1062/1062/605 1056/1056/605
f 1063/1063/606 1060/1060/606 1057/1057/606
f 1063/1063/606 1064/1064/606 1060/1060/606
f 1065/1065/607 1066/1066/607 1061/1061/607
f 1065/1065/607 1067/1067/607 1066/1066/607
f 1068/1068/608 1064/1064/608 1063/1063/608
f 1068/1068/608 1069/1069/608 1064/1064/608
f 1070/1070/609 1067/1067/609 1065/1065/609
f 1070/1070/609 1071/1071/609 1067/1067/609
f 1072/1072/610 1069/1069/610 1068/1068/610
f 1072/1072/610 1073/1073/610 1069/1069/610
f 1074/1074/611 1071/1071/611 1070/1070/611
f 1074/1074/611 1075/1075/611 1071/1071/611
f 1076/1076/612 1073/1073/612 1072/1072/612
f 1076/1076/612 1077/1077/612 1073/1073/612
f 1078/1078/613 1075/1075/613 1074/1074/613
f 1078/1078/613 1079/1079/613 1075/1075/613
f 1080/1080/614 1077/1077/614 1076/1076/614
f 1080/1080/614 1081/1081/614 1077/1077/614
f 1082/1082/615 1083/1083/615 1084/1084/615
f 1082/1082/615 1085/1085/615 1083/1083/615
f 1086/1086/616 1081/1081/616 1080/1080/616
f 1086/1086/616 1087/1087/616 1081/1081/616
f 1088/1088/617 1089/1089/617 1082/1082/617
f 1088/1088/617 1090/1090/617 1089/1089/617
f 1091/1091/618 1087/1087/618 1086/1086/618
f 1091/1091/618 1092/1092/618 1087/1087/618
f 1093/1093/619 1094/1094/619 1088/1088/619
f 1093/1093/619 1095/1095/619 1094/1094/619
f 1096/1096/620 1092/1092/620 1091/1091/620
f 1096/1096/620 1097/1097/620 1092/1092/620
f 1055/1055/621 1098/1098/621 1099/1099/621
f 1055/1055/621 1054/1054/621 1098/1098/621
f 1059/1059/622 1097/1097/622 1096/1096/622
f 1059/1059/622 1058/1058/622 1097/1097/622
f 1100/1100/623 1101/1101/623 1102/1102/623
f 1100/1100/623 1103/1103/623 1101/1101/623
f 1103/1103/623 1104/1104/623 1105/1105/623
f 1103/1103/623 1100/1100/623 1104/1104/623
f 1106/1106/623 1103/1103/623 1105/1105/623
f 1107/1107/623 1103/1103/623 1106/1106/623
f 1108/1108/623 1107/1107/623 1109/1109/623
f 1108/1108/623 1103/1103/623 1107/1107/623
f 1110/1110/252 1111/1111/252 1112/1112/252
f 1110/1110/252 1113/1113/252 1111/1111/252
f 1114/1114/13 1115/1115/13 1116/1116/13
f 1114/1114/13 1117/1117/13 1115/1115/13
f 1118/1118/8 1119/1119/8 1120/1120/8
f 1118/1118/8 1121/1121/8 1119/1119/8
f 1117/1117/7 1122/1122/7 1123/1123/7
f 1117/1117/7 1118/1118/7 1122/1122/7
f 1124/1124/272 1125/1125/272 1126/1126/272
f 1124/1124/272 1127/1127/272 1125/1125/272
f 1128/1128/252 1129/1129/252 1130/1130/252
f 1128/1128/252 1131/1131/252 1129/1129/252
f 1132/1132/7 1133/1133/7 1134/1134/7
f 1132/1132/7 1135/1135/7 1133/1133/7
f 1136/1136/8 1137/1137/8 1138/1138/8
f 1136/1136/8 1139/1139/8 1137/1137/8
f 1140/1140/624 1130/1130/624 1129/1129/624
f 1140/1140/624 1141/1141/624 1130/1130/624
f 1142/1142/625 1126/1126/625 1125/1125/625
f 1142/1142/625 1143/1143/625 1126/1126/625
f 1144/1144/626 1145/1145/626 1146/1146/626
f 1144/1144/626 1147/1147/626 1145/1145/626
f 1148/1148/252 1149/1149/252 1150/1150/252
f 1148/1148/252 1151/1151/252 1149/1149/252
f 1152/1152/13 1153/1153/13 1154/1154/13
f 1152/1152/13 1155/1155/13 1153/1153/13
f 1153/1153/7 1145/1145/7 1147/1147/7
f 1153/1153/7 1155/1155/7 1145/1145/7
f 1156/1156/627 1157/1157/627 1158/1158/627
f 1156/1156/627 1159/1159/627 1157/1157/627
f 1160/1160/628 1158/1158/628 1161/1161/628
f 1160/1160/628 1156/1156/628 1158/1158/628
f 1162/1162/8 1163/1163/8 1164/1164/8
f 1162/1162/8 1165/1165/8 1163/1163/8
f 1166/1166/252 1167/1167/252 1168/1168/252
f 1166/1166/252 1169/1169/252 1167/1167/252
f 1170/1170/629 1171/1171/629 1172/1172/630
f 1170/1170/629 1173/1173/629 1171/1171/629
f 1174/1174/631 1175/1175/631 1176/1176/631
f 1174/1174/632 1177/1177/632 1175/1175/632
f 1178/1178/633 1175/1175/634 1179/1179/635
f 1178/1178/633 1176/1176/636 1175/1175/634
f 1180/1180/272 1181/1181/272 1182/1182/272
f 1180/1180/272 1183/1183/272 1181/1181/272
f 1184/1184/7 1174/1174/7 1185/1185/7
f 1184/1184/7 1177/1177/7 1174/1174/7
f 1186/1186/272 1181/1181/272 1187/1187/272
f 1186/1186/272 1182/1182/272 1181/1181/272
f 1188/1188/8 1189/1189/8 1190/1190/8
f 1188/1188/8 1191/1191/637 1189/1189/8
f 1192/1192/13 1193/1193/13 1194/1194/13
f 1192/1192/13 1195/1195/13 1193/1193/13
f 1196/1196/638 1197/1197/639 1198/1198/640
f 1196/1196/638 1199/1199/641 1197/1197/639
f 1197/1197/642 1200/1200/643 1201/1201/644
f 1197/1197/645 1199/1199/645 1200/1200/645
f 1202/1202/646 1197/1197/646 1201/1201/646
f 1202/1202/647 1203/1203/647 1197/1197/647
f 1197/1197/648 1204/1204/649 1198/1198/650
f 1197/1197/648 1203/1203/651 1204/1204/649
f 1205/1205/272 1206/1206/272 1207/1207/272
f 1205/1205/272 1208/1208/272 1206/1206/272
f 1209/1209/652 1210/1210/652 1211/1211/652
f 1209/1209/653 1212/1212/653 1210/1210/653
f 1213/1213/654 1214/1214/654 1215/1215/654
f 1213/1213/655 1216/1216/655 1214/1214/655
f 1217/1217/656 1215/1215/656 1218/1218/656
f 1217/1217/657 1219/1219/657 1215/1215/657
f 1220/1220/658 1218/1218/658 1210/1210/658
f 1220/1220/659 1221/1221/659 1218/1218/659
f 1222/1222/7 1223/1223/7 1224/1224/7
f 1222/1222/7 1225/1225/7 1223/1223/7
f 1226/1226/272 1227/1227/272 1228/1228/272
f 1226/1226/272 1229/1229/272 1227/1227/272
f 1230/1230/252 1231/1231/252 1232/1232/252
f 1230/1230/252 1233/1233/252 1231/1231/252
f 1234/1234/7 1235/1235/7 1236/1236/7
f 1234/1234/7 1237/1237/7 1235/1235/7
f 1238/1238/13 1239/1239/13 1240/1240/13
f 1238/1238/13 1241/1241/13 1239/1239/13
f 1242/1242/8 1243/1243/660 1244/1244/660
f 1242/1242/8 1245/1245/8 1243/1243/660
f 1246/1246/252 1247/1247/252 1248/1248/252
f 1246/1246/252 1249/1249/252 1247/1247/252
f 1250/1250/13 1251/1251/13 1252/1252/13
f 1250/1250/13 1253/1253/13 1251/1251/13
f 1254/1254/272 1255/1255/272 1256/1256/272
f 1254/1254/272 1257/1257/272 1255/1255/272
f 1258/1258/661 1259/1259/662 1260/1260/661
f 1258/1258/661 1261/1261/662 1259/1259/662
f 1262/1262/272 1263/1263/272 1264/1264/272
f 1262/1262/272 1265/1265/272 1263/1263/272
f 1266/1266/8 1267/1267/8 1268/1268/8
f 1266/1266/8 1269/1269/8 1267/1267/8
f 1270/1270/252 1271/1271/252 1272/1272/252
f 1270/1270/252 1273/1273/252 1271/1271/252
f 1274/1274/13 1275/1275/13 1276/1276/13
f 1274/1274/13 1277/1277/13 1275/1275/13
f 1278/1278/663 1279/1279/663 1280/1280/663
f 1278/1278/664 1281/1281/664 1279/1279/664
f 1282/1282/13 1283/1283/13 1284/1284/13
f 1282/1282/13 1285/1285/13 1283/1283/13
f 1286/1286/665 1287/1287/665 1288/1288/665
f 1286/1286/666 1289/1289/666 1287/1287/666
f 1290/1290/252 1291/1291/252 1292/1292/252
f 1290/1290/252 1293/1293/252 1291/1291/252
f 1294/1294/13 1295/1295/13 1296/1296/13
f 1294/1294/13 1297/1297/13 1295/1295/13
f 1298/1298/272 1299/1299/272 1300/1300/272
f 1298/1298/272 1301/1301/272 1299/1299/272
f 1302/1302/8 1303/1303/8 1304/1304/8
f 1302/1302/8 1305/1305/8 1303/1303/8
f 1306/1306/272 1307/1307/272 1308/1308/272
f 1306/1306/272 1309/1309/272 1307/1307/272
f 1310/1310/8 1311/1311/8 1312/1312/8
f 1310/1310/8 1313/1313/8 1311/1311/8
f 1314/1314/252 1315/1315/252 1316/1316/252
f 1314/1314/252 1317/1317/252 1315/1315/252
f 1318/1318/13 1319/1319/13 1320/1320/13
f 1318/1318/13 1321/1321/13 1319/1319/13
f 1322/1322/7 1323/1323/7 1324/1324/7
f 1322/1322/7 1325/1325/7 1323/1323/7
f 1326/1326/13 1327/1327/13 1328/1328/13
f 1326/1326/13 1329/1329/13 1327/1327/13
f 1330/1330/8 1331/1331/8 1332/1332/8
f 1330/1330/8 1333/1333/8 1331/1331/8
f 1334/1334/272 1335/1335/272 1336/1336/272
f 1334/1334/272 1337/1337/272 1335/1335/272
f 1338/1338/13 1339/1339/13 1340/1340/13
f 1338/1338/13 1341/1341/13 1339/1339/13
f 1342/1342/252 1343/1343/252 1344/1344/252
f 1342/1342/252 1345/1345/252 1343/1343/252
f 1346/1346/8 1347/1347/8 1348/1348/8
f 1346/1346/8 1349/1349/8 1347/1347/8
f 1350/1350/252 1351/1351/252 1352/1352/252
f 1350/1350/252 1353/1353/252 1351/1351/252
f 1354/1354/8 1355/1355/8 1356/1356/8
f 1354/1354/8 1357/1357/8 1355/1355/8
f 1358/1358/272 1359/1359/272 1360/1360/272
f 1358/1358/272 1361/1361/272 1359/1359/272
f 1362/1362/13 1363/1363/13 1364/1364/13
f 1362/1362/13 1365/1365/13 1363/1363/13
f 1366/1366/7 1367/1367/7 1368/1368/7
f 1366/1366/7 1369/1369/7 1367/1367/7
f 1370/1370/667 1371/1371/13 1372/1372/13
f 1370/1370/667 1373/1373/667 1371/1371/13
f 1374/1374/8 1375/1375/8 1376/1376/8
f 1374/1374/8 1377/1377/8 1375/1375/8
f 1378/1378/272 1379/1379/272 1380/1380/272
f 1378/1378/272 1381/1381/272 1379/1379/272
f 1382/1382/668 1383/1383/13 1384/1384/668
f 1382/1382/668 1385/1385/13 1383/1383/13
f 1386/1386/252 1387/1387/252 1388/1388/252
f 1386/1386/252 1389/1389/252 1387/1387/252
f 1390/1390/8 1391/1391/8 1392/1392/8
f 1390/1390/8 1393/1393/8 1391/1391/8
f 1394/1394/252 1395/1395/252 1396/1396/252
f 1394/1394/252 1397/1397/252 1395/1395/252
f 1398/1398/8 1399/1399/8 1400/1400/8
f 1398/1398/8 1401/1401/8 1399/1399/8
f 1402/1402/272 1403/1403/272 1404/1404/272
f 1402/1402/272 1405/1405/272 1403/1403/272
f 1406/1406/13 1407/1407/13 1408/1408/13
f 1406/1406/13 1409/1409/13 1407/1407/13
f 1410/1410/7 1411/1411/7 1412/1412/7
f 1410/1410/7 1413/1413/7 1411/1411/7
f 1414/1414/669 1415/1415/670 1416/1416/669
f 1414/1414/669 1417/1417/670 1415/1415/670
f 1418/1418/671 1419/1419/671 1420/1420/671
f 1418/1418/671 1421/1421/671 1419/1419/671
f 1422/1422/672 1423/1423/672 1424/1424/672
f 1422/1422/672 1425/1425/672 1423/1423/672
f 1426/1426/7 1427/1427/7 1428/1428/7
f 1426/1426/7 1429/1429/7 1427/1427/7
f 1430/1430/669 1431/1431/669 1432/1432/669
f 1430/1430/669 1433/1433/670 1431/1431/669
f 1434/1434/673 1435/1435/673 1436/1436/673
f 1434/1434/673 1437/1437/673 1435/1435/673
f 1438/1438/674 1439/1439/674 1440/1440/674
f 1438/1438/674 1441/1441/674 1439/1439/674
f 1442/1442/675 1443/1443/675 1444/1444/675
f 1442/1442/676 1445/1445/676 1443/1443/676
f 1446/1446/677 1445/1445/677 1442/1442/677
f 1446/1446/677 1447/1447/677 1445/1445/677
f 1448/1448/678 1447/1447/678 1446/1446/678
f 1448/1448/679 1449/1449/679 1447/1447/679
f 1450/1450/680 1448/1448/681 1451/1451/681
f 1450/1450/680 1449/1449/680 1448/1448/681
f 1452/1452/682 1453/1453/682 1454/1454/682
f 1452/1452/682 1455/1455/682 1453/1453/682
f 1456/1456/683 1455/1455/683 1452/1452/683
f 1456/1456/684 1457/1457/684 1455/1455/684
f 1458/1458/685 1457/1457/685 1456/1456/685
f 1458/1458/685 1459/1459/685 1457/1457/685
f 1444/1444/686 1459/1459/686 1458/1458/686
f 1444/1444/686 1443/1443/686 1459/1459/686
f 1460/1460/687 1461/1461/687 1462/1462/688
f 1460/1460/687 1463/1463/687 1461/1461/687
f 1464/1464/687 1460/1460/687 1465/1465/687
f 1464/1464/687 1463/1463/687 1460/1460/687
f 1466/1466/687 1464/1464/687 1467/1467/687
f 1466/1466/687 1463/1463/687 1464/1464/687
f 1468/1468/689 1469/1469/689 1470/1470/689
f 1468/1468/689 1471/1471/689 1469/1469/689
f 1468/1468/689 1472/1472/689 1473/1473/689
f 1468/1468/689 1470/1470/689 1472/1472/689
f 1474/1474/689 1473/1473/689 1475/1475/689
f 1474/1474/689 1468/1468/689 1473/1473/689
f 1476/1476/690 1477/1477/690 1478/1478/690
f 1476/1476/690 1479/1479/690 1477/1477/690
f 1480/1480/691 1481/1481/691 1482/1482/691
f 1480/1480/691 1483/1483/691 1481/1481/691
f 1484/1484/7 1485/1485/7 1486/1486/7
f 1484/1484/7 1487/1487/7 1485/1485/7
f 1488/1488/692 1489/1489/692 1490/1490/692
f 1488/1488/692 1491/1491/692 1489/1489/692
f 1492/1492/693 1493/1493/693 1494/1494/693
f 1492/1492/693 1495/1495/693 1493/1493/693
f 1496/1496/687 1497/1497/687 1498/1498/687
f 1496/1496/687 1499/1499/687 1497/1497/687
f 1500/1500/694 1501/1501/694 1502/1502/694
f 1500/1500/694 1503/1503/694 1501/1501/694
f 1504/1504/689 1505/1505/689 1506/1506/689
f 1504/1504/689 1507/1507/689 1505/1505/689
f 1508/1508/693 1509/1509/690 1510/1510/693
f 1508/1508/693 1511/1511/690 1509/1509/690
f 1512/1512/687 1513/1513/687 1514/1514/687
f 1512/1512/687 1515/1515/687 1513/1513/687
f 1516/1516/694 1517/1517/694 1518/1518/694
f 1516/1516/694 1519/1519/692 1517/1517/694
f 1520/1520/689 1521/1521/689 1522/1522/689
f 1520/1520/689 1523/1523/689 1521/1521/689
f 1524/1524/687 1525/1525/687 1526/1526/687
f 1524/1524/687 1527/1527/687 1525/1525/687
f 1528/1528/695 1529/1529/695 1530/1530/695
f 1528/1528/695 1531/1531/695 1529/1529/695
f 1532/1532/696 1531/1531/696 1528/1528/696
f 1532/1532/696 1533/1533/696 1531/1531/696
f 1534/1534/697 1535/1535/697 1536/1536/697
f 1534/1534/697 1537/1537/697 1535/1535/697
f 1538/1538/698 1537/1537/698 1534/1534/698
f 1538/1538/698 1539/1539/698 1537/1537/698
f 1540/1540/699 1539/1539/699 1538/1538/699
f 1540/1540/699 1541/1541/699 1539/1539/699
f 1542/1542/700 1541/1541/700 1540/1540/700
f 1542/1542/700 1543/1543/700 1541/1541/700
f 1544/1544/701 1543/1543/701 1542/1542/701
f 1544/1544/701 1545/1545/701 1543/1543/701
f 1546/1546/702 1545/1545/702 1544/1544/702
f 1546/1546/702 1547/1547/702 1545/1545/702
f 1548/1548/703 1547/1547/703 1546/1546/703
f 1548/1548/703 1549/1549/703 1547/1547/703
f 1550/1550/704 1549/1549/704 1548/1548/704
f 1550/1550/704 1551/1551/704 1549/1549/704
f 1552/1552/705 1553/1553/705 1554/1554/705
f 1552/1552/705 1555/1555/705 1553/1553/705
f 1530/1530/706 1555/1555/706 1552/1552/706
f 1530/1530/706 1529/1529/706 1555/1555/706
f 1556/1556/7 1557/1557/7 1558/1558/7
f 1556/1556/7 1559/1559/7 1557/1557/7
f 1559/1559/7 1560/1560/7 1561/1561/7
f 1559/1559/7 1556/1556/7 1560/1560/7
f 1559/1559/7 1562/1562/7 1563/1563/7
f 1559/1559/7 1561/1561/7 1562/1562/7
f 1564/1564/7 1559/1559/7 1563/1563/7
f 1565/1565/7 1559/1559/7 1564/1564/7
f 1566/1566/7 1565/1565/7 1567/1567/7
f 1566/1566/7 1559/1559/7 1565/1565/7
f 1568/1568/707 1569/1569/707 1570/1570/707
f 1568/1568/707 1571/1571/707 1569/1569/707
f 1572/1572/708 1570/1570/708 1573/1573/708
f 1572/1572/708 1568/1568/708 1570/1570/708
f 1574/1574/709 1573/1573/709 1575/1575/709
f 1574/1574/709 1572/1572/709 1573/1573/709
f 1576/1576/710 1575/1575/710 1577/1577/710
f 1576/1576/710 1574/1574/710 1575/1575/710
f 1578/1578/711 1577/1577/711 1579/1579/711
f 1578/1578/711 1576/1576/711 1577/1577/711
f 1580/1580/712 1579/1579/712 1581/1581/712
f 1580/1580/712 1578/1578/712 1579/1579/712
f 1582/1582/713 1581/1581/713 1583/1583/713
f 1582/1582/713 1580/1580/713 1581/1581/713
f 1584/1584/714 1583/1583/714 1585/1585/714
f 1584/1584/714 1582/1582/714 1583/1583/714
f 1586/1586/715 1585/1585/715 1587/1587/715
f 1586/1586/715 1584/1584/715 1585/1585/715
f 1588/1588/716 1587/1587/716 1589/1589/716
f 1588/1588/716 1586/1586/716 1587/1587/716
f 1590/1590/717 1589/1589/717 1591/1591/717
f 1590/1590/717 1588/1588/717 1589/1589/717
f 1571/1571/718 1591/1591/718 1569/1569/718
f 1571/1571/718 1590/1590/718 1591/1591/718
f 1592/1592/291 1593/1593/291 1594/1594/291
f 1592/1592/291 1595/1595/291 1593/1593/291
f 1596/1596/13 1595/1595/668 1592/1592/13
f 1596/1596/13 1597/1597/13 1595/1595/13
f 1597/1597/290 1598/1598/290 1599/1599/290
f 1597/1597/290 1596/1596/290 1598/1598/290
f 1593/1593/289 1600/1600/289 1594/1594/289
f 1593/1593/289 1601/1601/289 1600/1600/289
f 1601/1601/8 1602/1602/8 1600/1600/8
f 1601/1601/8 1603/1603/8 1602/1602/8
f 1604/1604/288 1598/1598/288 1605/1605/288
f 1604/1604/288 1599/1599/288 1598/1598/288
f 1606/1606/719 1594/1594/719 1607/1607/719
f 1606/1606/720 1592/1592/720 1594/1594/720
f 1608/1608/13 1592/1592/13 1606/1606/13
f 1608/1608/13 1596/1596/13 1592/1592/13
f 1596/1596/721 1609/1609/721 1598/1598/721
f 1596/1596/322 1608/1608/322 1609/1609/322
f 1594/1594/722 1610/1610/723 1607/1607/724
f 1594/1594/722 1600/1600/725 1610/1610/723
f 1600/1600/8 1611/1611/8 1610/1610/8
f 1600/1600/8 1602/1602/8 1611/1611/8
f 1605/1605/306 1609/1609/306 1612/1612/306
f 1605/1605/307 1598/1598/307 1609/1609/307
f 1607/1607/302 1613/1613/302 1606/1606/302
f 1607/1607/302 1614/1614/302 1613/1613/302
f 1613/1613/13 1615/1615/13 1606/1606/13
f 1613/1613/13 1616/1616/13 1617/1617/13
f 1616/1616/303 1609/1609/303 1615/1615/303
f 1616/1616/303 1618/1618/303 1609/1609/303
f 1614/1614/300 1610/1610/300 1619/1619/300
f 1614/1614/300 1607/1607/300 1610/1610/300
f 1610/1610/8 1620/1620/8 1619/1619/8
f 1610/1610/8 1621/1621/8 1620/1620/8
f 1622/1622/301 1609/1609/301 1623/1623/301
f 1622/1622/301 1624/1624/301 1609/1609/301
f 1625/1625/726 1613/1613/726 1614/1614/726
f 1625/1625/297 1626/1626/297 1613/1613/297
f 1626/1626/13 1627/1627/13 1613/1613/13
f 1626/1626/13 1628/1628/13 1627/1627/13
f 1628/1628/298 1629/1629/298 1630/1630/298
f 1628/1628/727 1631/1631/727 1629/1629/727
f 1619/1619/292 1625/1625/292 1614/1614/292
f 1619/1619/293 1632/1632/293 1625/1625/293
f 1633/1633/8 1632/1632/8 1619/1619/8
f 1633/1633/8 1634/1634/8 1632/1632/8
f 1635/1635/324 1623/1623/324 1631/1631/324
f 1635/1635/295 1636/1636/295 1623/1623/295
f 1637/1637/290 1626/1626/290 1625/1625/290
f 1637/1637/290 1638/1638/290 1626/1626/290
f 1638/1638/13 1628/1628/13 1626/1626/13
f 1638/1638/13 1639/1639/13 1628/1628/13
f 1639/1639/291 1631/1631/291 1628/1628/291
f 1639/1639/291 1640/1640/291 1631/1631/291
f 1632/1632/288 1637/1637/288 1625/1625/288
f 1632/1632/288 1641/1641/288 1637/1637/288
f 1634/1634/8 1641/1641/8 1632/1632/8
f 1634/1634/8 1642/1642/8 1641/1641/8
f 1643/1643/289 1631/1631/289 1640/1640/289
f 1643/1643/289 1635/1635/289 1631/1631/289
f 1644/1644/313 1645/1645/313 1646/1646/313
f 1644/1644/313 1647/1647/313 1645/1645/313
f 1648/1648/312 1647/1647/312 1644/1644/312
f 1648/1648/312 1649/1649/312 1647/1647/312
f 1650/1650/315 1649/1649/315 1648/1648/315
f 1650/1650/315 1651/1651/315 1649/1649/315
f 1646/1646/314 1652/1652/314 1653/1653/314
f 1646/1646/314 1645/1645/314 1652/1652/314
f 1654/1654/252 1655/1655/252 1656/1656/252
f 1654/1654/252 1657/1657/252 1655/1655/252
f 1658/1658/272 1659/1659/272 1660/1660/272
f 1658/1658/272 1661/1661/272 1659/1659/272
f 1662/1662/290 1663/1663/290 1664/1664/290
f 1662/1662/290 1665/1665/290 1663/1663/290
f 1666/1666/13 1664/1664/13 1667/1667/13
f 1666/1666/13 1662/1662/13 1664/1664/13
f 1668/1668/728 1667/1667/291 1669/1669/291
f 1668/1668/728 1666/1666/729 1667/1667/291
f 1663/1663/288 1670/1670/288 1671/1671/288
f 1663/1663/288 1665/1665/288 1670/1670/288
f 1671/1671/8 1672/1672/8 1673/1673/8
f 1671/1671/8 1670/1670/8 1672/1672/8
f 1668/1668/289 1674/1674/289 1675/1675/289
f 1668/1668/289 1669/1669/289 1674/1674/289
f 1676/1676/297 1665/1665/297 1662/1662/297
f 1676/1676/296 1677/1677/296 1665/1665/296
f 1678/1678/13 1662/1662/13 1666/1666/13
f 1678/1678/13 1676/1676/13 1662/1662/13
f 1679/1679/299 1666/1666/299 1668/1668/299
f 1679/1679/298 1678/1678/298 1666/1666/298
f 1665/1665/293 1680/1680/293 1670/1670/293
f 1665/1665/292 1677/1677/292 1680/1680/292
f 1670/1670/8 1681/1681/8 1672/1672/8
f 1670/1670/8 1680/1680/8 1681/1681/8
f 1679/1679/295 1675/1675/295 1682/1682/295
f 1679/1679/324 1668/1668/324 1675/1675/324
f 1683/1683/302 1677/1677/302 1676/1676/302
f 1683/1683/302 1684/1684/302 1677/1677/302
f 1678/1678/13 1683/1683/13 1676/1676/13
f 1678/1678/13 1685/1685/13 1683/1683/13
f 1679/1679/730 1685/1685/730 1678/1678/730
f 1679/1679/303 1686/1686/303 1685/1685/303
f 1680/1680/300 1684/1684/300 1687/1687/300
f 1680/1680/300 1677/1677/300 1684/1684/300
f 1681/1681/8 1687/1687/8 1688/1688/8
f 1681/1681/8 1680/1680/8 1687/1687/8
f 1679/1679/301 1689/1689/301 1690/1690/301
f 1679/1679/301 1682/1682/301 1689/1689/301
f 1691/1691/309 1683/1683/309 1692/1692/309
f 1691/1691/308 1684/1684/308 1683/1683/308
f 1692/1692/13 1693/1693/13 1694/1694/13
f 1692/1692/13 1683/1683/13 1693/1693/13
f 1695/1695/322 1694/1694/322 1696/1696/322
f 1695/1695/310 1697/1697/310 1694/1694/310
f 1687/1687/305 1691/1691/305 1698/1698/305
f 1687/1687/731 1684/1684/731 1691/1691/731
f 1699/1699/8 1698/1698/8 1700/1700/8
f 1699/1699/8 1687/1687/8 1698/1698/8
f 1690/1690/732 1701/1701/732 1697/1697/732
f 1690/1690/306 1702/1702/306 1701/1701/306
f 1703/1703/291 1692/1692/291 1704/1704/291
f 1703/1703/291 1691/1691/291 1692/1692/291
f 1704/1704/13 1694/1694/13 1705/1705/13
f 1704/1704/13 1692/1692/13 1694/1694/13
f 1697/1697/290 1705/1705/290 1694/1694/290
f 1697/1697/290 1706/1706/290 1705/1705/290
f 1698/1698/289 1703/1703/289 1707/1707/289
f 1698/1698/289 1691/1691/289 1703/1703/289
f 1700/1700/8 1707/1707/8 1708/1708/8
f 1700/1700/8 1698/1698/8 1707/1707/8
f 1697/1697/288 1709/1709/288 1706/1706/288
f 1697/1697/288 1701/1701/288 1709/1709/288
f 1710/1710/313 1711/1711/313 1712/1712/313
f 1710/1710/313 1713/1713/313 1711/1711/313
f 1713/1713/312 1714/1714/312 1711/1711/312
f 1713/1713/312 1715/1715/312 1714/1714/312
f 1715/1715/315 1716/1716/315 1714/1714/315
f 1715/1715/315 1717/1717/315 1716/1716/315
f 1718/1718/314 1712/1712/314 1719/1719/314
f 1718/1718/314 1710/1710/314 1712/1712/314
f 1720/1720/272 1721/1721/272 1722/1722/272
f 1720/1720/272 1723/1723/272 1721/1721/272
f 1724/1724/252 1725/1725/252 1726/1726/252
f 1724/1724/252 1727/1727/252 1725/1725/252
f 1728/1728/733 1729/1729/734 1730/1730/733
f 1728/1728/733 1731/1731/734 1729/1729/734
f 1732/1732/733 1728/1728/733 1730/1730/733
f 1732/1732/733 1733/1733/733 1728/1728/733
f 1734/1734/733 1733/1733/733 1732/1732/733
f 1734/1734/733 1735/1735/733 1733/1733/733
f 1736/1736/735 1737/1737/735 1738/1738/735
f 1736/1736/735 1739/1739/735 1737/1737/735
f 1740/1740/736 1741/1741/736 1742/1742/736
f 1740/1740/736 1743/1743/737 1741/1741/736
f 1743/1743/252 1744/1744/252 1745/1745/252
f 1743/1743/252 1746/1746/252 1744/1744/252
f 1746/1746/738 1747/1747/738 1748/1748/738
f 1746/1746/738 1749/1749/738 1747/1747/738
f 1750/1750/739 1751/1751/739 1752/1752/739
f 1750/1750/739 1753/1753/739 1751/1751/739
f 1754/1754/740 1755/1755/740 1756/1756/740
f 1754/1754/740 1757/1757/740 1755/1755/740
f 1757/1757/272 1758/1758/272 1759/1759/272
f 1757/1757/272 1760/1760/272 1758/1758/272
f 1760/1760/741 1761/1761/741 1762/1762/741
f 1760/1760/741 1763/1763/741 1761/1761/741
f 1764/1764/733 1765/1765/733 1766/1766/733
f 1764/1764/733 1767/1767/734 1765/1765/733
f 1768/1768/742 1769/1769/733 1770/1770/733
f 1768/1768/742 1771/1771/733 1769/1769/733
f 1766/1766/733 1768/1768/742 1764/1764/733
f 1766/1766/733 1771/1771/733 1768/1768/742
f 1772/1772/735 1773/1773/735 1774/1774/735
f 1772/1772/735 1775/1775/735 1773/1773/735
f 1776/1776/741 1777/1777/741 1778/1778/741
f 1776/1776/741 1779/1779/741 1777/1777/741
f 1780/1780/272 1779/1779/272 1781/1781/272
f 1780/1780/272 1782/1782/272 1779/1779/272
f 1783/1783/740 1782/1782/740 1784/1784/743
f 1783/1783/740 1785/1785/740 1782/1782/740
f 1786/1786/739 1787/1787/739 1788/1788/739
f 1786/1786/739 1789/1789/739 1787/1787/739
f 1790/1790/738 1791/1791/738 1792/1792/744
f 1790/1790/738 1793/1793/738 1791/1791/738
f 1794/1794/252 1793/1793/252 1795/1795/252
f 1794/1794/252 1796/1796/252 1793/1793/252
f 1797/1797/736 1796/1796/736 1798/1798/736
f 1797/1797/736 1799/1799/736 1796/1796/736
f 1800/1800/272 1801/1801/272 1802/1802/272
f 1800/1800/745 1803/1803/745 1801/1801/745
f 1804/1804/746 1805/1805/746 1806/1806/746
f 1804/1804/746 1807/1807/746 1805/1805/746
f 1808/1808/747 1809/1809/747 1810/1810/747
f 1808/1808/747 1811/1811/747 1809/1809/747
f 1812/1812/748 1810/1810/748 1813/1813/748
f 1812/1812/748 1808/1808/748 1810/1810/748
f 1814/1814/749 1815/1815/749 1816/1816/749
f 1814/1814/749 1817/1817/749 1815/1815/749
f 1818/1818/750 1819/1819/750 1820/1820/750
f 1818/1818/751 1821/1821/752 1819/1819/753
f 1822/1822/7 1823/1823/7 1824/1824/7
f 1822/1822/7 1825/1825/7 1823/1823/7
f 1826/1826/252 1827/1827/252 1828/1828/252
f 1826/1826/252 1829/1829/252 1827/1827/252
f 1830/1830/272 1831/1831/272 1832/1832/272
f 1830/1830/272 1833/1833/272 1831/1831/272
f 1834/1834/754 1828/1828/754 1827/1827/754
f 1834/1834/754 1835/1835/754 1828/1828/754
f 1830/1830/755 1835/1835/755 1834/1834/755
f 1830/1830/755 1832/1832/755 1835/1835/755
f 1836/1836/518 1837/1837/518 1838/1838/518
f 1836/1836/518 1839/1839/518 1837/1837/518
f 1840/1840/756 1841/1841/756 1842/1842/756
f 1840/1840/756 1843/1843/756 1841/1841/756
f 1844/1844/757 1843/1843/757 1840/1840/757
f 1844/1844/758 1845/1845/758 1843/1843/758
f 1846/1846/759 1845/1845/759 1844/1844/759
f 1846/1846/760 1847/1847/760 1845/1845/760
f 1848/1848/761 1847/1847/761 1846/1846/761
f 1848/1848/761 1849/1849/761 1847/1847/761
f 1850/1850/762 1849/1849/762 1848/1848/762
f 1850/1850/763 1851/1851/763 1849/1849/763
f 1852/1852/764 1850/1850/765 1853/1853/766
f 1852/1852/764 1851/1851/767 1850/1850/765
f 1854/1854/768 1853/1853/769 1855/1855/770
f 1854/1854/768 1852/1852/771 1853/1853/769
f 1842/1842/772 1854/1854/772 1855/1855/772
f 1842/1842/772 1841/1841/772 1854/1854/772
f 1856/1856/773 1857/1857/774 1858/1858/775
f 1856/1856/776 1859/1859/776 1857/1857/776
f 1856/1856/773 1860/1860/777 1861/1861/777
f 1856/1856/773 1858/1858/775 1860/1860/777
f 1861/1861/778 1862/1862/778 1863/1863/778
f 1861/1861/777 1860/1860/777 1862/1862/777
f 1864/1864/7 1865/1865/7 1866/1866/7
f 1867/1867/779 1868/1868/779 1869/1869/779
f 1867/1867/779 1870/1870/779 1868/1868/779
f 1871/1871/780 1870/1870/780 1872/1872/780
f 1871/1871/780 1873/1873/780 1870/1870/780
f 1874/1874/8 1873/1873/8 1871/1871/8
f 1874/1874/8 1875/1875/8 1873/1873/8
f 1876/1876/781 1875/1875/781 1874/1874/781
f 1876/1876/781 1877/1877/781 1875/1875/781
f 1878/1878/782 1879/1879/782 1880/1880/782
f 1878/1878/782 1881/1881/782 1879/1879/782
f 1869/1869/13 1881/1881/13 1878/1878/13
f 1869/1869/13 1868/1868/13 1881/1881/13
f 1882/1882/783 1883/1883/783 1884/1884/783
f 1882/1882/783 1885/1885/783 1883/1883/783
f 1886/1886/784 1885/1885/784 1882/1882/784
f 1886/1886/784 1887/1887/784 1885/1885/784
f 1888/1888/785 1889/1889/785 1890/1890/785
f 1888/1888/785 1891/1891/785 1889/1889/785
f 1892/1892/786 1891/1891/786 1888/1888/786
f 1892/1892/786 1893/1893/786 1891/1891/786
f 1894/1894/787 1895/1895/787 1896/1896/787
f 1894/1894/787 1897/1897/787 1895/1895/787
f 1898/1898/788 1897/1897/788 1894/1894/788
f 1898/1898/788 1899/1899/788 1897/1897/788
f 1900/1900/789 1901/1901/789 1902/1902/789
f 1900/1900/789 1903/1903/789 1901/1901/789
f 1904/1904/790 1903/1903/790 1900/1900/790
f 1904/1904/790 1905/1905/790 1903/1903/790
f 1906/1906/791 1907/1907/792 1908/1908/793
f 1909/1909/794 1910/1910/794 1911/1911/794
f 1909/1909/795 1912/1912/795 1910/1910/795
f 1909/1909/796 1913/1913/796 1912/1912/796
f 1909/1909/797 1914/1914/797 1913/1913/797
f 1915/1915/798 1913/1913/798 1914/1914/798
f 1915/1915/799 1916/1916/799 1913/1913/799
f 1915/1915/800 1917/1917/800 1916/1916/800
f 1915/1915/801 1918/1918/801 1917/1917/801
f 1919/1919/802 1917/1917/802 1918/1918/802
f 1919/1919/803 1920/1920/803 1917/1917/803
f 1919/1919/804 1921/1921/804 1920/1920/804
f 1919/1919/805 1922/1922/805 1921/1921/805
f 1923/1923/806 1921/1921/806 1922/1922/806
f 1923/1923/807 1924/1924/807 1921/1921/807
f 1923/1923/808 1910/1910/808 1924/1924/808
f 1923/1923/809 1911/1911/809 1910/1910/809
f 1925/1925/810 1926/1926/810 1927/1927/810
f 1925/1925/810 1928/1928/810 1926/1926/810
f 1929/1929/811 1928/1928/811 1925/1925/811
f 1929/1929/811 1930/1930/811 1928/1928/811
f 1931/1931/812 1932/1932/812 1933/1933/812
f 1931/1931/812 1934/1934/812 1932/1932/812
f 1935/1935/813 1934/1934/813 1931/1931/813
f 1935/1935/813 1936/1936/813 1934/1934/813
f 1937/1937/814 1936/1936/814 1935/1935/814
f 1937/1937/814 1938/1938/814 1936/1936/814
f 1939/1939/815 1938/1938/815 1937/1937/815
f 1939/1939/815 1940/1940/815 1938/1938/815
f 1941/1941/816 1942/1942/816 1943/1943/816
f 1941/1941/816 1944/1944/816 1942/1942/816
f 1927/1927/817 1944/1944/817 1941/1941/817
f 1927/1927/817 1926/1926/817 1944/1944/817
f 1945/1945/818 1946/1946/818 1947/1947/818
f 1945/1945/818 1948/1948/818 1946/1946/818
f 1948/1948/819 1949/1949/819 1946/1946/819
f 1948/1948/819 1950/1950/819 1949/1949/819
f 1951/1951/820 1952/1952/820 1953/1953/820
f 1951/1951/820 1954/1954/820 1952/1952/820
f 1954/1954/821 1955/1955/821 1952/1952/821
f 1954/1954/821 1956/1956/821 1955/1955/821
f 1956/1956/822 1957/1957/822 1955/1955/822
f 1956/1956/822 1958/1958/822 1957/1957/822
f 1958/1958/823 1959/1959/823 1957/1957/823
f 1958/1958/823 1960/1960/823 1959/1959/823
f 1961/1961/824 1962/1962/824 1963/1963/824
f 1961/1961/824 1964/1964/824 1962/1962/824
f 1964/1964/825 1947/1947/825 1962/1962/825
f 1964/1964/825 1945/1945/825 1947/1947/825
f 1965/1965/272 1966/1966/272 1967/1967/272
f 1965/1965/272 1968/1968/826 1966/1966/272
f 1969/1969/272 1967/1967/272 1966/1966/272
f 1969/1969/272 1970/1970/272 1967/1967/272
f 1971/1971/827 1972/1972/827 1973/1973/827
f 1971/1971/827 1974/1974/827 1972/1972/827
f 1975/1975/828 1976/1976/828 1977/1977/828
f 1975/1975/828 1978/1978/828 1976/1976/828
f 1979/1979/829 1980/1980/829 1981/1981/829
f 1979/1979/829 1982/1982/829 1980/1980/829
f 1983/1983/830 1977/1977/830 1984/1984/830
f 1983/1983/830 1975/1975/830 1977/1977/830
f 1985/1985/252 1986/1986/252 1987/1987/252
f 1985/1985/252 1988/1988/252 1986/1986/252
f 1989/1989/252 1987/1987/252 1990/1990/252
f 1989/1989/252 1985/1985/252 1987/1987/252
f 1991/1991/272 1992/1992/272 1993/1993/272
f 1991/1991/272 1994/1994/272 1992/1992/272
f 1993/1993/272 1995/1995/272 1996/1996/272
f 1993/1993/272 1992/1992/272 1995/1995/272
f 1997/1997/827 1998/1998/827 1999/1999/827
f 1997/1997/827 2000/2000/827 1998/1998/827
f 2001/2001/828 2002/2002/828 2003/2003/828
f 2001/2001/828 2004/2004/828 2002/2002/828
f 2005/2005/829 2006/2006/829 2007/2007/829
f 2005/2005/829 2008/2008/829 2006/2006/829
f 2009/2009/830 2003/2003/830 2010/2010/830
f 2009/2009/830 2001/2001/830 2003/2003/830
f 2011/2011/252 2012/2012/252 2013/2013/252
f 2011/2011/252 2014/2014/252 2012/2012/252
f 2013/2013/252 2015/2015/252 2011/2011/252
f 2013/2013/252 2016/2016/252 2015/2015/252
f 2017/2017/831 2018/2018/831 2019/2019/831
f 2017/2017/831 2020/2020/831 2018/2018/831
f 2021/2021/832 2022/2022/832 2023/2023/832
f 2021/2021/832 2024/2024/832 2022/2022/832
f 2025/2025/833 2026/2026/833 2027/2027/833
f 2025/2025/833 2028/2028/833 2026/2026/833
f 2029/2029/834 2028/2028/834 2025/2025/834
f 2029/2029/834 2030/2030/834 2028/2028/834
f 2031/2031/835 2030/2030/835 2029/2029/835
f 2031/2031/835 2032/2032/835 2030/2030/835
f 2033/2033/836 2032/2032/836 2031/2031/836
f 2033/2033/836 2034/2034/836 2032/2032/836
f 2035/2035/837 2036/2036/837 2037/2037/837
f 2035/2035/837 2038/2038/837 2036/2036/837
f 2039/2039/838 2040/2040/838 2041/2041/838
f 2039/2039/838 2042/2042/252 2040/2040/838
f 2043/2043/839 2044/2044/839 2045/2045/840
f 2043/2043/839 2046/2046/839 2044/2044/839
f 2046/2046/839 2047/2047/839 2048/2048/839
f 2046/2046/839 2043/2043/839 2047/2047/839
f 2049/2049/841 2050/2050/842 2051/2051/843
f 2050/2050/842 2049/2049/841 2052/2052/844
f 2052/2052/844 2053/2053/842 2050/2050/842
f 2052/2052/844 2054/2054/844 2053/2053/842
f 2055/2055/845 2056/2056/845 2057/2057/845
f 2055/2055/845 2058/2058/845 2056/2056/845
f 2059/2059/272 2060/2060/826 2061/2061/826
f 2059/2059/272 2062/2062/272 2060/2060/826
f 2063/2063/252 2064/2064/846 2065/2065/252
f 2063/2063/252 2066/2066/847 2064/2064/846
f 2067/2067/848 2068/2068/849 2069/2069/850
f 2067/2067/848 2070/2070/848 2068/2068/849
f 2071/2071/851 2072/2072/851 2073/2073/851
f 2074/2074/851 2075/2075/851 2076/2076/851
f 2077/2077/852 2078/2078/853 2079/2079/852
f 2077/2077/852 2080/2080/853 2078/2078/853
f 2081/2081/845 2082/2082/845 2083/2083/845
f 2081/2081/845 2084/2084/845 2082/2082/845
f 2085/2085/854 2086/2086/854 2087/2087/854
f 2085/2085/854 2088/2088/854 2086/2086/854
f 2089/2089/839 2047/2047/839 2090/2090/840
f 2048/2048/839 2047/2047/839 2089/2089/839
f 2053/2053/842 2091/2091/855 2092/2092/843
f 2054/2054/844 2091/2091/855 2053/2053/842
f 2093/2093/252 2094/2094/252 2095/2095/252
f 2096/2096/252 2094/2094/252 2093/2093/252
f 2093/2093/252 2097/2097/252 2096/2096/252
f 2093/2093/252 2098/2098/252 2097/2097/252
f 2099/2099/856 2100/2100/856 2101/2101/856
f 2099/2099/856 2102/2102/856 2100/2100/856
f 2103/2103/828 2104/2104/828 2105/2105/828
f 2103/2103/828 2106/2106/828 2104/2104/828
f 2107/2107/829 2108/2108/829 2109/2109/829
f 2107/2107/829 2110/2110/829 2108/2108/829
f 2105/2105/830 2111/2111/830 2112/2112/830
f 2105/2105/830 2104/2104/830 2111/2111/830
f 2113/2113/272 2114/2114/272 2115/2115/272
f 2113/2113/272 2116/2116/272 2114/2114/272
f 2113/2113/272 2117/2117/272 2118/2118/272
f 2113/2113/272 2115/2115/272 2117/2117/272
f 2119/2119/252 2120/2120/252 2121/2121/252
f 2122/2122/252 2120/2120/252 2119/2119/252
f 2119/2119/252 2123/2123/252 2122/2122/252
f 2119/2119/252 2124/2124/252 2123/2123/252
f 2125/2125/827 2126/2126/827 2127/2127/827
f 2125/2125/827 2128/2128/827 2126/2126/827
f 2129/2129/828 2130/2130/828 2131/2131/828
f 2129/2129/828 2132/2132/828 2130/2130/828
f 2133/2133/829 2134/2134/829 2135/2135/829
f 2133/2133/829 2136/2136/829 2134/2134/829
f 2131/2131/830 2137/2137/830 2138/2138/830
f 2131/2131/830 2130/2130/830 2137/2137/830
f 2139/2139/272 2140/2140/272 2141/2141/272
f 2142/2142/272 2140/2140/272 2139/2139/272
f 2140/2140/272 2143/2143/272 2144/2144/272
f 2140/2140/272 2142/2142/272 2143/2143/272
f 2145/2145/857 2146/2146/857 2147/2147/857
f 2145/2145/857 2148/2148/857 2146/2146/857
f 2149/2149/832 2150/2150/832 2151/2151/832
f 2149/2149/832 2152/2152/832 2150/2150/832
f 2153/2153/858 2154/2154/858 2155/2155/858
f 2153/2153/858 2156/2156/858 2154/2154/858
f 2156/2156/859 2157/2157/859 2154/2154/859
f 2156/2156/859 2158/2158/859 2157/2157/859
f 2158/2158/860 2159/2159/860 2157/2157/860
f 2158/2158/860 2160/2160/860 2159/2159/860
f 2160/2160/861 2161/2161/861 2159/2159/861
f 2160/2160/861 2162/2162/861 2161/2161/861
f 2163/2163/846 2164/2164/846 2165/2165/846
f 2163/2163/846 2166/2166/846 2164/2164/846
f 2167/2167/862 2168/2168/862 2169/2169/862
f 2167/2167/862 2170/2170/862 2168/2168/862
f 2171/2171/839 2172/2172/839 2173/2173/840
f 2174/2174/839 2172/2172/839 2171/2171/839
f 2175/2175/839 2174/2174/839 2176/2176/839
f 2175/2175/839 2172/2172/839 2174/2174/839
f 2177/2177/842 2178/2178/841 2179/2179/863
f 2178/2178/841 2177/2177/842 2180/2180/844
f 2181/2181/842 2180/2180/844 2177/2177/842
f 2181/2181/842 2182/2182/844 2180/2180/844
f 2183/2183/845 2184/2184/845 2185/2185/845
f 2183/2183/845 2186/2186/845 2184/2184/845
f 2187/2187/252 2188/2188/864 2189/2189/252
f 2187/2187/252 2190/2190/864 2188/2188/864
f 2191/2191/272 2192/2192/272 2193/2193/272
f 2191/2191/272 2194/2194/272 2192/2192/272
f 2195/2195/849 2196/2196/865 2197/2197/850
f 2195/2195/849 2198/2198/848 2196/2196/865
f 2199/2199/845 2200/2200/845 2201/2201/845
f 2202/2202/845 2203/2203/845 2204/2204/845
f 2205/2205/866 2206/2206/867 2207/2207/868
f 2205/2205/866 2208/2208/866 2206/2206/867
f 2209/2209/845 2210/2210/869 2211/2211/869
f 2209/2209/845 2212/2212/845 2210/2210/869
f 2213/2213/870 2214/2214/870 2215/2215/870
f 2213/2213/870 2216/2216/870 2214/2214/870
f 2175/2175/839 2217/2217/839 2218/2218/840
f 2175/2175/839 2176/2176/839 2217/2217/839
f 2219/2219/871 2181/2181/842 2220/2220/843
f 2182/2182/844 2181/2181/842 2219/2219/871
f 2221/2221/872 2222/2222/872 2223/2223/872
f 2221/2221/872 2224/2224/873 2222/2222/872
f 2221/2221/872 2225/2225/874 2226/2226/872
f 2221/2221/872 2223/2223/872 2225/2225/874
f 2221/2221/872 2227/2227/872 2228/2228/872
f 2221/2221/872 2226/2226/872 2227/2227/872
f 2229/2229/872 2221/2221/872 2228/2228/872
f 2230/2230/872 2221/2221/872 2229/2229/872
f 2231/2231/872 2230/2230/872 2232/2232/874
f 2231/2231/872 2221/2221/872 2230/2230/872
f 2233/2233/875 2234/2234/875 2235/2235/875
f 2233/2233/875 2236/2236/875 2234/2234/875
f 2237/2237/876 2238/2238/876 2239/2239/876
f 2237/2237/876 2240/2240/876 2238/2238/876
f 2239/2239/877 2241/2241/877 2242/2242/877
f 2239/2239/877 2238/2238/877 2241/2241/877
f 2243/2243/878 2235/2235/878 2244/2244/878
f 2243/2243/878 2233/2233/878 2235/2235/878
f 2242/2242/879 2245/2245/879 2246/2246/879
f 2242/2242/879 2241/2241/879 2245/2245/879
f 2246/2246/880 2247/2247/880 2248/2248/880
f 2246/2246/880 2245/2245/880 2247/2247/880
f 2248/2248/881 2249/2249/881 2250/2250/881
f 2248/2248/881 2247/2247/881 2249/2249/881
f 2251/2251/882 2244/2244/882 2252/2252/882
f 2251/2251/882 2243/2243/882 2244/2244/882
f 2253/2253/883 2252/2252/883 2254/2254/883
f 2253/2253/883 2251/2251/883 2252/2252/883
f 2255/2255/884 2254/2254/884 2256/2256/884
f 2255/2255/884 2253/2253/884 2254/2254/884
f 2257/2257/885 2256/2256/885 2258/2258/885
f 2257/2257/885 2255/2255/885 2256/2256/885
f 2250/2250/886 2257/2257/886 2258/2258/886
f 2250/2250/886 2249/2249/886 2257/2257/886
f 2259/2259/872 2260/2260/872 2261/2261/872
f 2259/2259/872 2262/2262/872 2260/2260/872
f 2263/2263/874 2264/2264/872 2265/2265/872
f 2263/2263/874 2266/2266/887 2264/2264/872
f 2267/2267/888 2266/2266/887 2263/2263/874
f 2267/2267/888 2268/2268/873 2266/2266/887
f 2269/2269/889 2268/2268/873 2267/2267/888
f 2269/2269/889 2270/2270/890 2268/2268/873
f 2271/2271/888 2269/2269/889 2272/2272/873
f 2271/2271/888 2270/2270/890 2269/2269/889
f 2273/2273/891 2274/2274/892 2272/2272/893
f 2273/2273/891 2275/2275/894 2274/2274/892
f 2276/2276/892 2273/2273/891 2277/2277/873
f 2276/2276/892 2275/2275/894 2273/2273/891
f 2278/2278/873 2279/2279/873 2277/2277/873
f 2278/2278/873 2280/2280/873 2279/2279/873
f 2281/2281/874 2278/2278/873 2282/2282/874
f 2281/2281/874 2280/2280/873 2278/2278/873
f 2283/2283/872 2284/2284/874 2282/2282/874
f 2283/2283/872 2285/2285/872 2284/2284/874
f 2286/2286/890 2285/2285/872 2283/2283/872
f 2286/2286/890 2287/2287/890 2285/2285/872
f 2262/2262/872 2286/2286/890 2260/2260/872
f 2262/2262/872 2287/2287/890 2286/2286/890
f 2288/2288/895 2289/2289/895 2290/2290/895
f 2288/2288/895 2291/2291/895 2289/2289/895
f 2292/2292/896 2293/2293/896 2294/2294/896
f 2292/2292/896 2295/2295/897 2293/2293/896
f 2296/2296/898 2294/2294/898 2297/2297/899
f 2296/2296/898 2292/2292/900 2294/2294/898
f 2298/2298/901 2297/2297/901 2299/2299/901
f 2298/2298/901 2296/2296/901 2297/2297/901
f 2300/2300/902 2299/2299/902 2301/2301/902
f 2300/2300/902 2298/2298/902 2299/2299/902
f 2302/2302/903 2301/2301/903 2303/2303/903
f 2302/2302/903 2300/2300/903 2301/2301/903
f 2304/2304/904 2303/2303/904 2305/2305/904
f 2304/2304/904 2302/2302/904 2303/2303/904
f 2306/2306/905 2304/2304/905 2305/2305/905
f 2306/2306/905 2307/2307/905 2304/2304/905
f 2308/2308/906 2307/2307/906 2306/2306/906
f 2308/2308/906 2309/2309/906 2307/2307/906
f 2310/2310/907 2309/2309/907 2308/2308/907
f 2310/2310/907 2311/2311/907 2309/2309/907
f 2312/2312/908 2311/2311/908 2310/2310/908
f 2312/2312/908 2313/2313/908 2311/2311/908
f 2290/2290/909 2313/2313/909 2312/2312/909
f 2290/2290/909 2289/2289/909 2313/2313/909
f 2314/2314/910 2315/2315/910 2316/2316/911
f 2314/2314/910 2317/2317/910 2315/2315/910
f 2317/2317/910 2318/2318/910 2319/2319/910
f 2317/2317/910 2314/2314/910 2318/2318/910
f 2320/2320/910 2317/2317/910 2319/2319/910
f 2321/2321/910 2317/2317/910 2320/2320/910
f 2322/2322/910 2317/2317/910 2321/2321/910
f 2323/2323/910 2317/2317/910 2322/2322/910
f 2324/2324/910 2323/2323/910 2325/2325/910
f 2324/2324/910 2317/2317/910 2323/2323/910
f 2326/2326/912 2327/2327/912 2328/2328/912
f 2326/2326/912 2329/2329/912 2327/2327/912
f 2329/2329/13 2330/2330/13 2327/2327/13
f 2329/2329/13 2331/2331/13 2330/2330/13
f 2331/2331/913 2332/2332/913 2330/2330/913
f 2331/2331/913 2333/2333/913 2332/2332/913
f 2334/2334/914 2335/2335/914 2336/2336/914
f 2334/2334/914 2337/2337/914 2335/2335/914
f 2337/2337/8 2338/2338/8 2335/2335/8
f 2337/2337/8 2339/2339/8 2338/2338/8
f 2339/2339/915 2340/2340/915 2338/2338/915
f 2339/2339/915 2341/2341/915 2340/2340/915
f 2342/2342/272 2343/2343/272 2344/2344/272
f 2342/2342/272 2345/2345/272 2343/2343/272
f 2342/2342/272 2346/2346/272 2347/2347/272
f 2342/2342/272 2344/2344/272 2346/2346/272
f 2348/2348/912 2349/2349/912 2350/2350/912
f 2348/2348/912 2351/2351/912 2349/2349/912
f 2352/2352/13 2351/2351/13 2348/2348/13
f 2352/2352/13 2353/2353/13 2351/2351/13
f 2354/2354/916 2353/2353/916 2352/2352/916
f 2354/2354/916 2355/2355/916 2353/2353/916
f 2356/2356/914 2357/2357/914 2358/2358/914
f 2356/2356/914 2359/2359/914 2357/2357/914
f 2360/2360/8 2359/2359/8 2356/2356/8
f 2360/2360/8 2361/2361/8 2359/2359/8
f 2362/2362/915 2361/2361/915 2360/2360/915
f 2362/2362/915 2363/2363/915 2361/2361/915
f 2364/2364/917 2365/2365/917 2366/2366/917
f 2364/2364/918 2367/2367/918 2365/2365/918
f 2366/2366/919 2368/2368/919 2369/2369/919
f 2366/2366/920 2365/2365/920 2368/2368/920
f 2369/2369/921 2370/2370/921 2371/2371/921
f 2369/2369/921 2368/2368/921 2370/2370/921
f 2371/2371/922 2372/2372/922 2373/2373/922
f 2371/2371/923 2370/2370/923 2372/2372/923
f 2372/2372/924 2374/2374/924 2373/2373/924
f 2372/2372/925 2375/2375/925 2374/2374/925
f 2376/2376/926 2377/2377/926 2375/2375/926
f 2376/2376/272 2378/2378/272 2377/2377/272
f 2379/2379/252 2367/2367/252 2364/2364/252
f 2379/2379/252 2380/2380/252 2367/2367/252
f 2381/2381/927 2382/2382/928 2383/2383/929
f 2381/2381/927 2384/2384/930 2382/2382/928
f 2384/2384/931 2385/2385/931 2382/2382/931
f 2384/2384/932 2386/2386/932 2385/2385/932
f 2386/2386/933 2387/2387/933 2385/2385/933
f 2386/2386/933 2388/2388/933 2387/2387/933
f 2388/2388/934 2389/2389/934 2387/2387/934
f 2388/2388/935 2390/2390/935 2389/2389/935
f 2383/2383/936 2391/2391/826 2381/2381/826
f 2383/2383/936 2392/2392/936 2391/2391/826
f 2393/2393/937 2394/2394/938 2395/2395/938
f 2393/2393/937 2396/2396/937 2394/2394/938
f 2397/2397/939 2398/2398/940 2399/2399/939
f 2397/2397/939 2400/2400/940 2398/2398/940
f 2401/2401/941 2399/2399/939 2402/2402/941
f 2401/2401/941 2397/2397/939 2399/2399/939
f 2403/2403/942 2404/2404/943 2405/2405/943
f 2403/2403/942 2406/2406/942 2404/2404/943
f 2407/2407/944 2401/2401/941 2402/2402/941
f 2407/2407/944 2408/2408/944 2401/2401/941
f 2404/2404/943 2409/2409/945 2405/2405/943
f 2404/2404/943 2410/2410/945 2409/2409/945
f 2411/2411/946 2408/2408/944 2407/2407/944
f 2411/2411/946 2412/2412/946 2408/2408/944
f 2409/2409/945 2413/2413/945 2414/2414/945
f 2409/2409/945 2410/2410/945 2413/2413/945
f 2415/2415/947 2411/2411/946 2416/2416/947
f 2415/2415/947 2412/2412/946 2411/2411/946
f 2414/2414/945 2417/2417/943 2418/2418/943
f 2414/2414/945 2413/2413/945 2417/2417/943
f 2417/2417/943 2419/2419/948 2418/2418/943
f 2417/2417/943 2420/2420/948 2419/2419/948
f 2421/2421/949 2422/2422/950 2423/2423/951
f 2421/2421/949 2424/2424/952 2422/2422/950
f 2425/2425/953 2415/2415/947 2416/2416/947
f 2425/2425/953 2426/2426/953 2415/2415/947
f 2420/2420/948 2427/2427/945 2419/2419/948
f 2420/2420/948 2428/2428/945 2427/2427/945
f 2429/2429/954 2430/2430/954 2421/2421/954
f 2429/2429/955 2431/2431/955 2430/2430/955
f 2432/2432/943 2406/2406/942 2403/2403/942
f 2432/2432/943 2433/2433/943 2406/2406/942
f 2434/2434/956 2435/2435/956 2436/2436/956
f 2434/2434/956 2437/2437/956 2435/2435/956
f 2438/2438/957 2439/2439/957 2440/2440/957
f 2438/2438/957 2441/2441/957 2439/2439/957
f 2442/2442/958 2443/2443/958 2444/2444/958
f 2442/2442/958 2445/2445/958 2443/2443/958
f 2446/2446/959 2447/2447/960 2448/2448/960
f 2446/2446/959 2449/2449/959 2447/2447/960
f 2450/2450/956 2451/2451/956 2452/2452/956
f 2450/2450/956 2453/2453/956 2451/2451/956
f 2454/2454/961 2455/2455/957 2456/2456/957
f 2454/2454/961 2457/2457/962 2455/2455/957
f 2458/2458/963 2459/2459/958 2460/2460/958
f 2458/2458/963 2461/2461/963 2459/2459/958
f 2462/2462/959 2463/2463/959 2464/2464/959
f 2462/2462/959 2465/2465/959 2463/2463/959
f 2466/2466/956 2467/2467/956 2468/2468/964
f 2466/2466/956 2469/2469/956 2467/2467/956
f 2470/2470/961 2471/2471/957 2472/2472/957
f 2470/2470/961 2473/2473/961 2471/2471/957
f 2474/2474/958 2475/2475/958 2476/2476/958
f 2474/2474/958 2477/2477/958 2475/2475/958
f 2478/2478/959 2479/2479/959 2480/2480/959
f 2478/2478/959 2481/2481/959 2479/2479/959
f 2482/2482/956 2483/2483/956 2484/2484/956
f 2482/2482/956 2485/2485/956 2483/2483/956
f 2486/2486/957 2487/2487/957 2488/2488/957
f 2486/2486/957 2489/2489/957 2487/2487/957
f 2490/2490/958 2491/2491/958 2492/2492/958
f 2490/2490/958 2493/2493/958 2491/2491/958
f 2494/2494/959 2495/2495/959 2496/2496/959
f 2494/2494/959 2497/2497/959 2495/2495/959
f 2498/2498/956 2499/2499/956 2500/2500/956
f 2498/2498/956 2501/2501/956 2499/2499/956
f 2502/2502/957 2503/2503/957 2504/2504/957
f 2502/2502/957 2505/2505/957 2503/2503/957
f 2506/2506/958 2507/2507/958 2508/2508/958
f 2506/2506/958 2509/2509/958 2507/2507/958
f 2510/2510/959 2511/2511/959 2512/2512/959
f 2510/2510/959 2513/2513/959 2511/2511/959
f 2514/2514/965 2515/2515/965 2516/2516/965
f 2514/2514/965 2517/2517/965 2515/2515/965
f 2518/2518/965 2516/2516/965 2519/2519/965
f 2518/2518/965 2520/2520/965 2516/2516/965
f 2520/2520/965 2521/2521/965 2522/2522/965
f 2520/2520/965 2518/2518/965 2521/2521/965
f 2523/2523/966 2524/2524/966 2525/2525/966
f 2523/2523/966 2526/2526/966 2524/2524/966
f 2525/2525/967 2527/2527/967 2528/2528/967
f 2525/2525/968 2524/2524/968 2527/2527/968
f 2529/2529/969 2527/2527/969 2530/2530/969
f 2529/2529/969 2528/2528/969 2527/2527/969
f 2531/2531/970 2530/2530/971 2532/2532/970
f 2531/2531/970 2529/2529/971 2530/2530/971
f 2533/2533/972 2532/2532/972 2534/2534/972
f 2533/2533/972 2531/2531/972 2532/2532/972
f 2535/2535/973 2534/2534/974 2536/2536/973
f 2535/2535/973 2533/2533/974 2534/2534/974
f 2537/2537/975 2538/2538/975 2539/2539/975
f 2537/2537/976 2536/2536/976 2538/2538/976
f 2539/2539/977 2526/2526/977 2523/2523/977
f 2539/2539/977 2538/2538/977 2526/2526/977
f 2540/2540/978 2541/2541/979 2542/2542/980
f 2540/2540/978 2543/2543/981 2541/2541/979
f 2544/2544/982 2542/2542/980 2545/2545/983
f 2544/2544/982 2540/2540/978 2542/2542/980
f 2540/2540/978 2546/2546/984 2547/2547/984
f 2540/2540/978 2544/2544/982 2546/2546/984
f 2548/2548/985 2549/2549/985 2550/2550/985
f 2548/2548/985 2551/2551/985 2549/2549/985
f 2552/2552/985 2553/2553/986 2554/2554/985
f 2552/2552/985 2555/2555/986 2553/2553/986
f 2556/2556/987 2557/2557/987 2558/2558/987
f 2556/2556/987 2559/2559/987 2557/2557/987
f 2560/2560/272 2561/2561/272 2562/2562/272
f 2560/2560/272 2563/2563/272 2561/2561/272
f 2564/2564/988 2565/2565/988 2566/2566/988
f 2564/2564/988 2567/2567/988 2565/2565/988
f 2568/2568/989 2569/2569/989 2570/2570/989
f 2568/2568/989 2571/2571/989 2569/2569/989
f 2572/2572/252 2573/2573/252 2574/2574/252
f 2572/2572/252 2575/2575/252 2573/2573/252
f 2576/2576/990 2577/2577/990 2578/2578/990
f 2576/2576/990 2579/2579/990 2577/2577/990
f 2580/2580/991 2581/2581/991 2582/2582/991
f 2580/2580/991 2583/2583/991 2581/2581/991
f 2584/2584/992 2585/2585/993 2586/2586/994
f 2584/2584/992 2587/2587/995 2585/2585/993
f 2588/2588/984 2589/2589/996 2590/2590/996
f 2588/2588/984 2591/2591/984 2589/2589/996
f 2592/2592/272 2593/2593/272 2594/2594/272
f 2592/2592/272 2595/2595/272 2593/2593/272
f 2596/2596/997 2597/2597/997 2374/2374/997
f 2596/2596/998 2598/2598/998 2597/2597/998
f 2599/2599/999 2600/2600/1000 2601/2601/1001
f 2599/2599/1002 2602/2602/1002 2600/2600/1002
f 2603/2603/953 2426/2426/953 2425/2425/953
f 2603/2603/953 2604/2604/953 2426/2426/953
f 2605/2605/1003 2606/2606/1004 2607/2607/1004
f 2605/2605/1003 2608/2608/1003 2606/2606/1004
f 2609/2609/1005 2610/2610/1005 2611/2611/1005
f 2609/2609/1005 2612/2612/1005 2610/2610/1005
f 2613/2613/272 2612/2612/272 2609/2609/272
f 2613/2613/272 2614/2614/272 2612/2612/272
f 2615/2615/1006 2614/2614/1006 2613/2613/1006
f 2615/2615/1006 2616/2616/1006 2614/2614/1006
f 2617/2617/1007 2618/2618/1007 2619/2619/1007
f 2617/2617/1007 2620/2620/1007 2618/2618/1007
f 2621/2621/252 2620/2620/252 2617/2617/252
f 2621/2621/252 2622/2622/252 2620/2620/252
f 2623/2623/1008 2622/2622/1008 2621/2621/1008
f 2623/2623/1008 2624/2624/1008 2622/2622/1008
f 2625/2625/1009 2626/2626/1009 2627/2627/1009
f 2625/2625/1009 2628/2628/1009 2626/2626/1009
f 2629/2629/1009 2625/2625/1009 2630/2630/1009
f 2629/2629/1009 2628/2628/1009 2625/2625/1009
f 2631/2631/984 2632/2632/984 2633/2633/984
f 2631/2631/984 2634/2634/984 2632/2632/984
f 2635/2635/984 2631/2631/984 2636/2636/984
f 2635/2635/984 2634/2634/984 2631/2631/984
f 2637/2637/1010 2638/2638/1010 2639/2639/1010
f 2637/2637/1011 2640/2640/1011 2638/2638/1011
f 2641/2641/1012 2640/2640/1012 2637/2637/1012
f 2641/2641/1012 2642/2642/1012 2640/2640/1012
f 2643/2643/1013 2644/2644/1013 2645/2645/1013
f 2643/2643/1014 2646/2646/1014 2644/2644/1014
f 2643/2643/1015 2647/2647/1015 2646/2646/1015
f 2643/2643/1015 2648/2648/1015 2647/2647/1015
f 2649/2649/1016 2639/2639/1016 2638/2638/1016
f 2649/2649/1017 2650/2650/1017 2639/2639/1017
f 2651/2651/1018 2652/2652/1018 2653/2653/1018
f 2651/2651/1019 2654/2654/1019 2652/2652/1019
f 2655/2655/1020 2656/2656/1020 2657/2657/1020
f 2655/2655/1021 2658/2658/1022 2656/2656/1023
f 2658/2658/1024 2659/2659/1025 2660/2660/1024
f 2658/2658/1022 2655/2655/1021 2659/2659/1026
f 2661/2661/1027 2662/2662/1027 2653/2653/1027
f 2661/2661/1028 2663/2663/1028 2662/2662/1028
f 2656/2656/1029 2664/2664/1029 2665/2665/1029
f 2656/2656/1030 2658/2658/1030 2664/2664/1030
f 2666/2666/1031 2663/2663/1031 2661/2661/1031
f 2666/2666/1032 2667/2667/1032 2663/2663/1032
f 2657/2657/1033 2668/2668/1033 2655/2655/1033
f 2657/2657/1034 2669/2669/1034 2668/2668/1034
f 2670/2670/1035 2671/2671/1035 2672/2672/1035
f 2670/2670/1036 2652/2652/1036 2671/2671/1036
f 2655/2655/1037 2673/2673/1037 2659/2659/1037
f 2655/2655/1038 2668/2668/1038 2673/2673/1038
f 2659/2659/1039 2674/2674/1039 2660/2660/1039
f 2659/2659/1040 2673/2673/1040 2674/2674/1040
f 2658/2658/1041 2675/2675/1041 2664/2664/1041
f 2658/2658/1042 2676/2676/1042 2675/2675/1042
f 2645/2645/1043 2677/2677/1043 2678/2678/1043
f 2645/2645/1043 2644/2644/1043 2677/2677/1043
f 2672/2672/1044 2666/2666/1044 2670/2670/1044
f 2672/2672/1045 2667/2667/1045 2666/2666/1045
f 2665/2665/1046 2657/2657/1046 2656/2656/1046
f 2665/2665/1047 2669/2669/1047 2657/2657/1047
f 2679/2679/991 2680/2680/991 2681/2681/991
f 2679/2679/991 2682/2682/991 2680/2680/991
f 2683/2683/984 2684/2684/1048 2685/2685/984
f 2683/2683/984 2686/2686/1048 2684/2684/1048
f 2687/2687/1049 2688/2688/1050 2689/2689/1051
f 2687/2687/1049 2690/2690/1052 2688/2688/1050
f 2691/2691/252 2692/2692/252 2693/2693/252
f 2691/2691/252 2694/2694/252 2692/2692/252
f 2601/2601/1053 2389/2389/1054 2390/2390/1055
f 2601/2601/1056 2695/2695/1056 2389/2389/1056
f 2696/2696/1057 2697/2697/1057 2695/2695/1057
f 2696/2696/252 2698/2698/252 2697/2697/252
f 2670/2670/1058 2661/2661/1059 2653/2653/1059
f 2670/2670/1060 2666/2666/1060 2661/2661/1060
f 2699/2699/1061 2700/2700/1062 2701/2701/1063
f 2699/2699/1061 2702/2702/1064 2700/2700/1062
f 2703/2703/1065 2701/2701/1065 2704/2704/1065
f 2703/2703/1066 2699/2699/1066 2701/2701/1066
f 2705/2705/921 2704/2704/921 2706/2706/921
f 2705/2705/921 2703/2703/921 2704/2704/921
f 2707/2707/1067 2706/2706/1067 2708/2708/1067
f 2707/2707/1068 2705/2705/1068 2706/2706/1068
f 2707/2707/1069 2709/2709/1069 2710/2710/1069
f 2707/2707/1070 2708/2708/1071 2709/2709/1072
f 2711/2711/252 2712/2712/252 2713/2713/252
f 2711/2711/1073 2710/2710/1073 2712/2712/1073
f 2714/2714/272 2702/2702/272 2715/2715/272
f 2714/2714/272 2700/2700/272 2702/2702/272
f 2716/2716/1074 2717/2717/1074 2718/2718/1074
f 2716/2716/1075 2719/2719/1075 2717/2717/1075
f 2720/2720/1076 2719/2719/1076 2716/2716/1076
f 2720/2720/1077 2721/2721/1077 2719/2719/1077
f 2722/2722/933 2721/2721/933 2720/2720/933
f 2722/2722/933 2723/2723/933 2721/2721/933
f 2724/2724/1078 2723/2723/1078 2722/2722/1078
f 2724/2724/1079 2725/2725/1079 2723/2723/1079
f 2718/2718/1080 2726/2726/1080 2727/2727/1080
f 2718/2718/864 2717/2717/252 2726/2726/252
f 2728/2728/937 2729/2729/937 2730/2730/937
f 2728/2728/937 2731/2731/937 2729/2729/937
f 2732/2732/1081 2733/2733/940 2734/2734/940
f 2732/2732/1081 2735/2735/1081 2733/2733/940
f 2736/2736/947 2735/2735/1081 2732/2732/1081
f 2736/2736/947 2737/2737/947 2735/2735/1081
f 2738/2738/943 2739/2739/948 2740/2740/943
f 2738/2738/943 2741/2741/948 2739/2739/948
f 2736/2736/947 2742/2742/1082 2737/2737/947
f 2736/2736/947 2743/2743/946 2742/2742/1082
f 2738/2738/943 2744/2744/943 2745/2745/945
f 2738/2738/943 2740/2740/943 2744/2744/943
f 2743/2743/946 2746/2746/944 2742/2742/1082
f 2743/2743/946 2747/2747/944 2746/2746/944
f 2748/2748/945 2744/2744/943 2749/2749/945
f 2748/2748/945 2745/2745/945 2744/2744/943
f 2750/2750/1083 2746/2746/944 2747/2747/944
f 2750/2750/1083 2751/2751/1083 2746/2746/944
f 2752/2752/943 2749/2749/945 2753/2753/943
f 2752/2752/943 2748/2748/945 2749/2749/945
f 2752/2752/943 2754/2754/984 2755/2755/1084
f 2752/2752/943 2753/2753/943 2754/2754/984
f 2756/2756/1085 2757/2757/1086 2758/2758/1087
f 2756/2756/1085 2759/2759/1088 2757/2757/1086
f 2750/2750/1083 2760/2760/939 2751/2751/1083
f 2750/2750/1083 2761/2761/939 2760/2760/939
f 2755/2755/1084 2762/2762/1089 2763/2763/1089
f 2755/2755/1084 2754/2754/984 2762/2762/1089
f 2764/2764/1090 2765/2765/1090 2757/2757/1090
f 2764/2764/1091 2766/2766/1091 2765/2765/1091
f 2741/2741/948 2767/2767/943 2739/2739/948
f 2741/2741/948 2768/2768/943 2767/2767/943
f 2769/2769/959 2770/2770/959 2771/2771/959
f 2769/2769/959 2772/2772/959 2770/2770/959
f 2773/2773/958 2774/2774/958 2775/2775/958
f 2773/2773/958 2776/2776/958 2774/2774/958
f 2777/2777/957 2778/2778/957 2779/2779/957
f 2777/2777/957 2780/2780/957 2778/2778/957
f 2781/2781/956 2782/2782/956 2783/2783/956
f 2781/2781/956 2784/2784/956 2782/2782/956
f 2785/2785/959 2786/2786/959 2787/2787/959
f 2785/2785/959 2788/2788/959 2786/2786/959
f 2789/2789/958 2790/2790/1092 2791/2791/958
f 2789/2789/958 2792/2792/1092 2790/2790/1092
f 2793/2793/957 2794/2794/961 2795/2795/957
f 2793/2793/957 2796/2796/962 2794/2794/961
f 2797/2797/956 2798/2798/956 2799/2799/956
f 2797/2797/956 2800/2800/956 2798/2798/956
f 2801/2801/1093 2802/2802/959 2803/2803/1093
f 2801/2801/1093 2804/2804/959 2802/2802/959
f 2805/2805/958 2806/2806/1092 2807/2807/958
f 2805/2805/958 2808/2808/963 2806/2806/1092
f 2809/2809/957 2810/2810/957 2811/2811/957
f 2809/2809/957 2812/2812/957 2810/2810/957
f 2813/2813/956 2814/2814/956 2815/2815/956
f 2813/2813/956 2816/2816/956 2814/2814/956
f 2817/2817/959 2818/2818/959 2819/2819/959
f 2817/2817/959 2820/2820/959 2818/2818/959
f 2821/2821/958 2822/2822/958 2823/2823/958
f 2821/2821/958 2824/2824/958 2822/2822/958
f 2825/2825/957 2826/2826/957 2827/2827/957
f 2825/2825/957 2828/2828/957 2826/2826/957
f 2829/2829/956 2830/2830/956 2831/2831/956
f 2829/2829/956 2832/2832/956 2830/2830/956
f 2833/2833/959 2834/2834/959 2835/2835/959
f 2833/2833/959 2836/2836/959 2834/2834/959
f 2837/2837/958 2838/2838/958 2839/2839/958
f 2837/2837/958 2840/2840/958 2838/2838/958
f 2841/2841/957 2842/2842/957 2843/2843/957
f 2841/2841/957 2844/2844/957 2842/2842/957
f 2845/2845/956 2846/2846/956 2847/2847/956
f 2845/2845/956 2848/2848/956 2846/2846/956
f 2849/2849/965 2850/2850/965 2851/2851/965
f 2849/2849/965 2852/2852/965 2850/2850/965
f 2853/2853/965 2851/2851/965 2854/2854/965
f 2853/2853/965 2855/2855/965 2851/2851/965
f 2855/2855/965 2856/2856/965 2857/2857/965
f 2855/2855/965 2853/2853/965 2856/2856/965
f 2858/2858/971 2859/2859/970 2860/2860/971
f 2858/2858/971 2861/2861/970 2859/2859/970
f 2861/2861/1094 2862/2862/1094 2859/2859/1094
f 2861/2861/1094 2863/2863/1094 2862/2862/1094
f 2862/2862/1095 2864/2864/1095 2865/2865/1095
f 2862/2862/1095 2863/2863/1095 2864/2864/1095
f 2865/2865/1096 2866/2866/1096 2867/2867/1096
f 2865/2865/1096 2864/2864/1096 2866/2866/1096
f 2867/2867/977 2868/2868/977 2869/2869/977
f 2867/2867/1097 2866/2866/1097 2868/2868/1097
f 2869/2869/1098 2870/2870/1098 2871/2871/1098
f 2869/2869/1098 2868/2868/1098 2870/2870/1098
f 2872/2872/1099 2873/2873/1099 2871/2871/1099
f 2872/2872/1099 2874/2874/1099 2873/2873/1099
f 2874/2874/972 2860/2860/972 2873/2873/972
f 2874/2874/972 2858/2858/972 2860/2860/972
f 2875/2875/978 2876/2876/984 2877/2877/982
f 2875/2875/978 2878/2878/984 2876/2876/984
f 2879/2879/1100 2877/2877/982 2880/2880/1101
f 2879/2879/1100 2875/2875/978 2877/2877/982
f 2875/2875/978 2881/2881/979 2882/2882/1102
f 2875/2875/978 2879/2879/1100 2881/2881/979
f 2883/2883/1103 2884/2884/1103 2885/2885/1103
f 2883/2883/1104 2886/2886/1104 2884/2884/1104
f 2887/2887/986 2888/2888/985 2889/2889/985
f 2887/2887/986 2890/2890/986 2888/2888/985
f 2891/2891/987 2892/2892/987 2893/2893/987
f 2891/2891/987 2894/2894/987 2892/2892/987
f 2895/2895/252 2896/2896/252 2897/2897/252
f 2895/2895/252 2898/2898/252 2896/2896/252
f 2899/2899/1105 2900/2900/1105 2901/2901/1105
f 2899/2899/1105 2902/2902/1105 2900/2900/1105
f 2903/2903/989 2904/2904/989 2905/2905/989
f 2903/2903/989 2906/2906/989 2904/2904/989
f 2907/2907/272 2908/2908/272 2909/2909/272
f 2907/2907/272 2910/2910/272 2908/2908/272
f 2911/2911/1106 2912/2912/1106 2913/2913/1106
f 2911/2911/1106 2914/2914/1106 2912/2912/1106
f 2915/2915/1107 2916/2916/1107 2917/2917/1107
f 2915/2915/1107 2918/2918/1107 2916/2916/1107
f 2919/2919/1108 2920/2920/1109 2921/2921/1110
f 2919/2919/1108 2922/2922/994 2920/2920/1109
f 2923/2923/996 2924/2924/996 2925/2925/996
f 2923/2923/1111 2926/2926/1111 2924/2924/1111
f 2927/2927/252 2928/2928/252 2929/2929/252
f 2927/2927/252 2930/2930/252 2928/2928/252
f 2931/2931/1112 2932/2932/1112 2933/2933/1112
f 2931/2931/1113 2709/2709/1113 2932/2932/1113
f 2934/2934/1114 2935/2935/1114 2936/2936/1114
f 2934/2934/1115 2937/2937/1115 2935/2935/1115
f 2938/2938/939 2761/2761/939 2939/2939/1116
f 2938/2938/939 2760/2760/939 2761/2761/939
f 2940/2940/1117 2941/2941/1118 2942/2942/1117
f 2940/2940/1117 2943/2943/1118 2941/2941/1118
f 2944/2944/1008 2945/2945/1008 2946/2946/1008
f 2944/2944/1119 2947/2947/1119 2945/2945/1119
f 2947/2947/252 2948/2948/252 2945/2945/252
f 2947/2947/252 2949/2949/252 2948/2948/252
f 2949/2949/1007 2950/2950/1007 2948/2948/1007
f 2949/2949/1007 2951/2951/1007 2950/2950/1007
f 2952/2952/1006 2953/2953/1006 2954/2954/1006
f 2952/2952/1006 2955/2955/1006 2953/2953/1006
f 2955/2955/272 2956/2956/272 2953/2953/272
f 2955/2955/272 2957/2957/272 2956/2956/272
f 2957/2957/1005 2958/2958/1005 2956/2956/1005
f 2957/2957/1005 2959/2959/1005 2958/2958/1005
f 2960/2960/1009 2961/2961/1009 2962/2962/1009
f 2960/2960/1009 2963/2963/1009 2961/2961/1009
f 2964/2964/1009 2960/2960/1009 2965/2965/1009
f 2964/2964/1009 2963/2963/1009 2960/2960/1009
f 2966/2966/984 2967/2967/984 2968/2968/984
f 2966/2966/984 2969/2969/984 2967/2967/984
f 2969/2969/1120 2970/2970/1120 2971/2971/1120
f 2969/2969/984 2966/2966/984 2970/2970/984
f 2972/2972/1121 2973/2973/1122 2974/2974/1123
f 2972/2972/1121 2975/2975/1124 2973/2973/1122
f 2975/2975/1125 2976/2976/1126 2973/2973/1127
f 2975/2975/1125 2977/2977/1128 2976/2976/1126
f 2978/2978/1129 2979/2979/1130 2980/2980/1131
f 2978/2978/1129 2981/2981/1132 2979/2979/1130
f 2979/2979/1133 2982/2982/1133 2983/2983/1133
f 2979/2979/1133 2981/2981/1133 2982/2982/1133
f 2974/2974/1134 2984/2984/1135 2972/2972/1136
f 2974/2974/1134 2985/2985/1137 2984/2984/1135
f 2986/2986/1138 2987/2987/1139 2988/2988/1140
f 2986/2986/1138 2989/2989/1018 2987/2987/1139
f 2990/2990/1141 2991/2991/1141 2992/2992/1142
f 2990/2990/1141 2993/2993/1143 2991/2991/1141
f 2994/2994/1144 2993/2993/1144 2990/2990/1144
f 2995/2995/1145 2993/2993/1145 2994/2994/1145
f 2996/2996/1146 2997/2997/1146 2998/2998/1146
f 2996/2996/1147 2989/2989/1147 2997/2997/1147
f 2999/2999/1148 3000/3000/1148 3001/3001/1148
f 2999/2999/1149 2993/2993/1149 3000/3000/1149
f 3002/3002/1045 2998/2998/1045 3003/3003/1045
f 3002/3002/1150 2996/2996/1150 2998/2998/1150
f 2995/2995/1047 3004/3004/1047 3005/3005/1047
f 2995/2995/1151 2994/2994/1151 3004/3004/1151
f 3006/3006/1152 3007/3007/1152 3008/3008/1152
f 3006/3006/1153 2987/2987/1153 3007/3007/1153
f 2994/2994/1154 3009/3009/1154 3004/3004/1154
f 2994/2994/1155 2990/2990/1155 3009/3009/1155
f 2990/2990/1156 3010/3010/1156 3009/3009/1156
f 2990/2990/1157 2992/2992/1157 3010/3010/1157
f 3011/3011/1158 2993/2993/1158 2999/2999/1158
f 3011/3011/1159 2991/2991/1159 2993/2993/1159
f 3012/3012/1012 2980/2980/1012 3013/3013/1012
f 3012/3012/1012 2978/2978/1012 2980/2980/1012
f 3008/3008/1032 3002/3002/1032 3003/3003/1032
f 3008/3008/1160 3007/3007/1160 3002/3002/1160
f 3001/3001/1161 2995/2995/1161 3005/3005/1161
f 3001/3001/1162 3000/3000/1163 2995/2995/1164
f 3014/3014/991 3015/3015/991 3016/3016/991
f 3014/3014/991 3017/3017/991 3015/3015/991
f 3018/3018/984 3019/3019/1048 3020/3020/1048
f 3018/3018/984 3021/3021/984 3019/3019/1048
f 3022/3022/1165 3023/3023/1166 3024/3024/1051
f 3022/3022/1165 3025/3025/1167 3023/3023/1166
f 3026/3026/272 3027/3027/272 3028/3028/272
f 3026/3026/272 3029/3029/272 3027/3027/272
f 2936/2936/1168 2724/2724/1168 3030/3030/1168
f 2936/2936/1169 2725/2725/1169 2724/2724/1169
f 3031/3031/272 3032/3032/272 3033/3033/272
f 3031/3031/1170 3030/3030/1170 3032/3032/1170
f 2996/2996/1059 3007/3007/1058 2989/2989/1059
f 2996/2996/1171 3002/3002/1171 3007/3007/1171
f 3034/3034/1172 3035/3035/1173 3036/3036/1174
f 3034/3034/1172 3037/3037/1175 3035/3035/1173
f 3038/3038/1176 3039/3039/1177 3040/3040/1178
f 3038/3038/1176 3041/3041/1179 3039/3039/1177
f 3042/3042/1180 3043/3043/1180 3044/3044/1180
f 3042/3042/1180 3045/3045/1180 3043/3043/1180
f 3046/3046/1181 3047/3047/1182 3048/3048/1183
f 3046/3046/1181 3049/3049/1184 3047/3047/1182
f 3050/3050/1185 3051/3051/1186 3052/3052/1187
f 3050/3050/1185 3053/3053/1188 3051/3051/1186
f 3054/3054/1189 3055/3055/1190 3056/3056/272
f 3054/3054/1189 3057/3057/1191 3055/3055/1190
f 3058/3058/1192 3059/3059/1192 3060/3060/1192
f 3058/3058/1192 3061/3061/1192 3059/3059/1192
f 3037/3037/1175 3062/3062/1193 3063/3063/1194
f 3037/3037/1175 3034/3034/1172 3062/3062/1193
f 3064/3064/1188 3053/3053/1188 3065/3065/1188
f 3051/3051/1186 3053/3053/1188 3064/3064/1188
f 3066/3066/1195 3067/3067/1196 3068/3068/1174
f 3069/3069/1197 3067/3067/1196 3066/3066/1195
f 3070/3070/1198 3071/3071/1199 3072/3072/1200
f 3070/3070/1198 3073/3073/1201 3071/3071/1199
f 3074/3074/1202 3075/3075/1203 3076/3076/1203
f 3074/3074/1202 3077/3077/1202 3075/3075/1203
f 3078/3078/1204 3079/3079/1205 3080/3080/1206
f 3078/3078/1204 3081/3081/1184 3079/3079/1205
f 3082/3082/1207 3083/3083/1208 3084/3084/1209
f 3082/3082/1207 3085/3085/1188 3083/3083/1208
f 3086/3086/1202 3087/3087/1210 3088/3088/252
f 3086/3086/1202 3089/3089/1211 3087/3087/1210
f 3090/3090/1192 3091/3091/1192 3092/3092/1192
f 3090/3090/1192 3093/3093/1192 3091/3091/1192
f 3094/3094/1212 3069/3069/1197 3095/3095/1213
f 3094/3094/1212 3067/3067/1196 3069/3069/1197
f 3085/3085/1188 3096/3096/1188 3097/3097/1188
f 3085/3085/1188 3082/3082/1207 3096/3096/1188
f 3098/3098/1214 3099/3099/1214 3100/3100/1214
f 3098/3098/1214 3101/3101/1214 3099/3099/1214
f 3102/3102/1215 3103/3103/1215 3104/3104/1215
f 3102/3102/1216 3105/3105/1216 3103/3103/1216
f 3106/3106/1217 3107/3107/1217 3108/3108/1217
f 3106/3106/1218 3109/3109/1218 3107/3107/1218
f 3110/3110/1219 3111/3111/1219 3112/3112/1219
f 3110/3110/1219 3113/3113/1219 3111/3111/1219
f 3114/3114/1220 3115/3115/1221 3116/3116/1222
f 3114/3114/1220 3112/3112/1223 3115/3115/1221
f 3117/3117/1224 3118/3118/1224 3119/3119/1224
f 3117/3117/1224 3120/3120/1224 3118/3118/1224
f 3121/3121/252 3122/3122/252 3123/3123/252
f 3121/3121/252 3124/3124/252 3122/3122/252
f 3125/3125/252 3126/3126/252 3123/3123/252
f 3125/3125/252 3127/3127/252 3126/3126/252
f 3128/3128/1225 3129/3129/1225 3130/3130/1225
f 3128/3128/1225 3131/3131/1225 3129/3129/1225
f 3132/3132/272 3133/3133/1226 3134/3134/1226
f 3132/3132/272 3135/3135/272 3133/3133/1226
f 3132/3132/272 3136/3136/1227 3137/3137/272
f 3132/3132/272 3134/3134/1226 3136/3136/1227
f 3138/3138/1228 3139/3139/1228 3140/3140/1228
f 3138/3138/1228 3141/3141/1228 3139/3139/1228
f 3140/3140/1229 3142/3142/1229 3143/3143/1229
f 3140/3140/1229 3139/3139/1229 3142/3142/1229
f 3143/3143/1230 3101/3101/1230 3098/3098/1230
f 3143/3143/1230 3142/3142/1230 3101/3101/1230
f 3129/3129/1231 3144/3144/1231 3145/3145/1231
f 3129/3129/1231 3131/3131/1231 3144/3144/1231
f 3145/3145/1232 3146/3146/1232 3147/3147/1232
f 3145/3145/1232 3144/3144/1232 3146/3146/1232
f 3148/3148/1233 3100/3100/1233 3099/3099/1233
f 3148/3148/1233 3149/3149/1233 3100/3100/1233
f 3150/3150/1234 3151/3151/1234 3152/3152/1234
f 3150/3150/1234 3153/3153/1234 3151/3151/1234
f 3154/3154/1235 3155/3155/1235 3156/3156/1235
f 3154/3154/1235 3157/3157/1235 3155/3155/1235
f 3156/3156/1236 3158/3158/1236 3159/3159/1236
f 3156/3156/1236 3155/3155/1236 3158/3158/1236
f 3159/3159/1237 3160/3160/1237 3161/3161/1237
f 3159/3159/1237 3158/3158/1237 3160/3160/1237
f 3162/3162/1238 3153/3153/1238 3150/3150/1238
f 3162/3162/1238 3163/3163/1238 3153/3153/1238
f 3161/3161/1239 3163/3163/1239 3162/3162/1239
f 3161/3161/1239 3160/3160/1239 3163/3163/1239
f 3164/3164/1240 3165/3165/1240 3166/3166/1240
f 3164/3164/1240 3167/3167/1240 3165/3165/1240
f 3168/3168/1241 3169/3169/1241 3170/3170/1241
f 3168/3168/1241 3171/3171/1241 3169/3169/1241
f 3172/3172/252 3173/3173/252 3174/3174/252
f 3172/3172/252 3175/3175/252 3173/3173/252
f 3176/3176/252 3172/3172/252 3174/3174/252
f 3177/3177/252 3172/3172/252 3176/3176/252
f 3178/3178/8 3179/3179/8 3180/3180/8
f 3178/3178/8 3181/3181/8 3179/3179/8
f 3182/3182/1192 3183/3183/1192 3184/3184/1192
f 3182/3182/1192 3185/3185/1192 3183/3183/1192
f 3186/3186/252 3126/3126/252 3187/3187/252
f 3186/3186/252 3172/3172/252 3126/3126/252
f 3169/3169/1242 3188/3188/1242 3189/3189/1242
f 3169/3169/1243 3171/3171/1243 3188/3188/1243
f 3189/3189/1244 3190/3190/1244 3191/3191/1244
f 3189/3189/1244 3188/3188/1244 3190/3190/1244
f 3191/3191/1245 3120/3120/1245 3117/3117/1245
f 3191/3191/1245 3190/3190/1245 3120/3120/1245
f 3192/3192/1246 3166/3166/1246 3165/3165/1246
f 3192/3192/1246 3193/3193/1246 3166/3166/1246
f 3194/3194/272 3195/3195/272 3196/3196/272
f 3194/3194/272 3197/3197/272 3195/3195/272
f 3198/3198/1247 3199/3199/1247 3200/3200/1247
f 3198/3198/1247 3201/3201/1247 3199/3199/1247
f 3202/3202/1248 3203/3203/1249 3204/3204/1248
f 3202/3202/1248 3205/3205/1249 3203/3203/1249
f 3109/3109/1250 3206/3206/1250 3107/3107/1250
f 3109/3109/1250 3207/3207/1250 3206/3206/1250
f 3208/3208/1251 3209/3209/1251 3210/3210/1251
f 3208/3208/1251 3211/3211/1251 3209/3209/1251
f 3212/3212/1252 3213/3213/1253 3214/3214/1254
f 3212/3212/1252 3215/3215/1255 3213/3213/1253
f 3216/3216/1256 3206/3206/1256 3207/3207/1256
f 3216/3216/1257 3217/3217/1257 3206/3206/1257
f 3218/3218/1224 3219/3219/1224 3220/3220/1224
f 3218/3218/1224 3221/3221/1224 3219/3219/1224
f 3222/3222/272 3223/3223/272 3224/3224/272
f 3222/3222/272 3225/3225/272 3223/3223/272
f 3224/3224/272 3226/3226/272 3227/3227/272
f 3224/3224/272 3228/3228/272 3226/3226/272
f 3224/3224/272 3229/3229/272 3230/3230/272
f 3227/3227/272 3229/3229/272 3224/3224/272
f 3222/3222/272 3231/3231/272 3225/3225/272
f 3232/3232/272 3231/3231/272 3222/3222/272
f 3233/3233/1258 3234/3234/1258 3235/3235/1258
f 3233/3233/1258 3236/3236/1258 3234/3234/1258
f 3237/3237/252 3238/3238/252 3239/3239/1259
f 3237/3237/252 3240/3240/252 3238/3238/252
f 3238/3238/252 3241/3241/864 3242/3242/1259
f 3238/3238/252 3243/3243/252 3241/3241/864
f 3244/3244/1228 3245/3245/1228 3246/3246/1228
f 3244/3244/1228 3247/3247/1228 3245/3245/1228
f 3248/3248/1229 3246/3246/1229 3249/3249/1229
f 3248/3248/1229 3244/3244/1229 3246/3246/1229
f 3211/3211/1230 3249/3249/1230 3209/3209/1230
f 3211/3211/1230 3248/3248/1230 3249/3249/1230
f 3250/3250/1231 3233/3233/1231 3251/3251/1231
f 3250/3250/1231 3236/3236/1231 3233/3233/1231
f 3252/3252/1232 3251/3251/1232 3253/3253/1232
f 3252/3252/1232 3250/3250/1232 3251/3251/1232
f 3210/3210/1233 3254/3254/1233 3208/3208/1233
f 3210/3210/1233 3255/3255/1233 3254/3254/1233
f 3256/3256/1234 3257/3257/1234 3258/3258/1234
f 3256/3256/1234 3259/3259/1234 3257/3257/1234
f 3260/3260/1235 3261/3261/1235 3262/3262/1235
f 3260/3260/1235 3263/3263/1235 3261/3261/1235
f 3264/3264/1236 3262/3262/1236 3265/3265/1236
f 3264/3264/1236 3260/3260/1236 3262/3262/1236
f 3266/3266/1237 3265/3265/1237 3267/3267/1237
f 3266/3266/1237 3264/3264/1237 3265/3265/1237
f 3259/3259/1238 3268/3268/1238 3257/3257/1238
f 3259/3259/1238 3269/3269/1238 3268/3268/1238
f 3269/3269/1239 3267/3267/1239 3268/3268/1239
f 3269/3269/1239 3266/3266/1239 3267/3267/1239
f 3270/3270/1240 3271/3271/1240 3272/3272/1240
f 3270/3270/1240 3273/3273/1240 3271/3271/1240
f 3274/3274/1260 3275/3275/1260 3276/3276/1260
f 3274/3274/1260 3277/3277/1260 3275/3275/1260
f 3278/3278/272 3279/3279/272 3280/3280/272
f 3278/3278/272 3281/3281/272 3279/3279/272
f 3282/3282/8 3283/3283/8 3284/3284/8
f 3282/3282/8 3285/3285/8 3283/3283/8
f 3286/3286/1261 3287/3287/1262 3288/3288/272
f 3289/3289/862 3287/3287/1262 3286/3286/1261
f 3290/3290/1192 3291/3291/1192 3292/3292/1192
f 3290/3290/1192 3293/3293/1192 3291/3291/1192
f 3294/3294/272 3281/3281/272 3295/3295/272
f 3294/3294/272 3223/3223/272 3281/3281/272
f 3296/3296/272 3294/3294/272 3295/3295/272
f 3296/3296/272 3223/3223/272 3294/3294/272
f 3297/3297/1243 3274/3274/1243 3298/3298/1243
f 3297/3297/1243 3277/3277/1243 3274/3274/1243
f 3299/3299/1244 3298/3298/1244 3300/3300/1244
f 3299/3299/1244 3297/3297/1244 3298/3298/1244
f 3221/3221/1245 3300/3300/1245 3219/3219/1245
f 3221/3221/1245 3299/3299/1245 3300/3300/1245
f 3272/3272/1246 3301/3301/1246 3270/3270/1246
f 3272/3272/1246 3302/3302/1246 3301/3301/1246
f 3303/3303/252 3304/3304/252 3305/3305/252
f 3303/3303/252 3306/3306/252 3304/3304/252
f 3307/3307/1263 3308/3308/1263 3309/3309/1263
f 3307/3307/1263 3310/3310/1263 3308/3308/1263
f 3311/3311/243 3312/3312/243 3313/3313/243
f 3311/3311/243 3314/3314/243 3312/3312/243
f 3315/3315/1264 3316/3316/1264 3317/3317/1264
f 3315/3315/1264 3318/3318/1264 3316/3316/1264
f 3103/3103/7 3214/3214/7 3104/3104/7
f 3103/3103/7 3212/3212/7 3214/3214/7
f 3319/3319/1265 3320/3320/1265 3321/3321/1265
f 3319/3319/1265 3322/3322/1265 3320/3320/1265
f 3323/3323/518 3324/3324/518 3325/3325/518
f 3324/3324/518 3326/3326/518 3325/3325/518
f 3327/3327/1266 3328/3328/1267 3329/3329/1266
f 3327/3327/1266 3330/3330/1267 3328/3328/1267
f 3311/3311/243 3331/3331/1268 3332/3332/1268
f 3311/3311/243 3313/3313/243 3331/3331/1268
f 3333/3333/252 3334/3334/252 3335/3335/252
f 3333/3333/252 3336/3336/252 3334/3334/252
f 3125/3125/252 3333/3333/252 3127/3127/252
f 3125/3125/252 3336/3336/252 3333/3333/252
f 3337/3337/252 3187/3187/252 3338/3338/252
f 3187/3187/252 3337/3337/252 3339/3339/252
f 3340/3340/252 3187/3187/252 3126/3126/252
f 3338/3338/252 3187/3187/252 3340/3340/252
f 3341/3341/272 3342/3342/272 3296/3296/272
f 3342/3342/272 3341/3341/272 3343/3343/272
f 3343/3343/272 3344/3344/272 3342/3342/272
f 3343/3343/272 3345/3345/272 3344/3344/272
f 3346/3346/272 3347/3347/272 3348/3348/272
f 3346/3346/272 3349/3349/272 3347/3347/272
f 3348/3348/272 3194/3194/272 3196/3196/272
f 3348/3348/272 3347/3347/272 3194/3194/272
f 3304/3304/252 3350/3350/252 3351/3351/252
f 3352/3352/252 3350/3350/252 3304/3304/252
f 3353/3353/252 3304/3304/252 3351/3351/252
f 3305/3305/252 3304/3304/252 3353/3353/252
f 3281/3281/272 3354/3354/272 3355/3355/272
f 3281/3281/272 3356/3356/272 3354/3354/272
f 3357/3357/272 3281/3281/272 3355/3355/272
f 3279/3279/272 3281/3281/272 3357/3357/272
f 3175/3175/252 3358/3358/252 3359/3359/252
f 3175/3175/252 3172/3172/252 3358/3358/252
f 3360/3360/1269 3361/3361/1270 3362/3362/1271
f 3360/3360/1269 3111/3111/1223 3361/3361/1270
f 3112/3112/1223 3360/3360/1269 3115/3115/1223
f 3112/3112/1223 3111/3111/1223 3360/3360/1269
f 3363/3363/1272 3287/3287/1262 3289/3289/862
f 3363/3363/1272 3364/3364/272 3287/3287/1262
f 3365/3365/1273 3366/3366/1274 3367/3367/838
f 3365/3365/1273 3368/3368/252 3366/3366/1274
f 3365/3365/1273 3369/3369/1275 3370/3370/252
f 3367/3367/838 3369/3369/1275 3365/3365/1273
f 3136/3136/1227 3371/3371/272 3372/3372/272
f 3136/3136/1227 3373/3373/272 3371/3371/272
f 3136/3136/1227 3374/3374/272 3137/3137/272
f 3372/3372/272 3374/3374/272 3136/3136/1227
f 3375/3375/252 3376/3376/252 3377/3377/252
f 3375/3375/252 3378/3378/252 3376/3376/252
f 3243/3243/252 3376/3376/252 3241/3241/864
f 3243/3243/252 3377/3377/252 3376/3376/252
f 3379/3379/1276 3380/3380/1277 3381/3381/1278
f 3379/3379/1276 3382/3382/1279 3380/3380/1277
f 3383/3383/1280 3384/3384/1280 3385/3385/1280
f 3383/3383/1281 3386/3386/1281 3384/3384/1281
f 428/428/1282 427/427/1283 3387/3387/1282
f 428/428/1282 3387/3387/1282 482/482/1284
f 611/611/7 3388/3388/7 601/601/7
f 749/749/7 3389/3389/7 739/739/7
f 3390/3390/1285 3391/3391/1285 3392/3392/1285
f 3393/3393/1286 3394/3394/1286 3395/3395/1286
f 3396/3396/1287 3390/3390/1287 3392/3392/1287
f 3397/3397/1288 3394/3394/1288 3393/3393/1288
f 3398/3398/1289 3396/3396/1289 3392/3392/1289
f 3399/3399/1290 3394/3394/1290 3397/3397/1290
f 3400/3400/1291 3398/3398/1291 3392/3392/1291
f 3401/3401/1292 3394/3394/1292 3399/3399/1292
f 3402/3402/1293 3400/3400/1293 3392/3392/1293
f 3403/3403/1294 3394/3394/1294 3401/3401/1294
f 3404/3404/1295 3402/3402/1295 3392/3392/1295
f 3405/3405/1296 3394/3394/1296 3403/3403/1296
f 3406/3406/1297 3404/3404/1297 3392/3392/1297
f 3407/3407/1298 3394/3394/1298 3405/3405/1298
f 3391/3391/1299 3406/3406/1299 3392/3392/1299
f 3395/3395/1300 3394/3394/1300 3407/3407/1300
f 995/995/556 946/946/556 945/945/556
f 964/964/1301 960/960/1301 962/962/1301
f 967/967/1302 965/965/1302 963/963/1302
f 993/993/581 3408/3408/1303 991/991/580
f 944/944/556 3409/3409/556 947/947/556
f 1017/1017/589 3410/3410/272 1015/1015/587
f 1051/1051/1304 936/936/1304 938/938/1304
f 1028/1028/1305 1052/1052/1305 1029/1029/1305
f 3411/3411/7 1134/1134/7 1133/1133/7
f 3412/3412/7 3413/3413/7 3414/3414/7
f 3413/3413/7 1145/1145/7 1155/1155/7
f 1187/1187/1306 3415/3415/1306 1186/1186/1306
f 3416/3416/1307 3417/3417/1307 3418/3418/1307
f 1201/1201/644 1200/1200/643 3419/3419/1308
f 1202/1202/1309 1201/1201/1309 3419/3419/1309
f 1211/1211/1310 1210/1210/1310 3420/3420/1310
f 1215/1215/1311 1214/1214/1311 3421/3421/1311
f 1218/1218/1312 1215/1215/1312 3422/3422/1312
f 1210/1210/1313 1218/1218/1313 3423/3423/1313
f 1800/1800/1314 3424/3424/1314 1803/1803/1314
f 1818/1818/751 3425/3425/252 1821/1821/752
f 1824/1824/7 3426/3426/7 1822/1822/7
f 1836/1836/518 3427/3427/518 1839/1839/518
f 1967/1967/272 3428/3428/272 1965/1965/272
f 1989/1989/252 3429/3429/252 1985/1985/252
f 1993/1993/272 3430/3430/272 1991/1991/272
f 2015/2015/252 3431/3431/252 2011/2011/252
f 2096/2096/252 3432/3432/252 2094/2094/252
f 2118/2118/272 3433/3433/272 2113/2113/272
f 2122/2122/252 3434/3434/252 2120/2120/252
f 3435/3435/272 2142/2142/272 2139/2139/272
f 2379/2379/252 2364/2364/252 3436/3436/252
f 2391/2391/837 3437/3437/837 2381/2381/837
f 2390/2390/1055 2599/2599/1315 2601/2601/1053
f 2696/2696/1316 2695/2695/1317 2601/2601/1001
f 3438/3438/1318 2596/2596/1318 2374/2374/1318
f 2600/2600/1000 2696/2696/1316 2601/2601/1001
f 2660/2660/1024 2676/2676/1319 2658/2658/1024
f 2597/2597/1320 2373/2373/1320 2374/2374/1320
f 2374/2374/1321 2375/2375/1321 3438/3438/1321
f 2670/2670/1058 2653/2653/1059 2652/2652/1058
f 3439/3439/1322 3440/3440/1322 3441/3441/1322
f 3442/3442/1323 3443/3443/1323 3444/3444/1323
f 2700/2700/272 2714/2714/272 3445/3445/272
f 3446/3446/846 2726/2726/252 2717/2717/252
f 2935/2935/1324 2725/2725/1324 2936/2936/1324
f 3030/3030/1325 3031/3031/1326 2936/2936/1327
f 2931/2931/1328 2712/2712/1328 2709/2709/1328
f 3031/3031/1326 2934/2934/1329 2936/2936/1327
f 2995/2995/1164 3000/3000/1163 2993/2993/1330
f 2708/2708/1071 2932/2932/1331 2709/2709/1072
f 2710/2710/1332 2709/2709/1332 2712/2712/1332
f 2989/2989/1059 3007/3007/1058 2987/2987/1058
f 3447/3447/1333 3448/3448/1333 3449/3449/1333
f 3450/3450/1334 3451/3451/1334 3452/3452/1334
f 3200/3200/1247 3453/3453/1247 3198/3198/1247
f 3125/3125/252 3123/3123/252 3122/3122/252
f 3132/3132/272 3454/3454/272 3135/3135/272
f 3455/3455/837 3133/3133/1226 3456/3456/837
f 3457/3457/837 3133/3133/1226 3455/3455/837
f 3458/3458/1335 3133/3133/1226 3457/3457/837
f 3134/3134/1226 3133/3133/1226 3459/3459/1226
f 3459/3459/1226 3133/3133/1226 3458/3458/1335
f 3366/3366/1274 3460/3460/1336 3367/3367/838
f 3172/3172/252 3186/3186/252 3358/3358/252
f 3461/3461/1268 3311/3311/243 3332/3332/1268
f 3462/3462/1247 3199/3199/1247 3201/3201/1247
f 3230/3230/272 3222/3222/272 3224/3224/272
f 3242/3242/1259 3239/3239/1259 3238/3238/252
f 3239/3239/1259 3463/3463/846 3464/3464/846
f 3239/3239/1259 3465/3465/846 3463/3463/846
f 3239/3239/1259 3466/3466/847 3465/3465/846
f 3239/3239/1259 3242/3242/1259 3467/3467/1259
f 3239/3239/1259 3467/3467/1259 3466/3466/847
f 3223/3223/272 3342/3342/272 3224/3224/272
f 3295/3295/272 3281/3281/272 3278/3278/272
f 3379/3379/1276 3381/3381/1278 3468/3468/1337
f 3313/3313/243 3469/3469/1268 3331/3331/1268
f 3470/3470/252 3187/3187/252 3339/3339/252
f 3340/3340/252 3126/3126/252 3127/3127/252
f 3296/3296/272 3342/3342/272 3223/3223/272
f 3471/3471/1338 3362/3362/1271 3361/3361/1270
f 3472/3472/1338 3114/3114/1220 3116/3116/1222
f 3473/3473/272 3287/3287/1262 3364/3364/272
f 3474/3474/252 3368/3368/252 3365/3365/1273
f 3475/3475/1272 3363/3363/1272 3289/3289/862
f 3476/3476/518 3323/3323/518 3325/3325/518
f 3477/3477/518 3326/3326/518 3324/3324/518
f 3478/3478/1339 3380/3380/1277 3382/3382/1279
f 3479/3479/243 3314/3314/243 3311/3311/243
f 3480/3480/243 3313/3313/243 3312/3312/243
f 783/783/252 3481/3481/252 781/781/252
f 783/783/252 3482/3482/252 3481/3481/252
f 642/642/272 3483/3483/272 645/645/272
f 642/642/272 3484/3484/272 3483/3483/272
f 3485/3485/1340 970/970/1340 969/969/1340
f 3485/3485/1340 3486/3486/1340 970/970/1340
f 3485/3485/1341 3487/3487/1341 3486/3486/1341
f 3488/3488/7 3489/3489/7 3490/3490/7
f 1865/1865/7 3490/3490/7 1866/1866/7
f 1865/1865/7 3488/3488/7 3490/3490/7
f 3491/3491/1342 3492/3492/1343 3493/3493/1342
f 3491/3491/1342 3494/3494/1344 3492/3492/1343
f 1906/1906/791 3491/3491/1342 3493/3493/1342
f 1906/1906/791 1908/1908/793 3491/3491/1342
f 3494/3494/1344 3495/3495/1345 3492/3492/1343
f 3496/3496/1346 3497/3497/1346 3498/3498/1346
f 3496/3496/1346 3499/3499/1346 3497/3497/1346
f 3500/3500/1347 3501/3501/1347 3502/3502/1347
f 3500/3500/1348 3503/3503/1348 3501/3501/1348
f 3503/3503/1349 3504/3504/1349 3505/3505/1349
f 3503/3503/1350 3506/3506/1350 3504/3504/1350
f 3506/3506/1351 3507/3507/1351 3508/3508/1351
f 3506/3506/1351 3496/3496/1351 3507/3507/1351
f 3497/3497/1352 3509/3509/1353 3498/3498/1352
f 3497/3497/1352 3510/3510/1353 3509/3509/1353
f 3501/3501/1354 3511/3511/1354 3502/3502/1355
f 3501/3501/1354 3512/3512/1354 3511/3511/1354
f 3504/3504/1356 3513/3513/1357 3505/3505/1356
f 3504/3504/1356 3514/3514/1358 3513/3513/1357
f 3507/3507/1359 3515/3515/1359 3508/3508/1359
f 3507/3507/1359 3516/3516/1359 3515/3515/1359
f 3517/3517/7 3518/3518/7 3519/3519/7
f 3517/3517/7 3520/3520/7 3518/3518/7
f 3521/3521/7 3522/3522/7 3523/3523/7
f 3521/3521/7 3524/3524/7 3522/3522/7
f 3525/3525/1360 3523/3523/1361 3526/3526/1362
f 3525/3525/1360 3521/3521/1363 3523/3523/1361
f 3527/3527/8 3528/3528/8 3529/3529/8
f 3527/3527/8 3530/3530/8 3528/3528/8
f 3531/3531/1364 3522/3522/1364 3524/3524/1364
f 3531/3531/1365 3532/3532/1365 3522/3522/1365
f 3533/3533/1366 3534/3534/1367 3535/3535/1368
f 3533/3533/1366 3536/3536/1369 3534/3534/1367
f 3537/3537/1370 3538/3538/1367 3539/3539/1368
f 3537/3537/1370 3540/3540/1369 3538/3538/1367
f 3541/3541/1371 3542/3542/1372 3543/3543/1373
f 3541/3541/1371 3544/3544/1374 3542/3542/1372
f 3545/3545/1375 3546/3546/1376 3547/3547/1377
f 3545/3545/1375 3548/3548/1378 3546/3546/1376
f 3549/3549/1379 3550/3550/1380 3551/3551/1381
f 3549/3549/1379 3552/3552/1382 3550/3550/1380
f 3534/3534/1383 3536/3536/1383 3553/3553/1383
f 3535/3535/1384 3554/3554/1384 3533/3533/1384
f 3538/3538/1383 3540/3540/1383 3555/3555/1383
f 3539/3539/1384 3556/3556/1384 3537/3537/1384
f 3557/3557/252 3558/3558/252 3559/3559/252
f 3560/3560/272 3561/3561/272 3562/3562/272
f 3563/3563/13 3564/3564/13 3565/3565/13
f 3566/3566/8 3567/3567/8 3568/3568/8
f 3569/3569/8 3570/3570/8 3571/3571/8
f 3572/3572/13 3573/3573/13 3574/3574/13
f 3575/3575/1385 3576/3576/1386 3577/3577/1385
f 3575/3575/1385 3578/3578/1386 3576/3576/1386
f 3579/3579/1387 3580/3580/1387 3581/3581/1387
f 3579/3579/1387 3582/3582/1387 3580/3580/1387
f 3583/3583/1388 3584/3584/1389 3585/3585/1389
f 3583/3583/1388 3586/3586/1388 3584/3584/1389
f 3587/3587/1390 3588/3588/1390 3589/3589/1390
f 3587/3587/1390 3590/3590/1390 3588/3588/1390
f 3591/3591/1391 3592/3592/1391 3593/3593/1391
f 3591/3591/1391 3594/3594/1391 3592/3592/1391
f 3595/3595/1392 3596/3596/1392 3597/3597/1392
f 3595/3595/1392 3598/3598/1392 3596/3596/1392
f 3599/3599/1393 3600/3600/1393 3601/3601/1393
f 3599/3599/1393 3602/3602/1394 3600/3600/1393
f 3603/3603/1395 3604/3604/1395 3605/3605/1395
f 3606/3606/1396 3607/3607/1396 3608/3608/1396
f 3609/3609/1397 3610/3610/1397 3611/3611/1397
f 3609/3609/1397 3612/3612/1397 3610/3610/1397
f 3613/3613/1392 3614/3614/1392 3615/3615/1392
f 3613/3613/1392 3616/3616/1392 3614/3614/1392
f 3617/3617/1397 3618/3618/1397 3619/3619/1393
f 3617/3617/1397 3620/3620/1397 3618/3618/1397
f 3621/3621/1392 3622/3622/1392 3623/3623/1392
f 3621/3621/1392 3624/3624/1392 3622/3622/1392
f 3625/3625/1397 3626/3626/1397 3627/3627/1397
f 3625/3625/1397 3628/3628/1397 3626/3626/1397
f 3629/3629/1392 3630/3630/1392 3631/3631/1392
f 3629/3629/1392 3632/3632/1392 3630/3630/1392
f 3633/3633/1393 3634/3634/1393 3635/3635/1393
f 3633/3633/1393 3636/3636/1393 3634/3634/1393
f 3637/3637/1392 3638/3638/1392 3639/3639/1392
f 3637/3637/1392 3640/3640/1392 3638/3638/1392
f 3641/3641/1393 3642/3642/1394 3643/3643/1394
f 3641/3641/1393 3644/3644/1393 3642/3642/1394
f 3645/3645/1398 3646/3646/1398 3647/3647/1392
f 3645/3645/1398 3648/3648/1398 3646/3646/1398
f 3649/3649/1393 3650/3650/1393 3651/3651/1393
f 3649/3649/1393 3652/3652/1393 3650/3650/1393
f 3653/3653/1398 3654/3654/1398 3655/3655/1392
f 3653/3653/1398 3656/3656/1398 3654/3654/1398
f 3657/3657/1393 3658/3658/1393 3659/3659/1393
f 3657/3657/1393 3660/3660/1393 3658/3658/1393
f 3661/3661/1398 3662/3662/1398 3663/3663/1398
f 3661/3661/1398 3664/3664/1398 3662/3662/1398
f 3665/3665/1393 3666/3666/1393 3667/3667/1393
f 3665/3665/1393 3668/3668/1393 3666/3666/1393
f 3669/3669/1398 3670/3670/1398 3671/3671/1398
f 3669/3669/1398 3672/3672/1398 3670/3670/1398
f 3673/3673/1393 3674/3674/1393 3675/3675/1393
f 3673/3673/1393 3676/3676/1393 3674/3674/1393
f 3677/3677/1398 3678/3678/1398 3679/3679/1398
f 3677/3677/1398 3680/3680/1398 3678/3678/1398
f 3681/3681/1393 3682/3682/1393 3683/3683/1393
f 3681/3681/1393 3684/3684/1393 3682/3682/1393
f 3685/3685/1398 3686/3686/1398 3687/3687/1398
f 3685/3685/1398 3688/3688/1398 3686/3686/1398
f 3689/3689/1393 3690/3690/1393 3691/3691/1393
f 3689/3689/1393 3692/3692/1393 3690/3690/1393
f 3693/3693/1398 3694/3694/1398 3695/3695/1398
f 3693/3693/1398 3696/3696/1398 3694/3694/1398
f 3697/3697/1399 3698/3698/1399 3699/3699/1399
f 3700/3700/1400 3701/3701/1400 3702/3702/1400
f 3703/3703/1401 3704/3704/1401 3705/3705/1401
f 3706/3706/1402 3707/3707/1402 3708/3708/1402
f 3709/3709/1403 3710/3710/1403 3711/3711/1403
f 3712/3712/1404 3713/3713/1404 3714/3714/1404
f 3715/3715/1405 3716/3716/1405 3717/3717/1405
f 3718/3718/1406 3719/3719/1406 3720/3720/1406
f 3721/3721/1407 3722/3722/1407 3723/3723/1407
f 3724/3724/1408 3725/3725/1408 3726/3726/1408
f 3727/3727/1409 3728/3728/1409 3729/3729/1409
f 3730/3730/1410 3731/3731/1410 3732/3732/1410
f 3733/3733/1411 3734/3734/1411 3735/3735/1411
f 3736/3736/1412 3737/3737/1412 3738/3738/1412
f 3739/3739/1413 3740/3740/1413 3741/3741/1413
f 3742/3742/1414 3743/3743/1414 3744/3744/1414
f 3745/3745/1415 3746/3746/1415 3747/3747/1415
f 3748/3748/1416 3749/3749/1416 3750/3750/1416
f 3751/3751/1417 3752/3752/1417 3753/3753/1417
f 3754/3754/1418 3755/3755/1418 3756/3756/1418
f 3757/3757/1419 3758/3758/1419 3759/3759/1419
f 3760/3760/1420 3761/3761/1420 3762/3762/1420
f 3763/3763/1392 3764/3764/1392 3765/3765/1392
f 3763/3763/1392 3766/3766/1392 3764/3764/1392
f 3767/3767/1393 3768/3768/1393 3769/3769/1393
f 3767/3767/1393 3770/3770/1394 3768/3768/1393
f 3771/3771/1395 3772/3772/1395 3773/3773/1395
f 3774/3774/1396 3775/3775/1396 3776/3776/1396
f 3777/3777/1397 3778/3778/1397 3779/3779/1397
f 3777/3777/1397 3780/3780/1397 3778/3778/1397
f 3781/3781/1392 3782/3782/1392 3783/3783/1392
f 3781/3781/1392 3784/3784/1392 3782/3782/1392
f 3785/3785/1397 3786/3786/1397 3787/3787/1397
f 3785/3785/1397 3788/3788/1397 3786/3786/1397
f 3789/3789/1392 3790/3790/1392 3791/3791/1392
f 3789/3789/1392 3792/3792/1392 3790/3790/1392
f 3793/3793/1397 3794/3794/1397 3795/3795/1397
f 3793/3793/1397 3796/3796/1397 3794/3794/1397
f 3797/3797/1392 3798/3798/1392 3799/3799/1392
f 3797/3797/1392 3800/3800/1392 3798/3798/1392
f 3801/3801/1393 3802/3802/1393 3803/3803/1393
f 3801/3801/1393 3804/3804/1393 3802/3802/1393
f 3805/3805/1392 3806/3806/1392 3807/3807/1392
f 3805/3805/1392 3808/3808/1392 3806/3806/1392
f 3809/3809/1393 3810/3810/1393 3811/3811/1393
f 3809/3809/1393 3812/3812/1393 3810/3810/1393
f 3813/3813/1392 3814/3814/1392 3815/3815/1421
f 3813/3813/1392 3816/3816/1392 3814/3814/1392
f 3817/3817/1393 3818/3818/1393 3819/3819/1393
f 3817/3817/1393 3820/3820/1393 3818/3818/1393
f 3821/3821/1398 3822/3822/1398 3823/3823/1392
f 3821/3821/1398 3824/3824/1398 3822/3822/1398
f 3825/3825/1393 3826/3826/1393 3827/3827/1393
f 3825/3825/1393 3828/3828/1393 3826/3826/1393
f 3829/3829/1398 3830/3830/1398 3831/3831/1398
f 3829/3829/1398 3832/3832/1398 3830/3830/1398
f 3833/3833/1393 3834/3834/1393 3835/3835/1393
f 3833/3833/1393 3836/3836/1393 3834/3834/1393
f 3837/3837/1398 3838/3838/1398 3839/3839/1398
f 3837/3837/1398 3840/3840/1398 3838/3838/1398
f 3841/3841/1393 3842/3842/1393 3843/3843/1393
f 3841/3841/1393 3844/3844/1393 3842/3842/1393
f 3845/3845/1398 3846/3846/1398 3847/3847/1398
f 3845/3845/1398 3848/3848/1398 3846/3846/1398
f 3849/3849/1393 3850/3850/1393 3851/3851/1393
f 3849/3849/1393 3852/3852/1393 3850/3850/1393
f 3853/3853/1398 3854/3854/1398 3855/3855/1398
f 3853/3853/1398 3856/3856/1398 3854/3854/1398
f 3857/3857/1393 3858/3858/1393 3859/3859/1393
f 3857/3857/1393 3860/3860/1393 3858/3858/1393
f 3861/3861/1398 3862/3862/1398 3863/3863/1398
f 3861/3861/1398 3864/3864/1398 3862/3862/1398
f 3865/3865/1399 3866/3866/1399 3867/3867/1399
f 3868/3868/1400 3869/3869/1400 3870/3870/1400
f 3871/3871/1401 3872/3872/1401 3873/3873/1401
f 3874/3874/1422 3875/3875/1422 3876/3876/1422
f 3877/3877/1403 3878/3878/1403 3879/3879/1403
f 3880/3880/1404 3881/3881/1404 3882/3882/1404
f 3883/3883/1405 3884/3884/1405 3885/3885/1405
f 3886/3886/1406 3887/3887/1406 3888/3888/1406
f 3889/3889/1407 3890/3890/1407 3891/3891/1407
f 3892/3892/1408 3893/3893/1408 3894/3894/1408
f 3895/3895/1409 3896/3896/1409 3897/3897/1409
f 3898/3898/1404 3899/3899/1404 3900/3900/1404
f 3901/3901/1411 3902/3902/1411 3903/3903/1411
f 3904/3904/1412 3905/3905/1412 3906/3906/1412
f 3907/3907/1413 3908/3908/1413 3909/3909/1413
f 3910/3910/1414 3911/3911/1414 3912/3912/1414
f 3913/3913/1415 3914/3914/1415 3915/3915/1415
f 3916/3916/1416 3917/3917/1416 3918/3918/1416
f 3919/3919/1417 3920/3920/1417 3921/3921/1417
f 3922/3922/1418 3923/3923/1418 3924/3924/1418
f 3925/3925/1419 3926/3926/1419 3927/3927/1419
f 3928/3928/1420 3929/3929/1420 3930/3930/1420
f 3931/3931/912 3932/3932/912 3933/3933/912
f 3931/3931/912 3934/3934/912 3932/3932/912
f 3935/3935/13 3934/3934/13 3931/3931/13
f 3935/3935/13 3936/3936/13 3934/3934/13
f 3937/3937/916 3936/3936/916 3935/3935/916
f 3937/3937/916 3938/3938/916 3936/3936/916
f 3939/3939/914 3940/3940/914 3941/3941/914
f 3939/3939/914 3942/3942/914 3940/3940/914
f 3943/3943/8 3942/3942/8 3939/3939/8
f 3943/3943/8 3944/3944/8 3942/3942/8
f 3945/3945/915 3944/3944/915 3943/3943/915
f 3945/3945/915 3946/3946/915 3944/3944/915
f 3947/3947/252 3948/3948/252 3949/3949/252
f 3947/3947/252 3950/3950/252 3948/3948/252
f 3948/3948/252 3951/3951/252 3952/3952/252
f 3948/3948/252 3950/3950/252 3951/3951/252
f 3953/3953/272 3954/3954/272 3955/3955/272
f 3956/3956/272 3957/3957/272 3958/3958/272
f 3959/3959/272 3960/3960/272 3961/3961/272
f 3962/3962/272 3963/3963/272 3964/3964/272
f 3965/3965/912 3966/3966/912 3967/3967/912
f 3968/3968/912 3966/3966/912 3965/3965/912
f 3968/3968/13 3969/3969/13 3966/3966/13
f 3968/3968/13 3970/3970/13 3969/3969/13
f 3970/3970/916 3971/3971/916 3969/3969/916
f 3972/3972/1423 3971/3971/1423 3970/3970/1423
f 3973/3973/1424 3974/3974/1424 3975/3975/1424
f 3976/3976/1425 3974/3974/1425 3973/3973/1425
f 3976/3976/8 3977/3977/8 3974/3974/8
f 3976/3976/8 3978/3978/8 3977/3977/8
f 3978/3978/915 3979/3979/915 3977/3977/915
f 3978/3978/915 3980/3980/915 3979/3979/915
f 3981/3981/252 3982/3982/252 3983/3983/252
f 3984/3984/252 3985/3985/252 3986/3986/252
f 3987/3987/252 3988/3988/252 3989/3989/252
f 3990/3990/252 3991/3991/252 3992/3992/252
f 3993/3993/1426 3994/3994/1426 3995/3995/1426
f 3993/3993/1427 3996/3996/1427 3994/3994/1427
f 3997/3997/1428 3998/3998/1428 3999/3999/1428
f 3997/3997/1429 4000/4000/1429 3998/3998/1429
f 4001/4001/1430 4002/4002/1431 4003/4003/1432
f 4001/4001/1430 4004/4004/1433 4002/4002/1431
f 4005/4005/1434 4006/4006/1435 4007/4007/1436
f 4005/4005/1434 4008/4008/1437 4006/4006/1435
f 4009/4009/1438 3993/3993/1438 4010/4010/1438
f 4009/4009/1439 3996/3996/1439 3993/3993/1439
f 4011/4011/1440 3997/3997/1440 4012/4012/1440
f 4011/4011/1441 4000/4000/1441 3997/3997/1441
f 4013/4013/1442 4014/4014/1442 4015/4015/1442
f 4013/4013/1443 4003/4003/1443 4014/4014/1443
f 4005/4005/1444 4016/4016/1444 4017/4017/1444
f 4005/4005/1445 4007/4007/1445 4016/4016/1445
f 4018/4018/1446 4019/4019/1446 4020/4020/1446
f 4018/4018/1446 4021/4021/1446 4019/4019/1446
f 4022/4022/1447 4023/4023/1447 4024/4024/1447
f 4022/4022/1427 4025/4025/1427 4023/4023/1427
f 4026/4026/1428 4027/4027/1428 4028/4028/1428
f 4026/4026/1429 4029/4029/1429 4027/4027/1429
f 4030/4030/1430 4031/4031/1431 4032/4032/1432
f 4030/4030/1430 4033/4033/1433 4031/4031/1431
f 4034/4034/1434 4035/4035/1435 4036/4036/1436
f 4034/4034/1434 4037/4037/1437 4035/4035/1435
f 4038/4038/1448 4039/4039/1449 4040/4040/1450
f 4038/4038/1448 4041/4041/1451 4039/4039/1449
f 4041/4041/1452 4042/4042/1453 4039/4039/1454
f 4041/4041/1452 4043/4043/1455 4042/4042/1453
f 4044/4044/1456 4042/4042/1456 4043/4043/1456
f 4044/4044/1457 4045/4045/1457 4042/4042/1457
f 4038/4038/1458 4046/4046/1459 4047/4047/1460
f 4038/4038/1458 4040/4040/1461 4046/4046/1459
f 4048/4048/1462 4038/4038/1463 4049/4049/1463
f 4048/4048/1462 4041/4041/1464 4038/4038/1463
f 4050/4050/1465 4041/4041/1466 4048/4048/1467
f 4050/4050/1465 4043/4043/1466 4041/4041/1466
f 4050/4050/1468 4044/4044/1468 4043/4043/1468
f 4050/4050/1469 4051/4051/1469 4044/4044/1469
f 4052/4052/1470 4038/4038/1470 4047/4047/1470
f 4052/4052/1471 4049/4049/1471 4038/4038/1471
f 4053/4053/1472 4048/4048/1473 4049/4049/1474
f 4053/4053/1472 4054/4054/1475 4048/4048/1473
f 4055/4055/1476 4048/4048/1477 4054/4054/1478
f 4055/4055/1476 4050/4050/1479 4048/4048/1477
f 4056/4056/1480 4050/4050/1481 4055/4055/1482
f 4056/4056/1480 4051/4051/1483 4050/4050/1481
f 4057/4057/1484 4049/4049/1484 4052/4052/1484
f 4057/4057/1485 4053/4053/1485 4049/4049/1485
f 4058/4058/1486 4054/4054/1487 4053/4053/1488
f 4058/4058/1486 4059/4059/1489 4054/4054/1487
f 4060/4060/1490 4054/4054/1491 4059/4059/1492
f 4060/4060/1490 4055/4055/1493 4054/4054/1491
f 4061/4061/1494 4055/4055/1495 4060/4060/1496
f 4061/4061/1494 4056/4056/1497 4055/4055/1495
f 4062/4062/1498 4053/4053/1498 4057/4057/1498
f 4062/4062/1499 4058/4058/1499 4053/4053/1499
f 4063/4063/1500 4064/4064/1501 4065/4065/1502
f 4063/4063/1500 4066/4066/1501 4064/4064/1501
f 4066/4066/1503 4067/4067/1504 4064/4064/1505
f 4066/4066/1503 4068/4068/1504 4067/4067/1504
f 4069/4069/1506 4067/4067/1507 4068/4068/1508
f 4069/4069/1506 4070/4070/1509 4067/4067/1507
f 4063/4063/1510 4071/4071/1511 4072/4072/1512
f 4063/4063/1510 4065/4065/1513 4071/4071/1511
f 4073/4073/1514 4066/4066/1515 4063/4063/1516
f 4073/4073/1514 4074/4074/1517 4066/4066/1515
f 4074/4074/1518 4068/4068/1519 4066/4066/1520
f 4074/4074/1518 4075/4075/1519 4068/4068/1519
f 4076/4076/1521 4068/4068/1522 4075/4075/1521
f 4076/4076/1521 4069/4069/1523 4068/4068/1522
f 4073/4073/1524 4072/4072/1525 4077/4077/1526
f 4073/4073/1524 4063/4063/1527 4072/4072/1525
f 4078/4078/1528 4079/4079/1529 4080/4080/1529
f 4078/4078/1528 4081/4081/1530 4079/4079/1529
f 4074/4074/1531 4081/4081/1530 4082/4082/1532
f 4081/4081/1530 4074/4074/1531 4073/4073/1533
f 4083/4083/1534 4082/4082/1535 4078/4078/1535
f 4083/4083/1534 4084/4084/1536 4082/4082/1535
f 4075/4075/1537 4084/4084/1536 4085/4085/1538
f 4084/4084/1536 4075/4075/1537 4074/4074/1539
f 4086/4086/1540 4075/4075/1541 4085/4085/1542
f 4086/4086/1540 4076/4076/1541 4075/4075/1541
f 4086/4086/1540 4087/4087/1543 4076/4076/1543
f 4088/4088/1544 4077/4077/1545 4089/4089/1546
f 4088/4088/1544 4073/4073/1547 4077/4077/1545
f 4088/4088/1544 4079/4079/1548 4073/4073/1547
f 4090/4090/1549 4078/4078/1550 4080/4080/1550
f 4090/4090/1549 4091/4091/1549 4078/4078/1550
f 4091/4091/1551 4083/4083/1552 4078/4078/1552
f 4091/4091/1551 4092/4092/1551 4083/4083/1552
f 4093/4093/1553 4083/4083/1554 4092/4092/1553
f 4093/4093/1553 4094/4094/1555 4083/4083/1554
f 4090/4090/1556 4095/4095/1556 4096/4096/1556
f 4090/4090/1556 4080/4080/1556 4095/4095/1556
f 4097/4097/1557 4091/4091/1558 4090/4090/1558
f 4097/4097/1557 4098/4098/1557 4091/4091/1558
f 4098/4098/1559 4092/4092/1559 4091/4091/1560
f 4098/4098/1559 4099/4099/1561 4092/4092/1559
f 4100/4100/1562 4092/4092/1562 4099/4099/1563
f 4100/4100/1562 4093/4093/1564 4092/4092/1562
f 4097/4097/1565 4096/4096/1566 4101/4101/1565
f 4097/4097/1565 4090/4090/1566 4096/4096/1566
f 4102/4102/1567 4097/4097/1567 4103/4103/1567
f 4102/4102/1567 4098/4098/1567 4097/4097/1567
f 4104/4104/1568 4098/4098/1568 4102/4102/1568
f 4104/4104/1568 4099/4099/1569 4098/4098/1568
f 4104/4104/1570 4100/4100/1570 4099/4099/1570
f 4104/4104/1571 4105/4105/1571 4100/4100/1571
f 4106/4106/1572 4097/4097/1572 4101/4101/1572
f 4106/4106/1572 4103/4103/1572 4097/4097/1572
f 4107/4107/1573 4103/4103/1573 4108/4108/1573
f 4107/4107/1574 4102/4102/1574 4103/4103/1574
f 4109/4109/1575 4102/4102/1576 4107/4107/1577
f 4109/4109/1575 4104/4104/1576 4102/4102/1576
f 4109/4109/1578 4105/4105/1578 4104/4104/1578
f 4109/4109/1579 4110/4110/1579 4105/4105/1579
f 4111/4111/1580 4103/4103/1580 4106/4106/1580
f 4111/4111/1581 4108/4108/1581 4103/4103/1581
f 4112/4112/1582 4107/4107/1582 4108/4108/1582
f 4112/4112/1583 4113/4113/1583 4107/4107/1583
f 4114/4114/1584 4107/4107/1585 4113/4113/1586
f 4114/4114/1584 4109/4109/1587 4107/4107/1585
f 4115/4115/1588 4109/4109/1588 4114/4114/1588
f 4115/4115/1589 4110/4110/1589 4109/4109/1589
f 4116/4116/1590 4108/4108/1590 4111/4111/1590
f 4116/4116/1591 4112/4112/1591 4108/4108/1591
f 4117/4117/1592 4112/4112/1593 4118/4118/1594
f 4117/4117/1592 4113/4113/1595 4112/4112/1593
f 4117/4117/1596 4114/4114/1597 4113/4113/1598
f 4117/4117/1596 4119/4119/1599 4114/4114/1597
f 4119/4119/1600 4115/4115/1600 4114/4114/1600
f 4119/4119/1601 4120/4120/1601 4115/4115/1601
f 4121/4121/1602 4112/4112/1603 4116/4116/1604
f 4121/4121/1602 4118/4118/1605 4112/4112/1603
f 4122/4122/1606 4117/4117/1607 4118/4118/1608
f 4122/4122/1606 4123/4123/1609 4117/4117/1607
f 4123/4123/1599 4119/4119/1599 4117/4117/1596
f 4123/4123/1599 4124/4124/1599 4119/4119/1599
f 4124/4124/1610 4120/4120/1610 4119/4119/1610
f 4124/4124/1611 4125/4125/1611 4120/4120/1611
f 4122/4122/1612 4121/4121/1612 4126/4126/1612
f 4122/4122/1613 4118/4118/1605 4121/4121/1602
f 4127/4127/1614 4022/4022/1614 4128/4128/1614
f 4127/4127/1615 4025/4025/1615 4022/4022/1615
f 4129/4129/1616 4026/4026/1616 4130/4130/1616
f 4129/4129/1617 4029/4029/1617 4026/4026/1617
f 4131/4131/1618 4132/4132/1618 4133/4133/1618
f 4131/4131/1619 4032/4032/1619 4132/4132/1619
f 4034/4034/1620 4134/4134/1620 4135/4135/1620
f 4034/4034/1621 4036/4036/1621 4134/4134/1621
f 4064/4064/1622 4058/4058/1623 4065/4065/1624
f 4064/4064/1622 4059/4059/1625 4058/4058/1623
f 4067/4067/1626 4059/4059/1627 4064/4064/1628
f 4067/4067/1626 4060/4060/1629 4059/4059/1627
f 4067/4067/1630 4061/4061/1630 4060/4060/1630
f 4067/4067/1631 4070/4070/1631 4061/4061/1631
f 4071/4071/1632 4058/4058/1632 4062/4062/1632
f 4071/4071/1633 4065/4065/1633 4058/4058/1633
f 4136/4136/1446 4137/4137/1446 4138/4138/1446
f 4136/4136/1446 4139/4139/1446 4137/4137/1446
f 4081/4081/1530 4073/4073/1533 4079/4079/1529
f 4081/4081/1530 4078/4078/1528 4082/4082/1532
f 4084/4084/1536 4074/4074/1539 4082/4082/1535
f 4084/4084/1536 4083/4083/1534 4085/4085/1538
f 4085/4085/1542 4083/4083/1634 4086/4086/1540
f 4083/4083/1634 4087/4087/1543 4086/4086/1540
f 4083/4083/1634 4094/4094/1543 4087/4087/1543
f 4089/4089/1546 4095/4095/1546 4088/4088/1544
f 4095/4095/1635 4079/4079/1548 4088/4088/1544
f 4095/4095/1635 4080/4080/1548 4079/4079/1548
f 4140/4140/1636 4141/4141/1636 4142/4142/1636
f 4140/4140/1636 4143/4143/1636 4141/4141/1636
f 4144/4144/1637 4143/4143/1637 4145/4145/1637
f 4144/4144/1637 4146/4146/1637 4143/4143/1637
f 4147/4147/1638 4146/4146/1638 4148/4148/1638
f 4147/4147/1638 4149/4149/1638 4146/4146/1638
f 4150/4150/1639 4151/4151/1640 4152/4152/1641
f 4150/4150/1639 4153/4153/1639 4151/4151/1640
f 4154/4154/1642 4155/4155/1642 4156/4156/1642
f 4154/4154/1642 4157/4157/1642 4155/4155/1642
f 4158/4158/1643 4146/4146/1643 4151/4151/1643
f 4158/4158/1643 4159/4159/1643 4146/4146/1643
f 4158/4158/1643 4160/4160/1643 4159/4159/1643
f 4161/4161/1644 4162/4162/1645 4163/4163/1645
f 4161/4161/1644 4164/4164/1644 4162/4162/1645
f 4165/4165/1646 4164/4164/1646 4166/4166/1646
f 4165/4165/1646 4167/4167/1646 4164/4164/1646
f 4168/4168/1638 4167/4167/1638 4169/4169/1638
f 4168/4168/1638 4170/4170/1638 4167/4167/1638
f 4171/4171/1647 4172/4172/1641 4173/4173/1641
f 4171/4171/1647 4174/4174/1647 4172/4172/1641
f 4175/4175/1648 4176/4176/1648 4177/4177/1648
f 4175/4175/1648 4178/4178/1648 4176/4176/1648
f 4179/4179/1643 4167/4167/1643 4172/4172/1649
f 4179/4179/1643 4180/4180/1650 4167/4167/1643
f 4179/4179/1643 4162/4162/1651 4180/4180/1650
f 4181/4181/1652 4182/4182/1652 4183/4183/1653
f 4181/4181/1652 4184/4184/1652 4182/4182/1652
f 4185/4185/1654 4186/4186/1655 4187/4187/1655
f 4185/4185/1654 4188/4188/1654 4186/4186/1655
f 4189/4189/1656 4190/4190/1657 4191/4191/1656
f 4189/4189/1656 4192/4192/1658 4190/4190/1657
f 4193/4193/1659 4194/4194/1659 4195/4195/1659
f 4193/4193/1659 4196/4196/1659 4194/4194/1659
f 4197/4197/1660 4198/4198/1660 4199/4199/1660
f 4197/4197/1661 4200/4200/1661 4198/4198/1661
f 4201/4201/1662 4202/4202/1662 4203/4203/1662
f 4201/4201/1662 4204/4204/1662 4202/4202/1662
f 4205/4205/1663 4206/4206/1663 4207/4207/1663
f 4205/4205/1664 4208/4208/1664 4206/4206/1664
f 4209/4209/1665 4210/4210/1665 4211/4211/1665
f 4209/4209/1665 4212/4212/1665 4210/4210/1665
f 4213/4213/1666 4214/4214/1666 4215/4215/1666
f 4213/4213/1667 4216/4216/1667 4214/4214/1667
f 4217/4217/1668 4218/4218/1668 4219/4219/1668
f 4217/4217/1668 4220/4220/1668 4218/4218/1668
f 4221/4221/1669 4222/4222/1669 4223/4223/1669
f 4221/4221/1670 4224/4224/1670 4222/4222/1670
f 4225/4225/1652 4226/4226/1652 4227/4227/1652
f 4225/4225/1652 4228/4228/1652 4226/4226/1652
f 4229/4229/1655 4230/4230/1654 4231/4231/1671
f 4229/4229/1655 4232/4232/1655 4230/4230/1654
f 4233/4233/1657 4234/4234/1656 4235/4235/1657
f 4233/4233/1657 4236/4236/1656 4234/4234/1656
f 4237/4237/1659 4238/4238/1659 4239/4239/1659
f 4237/4237/1659 4240/4240/1659 4238/4238/1659
f 4241/4241/1672 4242/4242/1672 4243/4243/1672
f 4241/4241/1670 4244/4244/1670 4242/4242/1670
f 4245/4245/1662 4246/4246/1662 4247/4247/1662
f 4245/4245/1662 4248/4248/1662 4246/4246/1662
f 4249/4249/1673 4250/4250/1673 4251/4251/1673
f 4249/4249/1667 4252/4252/1667 4250/4250/1667
f 4253/4253/1665 4254/4254/1665 4255/4255/1665
f 4253/4253/1665 4256/4256/1665 4254/4254/1665
f 4257/4257/1674 4258/4258/1674 4259/4259/1674
f 4257/4257/1675 4260/4260/1675 4258/4258/1675
f 4261/4261/1668 4262/4262/1668 4263/4263/1668
f 4261/4261/1668 4264/4264/1668 4262/4262/1668
f 4265/4265/1676 4266/4266/1676 4267/4267/1676
f 4265/4265/1661 4268/4268/1661 4266/4266/1661
f 4269/4269/1652 4270/4270/1652 4271/4271/1652
f 4269/4269/1652 4272/4272/1653 4270/4270/1652
f 4273/4273/1677 4274/4274/1655 4275/4275/1655
f 4273/4273/1677 4276/4276/1677 4274/4274/1655
f 4277/4277/1678 4278/4278/1679 4279/4279/1678
f 4277/4277/1678 4280/4280/1679 4278/4278/1679
f 4281/4281/1659 4282/4282/1659 4283/4283/1659
f 4281/4281/1659 4284/4284/1659 4282/4282/1659
f 4285/4285/1680 4286/4286/1680 4287/4287/1680
f 4285/4285/1661 4288/4288/1661 4286/4286/1661
f 4289/4289/1662 4290/4290/1662 4291/4291/1662
f 4289/4289/1662 4292/4292/1662 4290/4290/1662
f 4293/4293/1663 4294/4294/1663 4295/4295/1663
f 4293/4293/1675 4296/4296/1675 4294/4294/1675
f 4297/4297/1665 4298/4298/1665 4299/4299/1665
f 4297/4297/1665 4300/4300/1665 4298/4298/1665
f 4301/4301/1666 4302/4302/1666 4303/4303/1666
f 4301/4301/1681 4304/4304/1681 4302/4302/1681
f 4305/4305/1668 4306/4306/1668 4307/4307/1668
f 4305/4305/1668 4308/4308/1668 4306/4306/1668
f 4309/4309/1669 4310/4310/1669 4311/4311/1669
f 4309/4309/1682 4312/4312/1682 4310/4310/1682
f 4313/4313/1653 4314/4314/1652 4315/4315/1653
f 4313/4313/1653 4316/4316/1652 4314/4314/1652
f 4317/4317/1654 4318/4318/1677 4319/4319/1677
f 4317/4317/1654 4320/4320/1654 4318/4318/1677
f 4321/4321/1678 4322/4322/1656 4323/4323/1678
f 4321/4321/1678 4324/4324/1656 4322/4322/1656
f 4325/4325/1659 4326/4326/1659 4327/4327/1659
f 4325/4325/1659 4328/4328/1659 4326/4326/1659
f 4329/4329/1683 4330/4330/1683 4331/4331/1683
f 4329/4329/1684 4332/4332/1684 4330/4330/1684
f 4333/4333/1685 4334/4334/1685 4335/4335/1685
f 4333/4333/1685 4336/4336/1685 4334/4334/1685
f 4337/4337/1663 4338/4338/1663 4339/4339/1663
f 4337/4337/1681 4340/4340/1681 4338/4338/1681
f 4341/4341/1665 4342/4342/1665 4343/4343/1665
f 4341/4341/1665 4344/4344/1665 4342/4342/1665
f 4345/4345/1686 4346/4346/1686 4347/4347/1686
f 4345/4345/1687 4348/4348/1687 4346/4346/1687
f 4349/4349/1688 4350/4350/1688 4351/4351/1668
f 4349/4349/1688 4352/4352/1688 4350/4350/1688
f 4353/4353/1689 4354/4354/1689 4355/4355/1689
f 4353/4353/1661 4356/4356/1661 4354/4354/1661
f 4357/4357/1652 4358/4358/1652 4359/4359/1652
f 4357/4357/1652 4360/4360/1652 4358/4358/1652
f 4361/4361/1690 4362/4362/1671 4363/4363/1671
f 4361/4361/1690 4364/4364/1691 4362/4362/1671
f 4365/4365/1692 4366/4366/1679 4367/4367/1692
f 4365/4365/1692 4368/4368/1679 4366/4366/1679
f 4369/4369/1659 4370/4370/1659 4371/4371/1659
f 4369/4369/1659 4372/4372/1659 4370/4370/1659
f 4373/4373/1672 4374/4374/1672 4375/4375/1672
f 4373/4373/1670 4376/4376/1670 4374/4374/1670
f 4377/4377/1662 4378/4378/1662 4379/4379/1662
f 4377/4377/1662 4380/4380/1662 4378/4378/1662
f 4381/4381/1673 4382/4382/1673 4383/4383/1673
f 4381/4381/1693 4384/4384/1693 4382/4382/1693
f 4385/4385/1665 4386/4386/1665 4387/4387/1665
f 4385/4385/1665 4388/4388/1665 4386/4386/1665
f 4389/4389/1694 4390/4390/1694 4391/4391/1694
f 4389/4389/1667 4392/4392/1667 4390/4390/1667
f 4393/4393/1668 4394/4394/1668 4395/4395/1668
f 4393/4393/1668 4396/4396/1668 4394/4394/1668
f 4397/4397/1695 4398/4398/1695 4399/4399/1695
f 4397/4397/1696 4400/4400/1696 4398/4398/1696
f 4401/4401/1697 4402/4402/1697 4403/4403/1697
f 4401/4401/1697 4404/4404/1697 4402/4402/1697
f 4405/4405/1698 4406/4406/1699 4407/4407/1699
f 4405/4405/1698 4408/4408/1698 4406/4406/1699
f 4409/4409/1700 4410/4410/1701 4411/4411/1700
f 4409/4409/1700 4412/4412/1701 4410/4410/1701
f 4413/4413/1702 4414/4414/1702 4415/4415/1702
f 4413/4413/1702 4416/4416/1702 4414/4414/1702
f 4417/4417/1703 4418/4418/1703 4419/4419/1703
f 4417/4417/1704 4420/4420/1704 4418/4418/1704
f 4421/4421/1705 4422/4422/1706 4423/4423/1705
f 4421/4421/1705 4424/4424/1706 4422/4422/1706
f 4425/4425/1707 4426/4426/1707 4427/4427/1707
f 4425/4425/1708 4428/4428/1708 4426/4426/1708
f 4429/4429/1709 4430/4430/1709 4431/4431/1709
f 4429/4429/1709 4432/4432/1710 4430/4430/1709
f 4433/4433/1711 4434/4434/1711 4435/4435/1711
f 4433/4433/1712 4436/4436/1712 4434/4434/1712
f 4437/4437/1713 4438/4438/1713 4439/4439/1714
f 4437/4437/1713 4440/4440/1713 4438/4438/1713
f 4441/4441/1715 4442/4442/1715 4443/4443/1715
f 4441/4441/1716 4444/4444/1716 4442/4442/1716
f 4445/4445/1717 4446/4446/1717 4447/4447/1717
f 4445/4445/1717 4448/4448/1717 4446/4446/1717
f 4449/4449/1718 4450/4450/1718 4451/4451/1718
f 4449/4449/1719 4452/4452/1719 4450/4450/1719
f 4453/4453/1720 4454/4454/1721 4455/4455/1722
f 4453/4453/1720 4456/4456/1723 4454/4454/1721
f 4457/4457/1724 4458/4458/1724 4459/4459/1724
f 4457/4457/1724 4460/4460/1724 4458/4458/1724
f 4461/4461/1725 4462/4462/1725 4449/4449/1725
f 4461/4461/1726 4463/4463/1726 4462/4462/1726
f 4464/4464/1727 4465/4465/1728 4466/4466/1729
f 4464/4464/1727 4467/4467/1730 4465/4465/1728
f 4468/4468/1731 4469/4469/1732 4470/4470/1733
f 4468/4468/1731 4471/4471/1734 4469/4469/1732
f 4472/4472/1735 4473/4473/1735 4474/4474/1735
f 4472/4472/1735 4475/4475/1735 4473/4473/1735
f 4476/4476/1736 4477/4477/1737 4478/4478/1738
f 4476/4476/1736 4479/4479/1739 4477/4477/1737
f 4480/4480/1724 4481/4481/1724 4482/4482/1724
f 4480/4480/1724 4483/4483/1724 4481/4481/1724
f 4484/4484/1740 4485/4485/1741 4486/4486/1742
f 4484/4484/1740 4487/4487/1743 4485/4485/1741
f 4488/4488/1744 4489/4489/1744 4490/4490/1744
f 4488/4488/1744 4491/4491/1744 4489/4489/1744
f 4492/4492/1745 4493/4493/1745 4494/4494/1745
f 4492/4492/1746 4495/4495/1746 4493/4493/1746
f 4496/4496/1747 4497/4497/1748 4498/4498/1749
f 4496/4496/1747 4499/4499/1750 4497/4497/1748
f 4500/4500/1724 4501/4501/1724 4502/4502/1724
f 4500/4500/1724 4503/4503/1724 4501/4501/1724
f 4504/4504/1725 4505/4505/1725 4492/4492/1725
f 4504/4504/1726 4506/4506/1726 4505/4505/1726
f 4507/4507/1751 4508/4508/1752 4509/4509/1753
f 4507/4507/1751 4510/4510/1754 4508/4508/1752
f 4511/4511/1755 4512/4512/1756 4513/4513/1757
f 4511/4511/1755 4514/4514/1758 4512/4512/1756
f 4515/4515/1735 4516/4516/1735 4517/4517/1759
f 4515/4515/1735 4518/4518/1760 4516/4516/1735
f 4519/4519/1761 4520/4520/1762 4521/4521/1738
f 4519/4519/1761 4522/4522/1739 4520/4520/1762
f 4523/4523/1724 4524/4524/1724 4525/4525/1724
f 4523/4523/1724 4526/4526/1724 4524/4524/1724
f 4527/4527/1763 4528/4528/1764 4529/4529/1765
f 4527/4527/1763 4530/4530/1766 4528/4528/1764
f 4531/4531/1767 4532/4532/1767 4533/4533/1767
f 4531/4531/1767 4534/4534/1768 4532/4532/1767
f 4535/4535/1769 4536/4536/1770 4537/4537/1770
f 4535/4535/1769 4538/4538/1770 4536/4536/1770
f 4539/4539/1771 4540/4540/1772 4541/4541/1771
f 4539/4539/1771 4542/4542/1773 4540/4540/1772
f 4543/4543/1774 4544/4544/1774 4545/4545/1774
f 4543/4543/1774 4546/4546/1774 4544/4544/1774
f 4547/4547/1775 4548/4548/1775 4549/4549/1775
f 4547/4547/1776 4550/4550/1776 4548/4548/1776
f 4551/4551/1777 4552/4552/1777 4553/4553/1777
f 4551/4551/1777 4554/4554/1777 4552/4552/1777
f 4555/4555/1778 4556/4556/1778 4557/4557/1778
f 4555/4555/1779 4558/4558/1779 4556/4556/1779
f 4559/4559/1780 4560/4560/1781 4561/4561/1782
f 4559/4559/1780 4562/4562/1783 4560/4560/1781
f 4563/4563/1784 4564/4564/1784 4565/4565/1784
f 4563/4563/1785 4566/4566/1785 4564/4564/1785
f 4567/4567/1786 4568/4568/1786 4569/4569/1787
f 4567/4567/1786 4570/4570/1788 4568/4568/1786
f 4571/4571/1789 4572/4572/1789 4573/4573/1789
f 4571/4571/1790 4574/4574/1790 4572/4572/1790
f 4575/4575/1791 4576/4576/1791 4577/4577/1791
f 4575/4575/1792 4578/4578/1792 4576/4576/1792
f 4579/4579/1793 4580/4580/1793 4576/4576/1793
f 4579/4579/1794 4581/4581/1794 4580/4580/1794
f 4582/4582/1795 4583/4583/1796 4584/4584/1797
f 4582/4582/1795 4585/4585/1798 4583/4583/1796
f 4586/4586/1799 4587/4587/1800 4588/4588/1801
f 4586/4586/1799 4577/4577/1802 4587/4587/1800
f 4589/4589/1803 4575/4575/1804 4590/4590/1805
f 4589/4589/1803 4578/4578/1806 4575/4575/1804
f 4591/4591/1807 4579/4579/1807 4592/4592/1807
f 4591/4591/1808 4581/4581/1808 4579/4579/1808
f 4593/4593/1809 4594/4594/1809 4595/4595/1809
f 4593/4593/1810 4584/4584/1810 4594/4594/1810
f 4586/4586/1811 4596/4596/1811 4597/4597/1811
f 4586/4586/1812 4588/4588/1812 4596/4596/1812
f 4598/4598/1813 4599/4599/1814 4600/4600/1815
f 4598/4598/1813 4601/4601/1816 4599/4599/1814
f 4601/4601/1817 4602/4602/1818 4599/4599/1819
f 4601/4601/1817 4603/4603/1820 4602/4602/1818
f 4602/4602/1821 4604/4604/1822 4605/4605/1823
f 4602/4602/1821 4603/4603/1824 4604/4604/1822
f 4606/4606/1825 4607/4607/1826 4608/4608/1827
f 4606/4606/1825 4600/4600/1828 4607/4607/1826
f 4609/4609/1829 4599/4599/1819 4602/4602/1818
f 4609/4609/1829 4610/4610/1829 4599/4599/1819
f 4605/4605/1830 4609/4609/1831 4602/4602/1830
f 4605/4605/1830 4611/4611/1831 4609/4609/1831
f 4612/4612/1832 4600/4600/1832 4613/4613/1832
f 4612/4612/1832 4607/4607/1832 4600/4600/1832
f 4610/4610/1833 4614/4614/1834 4613/4613/1833
f 4610/4610/1833 4615/4615/1834 4614/4614/1834
f 4609/4609/1835 4615/4615/1836 4610/4610/1835
f 4609/4609/1835 4616/4616/1836 4615/4615/1836
f 4617/4617/1837 4609/4609/1837 4611/4611/1837
f 4617/4617/1838 4616/4616/1838 4609/4609/1838
f 4614/4614/1839 4612/4612/1839 4613/4613/1839
f 4614/4614/1839 4618/4618/1839 4612/4612/1839
f 4615/4615/1840 4619/4619/1840 4614/4614/1840
f 4615/4615/1840 4620/4620/1840 4619/4619/1840
f 4616/4616/1841 4620/4620/1841 4615/4615/1841
f 4616/4616/1841 4621/4621/1841 4620/4620/1841
f 4622/4622/1842 4616/4616/1842 4617/4617/1842
f 4622/4622/1843 4621/4621/1843 4616/4616/1843
f 4619/4619/1844 4618/4618/1844 4614/4614/1844
f 4619/4619/1844 4623/4623/1844 4618/4618/1844
f 4624/4624/1845 4619/4619/1846 4620/4620/1846
f 4624/4624/1845 4625/4625/1845 4619/4619/1846
f 4626/4626/1847 4620/4620/1847 4621/4621/1847
f 4626/4626/1847 4624/4624/1847 4620/4620/1847
f 4622/4622/1848 4626/4626/1849 4621/4621/1848
f 4622/4622/1848 4627/4627/1849 4626/4626/1849
f 4619/4619/1850 4628/4628/1850 4623/4623/1850
f 4619/4619/1850 4625/4625/1850 4628/4628/1850
f 4624/4624/1851 4629/4629/1852 4625/4625/1851
f 4624/4624/1851 4630/4630/1852 4629/4629/1852
f 4626/4626/1853 4630/4630/1854 4624/4624/1853
f 4626/4626/1853 4631/4631/1854 4630/4630/1854
f 4632/4632/1855 4626/4626/1855 4627/4627/1855
f 4632/4632/1856 4631/4631/1856 4626/4626/1856
f 4629/4629/1857 4628/4628/1857 4625/4625/1857
f 4629/4629/1858 4633/4633/1858 4628/4628/1858
f 4630/4630/1859 4634/4634/1860 4629/4629/1859
f 4630/4630/1859 4635/4635/1860 4634/4634/1860
f 4631/4631/1861 4635/4635/1862 4630/4630/1861
f 4631/4631/1861 4636/4636/1862 4635/4635/1862
f 4632/4632/1863 4636/4636/1864 4631/4631/1863
f 4632/4632/1863 4637/4637/1864 4636/4636/1864
f 4629/4629/1865 4638/4638/1866 4633/4633/1865
f 4629/4629/1865 4634/4634/1866 4638/4638/1866
f 4635/4635/1867 4639/4639/1868 4634/4634/1867
f 4635/4635/1867 4640/4640/1868 4639/4639/1868
f 4636/4636/1869 4640/4640/1869 4635/4635/1869
f 4636/4636/1869 4641/4641/1869 4640/4640/1869
f 4642/4642/1870 4636/4636/1870 4637/4637/1870
f 4642/4642/1870 4641/4641/1870 4636/4636/1870
f 4639/4639/1871 4638/4638/1871 4634/4634/1871
f 4639/4639/1872 4643/4643/1872 4638/4638/1872
f 4640/4640/1873 4644/4644/1873 4639/4639/1873
f 4640/4640/1874 4645/4645/1874 4644/4644/1874
f 4641/4641/1875 4645/4645/1875 4640/4640/1875
f 4641/4641/1875 4646/4646/1875 4645/4645/1875
f 4647/4647/1876 4641/4641/1876 4642/4642/1876
f 4647/4647/1876 4646/4646/1876 4641/4641/1876
f 4644/4644/1877 4643/4643/1877 4639/4639/1877
f 4644/4644/1878 4648/4648/1878 4643/4643/1878
f 4649/4649/1879 4650/4650/1879 4651/4651/1879
f 4649/4649/1880 4652/4652/1880 4650/4650/1880
f 4653/4653/1881 4649/4649/1881 4654/4654/1881
f 4653/4653/1882 4652/4652/1882 4649/4649/1882
f 4655/4655/1883 4654/4654/1883 4656/4656/1883
f 4655/4655/1884 4653/4653/1884 4654/4654/1884
f 4651/4651/1885 4657/4657/1885 4658/4658/1885
f 4651/4651/1886 4650/4650/1886 4657/4657/1886
f 4659/4659/1887 4650/4650/1888 4652/4652/1888
f 4659/4659/1887 4660/4660/1887 4650/4650/1888
f 4661/4661/1889 4652/4652/1890 4653/4653/1890
f 4661/4661/1889 4659/4659/1889 4652/4652/1890
f 4655/4655/1891 4661/4661/1891 4653/4653/1891
f 4655/4655/1891 4662/4662/1891 4661/4661/1891
f 4650/4650/1892 4663/4663/1893 4657/4657/1892
f 4650/4650/1892 4660/4660/1893 4663/4663/1893
f 4659/4659/1894 4664/4664/1895 4660/4660/1896
f 4659/4659/1894 4665/4665/1897 4664/4664/1895
f 4666/4666/1898 4659/4659/1899 4661/4661/1900
f 4666/4666/1898 4665/4665/1901 4659/4659/1899
f 4667/4667/1902 4661/4661/1902 4662/4662/1902
f 4667/4667/1903 4666/4666/1903 4661/4661/1903
f 4660/4660/1904 4668/4668/1905 4663/4663/1906
f 4660/4660/1904 4664/4664/1907 4668/4668/1905
f 4669/4669/1908 4664/4664/1908 4665/4665/1908
f 4669/4669/1909 4670/4670/1909 4664/4664/1909
f 4666/4666/1910 4669/4669/1910 4665/4665/1910
f 4666/4666/1911 4671/4671/1911 4669/4669/1911
f 4667/4667/1912 4671/4671/1912 4666/4666/1912
f 4667/4667/1913 4672/4672/1913 4671/4671/1913
f 4670/4670/1914 4668/4668/1914 4664/4664/1914
f 4670/4670/1915 4673/4673/1915 4668/4668/1915
f 4674/4674/1916 4670/4670/1916 4669/4669/1916
f 4674/4674/1917 4675/4675/1917 4670/4670/1917
f 4676/4676/1918 4669/4669/1918 4671/4671/1918
f 4676/4676/1919 4674/4674/1919 4669/4669/1919
f 4672/4672/1920 4676/4676/1921 4671/4671/1922
f 4672/4672/1920 4677/4677/1923 4676/4676/1921
f 4670/4670/1924 4678/4678/1924 4673/4673/1924
f 4670/4670/1925 4675/4675/1925 4678/4678/1925
f 4679/4679/1926 4675/4675/1927 4674/4674/1928
f 4679/4679/1926 4680/4680/1929 4675/4675/1927
f 4681/4681/1930 4674/4674/1931 4676/4676/1932
f 4681/4681/1930 4679/4679/1933 4674/4674/1931
f 4677/4677/1934 4681/4681/1935 4676/4676/1936
f 4677/4677/1934 4682/4682/1937 4681/4681/1935
f 4675/4675/1938 4683/4683/1939 4678/4678/1940
f 4675/4675/1938 4680/4680/1941 4683/4683/1939
f 4684/4684/1942 4680/4680/1942 4679/4679/1942
f 4684/4684/1943 4685/4685/1943 4680/4680/1943
f 4686/4686/1944 4679/4679/1944 4681/4681/1944
f 4686/4686/1945 4684/4684/1945 4679/4679/1945
f 4682/4682/1946 4686/4686/1946 4681/4681/1946
f 4682/4682/1947 4687/4687/1947 4686/4686/1947
f 4680/4680/1948 4688/4688/1948 4683/4683/1948
f 4680/4680/1949 4685/4685/1949 4688/4688/1949
f 4689/4689/1950 4685/4685/1950 4684/4684/1950
f 4689/4689/1951 4690/4690/1951 4685/4685/1951
f 4691/4691/1952 4684/4684/1952 4686/4686/1952
f 4691/4691/1953 4689/4689/1953 4684/4684/1953
f 4687/4687/1954 4691/4691/1954 4686/4686/1954
f 4687/4687/1955 4692/4692/1955 4691/4691/1955
f 4685/4685/1956 4693/4693/1956 4688/4688/1956
f 4685/4685/1957 4690/4690/1957 4693/4693/1957
f 4694/4694/1958 4690/4690/1959 4689/4689/1960
f 4694/4694/1958 4695/4695/1961 4690/4690/1959
f 4696/4696/1962 4689/4689/1963 4691/4691/1964
f 4696/4696/1962 4694/4694/1965 4689/4689/1963
f 4692/4692/1966 4696/4696/1967 4691/4691/1968
f 4692/4692/1966 4697/4697/1969 4696/4696/1967
f 4690/4690/1970 4698/4698/1971 4693/4693/1972
f 4690/4690/1970 4695/4695/1973 4698/4698/1971
f 4694/4694/1974 4699/4699/1974 4695/4695/1974
f 4694/4694/1974 4700/4700/1974 4699/4699/1974
f 4696/4696/1975 4700/4700/1975 4694/4694/1975
f 4696/4696/1975 4701/4701/1975 4700/4700/1975
f 4697/4697/1976 4701/4701/1977 4696/4696/1976
f 4697/4697/1976 4702/4702/1977 4701/4701/1977
f 4695/4695/1978 4703/4703/1978 4698/4698/1978
f 4695/4695/1978 4699/4699/1978 4703/4703/1978
f 4700/4700/1979 4704/4704/1980 4699/4699/1979
f 4700/4700/1979 4705/4705/1980 4704/4704/1980
f 4701/4701/1981 4705/4705/1981 4700/4700/1981
f 4701/4701/1981 4706/4706/1981 4705/4705/1981
f 4707/4707/1982 4701/4701/1982 4702/4702/1982
f 4707/4707/1983 4706/4706/1983 4701/4701/1983
f 4704/4704/1984 4703/4703/1984 4699/4699/1984
f 4704/4704/1984 4708/4708/1984 4703/4703/1984
f 4705/4705/1985 4709/4709/1985 4704/4704/1985
f 4705/4705/1985 4710/4710/1985 4709/4709/1985
f 4706/4706/1986 4710/4710/1987 4705/4705/1986
f 4706/4706/1986 4711/4711/1987 4710/4710/1987
f 4707/4707/1988 4711/4711/1989 4706/4706/1988
f 4707/4707/1988 4712/4712/1989 4711/4711/1989
f 4709/4709/1990 4708/4708/1990 4704/4704/1990
f 4709/4709/1990 4713/4713/1990 4708/4708/1990
f 4710/4710/1991 4714/4714/1991 4709/4709/1991
f 4710/4710/1991 4715/4715/1991 4714/4714/1991
f 4711/4711/1992 4715/4715/1993 4710/4710/1992
f 4711/4711/1992 4716/4716/1993 4715/4715/1993
f 4717/4717/1994 4711/4711/1994 4712/4712/1994
f 4717/4717/1995 4716/4716/1995 4711/4711/1995
f 4714/4714/1996 4713/4713/1996 4709/4709/1996
f 4714/4714/1996 4718/4718/1996 4713/4713/1996
f 4715/4715/1997 4719/4719/1997 4714/4714/1997
f 4715/4715/1997 4720/4720/1997 4719/4719/1997
f 4716/4716/1998 4720/4720/1998 4715/4715/1998
f 4716/4716/1999 4721/4721/1999 4720/4720/1999
f 4717/4717/2000 4721/4721/2000 4716/4716/2000
f 4717/4717/2000 4722/4722/2000 4721/4721/2000
f 4714/4714/2001 4723/4723/2002 4718/4718/2001
f 4714/4714/2001 4719/4719/2002 4723/4723/2002
f 4724/4724/2003 4725/4725/2003 4726/4726/2003
f 4724/4724/2004 4727/4727/2004 4725/4725/2004
f 4728/4728/2005 4727/4727/2005 4724/4724/2005
f 4728/4728/2006 4729/4729/2006 4727/4727/2006
f 4730/4730/2007 4728/4728/2007 4731/4731/2007
f 4730/4730/2008 4729/4729/2008 4728/4728/2008
f 4725/4725/2009 4732/4732/2010 4726/4726/2010
f 4725/4725/2009 4733/4733/2009 4732/4732/2010
f 4727/4727/2011 4734/4734/2011 4725/4725/2011
f 4727/4727/2011 4735/4735/2011 4734/4734/2011
f 4729/4729/2012 4735/4735/2013 4727/4727/2012
f 4729/4729/2012 4736/4736/2013 4735/4735/2013
f 4730/4730/2014 4736/4736/2014 4729/4729/2014
f 4730/4730/2014 4737/4737/2014 4736/4736/2014
f 4725/4725/2015 4738/4738/2016 4733/4733/2015
f 4725/4725/2015 4734/4734/2016 4738/4738/2016
f 4735/4735/2017 4739/4739/2018 4734/4734/2017
f 4735/4735/2017 4740/4740/2018 4739/4739/2018
f 4736/4736/2019 4740/4740/2020 4735/4735/2019
f 4736/4736/2019 4741/4741/2020 4740/4740/2020
f 4742/4742/2021 4736/4736/2021 4737/4737/2021
f 4742/4742/2022 4741/4741/2022 4736/4736/2022
f 4739/4739/2023 4738/4738/2023 4734/4734/2023
f 4739/4739/2024 4743/4743/2024 4738/4738/2024
f 4740/4740/2025 4744/4744/2026 4739/4739/2025
f 4740/4740/2025 4745/4745/2026 4744/4744/2026
f 4741/4741/2027 4745/4745/2028 4740/4740/2027
f 4741/4741/2027 4746/4746/2028 4745/4745/2028
f 4742/4742/2029 4746/4746/2030 4741/4741/2029
f 4742/4742/2029 4747/4747/2031 4746/4746/2030
f 4739/4739/2032 4748/4748/2033 4743/4743/2032
f 4739/4739/2032 4744/4744/2033 4748/4748/2033
f 4749/4749/2034 4744/4744/2034 4745/4745/2034
f 4749/4749/2034 4750/4750/2034 4744/4744/2034
f 4751/4751/2035 4745/4745/2036 4746/4746/2036
f 4751/4751/2035 4749/4749/2035 4745/4745/2036
f 4747/4747/2037 4751/4751/2038 4746/4746/2037
f 4747/4747/2037 4752/4752/2038 4751/4751/2038
f 4744/4744/2039 4753/4753/2039 4748/4748/2039
f 4744/4744/2039 4750/4750/2039 4753/4753/2039
f 4754/4754/2040 4750/4750/2040 4749/4749/2040
f 4754/4754/2041 4755/4755/2041 4750/4750/2041
f 4756/4756/2042 4749/4749/2042 4751/4751/2042
f 4756/4756/2043 4754/4754/2043 4749/4749/2043
f 4752/4752/2044 4756/4756/2044 4751/4751/2044
f 4752/4752/2045 4757/4757/2045 4756/4756/2045
f 4750/4750/2046 4758/4758/2046 4753/4753/2046
f 4750/4750/2047 4755/4755/2047 4758/4758/2047
f 4754/4754/2048 4759/4759/2049 4755/4755/2050
f 4754/4754/2048 4760/4760/2051 4759/4759/2049
f 4756/4756/2052 4760/4760/2052 4754/4754/2052
f 4756/4756/2053 4761/4761/2053 4760/4760/2053
f 4762/4762/2054 4756/4756/2054 4757/4757/2054
f 4762/4762/2055 4761/4761/2055 4756/4756/2055
f 4759/4759/2056 4758/4758/2056 4755/4755/2056
f 4759/4759/2057 4763/4763/2057 4758/4758/2057
f 4760/4760/2058 4764/4764/2058 4759/4759/2058
f 4760/4760/2059 4765/4765/2059 4764/4764/2059
f 4761/4761/2060 4765/4765/2060 4760/4760/2060
f 4761/4761/2061 4766/4766/2061 4765/4765/2061
f 4767/4767/2062 4761/4761/2062 4762/4762/2062
f 4767/4767/2063 4766/4766/2063 4761/4761/2063
f 4764/4764/2064 4763/4763/2064 4759/4759/2064
f 4764/4764/2065 4768/4768/2065 4763/4763/2065
f 4765/4765/2066 4769/4769/2066 4764/4764/2066
f 4765/4765/2067 4770/4770/2067 4769/4769/2067
f 4766/4766/2068 4770/4770/2068 4765/4765/2068
f 4766/4766/2069 4771/4771/2069 4770/4770/2069
f 4772/4772/2070 4766/4766/2070 4767/4767/2070
f 4772/4772/2071 4771/4771/2071 4766/4766/2071
f 4769/4769/2072 4768/4768/2072 4764/4764/2072
f 4769/4769/2073 4773/4773/2073 4768/4768/2073
f 4774/4774/2074 4769/4769/2075 4770/4770/2076
f 4774/4774/2074 4775/4775/2077 4769/4769/2075
f 4776/4776/2078 4770/4770/2079 4771/4771/2080
f 4776/4776/2078 4774/4774/2081 4770/4770/2079
f 4772/4772/2082 4776/4776/2083 4771/4771/2084
f 4772/4772/2082 4777/4777/2085 4776/4776/2083
f 4769/4769/2086 4778/4778/2087 4773/4773/2088
f 4769/4769/2086 4775/4775/2089 4778/4778/2087
f 4774/4774/2090 4779/4779/2090 4775/4775/2090
f 4774/4774/2090 4780/4780/2090 4779/4779/2090
f 4776/4776/2091 4780/4780/2091 4774/4774/2091
f 4776/4776/2091 4781/4781/2091 4780/4780/2091
f 4782/4782/2092 4776/4776/2092 4777/4777/2092
f 4782/4782/2092 4781/4781/2092 4776/4776/2092
f 4779/4779/2093 4778/4778/2093 4775/4775/2093
f 4779/4779/2093 4783/4783/2093 4778/4778/2093
f 4780/4780/2094 4784/4784/2094 4779/4779/2094
f 4780/4780/2095 4785/4785/2096 4784/4784/2096
f 4781/4781/2097 4785/4785/2097 4780/4780/2097
f 4781/4781/2098 4786/4786/2099 4785/4785/2099
f 4787/4787/2100 4781/4781/2100 4782/4782/2100
f 4787/4787/2101 4786/4786/2102 4781/4781/2103
f 4784/4784/2104 4783/4783/2104 4779/4779/2104
f 4784/4784/2105 4788/4788/2105 4783/4783/2106
f 4785/4785/2096 4789/4789/2107 4784/4784/2096
f 4785/4785/2108 4790/4790/2108 4789/4789/2108
f 4786/4786/2099 4790/4790/2109 4785/4785/2099
f 4786/4786/2109 4791/4791/2109 4790/4790/2109
f 4792/4792/2110 4786/4786/2102 4787/4787/2101
f 4792/4792/2110 4791/4791/2110 4786/4786/2102
f 4789/4789/2111 4788/4788/2105 4784/4784/2105
f 4789/4789/2111 4793/4793/2111 4788/4788/2105
f 4794/4794/2112 4795/4795/2112 4796/4796/2112
f 4794/4794/2113 4797/4797/2113 4795/4795/2113
f 4798/4798/2114 4797/4797/2114 4794/4794/2114
f 4798/4798/2114 4799/4799/2114 4797/4797/2114
f 4800/4800/2115 4798/4798/2115 4801/4801/2115
f 4800/4800/2116 4799/4799/2116 4798/4798/2116
f 4795/4795/2117 4802/4802/2117 4796/4796/2117
f 4795/4795/2117 4803/4803/2117 4802/4802/2117
f 4797/4797/2118 4804/4804/2119 4795/4795/2118
f 4797/4797/2118 4805/4805/2120 4804/4804/2119
f 4799/4799/2121 4805/4805/2122 4797/4797/2121
f 4799/4799/2121 4806/4806/2123 4805/4805/2122
f 4807/4807/2124 4799/4799/2125 4800/4800/2125
f 4807/4807/2124 4806/4806/2126 4799/4799/2125
f 4804/4804/2127 4803/4803/2127 4795/4795/2127
f 4804/4804/2128 4808/4808/2129 4803/4803/2127
f 4805/4805/2120 4809/4809/2130 4804/4804/2119
f 4805/4805/2120 4810/4810/2130 4809/4809/2130
f 4806/4806/2123 4810/4810/2131 4805/4805/2122
f 4806/4806/2123 4811/4811/2131 4810/4810/2131
f 4812/4812/2132 4806/4806/2126 4807/4807/2124
f 4812/4812/2132 4811/4811/2132 4806/4806/2132
f 4809/4809/2133 4808/4808/2129 4804/4804/2128
f 4809/4809/2133 4813/4813/2133 4808/4808/2129
f 4810/4810/2134 4814/4814/2134 4809/4809/2134
f 4810/4810/2134 4815/4815/2134 4814/4814/2134
f 4811/4811/2135 4815/4815/2136 4810/4810/2135
f 4811/4811/2135 4816/4816/2136 4815/4815/2136
f 4817/4817/2137 4811/4811/2137 4812/4812/2137
f 4817/4817/2137 4816/4816/2137 4811/4811/2137
f 4814/4814/2138 4813/4813/2138 4809/4809/2138
f 4814/4814/2139 4818/4818/2139 4813/4813/2139
f 4815/4815/2140 4819/4819/2141 4814/4814/2140
f 4815/4815/2140 4820/4820/2142 4819/4819/2141
f 4816/4816/2143 4820/4820/2144 4815/4815/2143
f 4816/4816/2143 4821/4821/2145 4820/4820/2144
f 4822/4822/2146 4816/4816/2147 4817/4817/2147
f 4822/4822/2146 4821/4821/2148 4816/4816/2147
f 4819/4819/2149 4818/4818/2149 4814/4814/2149
f 4819/4819/2150 4823/4823/2151 4818/4818/2152
f 4820/4820/2142 4824/4824/2153 4819/4819/2141
f 4820/4820/2142 4825/4825/2154 4824/4824/2153
f 4821/4821/2145 4825/4825/2155 4820/4820/2144
f 4821/4821/2145 4826/4826/2156 4825/4825/2155
f 4827/4827/2157 4821/4821/2148 4822/4822/2146
f 4827/4827/2157 4826/4826/2158 4821/4821/2148
f 4824/4824/2159 4823/4823/2151 4819/4819/2150
f 4824/4824/2159 4828/4828/2160 4823/4823/2151
f 4825/4825/2154 4829/4829/2161 4824/4824/2153
f 4825/4825/2154 4830/4830/2161 4829/4829/2161
f 4826/4826/2156 4830/4830/2162 4825/4825/2155
f 4826/4826/2156 4831/4831/2162 4830/4830/2162
f 4832/4832/2163 4826/4826/2158 4827/4827/2157
f 4832/4832/2163 4831/4831/2163 4826/4826/2163
f 4829/4829/2164 4828/4828/2160 4824/4824/2159
f 4829/4829/2164 4833/4833/2164 4828/4828/2160
f 4830/4830/2165 4834/4834/2166 4829/4829/2165
f 4830/4830/2165 4835/4835/2166 4834/4834/2166
f 4831/4831/2167 4835/4835/2168 4830/4830/2167
f 4831/4831/2167 4836/4836/2168 4835/4835/2168
f 4837/4837/2169 4831/4831/2169 4832/4832/2169
f 4837/4837/2170 4836/4836/2170 4831/4831/2170
f 4834/4834/2171 4833/4833/2171 4829/4829/2171
f 4834/4834/2172 4838/4838/2172 4833/4833/2172
f 4835/4835/2173 4839/4839/2174 4834/4834/2175
f 4835/4835/2173 4840/4840/2176 4839/4839/2174
f 4836/4836/2177 4840/4840/2178 4835/4835/2179
f 4836/4836/2177 4841/4841/2180 4840/4840/2178
f 4842/4842/2181 4836/4836/2181 4837/4837/2181
f 4842/4842/2182 4841/4841/2182 4836/4836/2182
f 4839/4839/2183 4838/4838/2183 4834/4834/2183
f 4839/4839/2184 4843/4843/2184 4838/4838/2184
f 4844/4844/2185 4839/4839/2186 4840/4840/2187
f 4844/4844/2185 4845/4845/2185 4839/4839/2186
f 4846/4846/2188 4840/4840/2188 4841/4841/2188
f 4846/4846/2188 4844/4844/2188 4840/4840/2188
f 4842/4842/2189 4846/4846/2189 4841/4841/2189
f 4842/4842/2189 4847/4847/2189 4846/4846/2189
f 4839/4839/2190 4848/4848/2190 4843/4843/2190
f 4839/4839/2190 4845/4845/2190 4848/4848/2190
f 4844/4844/2191 4849/4849/2191 4845/4845/2191
f 4844/4844/2192 4850/4850/2192 4849/4849/2192
f 4846/4846/2193 4850/4850/2193 4844/4844/2193
f 4846/4846/2194 4851/4851/2194 4850/4850/2194
f 4852/4852/2195 4846/4846/2195 4847/4847/2195
f 4852/4852/2196 4851/4851/2196 4846/4846/2196
f 4849/4849/2197 4848/4848/2197 4845/4845/2197
f 4849/4849/2198 4853/4853/2198 4848/4848/2198
f 4850/4850/2199 4854/4854/2199 4849/4849/2199
f 4850/4850/2200 4855/4855/2200 4854/4854/2200
f 4851/4851/2201 4855/4855/2201 4850/4850/2201
f 4851/4851/2202 4856/4856/2202 4855/4855/2202
f 4857/4857/2203 4851/4851/2203 4852/4852/2203
f 4857/4857/2204 4856/4856/2204 4851/4851/2204
f 4854/4854/2205 4853/4853/2205 4849/4849/2205
f 4854/4854/2206 4858/4858/2206 4853/4853/2206
f 4855/4855/2207 4859/4859/2207 4854/4854/2207
f 4855/4855/2208 4860/4860/2208 4859/4859/2208
f 4856/4856/2209 4860/4860/2209 4855/4855/2209
f 4856/4856/2210 4861/4861/2210 4860/4860/2210
f 4862/4862/2211 4856/4856/2211 4857/4857/2211
f 4862/4862/2212 4861/4861/2212 4856/4856/2212
f 4859/4859/2213 4858/4858/2213 4854/4854/2213
f 4859/4859/2214 4863/4863/2214 4858/4858/2214
f 4860/4860/2215 4864/4864/2215 4859/4859/2215
f 4860/4860/2216 4865/4865/2216 4864/4864/2216
f 4861/4861/2217 4865/4865/2217 4860/4860/2217
f 4861/4861/2218 4866/4866/2218 4865/4865/2218
f 4867/4867/2219 4861/4861/2219 4862/4862/2219
f 4867/4867/2220 4866/4866/2220 4861/4861/2220
f 4864/4864/2221 4863/4863/2221 4859/4859/2221
f 4864/4864/2222 4868/4868/2222 4863/4863/2222
f 4865/4865/2223 4869/4869/2224 4864/4864/2225
f 4865/4865/2223 4870/4870/2226 4869/4869/2224
f 4866/4866/2227 4870/4870/2228 4865/4865/2229
f 4866/4866/2227 4871/4871/2230 4870/4870/2228
f 4872/4872/2231 4866/4866/2231 4867/4867/2231
f 4872/4872/2232 4871/4871/2232 4866/4866/2232
f 4869/4869/2233 4868/4868/2233 4864/4864/2233
f 4869/4869/2234 4873/4873/2234 4868/4868/2234
f 4870/4870/2235 4874/4874/2235 4869/4869/2235
f 4870/4870/2236 4875/4875/2236 4874/4874/2236
f 4871/4871/2237 4875/4875/2237 4870/4870/2237
f 4871/4871/2238 4876/4876/2238 4875/4875/2238
f 4877/4877/2239 4871/4871/2240 4872/4872/2241
f 4877/4877/2239 4876/4876/2242 4871/4871/2240
f 4874/4874/2243 4873/4873/2243 4869/4869/2243
f 4874/4874/2244 4878/4878/2244 4873/4873/2244
f 4600/4600/2245 4610/4610/2246 4613/4613/2246
f 4600/4600/2245 4599/4599/2245 4610/4610/2246
f 4879/4879/2247 4880/4880/2247 4881/4881/2247
f 4879/4879/2248 4882/4882/2248 4880/4880/2248
f 4883/4883/2249 4884/4884/2249 4885/4885/2249
f 4883/4883/2250 4886/4886/2250 4884/4884/2250
f 4887/4887/2251 4888/4888/2252 4889/4889/2253
f 4887/4887/2251 4890/4890/2254 4888/4888/2252
f 4891/4891/2255 4892/4892/2256 4893/4893/2257
f 4891/4891/2255 4894/4894/2258 4892/4892/2256
f 4895/4895/2259 4879/4879/2260 4896/4896/2261
f 4895/4895/2259 4882/4882/2262 4879/4879/2260
f 4897/4897/2263 4883/4883/2264 4898/4898/2265
f 4897/4897/2263 4886/4886/2266 4883/4883/2264
f 4899/4899/2267 4900/4900/2268 4901/4901/2269
f 4899/4899/2267 4889/4889/2270 4900/4900/2268
f 4891/4891/2271 4902/4902/2271 4903/4903/2271
f 4891/4891/2272 4893/4893/2272 4902/4902/2272
f 4904/4904/2273 4905/4905/2273 211/211/2273
f 4904/4904/2274 4906/4906/2274 4905/4905/2274
f 4906/4906/2275 3383/3383/2275 4905/4905/2275
f 4906/4906/2276 3386/3386/2276 3383/3383/2276
f 209/209/2277 4907/4907/2277 212/212/2277
f 209/209/2278 3385/3385/2278 4907/4907/2278
f 4908/4908/2279 3385/3385/2279 191/191/2279
f 4908/4908/2280 4909/4909/2280 3385/3385/2280
f 4910/4910/2281 4908/4908/2281 198/198/2281
f 4910/4910/2282 4909/4909/2282 4908/4908/2282
f 211/211/2283 198/198/2283 202/202/2283
f 211/211/2284 4910/4910/2284 198/198/2284
f 4911/4911/2285 202/202/2285 4912/4912/2285
f 4911/4911/2286 211/211/2286 202/202/2286
f 4912/4912/2287 3385/3385/2287 4911/4911/2287
f 4912/4912/2288 191/191/2288 3385/3385/2288
f 4913/4913/233 4914/4914/233 4915/4915/233
f 4913/4913/233 4916/4916/233 4914/4914/233
f 4917/4917/234 4916/4916/234 4918/4918/234
f 4917/4917/234 4919/4919/234 4916/4916/234
f 4920/4920/235 4921/4921/235 4922/4922/235
f 4920/4920/235 4923/4923/235 4921/4921/235
f 4924/4924/236 4925/4925/2289 4926/4926/2289
f 4924/4924/236 4927/4927/236 4925/4925/2289
f 4928/4928/237 4929/4929/237 4930/4930/237
f 4928/4928/237 4931/4931/237 4929/4929/237
f 4932/4932/238 4933/4933/238 4934/4934/238
f 4932/4932/239 4935/4935/239 4933/4933/239
f 4936/4936/2290 4937/4937/2290 4938/4938/2290
f 4936/4936/2291 4939/4939/2291 4937/4937/2291
f 4940/4940/2273 4941/4941/2273 4934/4934/2273
f 4940/4940/2274 4942/4942/2274 4941/4941/2274
f 4942/4942/2275 4936/4936/2275 4941/4941/2275
f 4942/4942/2276 4939/4939/2276 4936/4936/2276
f 4932/4932/2277 4943/4943/2277 4935/4935/2277
f 4932/4932/2278 4938/4938/2278 4943/4943/2278
f 4944/4944/2279 4938/4938/2279 4914/4914/2279
f 4944/4944/2280 4945/4945/2280 4938/4938/2280
f 4946/4946/2281 4944/4944/2281 4921/4921/2281
f 4946/4946/2282 4945/4945/2282 4944/4944/2282
f 4934/4934/2283 4921/4921/2283 4925/4925/2283
f 4934/4934/2284 4946/4946/2284 4921/4921/2284
f 4947/4947/2285 4925/4925/2285 4948/4948/2285
f 4947/4947/2286 4934/4934/2286 4925/4925/2286
f 4948/4948/2292 4938/4938/2292 4947/4947/2292
f 4948/4948/2293 4914/4914/2293 4938/4938/2293
f 4949/4949/2294 4950/4950/2294 4951/4951/2294
f 4949/4949/2294 4952/4952/2294 4950/4950/2294
f 4952/4952/2295 4953/4953/2295 4954/4954/2295
f 4952/4952/2295 4955/4955/2295 4953/4953/2295
f 4956/4956/2296 4957/4957/2296 4958/4958/2296
f 4956/4956/2296 4959/4959/2296 4957/4957/2296
f 4960/4960/2297 4961/4961/2297 4962/4962/2297
f 4960/4960/2297 4963/4963/2297 4961/4961/2297
f 4964/4964/2298 4965/4965/2298 4966/4966/2298
f 4964/4964/2298 4967/4967/2298 4965/4965/2298
f 4968/4968/2299 4969/4969/2299 4970/4970/2299
f 4968/4968/2300 4971/4971/2300 4969/4969/2300
f 4972/4972/2301 4973/4973/2301 4974/4974/2301
f 4972/4972/2302 4975/4975/2302 4973/4973/2302
f 4976/4976/2303 4977/4977/2303 4970/4970/2303
f 4976/4976/2304 4978/4978/2304 4977/4977/2304
f 4979/4979/2305 4978/4978/2305 4976/4976/2305
f 4979/4979/2306 4974/4974/2306 4978/4978/2306
f 4969/4969/2307 4980/4980/2307 4975/4975/2307
f 4969/4969/2308 4971/4971/2308 4980/4980/2308
f 4981/4981/2309 4975/4975/2310 4972/4972/2311
f 4981/4981/2309 4949/4949/2312 4975/4975/2310
f 4981/4981/2313 4982/4982/2313 4956/4956/2313
f 4981/4981/2314 4972/4972/2314 4982/4982/2314
f 4956/4956/2315 4970/4970/2315 4960/4960/2315
f 4956/4956/2316 4982/4982/2316 4970/4970/2316
f 4983/4983/2317 4960/4960/2317 4970/4970/2317
f 4983/4983/2318 4984/4984/2318 4960/4960/2318
f 4984/4984/2319 4975/4975/2319 4949/4949/2319
f 4984/4984/2320 4983/4983/2320 4975/4975/2320
f 4985/4985/2294 4986/4986/2294 4987/4987/2294
f 4985/4985/2294 4988/4988/2294 4986/4986/2294
f 4988/4988/2295 4989/4989/2295 4990/4990/2295
f 4988/4988/2295 4991/4991/2295 4989/4989/2295
f 4992/4992/2296 4993/4993/2296 4994/4994/2296
f 4992/4992/2296 4995/4995/2296 4993/4993/2296
f 4996/4996/2321 4997/4997/2321 4998/4998/2321
f 4996/4996/2321 4999/4999/2321 4997/4997/2321
f 5000/5000/2298 5001/5001/2298 5002/5002/2298
f 5000/5000/2298 5003/5003/2298 5001/5001/2298
f 5004/5004/2322 5005/5005/2322 5006/5006/2322
f 5004/5004/2323 5007/5007/2323 5005/5005/2323
f 5008/5008/2324 5009/5009/2324 5010/5010/2324
f 5008/5008/2325 5011/5011/2325 5009/5009/2325
f 5012/5012/2326 5013/5013/2326 5006/5006/2326
f 5012/5012/2304 5014/5014/2304 5013/5013/2304
f 5015/5015/2305 5014/5014/2305 5012/5012/2305
f 5015/5015/2327 5010/5010/2327 5014/5014/2327
f 5005/5005/2307 5016/5016/2307 5011/5011/2307
f 5005/5005/2308 5007/5007/2308 5016/5016/2308
f 5017/5017/2328 5011/5011/2329 5008/5008/2330
f 5017/5017/2328 4985/4985/2312 5011/5011/2329
f 5017/5017/2313 5018/5018/2313 4992/4992/2313
f 5017/5017/2331 5008/5008/2331 5018/5018/2331
f 4992/4992/2332 5006/5006/2332 4996/4996/2332
f 4992/4992/2333 5018/5018/2333 5006/5006/2333
f 5019/5019/2317 4996/4996/2317 5006/5006/2317
f 5019/5019/2318 5020/5020/2318 4996/4996/2318
f 5020/5020/2319 5011/5011/2319 4985/4985/2319
f 5020/5020/2320 5019/5019/2320 5011/5011/2320
o Wheels_Right_Object_4.002
v -0.095757 0.060701 0.116986
v -0.114233 0.048051 0.116986
v -0.095757 0.052643 0.125043
v -0.114233 0.039994 0.125043
v -0.114233 0.056108 0.125043
v -0.095757 0.068758 0.125043
v -0.095757 0.060701 0.133100
v -0.114233 0.056108 0.125043
v -0.095757 0.068758 0.125043
v -0.114233 0.048051 0.133100
v -0.095757 0.052643 0.125043
v -0.114233 0.039994 0.125043
v -0.152473 0.048051 0.116986
v -0.114233 0.039994 0.125043
v -0.114233 0.048051 0.116986
v -0.152473 0.039994 0.125043
v -0.152473 0.056108 0.125043
v -0.114233 0.048051 0.116986
v -0.114233 0.056108 0.125043
v -0.152473 0.048051 0.133100
v -0.114233 0.056108 0.125043
v -0.114233 0.048051 0.133100
v -0.152473 0.056108 0.125043
v -0.152473 0.039994 0.125043
v -0.114233 0.048051 0.133100
v -0.114233 0.039994 0.125043
v -0.112951 0.077682 0.094860
v -0.122890 0.048051 0.082586
v -0.112951 0.048051 0.082586
v -0.122890 0.077682 0.094860
v -0.112951 0.089955 0.124491
v -0.122890 0.077682 0.094860
v -0.112951 0.077682 0.094860
v -0.122890 0.089955 0.124491
v -0.112951 0.077682 0.154122
v -0.122890 0.077682 0.154122
v -0.112951 0.048051 0.166396
v -0.122890 0.048051 0.166396
v -0.112951 0.018420 0.154122
v -0.122890 0.048051 0.166396
v -0.112951 0.048051 0.166396
v -0.122890 0.018420 0.154122
v -0.112951 0.006146 0.124491
v -0.122890 0.006146 0.124491
v -0.112951 0.018420 0.094860
v -0.122890 0.006146 0.124491
v -0.112951 0.006146 0.124491
v -0.122890 0.018420 0.094860
v -0.112951 0.018420 0.094860
v -0.112951 0.048051 0.166396
v -0.112951 0.048051 0.082586
v -0.112951 0.018420 0.154122
v -0.122890 0.048051 0.082586
v -0.122890 0.018420 0.154122
v -0.122890 0.018420 0.094860
v -0.122890 0.048051 0.166396
v -0.112951 0.077682 0.094860
v -0.112951 0.077682 0.154122
v -0.122890 0.077682 0.154122
v -0.122890 0.077682 0.094860
v -0.112951 0.006146 0.124491
v -0.122890 0.006146 0.124491
v -0.112951 0.089955 0.124491
v -0.122890 0.089955 0.124491
v -0.151154 0.070619 0.159580
v -0.160324 0.085250 0.143565
v -0.151154 0.085250 0.143565
v -0.160324 0.070619 0.159580
v -0.151154 0.049941 0.166133
v -0.160324 0.070619 0.159580
v -0.151154 0.070619 0.159580
v -0.160324 0.049941 0.166133
v -0.151154 0.028757 0.161470
v -0.160324 0.028757 0.161470
v -0.151154 0.012742 0.146839
v -0.160324 0.012742 0.146839
v -0.151154 0.006189 0.126162
v -0.160324 0.006189 0.126162
v -0.151154 0.010852 0.104977
v -0.160324 0.006189 0.126162
v -0.151154 0.006189 0.126162
v -0.160324 0.010852 0.104977
v -0.151154 0.025483 0.088963
v -0.160324 0.025483 0.088963
v -0.151154 0.046160 0.082409
v -0.160324 0.046160 0.082409
v -0.151154 0.067345 0.087073
v -0.160324 0.067345 0.087073
v -0.151154 0.083359 0.101703
v -0.160324 0.067345 0.087073
v -0.151154 0.067345 0.087073
v -0.160324 0.083359 0.101703
v -0.151154 0.089912 0.122381
v -0.160324 0.089912 0.122381
v -0.151154 0.089912 0.122381
v -0.151154 0.010852 0.104977
v -0.151154 0.085250 0.143565
v -0.151154 0.025483 0.088963
v -0.160324 0.085250 0.143565
v -0.160324 0.025483 0.088963
v -0.160324 0.089912 0.122381
v -0.160324 0.010852 0.104977
v -0.151154 0.070619 0.159580
v -0.151154 0.006189 0.126162
v -0.160324 0.006189 0.126162
v -0.160324 0.070619 0.159580
v -0.151154 0.046160 0.082409
v -0.151154 0.083359 0.101703
v -0.160324 0.083359 0.101703
v -0.160324 0.046160 0.082409
v -0.151154 0.049941 0.166133
v -0.151154 0.012742 0.146839
v -0.160324 0.012742 0.146839
v -0.160324 0.049941 0.166133
v -0.151154 0.067345 0.087073
v -0.160324 0.067345 0.087073
v -0.151154 0.028757 0.161470
v -0.160324 0.028757 0.161470
v -0.126058 0.012355 0.152698
v -0.146181 0.006162 0.173487
v -0.126058 0.006162 0.173487
v -0.146181 0.012355 0.152698
v -0.126058 0.028112 0.137791
v -0.146181 0.012355 0.152698
v -0.126058 0.012355 0.152698
v -0.146181 0.028112 0.137791
v -0.126058 0.049212 0.132760
v -0.146181 0.049212 0.132760
v -0.126058 0.070001 0.138953
v -0.146181 0.070001 0.138953
v -0.126058 0.084908 0.154710
v -0.146181 0.084908 0.154710
v -0.126058 0.089940 0.175810
v -0.146181 0.084908 0.154710
v -0.126058 0.084908 0.154710
v -0.146181 0.089940 0.175810
v -0.126058 0.083746 0.196599
v -0.146181 0.083746 0.196599
v -0.126058 0.067989 0.211506
v -0.146181 0.067989 0.211506
v -0.126058 0.046889 0.216537
v -0.146181 0.046889 0.216537
v -0.126058 0.026100 0.210344
v -0.146181 0.046889 0.216537
v -0.126058 0.046889 0.216537
v -0.146181 0.026100 0.210344
v -0.126058 0.011194 0.194587
v -0.146181 0.011194 0.194587
v -0.126058 0.011194 0.194587
v -0.126058 0.089940 0.175810
v -0.126058 0.006162 0.173487
v -0.126058 0.083746 0.196599
v -0.146181 0.006162 0.173487
v -0.146181 0.083746 0.196599
v -0.146181 0.011194 0.194587
v -0.146181 0.089940 0.175810
v -0.126058 0.012355 0.152698
v -0.126058 0.084908 0.154710
v -0.146181 0.084908 0.154710
v -0.146181 0.012355 0.152698
v -0.126058 0.067989 0.211506
v -0.126058 0.026100 0.210344
v -0.146181 0.026100 0.210344
v -0.146181 0.067989 0.211506
v -0.126058 0.028112 0.137791
v -0.126058 0.070001 0.138953
v -0.146181 0.070001 0.138953
v -0.146181 0.028112 0.137791
v -0.126058 0.046889 0.216537
v -0.146181 0.046889 0.216537
v -0.126058 0.049212 0.132760
v -0.146181 0.049212 0.132760
v -0.108796 0.047517 0.166714
v -0.095758 0.052643 0.174518
v -0.095758 0.060701 0.166461
v -0.108796 0.040254 0.175135
v -0.108796 0.055799 0.174065
v -0.095758 0.060701 0.166461
v -0.095758 0.068758 0.174518
v -0.108796 0.047517 0.166714
v -0.095758 0.060701 0.182575
v -0.108796 0.055799 0.174065
v -0.095758 0.068758 0.174518
v -0.108796 0.048479 0.182214
v -0.095758 0.052643 0.174518
v -0.108796 0.048479 0.182214
v -0.095758 0.060701 0.182575
v -0.108796 0.040254 0.175135
v -0.128372 0.039998 0.174528
v -0.108796 0.040254 0.175135
v -0.128372 0.048042 0.166465
v -0.108796 0.047517 0.166714
v -0.128372 0.056103 0.174510
v -0.108796 0.055799 0.174065
v -0.145527 0.042310 0.169283
v -0.159949 0.039994 0.174518
v -0.145542 0.039994 0.174518
v -0.159959 0.042310 0.169283
v -0.145521 0.053488 0.168882
v -0.159949 0.048051 0.166461
v -0.145537 0.048051 0.166461
v -0.159959 0.053488 0.168882
v -0.145522 0.053526 0.180125
v -0.159949 0.056108 0.174518
v -0.145534 0.056108 0.174518
v -0.159959 0.053526 0.180125
v -0.145528 0.042459 0.179912
v -0.159949 0.048051 0.182575
v -0.145539 0.048051 0.182575
v -0.159959 0.042459 0.179912
v -0.159949 0.056108 0.174518
v -0.145534 0.056108 0.174518
v -0.159949 0.039994 0.174518
v -0.145542 0.039994 0.174518
v -0.159959 0.053488 0.168882
v -0.159959 0.042310 0.169283
v -0.159949 0.048051 0.166461
v -0.159949 0.056108 0.174518
v -0.159959 0.053526 0.180125
v -0.159949 0.039994 0.174518
v -0.159959 0.042459 0.179912
v -0.159949 0.048051 0.182575
v -0.114233 0.048051 0.012153
v -0.095757 0.052643 0.020210
v -0.095757 0.060701 0.012153
v -0.114233 0.039994 0.020210
v -0.114233 0.056108 0.020210
v -0.095757 0.068758 0.020210
v -0.095757 0.060701 0.028267
v -0.114233 0.056108 0.020210
v -0.095757 0.068758 0.020210
v -0.114233 0.048051 0.028267
v -0.095757 0.052643 0.020210
v -0.114233 0.039994 0.020210
v -0.152473 0.048051 0.012153
v -0.114233 0.039994 0.020210
v -0.114233 0.048051 0.012153
v -0.152473 0.039994 0.020210
v -0.152473 0.056108 0.020210
v -0.114233 0.048051 0.012153
v -0.114233 0.056108 0.020210
v -0.152473 0.048051 0.028267
v -0.114233 0.056108 0.020210
v -0.114233 0.048051 0.028267
v -0.152473 0.056108 0.020210
v -0.152473 0.039994 0.020210
v -0.114233 0.048051 0.028267
v -0.114233 0.039994 0.020210
v -0.112951 0.077682 -0.009973
v -0.122890 0.048051 -0.022247
v -0.112951 0.048051 -0.022247
v -0.122890 0.077682 -0.009973
v -0.112951 0.089955 0.019658
v -0.122890 0.077682 -0.009973
v -0.112951 0.077682 -0.009973
v -0.122890 0.089955 0.019658
v -0.112951 0.077682 0.049289
v -0.122890 0.077682 0.049289
v -0.112951 0.048051 0.061563
v -0.122890 0.048051 0.061563
v -0.112951 0.018420 0.049289
v -0.122890 0.048051 0.061563
v -0.112951 0.048051 0.061563
v -0.122890 0.018420 0.049289
v -0.112951 0.006146 0.019658
v -0.122890 0.006146 0.019658
v -0.112951 0.018420 -0.009973
v -0.122890 0.006146 0.019658
v -0.112951 0.006146 0.019658
v -0.122890 0.018420 -0.009973
v -0.112951 0.018420 -0.009973
v -0.112951 0.048051 0.061563
v -0.112951 0.048051 -0.022247
v -0.112951 0.018420 0.049289
v -0.122890 0.048051 -0.022247
v -0.122890 0.018420 0.049289
v -0.122890 0.018420 -0.009973
v -0.122890 0.048051 0.061563
v -0.112951 0.077682 -0.009973
v -0.112951 0.077682 0.049289
v -0.122890 0.077682 0.049289
v -0.122890 0.077682 -0.009973
v -0.112951 0.006146 0.019658
v -0.122890 0.006146 0.019658
v -0.112951 0.089955 0.019658
v -0.122890 0.089955 0.019658
v -0.151154 0.087839 0.032586
v -0.160324 0.089083 0.010930
v -0.151154 0.089083 0.010930
v -0.160324 0.087839 0.032586
v -0.151154 0.075935 0.050719
v -0.160324 0.087839 0.032586
v -0.151154 0.087839 0.032586
v -0.160324 0.075935 0.050719
v -0.151154 0.056559 0.060470
v -0.160324 0.056559 0.060470
v -0.151154 0.034903 0.059227
v -0.160324 0.034903 0.059227
v -0.151154 0.016771 0.047323
v -0.160324 0.016771 0.047323
v -0.151154 0.007019 0.027947
v -0.160324 0.016771 0.047323
v -0.151154 0.016771 0.047323
v -0.160324 0.007019 0.027947
v -0.151154 0.008262 0.006291
v -0.160324 0.008262 0.006291
v -0.151154 0.020166 -0.011842
v -0.160324 0.020166 -0.011842
v -0.151154 0.039542 -0.021593
v -0.160324 0.039542 -0.021593
v -0.151154 0.061198 -0.020350
v -0.160324 0.039542 -0.021593
v -0.151154 0.039542 -0.021593
v -0.160324 0.061198 -0.020350
v -0.151154 0.079331 -0.008446
v -0.160324 0.079331 -0.008446
v -0.151154 0.079331 -0.008446
v -0.151154 0.007019 0.027947
v -0.151154 0.089083 0.010930
v -0.151154 0.008262 0.006291
v -0.160324 0.089083 0.010930
v -0.160324 0.008262 0.006291
v -0.160324 0.079331 -0.008446
v -0.160324 0.007019 0.027947
v -0.151154 0.087839 0.032586
v -0.151154 0.016771 0.047323
v -0.160324 0.016771 0.047323
v -0.160324 0.087839 0.032586
v -0.151154 0.020166 -0.011842
v -0.151154 0.061198 -0.020350
v -0.160324 0.061198 -0.020350
v -0.160324 0.020166 -0.011842
v -0.151154 0.075935 0.050719
v -0.151154 0.034903 0.059227
v -0.160324 0.034903 0.059227
v -0.160324 0.075935 0.050719
v -0.151154 0.039542 -0.021593
v -0.160324 0.039542 -0.021593
v -0.151154 0.056559 0.060470
v -0.160324 0.056559 0.060470
v -0.126058 0.029909 0.107589
v -0.146181 0.051227 0.111600
v -0.126058 0.051227 0.111600
v -0.146181 0.029909 0.107589
v -0.126058 0.013453 0.093458
v -0.146181 0.029909 0.107589
v -0.126058 0.029909 0.107589
v -0.146181 0.013453 0.093458
v -0.126058 0.006267 0.072992
v -0.146181 0.006267 0.072992
v -0.126058 0.010276 0.051674
v -0.146181 0.010276 0.051674
v -0.126058 0.024408 0.035218
v -0.146181 0.024408 0.035218
v -0.126058 0.044875 0.028031
v -0.146181 0.024408 0.035218
v -0.126058 0.024408 0.035218
v -0.146181 0.044875 0.028031
v -0.126058 0.066192 0.032042
v -0.146181 0.066192 0.032042
v -0.126058 0.082649 0.046173
v -0.146181 0.082649 0.046173
v -0.126058 0.089835 0.066639
v -0.146181 0.089835 0.066639
v -0.126058 0.085825 0.087957
v -0.146181 0.089835 0.066639
v -0.126058 0.089835 0.066639
v -0.146181 0.085825 0.087957
v -0.126058 0.071693 0.104413
v -0.146181 0.071693 0.104413
v -0.126058 0.071693 0.104413
v -0.126058 0.044875 0.028031
v -0.126058 0.051227 0.111600
v -0.126058 0.066192 0.032042
v -0.146181 0.051227 0.111600
v -0.146181 0.066192 0.032042
v -0.146181 0.071693 0.104413
v -0.146181 0.044875 0.028031
v -0.126058 0.029909 0.107589
v -0.126058 0.024408 0.035218
v -0.146181 0.024408 0.035218
v -0.146181 0.029909 0.107589
v -0.126058 0.082649 0.046173
v -0.126058 0.085825 0.087957
v -0.146181 0.085825 0.087957
v -0.146181 0.082649 0.046173
v -0.126058 0.013453 0.093458
v -0.126058 0.010276 0.051674
v -0.146181 0.010276 0.051674
v -0.146181 0.013453 0.093458
v -0.126058 0.089835 0.066639
v -0.146181 0.089835 0.066639
v -0.126058 0.006267 0.072992
v -0.146181 0.006267 0.072992
v -0.108796 0.047517 0.061881
v -0.095758 0.052643 0.069685
v -0.095758 0.060701 0.061628
v -0.108796 0.040254 0.070302
v -0.108796 0.055799 0.069232
v -0.095758 0.060701 0.061628
v -0.095758 0.068758 0.069685
v -0.108796 0.047517 0.061881
v -0.095758 0.060701 0.077742
v -0.108796 0.055799 0.069232
v -0.095758 0.068758 0.069685
v -0.108796 0.048479 0.077381
v -0.095758 0.052643 0.069685
v -0.108796 0.048479 0.077381
v -0.095758 0.060701 0.077742
v -0.108796 0.040254 0.070302
v -0.128372 0.039998 0.069695
v -0.108796 0.040254 0.070302
v -0.128372 0.048042 0.061632
v -0.108796 0.047517 0.061881
v -0.128372 0.056103 0.069678
v -0.108796 0.055799 0.069232
v -0.145527 0.042310 0.064450
v -0.159949 0.039994 0.069685
v -0.145542 0.039994 0.069685
v -0.159959 0.042310 0.064450
v -0.145521 0.053488 0.064049
v -0.159949 0.048051 0.061628
v -0.145537 0.048051 0.061628
v -0.159959 0.053488 0.064049
v -0.145522 0.053526 0.075292
v -0.159949 0.056108 0.069685
v -0.145534 0.056108 0.069685
v -0.159959 0.053526 0.075292
v -0.145528 0.042459 0.075079
v -0.159949 0.048051 0.077742
v -0.145539 0.048051 0.077742
v -0.159959 0.042459 0.075079
v -0.159949 0.056108 0.069685
v -0.145534 0.056108 0.069685
v -0.159949 0.039994 0.069685
v -0.145542 0.039994 0.069685
v -0.159959 0.053488 0.064049
v -0.159959 0.042310 0.064450
v -0.159949 0.048051 0.061628
v -0.159949 0.056108 0.069685
v -0.159959 0.053526 0.075292
v -0.159949 0.039994 0.069685
v -0.159959 0.042459 0.075079
v -0.159949 0.048051 0.077742
v -0.114233 0.048051 -0.091542
v -0.095757 0.052643 -0.083485
v -0.095757 0.060701 -0.091542
v -0.114233 0.039994 -0.083485
v -0.114233 0.056108 -0.083485
v -0.095757 0.068758 -0.083485
v -0.095757 0.060701 -0.075428
v -0.114233 0.056108 -0.083485
v -0.095757 0.068758 -0.083485
v -0.114233 0.048051 -0.075428
v -0.095757 0.052643 -0.083485
v -0.114233 0.039994 -0.083485
v -0.152473 0.048051 -0.091542
v -0.114233 0.039994 -0.083485
v -0.114233 0.048051 -0.091542
v -0.152473 0.039994 -0.083485
v -0.152473 0.056108 -0.083485
v -0.114233 0.048051 -0.091542
v -0.114233 0.056108 -0.083485
v -0.152473 0.048051 -0.075428
v -0.114233 0.056108 -0.083485
v -0.114233 0.048051 -0.075428
v -0.152473 0.056108 -0.083485
v -0.152473 0.039994 -0.083485
v -0.114233 0.048051 -0.075428
v -0.114233 0.039994 -0.083485
v -0.112951 0.077682 -0.113668
v -0.122890 0.048051 -0.125942
v -0.112951 0.048051 -0.125942
v -0.122890 0.077682 -0.113668
v -0.112951 0.089955 -0.084037
v -0.122890 0.077682 -0.113668
v -0.112951 0.077682 -0.113668
v -0.122890 0.089955 -0.084037
v -0.112951 0.077682 -0.054406
v -0.122890 0.077682 -0.054406
v -0.112951 0.048051 -0.042132
v -0.122890 0.048051 -0.042132
v -0.112951 0.018420 -0.054406
v -0.122890 0.048051 -0.042132
v -0.112951 0.048051 -0.042132
v -0.122890 0.018420 -0.054406
v -0.112951 0.006146 -0.084037
v -0.122890 0.006146 -0.084037
v -0.112951 0.018420 -0.113668
v -0.122890 0.006146 -0.084037
v -0.112951 0.006146 -0.084037
v -0.122890 0.018420 -0.113668
v -0.112951 0.018420 -0.113668
v -0.112951 0.048051 -0.042132
v -0.112951 0.048051 -0.125942
v -0.112951 0.018420 -0.054406
v -0.122890 0.048051 -0.125942
v -0.122890 0.018420 -0.054406
v -0.122890 0.018420 -0.113668
v -0.122890 0.048051 -0.042132
v -0.112951 0.077682 -0.113668
v -0.112951 0.077682 -0.054406
v -0.122890 0.077682 -0.054406
v -0.122890 0.077682 -0.113668
v -0.112951 0.006146 -0.084037
v -0.122890 0.006146 -0.084037
v -0.112951 0.089955 -0.084037
v -0.122890 0.089955 -0.084037
v -0.151154 0.023016 -0.050653
v -0.160324 0.043172 -0.042637
v -0.151154 0.043172 -0.042637
v -0.160324 0.023016 -0.050653
v -0.151154 0.009568 -0.067672
v -0.160324 0.023016 -0.050653
v -0.151154 0.023016 -0.050653
v -0.160324 0.009568 -0.067672
v -0.151154 0.006431 -0.089135
v -0.160324 0.006431 -0.089135
v -0.151154 0.014446 -0.109292
v -0.160324 0.014446 -0.109292
v -0.151154 0.031466 -0.122739
v -0.160324 0.031466 -0.122739
v -0.151154 0.052930 -0.125877
v -0.160324 0.031466 -0.122739
v -0.151154 0.031466 -0.122739
v -0.160324 0.052930 -0.125877
v -0.151154 0.073086 -0.117861
v -0.160324 0.073086 -0.117861
v -0.151154 0.086534 -0.100841
v -0.160324 0.086534 -0.100841
v -0.151154 0.089670 -0.079378
v -0.160324 0.089670 -0.079378
v -0.151154 0.081655 -0.059221
v -0.160324 0.089670 -0.079378
v -0.151154 0.089670 -0.079378
v -0.160324 0.081655 -0.059221
v -0.151154 0.064635 -0.045774
v -0.160324 0.064635 -0.045774
v -0.151154 0.064635 -0.045774
v -0.151154 0.052930 -0.125877
v -0.151154 0.043172 -0.042637
v -0.151154 0.073086 -0.117861
v -0.160324 0.043172 -0.042637
v -0.160324 0.073086 -0.117861
v -0.160324 0.064635 -0.045774
v -0.160324 0.052930 -0.125877
v -0.151154 0.023016 -0.050653
v -0.151154 0.031466 -0.122739
v -0.160324 0.031466 -0.122739
v -0.160324 0.023016 -0.050653
v -0.151154 0.086534 -0.100841
v -0.151154 0.081655 -0.059221
v -0.160324 0.081655 -0.059221
v -0.160324 0.086534 -0.100841
v -0.151154 0.009568 -0.067672
v -0.151154 0.014446 -0.109292
v -0.160324 0.014446 -0.109292
v -0.160324 0.009568 -0.067672
v -0.151154 0.089670 -0.079378
v -0.160324 0.089670 -0.079378
v -0.151154 0.006431 -0.089135
v -0.160324 0.006431 -0.089135
v -0.126058 0.068562 -0.070421
v -0.146181 0.047543 -0.075782
v -0.126058 0.047543 -0.075782
v -0.146181 0.068562 -0.070421
v -0.126058 0.084085 -0.055270
v -0.146181 0.068562 -0.070421
v -0.126058 0.068562 -0.070421
v -0.146181 0.084085 -0.055270
v -0.126058 0.089952 -0.034387
v -0.146181 0.089952 -0.034387
v -0.126058 0.084592 -0.013368
v -0.146181 0.084592 -0.013368
v -0.126058 0.069441 0.002154
v -0.146181 0.069441 0.002154
v -0.126058 0.048558 0.008022
v -0.146181 0.069441 0.002154
v -0.126058 0.069441 0.002154
v -0.146181 0.048558 0.008022
v -0.126058 0.027539 0.002662
v -0.146181 0.027539 0.002662
v -0.126058 0.012017 -0.012489
v -0.146181 0.012017 -0.012489
v -0.126058 0.006149 -0.033372
v -0.146181 0.006149 -0.033372
v -0.126058 0.011509 -0.054391
v -0.146181 0.006149 -0.033372
v -0.126058 0.006149 -0.033372
v -0.146181 0.011509 -0.054391
v -0.126058 0.026661 -0.069913
v -0.146181 0.026661 -0.069913
v -0.126058 0.026661 -0.069913
v -0.126058 0.048558 0.008022
v -0.126058 0.047543 -0.075782
v -0.126058 0.027539 0.002662
v -0.146181 0.047543 -0.075782
v -0.146181 0.027539 0.002662
v -0.146181 0.026661 -0.069913
v -0.146181 0.048558 0.008022
v -0.126058 0.068562 -0.070421
v -0.126058 0.069441 0.002154
v -0.146181 0.069441 0.002154
v -0.146181 0.068562 -0.070421
v -0.126058 0.012017 -0.012489
v -0.126058 0.011509 -0.054391
v -0.146181 0.011509 -0.054391
v -0.146181 0.012017 -0.012489
v -0.126058 0.084085 -0.055270
v -0.126058 0.084592 -0.013368
v -0.146181 0.084592 -0.013368
v -0.146181 0.084085 -0.055270
v -0.126058 0.006149 -0.033372
v -0.146181 0.006149 -0.033372
v -0.126058 0.089952 -0.034387
v -0.146181 0.089952 -0.034387
v -0.108796 0.047517 -0.041814
v -0.095758 0.052643 -0.034010
v -0.095758 0.060701 -0.042067
v -0.108796 0.040254 -0.033392
v -0.108796 0.055799 -0.034463
v -0.095758 0.060701 -0.042067
v -0.095758 0.068758 -0.034010
v -0.108796 0.047517 -0.041814
v -0.095758 0.060701 -0.025953
v -0.108796 0.055799 -0.034463
v -0.095758 0.068758 -0.034010
v -0.108796 0.048479 -0.026314
v -0.095758 0.052643 -0.034010
v -0.108796 0.048479 -0.026314
v -0.095758 0.060701 -0.025953
v -0.108796 0.040254 -0.033392
v -0.128372 0.039998 -0.034000
v -0.108796 0.040254 -0.033392
v -0.128372 0.048042 -0.042063
v -0.108796 0.047517 -0.041814
v -0.128372 0.056103 -0.034017
v -0.108796 0.055799 -0.034463
v -0.145527 0.042310 -0.039245
v -0.159949 0.039994 -0.034010
v -0.145542 0.039994 -0.034010
v -0.159959 0.042310 -0.039245
v -0.145521 0.053488 -0.039646
v -0.159949 0.048051 -0.042067
v -0.145537 0.048051 -0.042067
v -0.159959 0.053488 -0.039646
v -0.145522 0.053526 -0.028403
v -0.159949 0.056108 -0.034010
v -0.145534 0.056108 -0.034010
v -0.159959 0.053526 -0.028403
v -0.145528 0.042459 -0.028616
v -0.159949 0.048051 -0.025953
v -0.145539 0.048051 -0.025953
v -0.159959 0.042459 -0.028616
v -0.159949 0.056108 -0.034010
v -0.145534 0.056108 -0.034010
v -0.159949 0.039994 -0.034010
v -0.145542 0.039994 -0.034010
v -0.159959 0.053488 -0.039646
v -0.159959 0.042310 -0.039245
v -0.159949 0.048051 -0.042067
v -0.159949 0.056108 -0.034010
v -0.159959 0.053526 -0.028403
v -0.159949 0.039994 -0.034010
v -0.159959 0.042459 -0.028616
v -0.159949 0.048051 -0.025953
v -0.114233 0.048051 -0.194018
v -0.095757 0.052643 -0.185961
v -0.095757 0.060701 -0.194018
v -0.114233 0.039994 -0.185961
v -0.114233 0.056108 -0.185961
v -0.095757 0.068758 -0.185961
v -0.095757 0.060701 -0.177904
v -0.114233 0.056108 -0.185961
v -0.095757 0.068758 -0.185961
v -0.114233 0.048051 -0.177904
v -0.095757 0.052643 -0.185961
v -0.114233 0.039994 -0.185961
v -0.152473 0.048051 -0.194018
v -0.114233 0.039994 -0.185961
v -0.114233 0.048051 -0.194018
v -0.152473 0.039994 -0.185961
v -0.152473 0.056108 -0.185961
v -0.114233 0.048051 -0.194018
v -0.114233 0.056108 -0.185961
v -0.152473 0.048051 -0.177904
v -0.114233 0.056108 -0.185961
v -0.114233 0.048051 -0.177904
v -0.152473 0.056108 -0.185961
v -0.152473 0.039994 -0.185961
v -0.114233 0.048051 -0.177904
v -0.114233 0.039994 -0.185961
v -0.112951 0.077682 -0.216144
v -0.122890 0.048051 -0.228418
v -0.112951 0.048051 -0.228418
v -0.122890 0.077682 -0.216144
v -0.112951 0.089955 -0.186513
v -0.122890 0.077682 -0.216144
v -0.112951 0.077682 -0.216144
v -0.122890 0.089955 -0.186513
v -0.112951 0.077682 -0.156882
v -0.122890 0.077682 -0.156882
v -0.112951 0.048051 -0.144608
v -0.122890 0.048051 -0.144608
v -0.112951 0.018420 -0.156882
v -0.122890 0.048051 -0.144608
v -0.112951 0.048051 -0.144608
v -0.122890 0.018420 -0.156882
v -0.112951 0.006146 -0.186513
v -0.122890 0.006146 -0.186513
v -0.112951 0.018420 -0.216144
v -0.122890 0.006146 -0.186513
v -0.112951 0.006146 -0.186513
v -0.122890 0.018420 -0.216144
v -0.112951 0.018420 -0.216144
v -0.112951 0.048051 -0.144608
v -0.112951 0.048051 -0.228418
v -0.112951 0.018420 -0.156882
v -0.122890 0.048051 -0.228418
v -0.122890 0.018420 -0.156882
v -0.122890 0.018420 -0.216144
v -0.122890 0.048051 -0.144608
v -0.112951 0.077682 -0.216144
v -0.112951 0.077682 -0.156882
v -0.122890 0.077682 -0.156882
v -0.122890 0.077682 -0.216144
v -0.112951 0.006146 -0.186513
v -0.122890 0.006146 -0.186513
v -0.112951 0.089955 -0.186513
v -0.122890 0.089955 -0.186513
v -0.151154 0.079243 -0.158750
v -0.160324 0.089056 -0.178095
v -0.151154 0.089056 -0.178095
v -0.160324 0.079243 -0.158750
v -0.151154 0.061073 -0.146903
v -0.160324 0.079243 -0.158750
v -0.151154 0.079243 -0.158750
v -0.160324 0.061073 -0.146903
v -0.151154 0.039413 -0.145728
v -0.160324 0.039413 -0.145728
v -0.151154 0.020068 -0.155541
v -0.160324 0.020068 -0.155541
v -0.151154 0.008221 -0.173711
v -0.160324 0.008221 -0.173711
v -0.151154 0.007046 -0.195371
v -0.160324 0.008221 -0.173711
v -0.151154 0.008221 -0.173711
v -0.160324 0.007046 -0.195371
v -0.151154 0.016859 -0.214716
v -0.160324 0.016859 -0.214716
v -0.151154 0.035029 -0.226563
v -0.160324 0.035029 -0.226563
v -0.151154 0.056689 -0.227738
v -0.160324 0.056689 -0.227738
v -0.151154 0.076034 -0.217925
v -0.160324 0.056689 -0.227738
v -0.151154 0.056689 -0.227738
v -0.160324 0.076034 -0.217925
v -0.151154 0.087881 -0.199755
v -0.160324 0.087881 -0.199755
v -0.151154 0.087881 -0.199755
v -0.151154 0.007046 -0.195371
v -0.151154 0.089056 -0.178095
v -0.151154 0.016859 -0.214716
v -0.160324 0.089056 -0.178095
v -0.160324 0.016859 -0.214716
v -0.160324 0.087881 -0.199755
v -0.160324 0.007046 -0.195371
v -0.151154 0.079243 -0.158750
v -0.151154 0.008221 -0.173711
v -0.160324 0.008221 -0.173711
v -0.160324 0.079243 -0.158750
v -0.151154 0.035029 -0.226563
v -0.151154 0.076034 -0.217925
v -0.160324 0.076034 -0.217925
v -0.160324 0.035029 -0.226563
v -0.151154 0.061073 -0.146903
v -0.151154 0.020068 -0.155541
v -0.160324 0.020068 -0.155541
v -0.160324 0.061073 -0.146903
v -0.151154 0.056689 -0.227738
v -0.160324 0.056689 -0.227738
v -0.151154 0.039413 -0.145728
v -0.160324 0.039413 -0.145728
v -0.126058 0.063685 -0.097477
v -0.146181 0.081030 -0.110503
v -0.126058 0.081030 -0.110503
v -0.146181 0.063685 -0.097477
v -0.126058 0.042152 -0.094868
v -0.146181 0.063685 -0.097477
v -0.126058 0.063685 -0.097477
v -0.146181 0.042152 -0.094868
v -0.126058 0.022198 -0.103376
v -0.146181 0.022198 -0.103376
v -0.126058 0.009172 -0.120721
v -0.146181 0.009172 -0.120721
v -0.126058 0.006564 -0.142255
v -0.146181 0.006564 -0.142255
v -0.126058 0.015071 -0.162209
v -0.146181 0.006564 -0.142255
v -0.126058 0.006564 -0.142255
v -0.146181 0.015071 -0.162209
v -0.126058 0.032416 -0.175234
v -0.146181 0.032416 -0.175234
v -0.126058 0.053950 -0.177843
v -0.146181 0.053950 -0.177843
v -0.126058 0.073903 -0.169335
v -0.146181 0.073903 -0.169335
v -0.126058 0.086930 -0.151991
v -0.146181 0.073903 -0.169335
v -0.126058 0.073903 -0.169335
v -0.146181 0.086930 -0.151991
v -0.126058 0.089538 -0.130457
v -0.146181 0.089538 -0.130457
v -0.126058 0.089538 -0.130457
v -0.126058 0.015071 -0.162209
v -0.126058 0.081030 -0.110503
v -0.126058 0.032416 -0.175234
v -0.146181 0.081030 -0.110503
v -0.146181 0.032416 -0.175234
v -0.146181 0.089538 -0.130457
v -0.146181 0.015071 -0.162209
v -0.126058 0.063685 -0.097477
v -0.126058 0.006564 -0.142255
v -0.146181 0.006564 -0.142255
v -0.146181 0.063685 -0.097477
v -0.126058 0.053950 -0.177843
v -0.126058 0.086930 -0.151991
v -0.146181 0.086930 -0.151991
v -0.146181 0.053950 -0.177843
v -0.126058 0.042152 -0.094868
v -0.126058 0.009172 -0.120721
v -0.146181 0.009172 -0.120721
v -0.146181 0.042152 -0.094868
v -0.126058 0.073903 -0.169335
v -0.146181 0.073903 -0.169335
v -0.126058 0.022198 -0.103376
v -0.146181 0.022198 -0.103376
v -0.108796 0.047517 -0.144290
v -0.095758 0.052643 -0.136486
v -0.095758 0.060701 -0.144543
v -0.108796 0.040254 -0.135869
v -0.108796 0.055799 -0.136939
v -0.095758 0.060701 -0.144543
v -0.095758 0.068758 -0.136486
v -0.108796 0.047517 -0.144290
v -0.095758 0.060701 -0.128429
v -0.108796 0.055799 -0.136939
v -0.095758 0.068758 -0.136486
v -0.108796 0.048479 -0.128790
v -0.095758 0.052643 -0.136486
v -0.108796 0.048479 -0.128790
v -0.095758 0.060701 -0.128429
v -0.108796 0.040254 -0.135869
v -0.128372 0.039998 -0.136476
v -0.108796 0.040254 -0.135869
v -0.128372 0.048042 -0.144539
v -0.108796 0.047517 -0.144290
v -0.128372 0.056103 -0.136494
v -0.108796 0.055799 -0.136939
v -0.145527 0.042310 -0.141721
v -0.159949 0.039994 -0.136486
v -0.145542 0.039994 -0.136486
v -0.159959 0.042310 -0.141721
v -0.145521 0.053488 -0.142122
v -0.159949 0.048051 -0.144544
v -0.145537 0.048051 -0.144543
v -0.159959 0.053488 -0.142122
v -0.145522 0.053526 -0.130879
v -0.159949 0.056108 -0.136486
v -0.145534 0.056108 -0.136486
v -0.159959 0.053526 -0.130879
v -0.145528 0.042459 -0.131093
v -0.159949 0.048051 -0.128429
v -0.145539 0.048051 -0.128429
v -0.159959 0.042459 -0.131093
v -0.159949 0.056108 -0.136486
v -0.145534 0.056108 -0.136486
v -0.159949 0.039994 -0.136486
v -0.145542 0.039994 -0.136486
v -0.159959 0.053488 -0.142122
v -0.159959 0.042310 -0.141721
v -0.159949 0.048051 -0.144544
v -0.159949 0.056108 -0.136486
v -0.159959 0.053526 -0.130879
v -0.159949 0.039994 -0.136486
v -0.159959 0.042459 -0.131093
v -0.159949 0.048051 -0.128429
v -0.155757 0.041739 0.248517
v -0.140150 0.054528 0.247504
v -0.140150 0.054061 0.245533
v -0.155757 0.042206 0.250489
v -0.155716 0.054913 0.247357
v -0.160677 0.041739 0.248517
v -0.155716 0.054468 0.245477
v -0.160677 0.042206 0.250489
v -0.155757 0.042206 0.250489
v -0.155716 0.054913 0.247357
v -0.140150 0.054528 0.247504
v -0.160677 0.042206 0.250489
v -0.155716 0.054468 0.245477
v -0.155757 0.041739 0.248517
v -0.140150 0.054061 0.245533
v -0.160677 0.041739 0.248517
v -0.155757 0.051190 0.265167
v -0.140150 0.060941 0.256831
v -0.140150 0.059405 0.255510
v -0.155757 0.052727 0.266488
v -0.155716 0.061163 0.256471
v -0.160677 0.051190 0.265167
v -0.155716 0.059697 0.255211
v -0.160677 0.052727 0.266488
v -0.155757 0.052727 0.266488
v -0.155716 0.061163 0.256471
v -0.140150 0.060941 0.256831
v -0.160677 0.052727 0.266488
v -0.155716 0.059697 0.255211
v -0.155757 0.051190 0.265167
v -0.140150 0.059405 0.255510
v -0.160677 0.051190 0.265167
v -0.155757 0.068950 0.273115
v -0.140150 0.071807 0.260609
v -0.140150 0.069787 0.260465
v -0.155757 0.070971 0.273259
v -0.155716 0.071767 0.260173
v -0.160677 0.068950 0.273115
v -0.155716 0.069839 0.260035
v -0.160677 0.070971 0.273259
v -0.155757 0.070971 0.273259
v -0.155716 0.071767 0.260173
v -0.140150 0.071807 0.260609
v -0.160677 0.070971 0.273259
v -0.155716 0.069839 0.260035
v -0.155757 0.068950 0.273115
v -0.140150 0.069787 0.260465
v -0.160677 0.068950 0.273115
v -0.155757 0.087198 0.269347
v -0.140150 0.082365 0.257463
v -0.140150 0.080627 0.258504
v -0.155757 0.088936 0.268306
v -0.155716 0.082077 0.257115
v -0.160677 0.087198 0.269347
v -0.155716 0.080420 0.258108
v -0.160677 0.088936 0.268306
v -0.155757 0.088936 0.268306
v -0.155716 0.082077 0.257115
v -0.140150 0.082365 0.257463
v -0.160677 0.088936 0.268306
v -0.155716 0.080420 0.258108
v -0.155757 0.087198 0.269347
v -0.140150 0.080627 0.258504
v -0.160677 0.087198 0.269347
v -0.155757 0.100331 0.255053
v -0.140150 0.089378 0.248375
v -0.140150 0.088600 0.250245
v -0.155757 0.101109 0.253182
v -0.155716 0.088935 0.248252
v -0.160677 0.100331 0.255053
v -0.155716 0.088193 0.250036
v -0.160677 0.101109 0.253182
v -0.155757 0.101109 0.253182
v -0.155716 0.088935 0.248252
v -0.140150 0.089378 0.248375
v -0.160677 0.101109 0.253182
v -0.155716 0.088193 0.250036
v -0.155757 0.100331 0.255053
v -0.140150 0.088600 0.250245
v -0.160677 0.100331 0.255053
v -0.155757 0.102430 0.236111
v -0.140150 0.089642 0.237124
v -0.140150 0.090108 0.239096
v -0.155757 0.101963 0.234139
v -0.155716 0.089206 0.237266
v -0.160677 0.102430 0.236111
v -0.155716 0.089652 0.239146
v -0.160677 0.101963 0.234139
v -0.155757 0.101963 0.234139
v -0.155716 0.089206 0.237266
v -0.140150 0.089642 0.237124
v -0.160677 0.101963 0.234139
v -0.155716 0.089652 0.239146
v -0.155757 0.102430 0.236111
v -0.140150 0.090108 0.239096
v -0.160677 0.102430 0.236111
v -0.155757 0.092865 0.219343
v -0.140150 0.083158 0.227730
v -0.140150 0.084702 0.229043
v -0.155757 0.091322 0.218030
v -0.155716 0.082889 0.228087
v -0.160677 0.092865 0.219343
v -0.155716 0.084361 0.229339
v -0.160677 0.091322 0.218030
v -0.155757 0.091322 0.218030
v -0.155716 0.082889 0.228087
v -0.140150 0.083158 0.227730
v -0.160677 0.091322 0.218030
v -0.155716 0.084361 0.229339
v -0.155757 0.092865 0.219343
v -0.140150 0.084702 0.229043
v -0.160677 0.092865 0.219343
v -0.155757 0.075501 0.211523
v -0.140150 0.072534 0.224004
v -0.140150 0.074554 0.224166
v -0.155757 0.073481 0.211361
v -0.155716 0.072521 0.224436
v -0.160677 0.075501 0.211523
v -0.155716 0.074448 0.224591
v -0.160677 0.073481 0.211361
v -0.155757 0.073481 0.211361
v -0.155716 0.072521 0.224436
v -0.140150 0.072534 0.224004
v -0.160677 0.073481 0.211361
v -0.155716 0.074448 0.224591
v -0.155757 0.075501 0.211523
v -0.140150 0.074554 0.224166
v -0.160677 0.075501 0.211523
v -0.155366 0.056658 0.215445
v -0.140150 0.061635 0.227268
v -0.140150 0.063361 0.226206
v -0.155366 0.054933 0.216507
v -0.155716 0.061877 0.227610
v -0.160677 0.056658 0.215445
v -0.155716 0.063523 0.226597
v -0.160677 0.054933 0.216507
v -0.155366 0.054933 0.216507
v -0.155716 0.061877 0.227610
v -0.140150 0.061635 0.227268
v -0.160677 0.054933 0.216507
v -0.155716 0.063523 0.226597
v -0.155366 0.056658 0.215445
v -0.140150 0.063361 0.226206
v -0.160677 0.056658 0.215445
v -0.155366 0.043837 0.229592
v -0.140150 0.054803 0.236251
v -0.140150 0.055577 0.234379
v -0.155366 0.043063 0.231464
v -0.155716 0.055196 0.236371
v -0.160677 0.043837 0.229592
v -0.155716 0.055934 0.234585
v -0.160677 0.043063 0.231464
v -0.155366 0.043063 0.231464
v -0.155716 0.055196 0.236371
v -0.140150 0.054803 0.236251
v -0.160677 0.043063 0.231464
v -0.155716 0.055934 0.234585
v -0.155366 0.043837 0.229592
v -0.140150 0.055577 0.234379
v -0.160677 0.043837 0.229592
v -0.160795 0.102107 0.241949
v -0.155212 0.099775 0.253609
v -0.155212 0.102107 0.241949
v -0.160795 0.099775 0.253609
v -0.160768 0.106995 0.256534
v -0.160795 0.102107 0.241949
v -0.160768 0.109896 0.241888
v -0.160795 0.099775 0.253609
v -0.155212 0.093158 0.263490
v -0.160795 0.093158 0.263490
v -0.160768 0.098710 0.268955
v -0.160795 0.093158 0.263490
v -0.155212 0.083265 0.270087
v -0.160795 0.083265 0.270087
v -0.160768 0.086302 0.277260
v -0.160795 0.083265 0.270087
v -0.155212 0.071599 0.272394
v -0.160795 0.071599 0.272394
v -0.160768 0.071661 0.280184
v -0.160795 0.071599 0.272394
v -0.155212 0.059939 0.270063
v -0.160795 0.059939 0.270063
v -0.160768 0.057014 0.277283
v -0.160795 0.059939 0.270063
v -0.155212 0.050058 0.263447
v -0.160795 0.050058 0.263446
v -0.160768 0.044593 0.268998
v -0.160795 0.050058 0.263446
v -0.155212 0.043462 0.253552
v -0.160795 0.043462 0.253552
v -0.160768 0.036288 0.256590
v -0.160795 0.043462 0.253552
v -0.155212 0.041154 0.241887
v -0.160795 0.041154 0.241887
v -0.160768 0.033364 0.241948
v -0.160795 0.041154 0.241887
v -0.155212 0.043485 0.230227
v -0.160795 0.043485 0.230227
v -0.160768 0.036265 0.227302
v -0.160795 0.043485 0.230227
v -0.155212 0.050102 0.220346
v -0.160795 0.050102 0.220346
v -0.160768 0.044550 0.214881
v -0.160795 0.050102 0.220346
v -0.155212 0.059996 0.213750
v -0.160795 0.059996 0.213750
v -0.160768 0.056958 0.206576
v -0.160795 0.059996 0.213750
v -0.155212 0.071661 0.211442
v -0.160795 0.071661 0.211442
v -0.160768 0.071600 0.203652
v -0.160795 0.071661 0.211442
v -0.155212 0.083321 0.213773
v -0.160795 0.083321 0.213773
v -0.160768 0.086246 0.206553
v -0.160795 0.083321 0.213773
v -0.155212 0.093202 0.220390
v -0.160795 0.093202 0.220390
v -0.160768 0.098667 0.214838
v -0.160795 0.093202 0.220390
v -0.155212 0.099799 0.230284
v -0.160795 0.099799 0.230284
v -0.160768 0.106972 0.227246
v -0.160795 0.099799 0.230284
v -0.155212 0.102107 0.241949
v -0.160795 0.102107 0.241949
v -0.158257 0.110051 0.241887
v -0.160768 0.106995 0.256534
v -0.160768 0.109896 0.241888
v -0.158257 0.107138 0.256593
v -0.160768 0.098710 0.268955
v -0.158257 0.098819 0.269064
v -0.160768 0.086302 0.277260
v -0.158257 0.086361 0.277402
v -0.160768 0.071661 0.280184
v -0.158257 0.071661 0.280338
v -0.160768 0.057014 0.277283
v -0.158257 0.056956 0.277426
v -0.160768 0.044593 0.268998
v -0.158257 0.044484 0.269107
v -0.160768 0.036288 0.256590
v -0.158257 0.036146 0.256649
v -0.160768 0.033364 0.241948
v -0.158257 0.033210 0.241949
v -0.158257 0.033210 0.241949
v -0.160768 0.036265 0.227302
v -0.160768 0.033364 0.241948
v -0.158257 0.036123 0.227243
v -0.160768 0.044550 0.214881
v -0.158257 0.044441 0.214772
v -0.160768 0.056958 0.206576
v -0.158257 0.056899 0.206434
v -0.160768 0.071600 0.203652
v -0.158257 0.071600 0.203498
v -0.160768 0.086246 0.206553
v -0.158257 0.086305 0.206410
v -0.160768 0.098667 0.214838
v -0.158257 0.098776 0.214729
v -0.160768 0.106972 0.227246
v -0.158257 0.107114 0.227187
v -0.158257 0.107138 0.256593
v -0.155212 0.102107 0.241949
v -0.155212 0.099775 0.253609
v -0.158257 0.110051 0.241887
v -0.158257 0.098819 0.269064
v -0.155212 0.093158 0.263490
v -0.158257 0.086361 0.277402
v -0.155212 0.083265 0.270087
v -0.158257 0.071661 0.280338
v -0.155212 0.071599 0.272394
v -0.158257 0.056956 0.277426
v -0.155212 0.071599 0.272394
v -0.155212 0.059939 0.270063
v -0.158257 0.071661 0.280338
v -0.158257 0.044484 0.269107
v -0.155212 0.050058 0.263447
v -0.158257 0.036146 0.256649
v -0.155212 0.043462 0.253552
v -0.158257 0.033210 0.241949
v -0.155212 0.041154 0.241887
v -0.158257 0.036123 0.227243
v -0.155212 0.041154 0.241887
v -0.155212 0.043485 0.230227
v -0.158257 0.033210 0.241949
v -0.158257 0.044441 0.214772
v -0.155212 0.050102 0.220346
v -0.158257 0.056899 0.206434
v -0.155212 0.059996 0.213750
v -0.158257 0.071600 0.203498
v -0.155212 0.071661 0.211442
v -0.158257 0.086305 0.206410
v -0.155212 0.071661 0.211442
v -0.155212 0.083321 0.213773
v -0.158257 0.071600 0.203498
v -0.158257 0.098776 0.214729
v -0.155212 0.093202 0.220390
v -0.158257 0.107114 0.227187
v -0.155212 0.099799 0.230284
v -0.158257 0.110051 0.241887
v -0.155212 0.102107 0.241949
v -0.115349 0.071628 0.203647
v -0.120986 0.098692 0.214856
v -0.120986 0.071630 0.203647
v -0.115349 0.098690 0.214856
v -0.120986 0.109901 0.241918
v -0.115349 0.109899 0.241918
v -0.115349 0.109899 0.241918
v -0.120986 0.098692 0.268980
v -0.120986 0.109901 0.241918
v -0.115349 0.098690 0.268980
v -0.120986 0.071630 0.280189
v -0.115349 0.071628 0.280189
v -0.120986 0.044568 0.268980
v -0.115349 0.044566 0.268980
v -0.120986 0.033359 0.241918
v -0.115349 0.033356 0.241918
v -0.115349 0.033356 0.241918
v -0.120986 0.044568 0.214856
v -0.120986 0.033359 0.241918
v -0.115349 0.044566 0.214856
v -0.120986 0.109901 0.241918
v -0.120986 0.071630 0.203647
v -0.120986 0.098692 0.214856
v -0.120986 0.044568 0.214856
v -0.120986 0.071630 0.280189
v -0.120986 0.098692 0.268980
v -0.120986 0.033359 0.241918
v -0.120986 0.044568 0.268980
v -0.115349 0.071628 0.280189
v -0.115349 0.033356 0.241918
v -0.115349 0.044566 0.268980
v -0.115349 0.044566 0.214856
v -0.115349 0.109899 0.241918
v -0.115349 0.098690 0.268980
v -0.115349 0.071628 0.203647
v -0.115349 0.098690 0.214856
v -0.158925 0.086697 0.248400
v -0.158925 0.082374 0.230297
v -0.158925 0.087476 0.238647
v -0.158925 0.073339 0.226543
v -0.158925 0.080334 0.255832
v -0.158925 0.070817 0.258104
v -0.158925 0.061782 0.254350
v -0.158925 0.056680 0.246002
v -0.158925 0.063822 0.228815
v -0.158925 0.057459 0.236247
v -0.158925 0.073339 0.226543
v -0.155903 0.062227 0.226205
v -0.155903 0.073583 0.223493
v -0.158925 0.063822 0.228815
v -0.158925 0.082374 0.230297
v -0.155903 0.084364 0.227974
v -0.158925 0.087476 0.238647
v -0.155903 0.090452 0.237935
v -0.158925 0.086697 0.248400
v -0.155903 0.089522 0.249573
v -0.158925 0.080334 0.255832
v -0.155903 0.081929 0.258442
v -0.158925 0.070817 0.258104
v -0.155903 0.070574 0.261154
v -0.158925 0.061782 0.254350
v -0.155903 0.059793 0.256673
v -0.158925 0.056680 0.246002
v -0.155903 0.053704 0.246712
v -0.158925 0.057459 0.236247
v -0.155903 0.054634 0.235074
v -0.155903 0.062227 0.226205
v -0.141943 0.073917 0.219302
v -0.155903 0.073583 0.223493
v -0.141943 0.060035 0.222618
v -0.141943 0.050752 0.233461
v -0.155903 0.054634 0.235074
v -0.141943 0.049616 0.247688
v -0.155903 0.053704 0.246712
v -0.141943 0.057059 0.259867
v -0.155903 0.053704 0.246712
v -0.155903 0.059793 0.256673
v -0.141943 0.049616 0.247688
v -0.141943 0.070239 0.265344
v -0.155903 0.070574 0.261154
v -0.141943 0.084122 0.262028
v -0.155903 0.081929 0.258442
v -0.141943 0.093404 0.251186
v -0.155903 0.089522 0.249573
v -0.141943 0.094541 0.236959
v -0.155903 0.090452 0.237935
v -0.141943 0.087097 0.224780
v -0.155903 0.090452 0.237935
v -0.155903 0.084364 0.227974
v -0.141943 0.094541 0.236959
v -0.119802 0.074700 0.209503
v -0.119802 0.054908 0.214229
v -0.119802 0.041674 0.229687
v -0.119802 0.040053 0.249972
v -0.119802 0.040053 0.249972
v -0.119802 0.050665 0.267335
v -0.119802 0.069456 0.275144
v -0.119802 0.089248 0.270418
v -0.119802 0.102483 0.254959
v -0.119802 0.104103 0.234675
v -0.119802 0.104103 0.234675
v -0.119802 0.093491 0.217312
v -0.160749 0.112724 0.253662
v -0.160683 0.106218 0.256020
v -0.160683 0.107960 0.250626
v -0.160749 0.111735 0.256699
v -0.158757 0.107391 0.253604
v -0.160749 0.112724 0.253662
v -0.160683 0.107960 0.250626
v -0.160683 0.106218 0.256020
v -0.160749 0.111735 0.256699
v -0.160749 0.114342 0.240388
v -0.160683 0.108883 0.244641
v -0.160683 0.108873 0.238973
v -0.160749 0.114339 0.243582
v -0.158757 0.109252 0.241982
v -0.160749 0.114342 0.240388
v -0.160683 0.108873 0.238973
v -0.160683 0.108883 0.244641
v -0.160749 0.114339 0.243582
v -0.160749 0.111779 0.227265
v -0.160683 0.107901 0.232996
v -0.160683 0.106140 0.227609
v -0.160749 0.112763 0.230303
v -0.158757 0.107430 0.230353
v -0.160749 0.111779 0.227265
v -0.160683 0.106140 0.227609
v -0.160683 0.107901 0.232996
v -0.160749 0.112763 0.230303
v -0.160749 0.105285 0.215575
v -0.160683 0.103369 0.222225
v -0.160683 0.100029 0.217645
v -0.160749 0.107161 0.218160
v -0.158757 0.102104 0.219856
v -0.160749 0.105285 0.215575
v -0.160683 0.100029 0.217645
v -0.160683 0.103369 0.222225
v -0.160749 0.107161 0.218160
v -0.160749 0.095498 0.206464
v -0.160683 0.095730 0.213381
v -0.160683 0.091139 0.210057
v -0.160749 0.098080 0.208344
v -0.158757 0.093795 0.211519
v -0.160749 0.095498 0.206464
v -0.160683 0.091139 0.210057
v -0.160683 0.095730 0.213381
v -0.160749 0.098080 0.208344
v -0.160749 0.083374 0.200824
v -0.160683 0.085732 0.207330
v -0.160683 0.080338 0.205588
v -0.160749 0.086410 0.201813
v -0.158757 0.083316 0.206158
v -0.160749 0.083374 0.200824
v -0.160683 0.080338 0.205588
v -0.160683 0.085732 0.207330
v -0.160749 0.086410 0.201813
v -0.160749 0.070100 0.199206
v -0.160683 0.074353 0.204665
v -0.160683 0.068685 0.204675
v -0.160749 0.073294 0.199209
v -0.158757 0.071694 0.204297
v -0.160749 0.070100 0.199206
v -0.160683 0.068685 0.204675
v -0.160683 0.074353 0.204665
v -0.160749 0.073294 0.199209
v -0.160749 0.056976 0.201769
v -0.160683 0.062708 0.205647
v -0.160683 0.057321 0.207408
v -0.160749 0.060015 0.200785
v -0.158757 0.060065 0.206118
v -0.160749 0.056976 0.201769
v -0.160683 0.057321 0.207408
v -0.160683 0.062708 0.205647
v -0.160749 0.060015 0.200785
v -0.160749 0.045287 0.208263
v -0.160683 0.051937 0.210179
v -0.160683 0.047357 0.213519
v -0.160749 0.047872 0.206387
v -0.158757 0.049568 0.211444
v -0.160749 0.045287 0.208263
v -0.160683 0.047357 0.213519
v -0.160683 0.051937 0.210179
v -0.160749 0.047872 0.206387
v -0.160749 0.036176 0.218050
v -0.160683 0.043093 0.217818
v -0.160683 0.039769 0.222410
v -0.160749 0.038056 0.215468
v -0.158757 0.041231 0.219753
v -0.160749 0.036176 0.218050
v -0.160683 0.039769 0.222410
v -0.160683 0.043093 0.217818
v -0.160749 0.038056 0.215468
v -0.160749 0.030536 0.230174
v -0.160683 0.037042 0.227816
v -0.160683 0.035300 0.233210
v -0.160749 0.031525 0.227138
v -0.158757 0.035870 0.230232
v -0.160749 0.030536 0.230174
v -0.160683 0.035300 0.233210
v -0.160683 0.037042 0.227816
v -0.160749 0.031525 0.227138
v -0.160749 0.028918 0.243448
v -0.160683 0.034377 0.239195
v -0.160683 0.034387 0.244863
v -0.160749 0.028921 0.240254
v -0.158757 0.034009 0.241855
v -0.160749 0.028918 0.243448
v -0.160683 0.034387 0.244863
v -0.160683 0.034377 0.239195
v -0.160749 0.028921 0.240254
v -0.160749 0.031481 0.256572
v -0.160683 0.035359 0.250840
v -0.160683 0.037120 0.256228
v -0.160749 0.030497 0.253534
v -0.158757 0.035830 0.253483
v -0.160749 0.031481 0.256572
v -0.160683 0.037120 0.256228
v -0.160683 0.035359 0.250840
v -0.160749 0.030497 0.253534
v -0.160749 0.037975 0.268261
v -0.160683 0.039891 0.261612
v -0.160683 0.043231 0.266191
v -0.160749 0.036099 0.265676
v -0.158757 0.041156 0.263980
v -0.160749 0.037975 0.268261
v -0.160683 0.043231 0.266191
v -0.160683 0.039891 0.261612
v -0.160749 0.036099 0.265676
v -0.160749 0.047762 0.277372
v -0.160683 0.047530 0.270455
v -0.160683 0.052122 0.273779
v -0.160749 0.045180 0.275493
v -0.158757 0.049465 0.272317
v -0.160749 0.047762 0.277372
v -0.160683 0.052122 0.273779
v -0.160683 0.047530 0.270455
v -0.160749 0.045180 0.275493
v -0.160749 0.059886 0.283012
v -0.160683 0.057528 0.276506
v -0.160683 0.062922 0.278248
v -0.160749 0.056850 0.282023
v -0.158757 0.059944 0.277679
v -0.160749 0.059886 0.283012
v -0.160683 0.062922 0.278248
v -0.160683 0.057528 0.276506
v -0.160749 0.056850 0.282023
v -0.160749 0.073160 0.284630
v -0.160683 0.068907 0.279171
v -0.160683 0.074575 0.279161
v -0.160749 0.069966 0.284627
v -0.158757 0.071566 0.279540
v -0.160749 0.073160 0.284630
v -0.160683 0.074575 0.279161
v -0.160683 0.068907 0.279171
v -0.160749 0.069966 0.284627
v -0.160749 0.086284 0.282067
v -0.160683 0.080552 0.278189
v -0.160683 0.085939 0.276428
v -0.160749 0.083245 0.283051
v -0.158757 0.083195 0.277718
v -0.160749 0.086284 0.282067
v -0.160683 0.085939 0.276428
v -0.160683 0.080552 0.278189
v -0.160749 0.083245 0.283051
v -0.160749 0.097973 0.275574
v -0.160683 0.091323 0.273657
v -0.160683 0.095903 0.270317
v -0.160749 0.095388 0.277449
v -0.158757 0.093692 0.272392
v -0.160749 0.097973 0.275574
v -0.160683 0.095903 0.270317
v -0.160683 0.091323 0.273657
v -0.160749 0.095388 0.277449
v -0.160749 0.107084 0.265786
v -0.160683 0.100167 0.266018
v -0.160683 0.103491 0.261427
v -0.160749 0.105205 0.268368
v -0.158757 0.102029 0.264083
v -0.160749 0.107084 0.265786
v -0.160683 0.103491 0.261427
v -0.160683 0.100167 0.266018
v -0.160749 0.105205 0.268368
v -0.144689 0.028207 -0.262217
v -0.149421 0.058241 -0.260789
v -0.144689 0.028207 -0.260863
v -0.149421 0.058241 -0.262290
v -0.149421 0.058241 -0.262290
v -0.140725 0.087769 -0.262216
v -0.144699 0.087769 -0.262216
v -0.140725 0.028207 -0.262217
v -0.149421 0.058241 -0.260789
v -0.140725 0.028207 -0.260863
v -0.144689 0.028207 -0.260863
v -0.140725 0.087769 -0.260863
v -0.144699 0.087769 -0.262216
v -0.144699 0.087769 -0.260863
v -0.144689 0.028207 -0.262217
v -0.144699 0.087769 -0.260863
v -0.144689 0.033262 -0.245013
v -0.149421 0.058455 -0.260925
v -0.144689 0.034039 -0.243904
v -0.149421 0.057594 -0.262154
v -0.149421 0.057594 -0.262154
v -0.140725 0.082053 -0.279176
v -0.144699 0.082053 -0.279176
v -0.140725 0.033262 -0.245013
v -0.149421 0.058455 -0.260925
v -0.140725 0.034039 -0.243904
v -0.144689 0.034039 -0.243904
v -0.140725 0.082829 -0.278067
v -0.144699 0.082053 -0.279176
v -0.144699 0.082829 -0.278067
v -0.144689 0.033262 -0.245013
v -0.144699 0.082829 -0.278067
v -0.144689 0.047224 -0.233786
v -0.149421 0.058730 -0.261283
v -0.144689 0.048496 -0.233323
v -0.149421 0.057320 -0.261796
v -0.149421 0.057320 -0.261796
v -0.140725 0.067596 -0.289756
v -0.144699 0.067596 -0.289756
v -0.140725 0.047224 -0.233786
v -0.149421 0.058730 -0.261283
v -0.140725 0.048496 -0.233323
v -0.144689 0.048496 -0.233323
v -0.140725 0.068868 -0.289294
v -0.144699 0.067596 -0.289756
v -0.144699 0.068868 -0.289294
v -0.144689 0.047224 -0.233786
v -0.144699 0.068868 -0.289294
v -0.144689 0.067595 -0.233323
v -0.149421 0.058730 -0.261796
v -0.144689 0.068867 -0.233786
v -0.149421 0.057320 -0.261283
v -0.149421 0.057320 -0.261283
v -0.140725 0.047224 -0.289294
v -0.144699 0.047224 -0.289294
v -0.140725 0.067595 -0.233323
v -0.149421 0.058730 -0.261796
v -0.140725 0.068867 -0.233786
v -0.144689 0.068867 -0.233786
v -0.140725 0.048496 -0.289756
v -0.144699 0.047224 -0.289294
v -0.144699 0.048496 -0.289756
v -0.144689 0.067595 -0.233323
v -0.144699 0.048496 -0.289756
v -0.144689 0.034039 -0.279176
v -0.149421 0.057594 -0.260925
v -0.144689 0.033262 -0.278067
v -0.149421 0.058455 -0.262154
v -0.149421 0.058455 -0.262154
v -0.140725 0.082829 -0.245013
v -0.144699 0.082829 -0.245013
v -0.140725 0.034039 -0.279176
v -0.149421 0.057594 -0.260925
v -0.140725 0.033262 -0.278067
v -0.144689 0.033262 -0.278067
v -0.140725 0.082053 -0.243903
v -0.144699 0.082829 -0.245013
v -0.144699 0.082053 -0.243903
v -0.144689 0.034039 -0.279176
v -0.144699 0.082053 -0.243903
v -0.127974 0.070623 -0.291904
v -0.145301 0.058046 -0.294407
v -0.127974 0.058046 -0.294407
v -0.145301 0.070623 -0.291905
v -0.127974 0.081286 -0.284780
v -0.145301 0.081286 -0.284780
v -0.127974 0.088410 -0.274117
v -0.145301 0.088410 -0.274117
v -0.127974 0.090912 -0.261540
v -0.145301 0.090912 -0.261540
v -0.127974 0.088410 -0.248963
v -0.145301 0.090912 -0.261540
v -0.127974 0.090912 -0.261540
v -0.145301 0.088410 -0.248963
v -0.127974 0.081286 -0.238299
v -0.145301 0.081286 -0.238300
v -0.127974 0.070623 -0.231175
v -0.145301 0.070623 -0.231176
v -0.127974 0.058046 -0.228673
v -0.145301 0.058046 -0.228673
v -0.127974 0.045468 -0.231175
v -0.145301 0.058046 -0.228673
v -0.127974 0.058046 -0.228673
v -0.145301 0.045468 -0.231176
v -0.127974 0.034806 -0.238300
v -0.145301 0.034806 -0.238300
v -0.127974 0.027681 -0.248963
v -0.145301 0.027681 -0.248963
v -0.127974 0.025179 -0.261540
v -0.145301 0.025179 -0.261540
v -0.127974 0.027681 -0.274117
v -0.145301 0.025179 -0.261540
v -0.127974 0.025179 -0.261540
v -0.145301 0.027681 -0.274118
v -0.127974 0.034806 -0.284780
v -0.145301 0.034806 -0.284781
v -0.127974 0.045468 -0.291904
v -0.145301 0.045468 -0.291905
v -0.127974 0.058046 -0.294407
v -0.145301 0.058046 -0.294407
v -0.127974 0.027681 -0.274117
v -0.127974 0.081286 -0.284780
v -0.127974 0.034806 -0.284780
v -0.127974 0.088410 -0.274117
v -0.151415 0.058025 -0.278418
v -0.147106 0.049252 -0.276736
v -0.147106 0.058025 -0.279086
v -0.151415 0.049586 -0.276157
v -0.147106 0.042829 -0.270313
v -0.151415 0.043408 -0.269979
v -0.147106 0.040479 -0.261540
v -0.151415 0.041147 -0.261540
v -0.151415 0.041147 -0.261540
v -0.147106 0.042829 -0.252767
v -0.147106 0.040479 -0.261540
v -0.151415 0.043408 -0.253101
v -0.147106 0.049252 -0.246345
v -0.151415 0.049586 -0.246923
v -0.147106 0.058025 -0.243993
v -0.151415 0.058025 -0.244662
v -0.147106 0.066798 -0.246344
v -0.151415 0.066464 -0.246923
v -0.147106 0.073220 -0.252767
v -0.151415 0.072642 -0.253101
v -0.147106 0.075571 -0.261540
v -0.151415 0.074903 -0.261540
v -0.151415 0.074903 -0.261540
v -0.147106 0.073220 -0.270313
v -0.147106 0.075571 -0.261540
v -0.151415 0.072642 -0.269979
v -0.147106 0.066798 -0.276736
v -0.151415 0.066464 -0.276156
v -0.145301 0.070623 -0.291905
v -0.145301 0.058046 -0.288848
v -0.145301 0.058046 -0.294407
v -0.145301 0.068496 -0.286770
v -0.145301 0.081286 -0.284780
v -0.145301 0.077356 -0.280851
v -0.145301 0.088410 -0.274117
v -0.145301 0.083276 -0.271990
v -0.145301 0.090912 -0.261540
v -0.145301 0.085355 -0.261540
v -0.145301 0.088410 -0.248963
v -0.145301 0.083276 -0.251090
v -0.145301 0.081286 -0.238300
v -0.145301 0.077356 -0.242230
v -0.145301 0.070623 -0.231176
v -0.145301 0.068496 -0.236310
v -0.145301 0.058046 -0.228673
v -0.145301 0.058046 -0.234231
v -0.145301 0.045468 -0.231176
v -0.145301 0.047595 -0.236310
v -0.145301 0.034806 -0.238300
v -0.145301 0.038735 -0.242230
v -0.145301 0.027681 -0.248963
v -0.145301 0.032816 -0.251090
v -0.145301 0.025179 -0.261540
v -0.145301 0.030737 -0.261540
v -0.145301 0.027681 -0.274118
v -0.145301 0.032816 -0.271991
v -0.145301 0.034806 -0.284781
v -0.145301 0.038736 -0.280850
v -0.145301 0.045468 -0.291905
v -0.145301 0.047595 -0.286771
v -0.145301 0.068496 -0.286770
v -0.140759 0.058046 -0.288848
v -0.145301 0.058046 -0.288848
v -0.140759 0.068496 -0.286770
v -0.145301 0.077356 -0.280851
v -0.140759 0.077356 -0.280851
v -0.145301 0.083276 -0.271990
v -0.140759 0.083276 -0.271990
v -0.145301 0.085355 -0.261540
v -0.140759 0.085355 -0.261540
v -0.145301 0.083276 -0.251090
v -0.140759 0.085355 -0.261540
v -0.145301 0.085355 -0.261540
v -0.140759 0.083276 -0.251090
v -0.145301 0.077356 -0.242230
v -0.140759 0.077356 -0.242230
v -0.145301 0.068496 -0.236310
v -0.140759 0.068496 -0.236310
v -0.145301 0.058046 -0.234231
v -0.140759 0.058046 -0.234231
v -0.145301 0.047595 -0.236310
v -0.140759 0.047595 -0.236310
v -0.145301 0.038735 -0.242230
v -0.140759 0.038735 -0.242230
v -0.145301 0.032816 -0.251090
v -0.140759 0.032816 -0.251090
v -0.145301 0.030737 -0.261540
v -0.140759 0.030737 -0.261540
v -0.145301 0.032816 -0.271991
v -0.140759 0.030737 -0.261540
v -0.145301 0.030737 -0.261540
v -0.140759 0.032816 -0.271991
v -0.145301 0.038736 -0.280850
v -0.140759 0.038736 -0.280850
v -0.145301 0.047595 -0.286771
v -0.140759 0.047595 -0.286771
v -0.140759 0.083276 -0.251090
v -0.147106 0.075571 -0.261540
v -0.140759 0.085355 -0.261540
v -0.147106 0.073220 -0.252767
v -0.140759 0.083276 -0.271990
v -0.147106 0.073220 -0.270313
v -0.140759 0.032816 -0.271991
v -0.147106 0.040479 -0.261540
v -0.140759 0.030737 -0.261540
v -0.147106 0.042829 -0.270313
v -0.140759 0.032816 -0.251090
v -0.147106 0.042829 -0.252767
v -0.147106 0.058025 -0.279086
v -0.140759 0.047595 -0.286771
v -0.140759 0.058046 -0.288848
v -0.147106 0.049252 -0.276736
v -0.140759 0.047595 -0.236310
v -0.147106 0.058025 -0.243993
v -0.140759 0.058046 -0.234231
v -0.147106 0.049252 -0.246345
v -0.140759 0.068496 -0.236310
v -0.147106 0.066798 -0.246344
v -0.140759 0.068496 -0.286770
v -0.147106 0.066798 -0.276736
v -0.140759 0.077356 -0.280851
v -0.140759 0.038736 -0.280850
v -0.140759 0.038735 -0.242230
v -0.140759 0.077356 -0.242230
v -0.127974 0.025179 -0.261540
v -0.127974 0.088410 -0.248963
v -0.127974 0.090912 -0.261540
v -0.127974 0.027681 -0.248963
v -0.127974 0.081286 -0.238299
v -0.127974 0.034806 -0.238300
v -0.127974 0.045468 -0.291904
v -0.127974 0.070623 -0.291904
v -0.127974 0.070623 -0.231175
v -0.127974 0.045468 -0.231175
v -0.161161 0.058025 -0.261540
v -0.151415 0.049586 -0.276157
v -0.151415 0.058025 -0.278418
v -0.151415 0.043408 -0.269979
v -0.151415 0.041147 -0.261540
v -0.151415 0.043408 -0.253101
v -0.151415 0.049586 -0.246923
v -0.151415 0.058025 -0.244662
v -0.151415 0.066464 -0.246923
v -0.151415 0.072642 -0.253101
v -0.151415 0.074903 -0.261540
v -0.151415 0.072642 -0.269979
v -0.151415 0.066464 -0.276156
v -0.127974 0.058046 -0.294407
v -0.127974 0.058046 -0.228673
v -0.128372 0.048058 0.182569
v -0.128372 0.056103 0.174510
v -0.108796 0.048479 0.182214
v -0.108796 0.055799 0.174065
v -0.128372 0.039998 0.174528
v -0.108796 0.040254 0.175135
v -0.128372 0.048058 0.077736
v -0.128372 0.056103 0.069678
v -0.108796 0.048479 0.077381
v -0.108796 0.055799 0.069232
v -0.128372 0.039998 0.069695
v -0.108796 0.040254 0.070302
v -0.128372 0.048058 -0.025959
v -0.128372 0.056103 -0.034017
v -0.108796 0.048479 -0.026314
v -0.108796 0.055799 -0.034463
v -0.128372 0.039998 -0.034000
v -0.108796 0.040254 -0.033392
v -0.128372 0.048058 -0.128435
v -0.128372 0.056103 -0.136494
v -0.108796 0.048479 -0.128790
v -0.108796 0.055799 -0.136939
v -0.128372 0.039998 -0.136476
v -0.108796 0.040254 -0.135869
vt 0.340165 0.622098
vt 0.321441 0.622098
vt 0.336348 0.630819
vt 0.317625 0.630819
vt 0.325257 0.614148
vt 0.343980 0.614148
vt 0.340165 0.622098
vt 0.325257 0.614148
vt 0.343980 0.614148
vt 0.321441 0.622098
vt 0.336348 0.630819
vt 0.317625 0.630819
vt 0.088096 0.665699
vt 0.097188 0.630432
vt 0.088096 0.630432
vt 0.097188 0.665699
vt 0.079003 0.665699
vt 0.088096 0.630432
vt 0.079003 0.630432
vt 0.088148 0.665699
vt 0.079003 0.630432
vt 0.088148 0.630432
vt 0.079003 0.665699
vt 0.097188 0.665699
vt 0.088148 0.630432
vt 0.097188 0.630432
vt 0.052873 0.469841
vt 0.059453 0.499775
vt 0.052873 0.499775
vt 0.059453 0.469841
vt 0.052873 0.529709
vt 0.059453 0.559644
vt 0.052873 0.559644
vt 0.059453 0.529709
vt 0.052873 0.499775
vt 0.059453 0.499775
vt 0.052873 0.469841
vt 0.059453 0.469841
vt 0.052873 0.529709
vt 0.059453 0.559643
vt 0.052873 0.559644
vt 0.059453 0.529709
vt 0.052873 0.499775
vt 0.059453 0.499775
vt 0.052873 0.529709
vt 0.059453 0.559644
vt 0.052873 0.559644
vt 0.059453 0.529709
vt 0.204857 0.520075
vt 0.264090 0.544611
vt 0.194694 0.544611
vt 0.253927 0.520076
vt 0.264090 0.544610
vt 0.204857 0.520075
vt 0.253927 0.520075
vt 0.194695 0.544610
vt 0.204857 0.569145
vt 0.253927 0.569145
vt 0.204858 0.569145
vt 0.253927 0.569145
vt 0.229392 0.509913
vt 0.229392 0.509913
vt 0.229392 0.579308
vt 0.229392 0.579308
vt 0.077796 0.419586
vt 0.068488 0.399539
vt 0.077796 0.399539
vt 0.068488 0.419586
vt 0.077796 0.359445
vt 0.068488 0.339399
vt 0.077796 0.339399
vt 0.068488 0.359445
vt 0.077796 0.379492
vt 0.068488 0.379492
vt 0.077796 0.399540
vt 0.068488 0.399540
vt 0.077796 0.419586
vt 0.068488 0.419586
vt 0.077796 0.359445
vt 0.068488 0.339399
vt 0.077796 0.339399
vt 0.068488 0.359445
vt 0.077796 0.379492
vt 0.068488 0.379492
vt 0.077796 0.399540
vt 0.068488 0.399540
vt 0.077796 0.419586
vt 0.068488 0.419586
vt 0.077796 0.359445
vt 0.068488 0.339399
vt 0.077796 0.339399
vt 0.068488 0.359445
vt 0.077796 0.379492
vt 0.068488 0.379492
vt 0.127383 0.550557
vt 0.199650 0.569922
vt 0.122195 0.569922
vt 0.194461 0.550557
vt 0.197648 0.557633
vt 0.122972 0.562200
vt 0.186584 0.540917
vt 0.124196 0.582210
vt 0.127383 0.589285
vt 0.194461 0.589285
vt 0.135261 0.598927
vt 0.198873 0.577642
vt 0.180286 0.536382
vt 0.141558 0.536382
vt 0.168643 0.531972
vt 0.131917 0.544260
vt 0.141558 0.603461
vt 0.180286 0.603461
vt 0.153201 0.607872
vt 0.189928 0.595584
vt 0.160922 0.531194
vt 0.148634 0.533195
vt 0.160922 0.608649
vt 0.173211 0.606647
vt 0.070457 0.560499
vt 0.053632 0.537636
vt 0.070457 0.537636
vt 0.053632 0.560499
vt 0.070457 0.491908
vt 0.053632 0.469045
vt 0.070457 0.469045
vt 0.053632 0.491908
vt 0.070457 0.514771
vt 0.053632 0.514771
vt 0.070457 0.537636
vt 0.053632 0.537636
vt 0.070457 0.560499
vt 0.053632 0.560499
vt 0.070457 0.491908
vt 0.053632 0.469045
vt 0.070457 0.469045
vt 0.053632 0.491908
vt 0.070457 0.514771
vt 0.053632 0.514771
vt 0.070457 0.537636
vt 0.053632 0.537636
vt 0.070457 0.560499
vt 0.053632 0.560499
vt 0.070457 0.491908
vt 0.053632 0.469045
vt 0.070457 0.469045
vt 0.053632 0.491908
vt 0.070457 0.514771
vt 0.053632 0.514771
vt 0.200633 0.527927
vt 0.262717 0.544563
vt 0.196176 0.544563
vt 0.258259 0.527927
vt 0.128264 0.508110
vt 0.198510 0.489739
vt 0.141939 0.521948
vt 0.193588 0.470917
vt 0.200633 0.561198
vt 0.258259 0.561198
vt 0.179913 0.457077
vt 0.123342 0.489287
vt 0.246081 0.515749
vt 0.212811 0.515749
vt 0.160700 0.527097
vt 0.193362 0.508500
vt 0.212811 0.573377
vt 0.246081 0.573377
vt 0.161152 0.451929
vt 0.128490 0.470526
vt 0.229446 0.511292
vt 0.179523 0.522175
vt 0.229446 0.577834
vt 0.142330 0.456852
vt 0.088501 0.625517
vt 0.097188 0.613750
vt 0.088115 0.608542
vt 0.096670 0.630208
vt 0.077497 0.619219
vt 0.088115 0.608542
vt 0.079003 0.603333
vt 0.088501 0.625517
vt 0.088130 0.608541
vt 0.079677 0.620472
vt 0.079003 0.603333
vt 0.087853 0.625138
vt 0.097188 0.613750
vt 0.087853 0.625138
vt 0.088130 0.608541
vt 0.098341 0.631160
vt 0.301205 0.630734
vt 0.317560 0.630819
vt 0.301201 0.621889
vt 0.317560 0.622098
vt 0.301199 0.614071
vt 0.317560 0.614148
vt 0.062265 0.629027
vt 0.072814 0.624934
vt 0.062265 0.624934
vt 0.072822 0.629027
vt 0.062265 0.637307
vt 0.072814 0.633656
vt 0.062265 0.633656
vt 0.072822 0.637307
vt 0.062265 0.637307
vt 0.072814 0.641605
vt 0.062265 0.641605
vt 0.072822 0.637307
vt 0.062265 0.629027
vt 0.072814 0.633656
vt 0.062265 0.633656
vt 0.072822 0.629027
vt 0.072814 0.641605
vt 0.062265 0.641605
vt 0.072814 0.624934
vt 0.062265 0.624934
vt 0.158571 0.563691
vt 0.154597 0.572563
vt 0.154597 0.567003
vt 0.163971 0.563809
vt 0.167355 0.567973
vt 0.157791 0.576377
vt 0.162944 0.576523
vt 0.167166 0.573183
vt 0.321441 0.622098
vt 0.336348 0.630819
vt 0.340165 0.622098
vt 0.317625 0.630819
vt 0.325257 0.614148
vt 0.343980 0.614148
vt 0.340165 0.622098
vt 0.325257 0.614148
vt 0.343980 0.614148
vt 0.321441 0.622098
vt 0.336348 0.630819
vt 0.317625 0.630819
vt 0.088096 0.665699
vt 0.097188 0.630432
vt 0.088096 0.630432
vt 0.097188 0.665699
vt 0.079003 0.665699
vt 0.088096 0.630432
vt 0.079003 0.630432
vt 0.088148 0.665699
vt 0.079003 0.630432
vt 0.088148 0.630432
vt 0.079003 0.665699
vt 0.097188 0.665699
vt 0.088148 0.630432
vt 0.097188 0.630432
vt 0.052873 0.469841
vt 0.059453 0.499775
vt 0.052873 0.499775
vt 0.059453 0.469841
vt 0.052873 0.529709
vt 0.059453 0.559644
vt 0.052873 0.559644
vt 0.059453 0.529709
vt 0.052873 0.499775
vt 0.059453 0.499775
vt 0.052873 0.469841
vt 0.059453 0.469841
vt 0.052873 0.529709
vt 0.059453 0.559643
vt 0.052873 0.559644
vt 0.059453 0.529709
vt 0.052873 0.499775
vt 0.059453 0.499775
vt 0.052873 0.529709
vt 0.059453 0.559644
vt 0.052873 0.559644
vt 0.059453 0.529709
vt 0.204857 0.520075
vt 0.264090 0.544611
vt 0.194694 0.544611
vt 0.253927 0.520076
vt 0.264090 0.544610
vt 0.204857 0.520075
vt 0.253927 0.520075
vt 0.194695 0.544610
vt 0.204857 0.569145
vt 0.253927 0.569145
vt 0.204858 0.569145
vt 0.253927 0.569145
vt 0.229392 0.509913
vt 0.229392 0.509913
vt 0.229392 0.579308
vt 0.229392 0.579308
vt 0.077796 0.419586
vt 0.068488 0.399539
vt 0.077796 0.399539
vt 0.068488 0.419586
vt 0.077796 0.359445
vt 0.068488 0.339399
vt 0.077796 0.339399
vt 0.068488 0.359445
vt 0.077796 0.379492
vt 0.068488 0.379492
vt 0.077796 0.399540
vt 0.068488 0.399540
vt 0.077796 0.419586
vt 0.068488 0.419586
vt 0.077796 0.359445
vt 0.068488 0.339399
vt 0.077796 0.339399
vt 0.068488 0.359445
vt 0.077796 0.379492
vt 0.068488 0.379492
vt 0.077796 0.399540
vt 0.068488 0.399540
vt 0.077796 0.419586
vt 0.068488 0.419586
vt 0.077796 0.359445
vt 0.068488 0.339399
vt 0.077796 0.339399
vt 0.068488 0.359445
vt 0.077796 0.379492
vt 0.068488 0.379492
vt 0.127383 0.550557
vt 0.199650 0.569922
vt 0.122195 0.569922
vt 0.194461 0.550557
vt 0.197648 0.557633
vt 0.122972 0.562200
vt 0.186584 0.540917
vt 0.124196 0.582210
vt 0.127383 0.589285
vt 0.194461 0.589285
vt 0.135261 0.598927
vt 0.198873 0.577642
vt 0.180286 0.536382
vt 0.141558 0.536382
vt 0.168643 0.531972
vt 0.131917 0.544260
vt 0.141558 0.603461
vt 0.180286 0.603461
vt 0.153201 0.607872
vt 0.189928 0.595584
vt 0.160922 0.531194
vt 0.148634 0.533195
vt 0.160922 0.608649
vt 0.173211 0.606647
vt 0.070457 0.560499
vt 0.053632 0.537636
vt 0.070457 0.537636
vt 0.053632 0.560499
vt 0.070457 0.491908
vt 0.053632 0.469045
vt 0.070457 0.469045
vt 0.053632 0.491908
vt 0.070457 0.514771
vt 0.053632 0.514771
vt 0.070457 0.537636
vt 0.053632 0.537636
vt 0.070457 0.560499
vt 0.053632 0.560499
vt 0.070457 0.491908
vt 0.053632 0.469045
vt 0.070457 0.469045
vt 0.053632 0.491908
vt 0.070457 0.514771
vt 0.053632 0.514771
vt 0.070457 0.537636
vt 0.053632 0.537636
vt 0.070457 0.560499
vt 0.053632 0.560499
vt 0.070457 0.491908
vt 0.053632 0.469045
vt 0.070457 0.469045
vt 0.053632 0.491908
vt 0.070457 0.514771
vt 0.053632 0.514771
vt 0.200633 0.527927
vt 0.262717 0.544563
vt 0.196176 0.544563
vt 0.258259 0.527927
vt 0.128264 0.508110
vt 0.198510 0.489739
vt 0.141939 0.521948
vt 0.193588 0.470917
vt 0.200633 0.561198
vt 0.258259 0.561198
vt 0.179913 0.457077
vt 0.123342 0.489287
vt 0.246081 0.515749
vt 0.212811 0.515749
vt 0.160700 0.527097
vt 0.193362 0.508500
vt 0.212811 0.573377
vt 0.246081 0.573377
vt 0.161152 0.451929
vt 0.128490 0.470526
vt 0.229446 0.511292
vt 0.179523 0.522175
vt 0.229446 0.577834
vt 0.142330 0.456852
vt 0.088501 0.625517
vt 0.097188 0.613750
vt 0.088115 0.608542
vt 0.096670 0.630208
vt 0.077497 0.619219
vt 0.088115 0.608542
vt 0.079003 0.603333
vt 0.088501 0.625517
vt 0.088130 0.608541
vt 0.079677 0.620472
vt 0.079003 0.603333
vt 0.087853 0.625138
vt 0.097188 0.613750
vt 0.087853 0.625138
vt 0.088130 0.608541
vt 0.098341 0.631160
vt 0.301205 0.630734
vt 0.317560 0.630819
vt 0.301201 0.621889
vt 0.317560 0.622098
vt 0.301199 0.614071
vt 0.317560 0.614148
vt 0.062265 0.629027
vt 0.072814 0.624934
vt 0.062265 0.624934
vt 0.072822 0.629027
vt 0.062265 0.637307
vt 0.072814 0.633656
vt 0.062265 0.633656
vt 0.072822 0.637307
vt 0.062265 0.637307
vt 0.072814 0.641605
vt 0.062265 0.641605
vt 0.072822 0.637307
vt 0.062265 0.629027
vt 0.072814 0.633656
vt 0.062265 0.633656
vt 0.072822 0.629027
vt 0.072814 0.641605
vt 0.062265 0.641605
vt 0.072814 0.624934
vt 0.062265 0.624934
vt 0.158571 0.563691
vt 0.154597 0.572563
vt 0.154597 0.567003
vt 0.163971 0.563809
vt 0.167355 0.567973
vt 0.157791 0.576377
vt 0.162944 0.576523
vt 0.167166 0.573183
vt 0.321441 0.622098
vt 0.336348 0.630819
vt 0.340165 0.622098
vt 0.317625 0.630819
vt 0.325257 0.614148
vt 0.343980 0.614148
vt 0.340165 0.622098
vt 0.325257 0.614148
vt 0.343980 0.614148
vt 0.321441 0.622098
vt 0.336348 0.630819
vt 0.317625 0.630819
vt 0.088096 0.665699
vt 0.097188 0.630432
vt 0.088096 0.630432
vt 0.097188 0.665699
vt 0.079003 0.665699
vt 0.088096 0.630432
vt 0.079003 0.630432
vt 0.088148 0.665699
vt 0.079003 0.630432
vt 0.088148 0.630432
vt 0.079003 0.665699
vt 0.097188 0.665699
vt 0.088148 0.630432
vt 0.097188 0.630432
vt 0.052873 0.469841
vt 0.059453 0.499775
vt 0.052873 0.499775
vt 0.059453 0.469841
vt 0.052873 0.529709
vt 0.059453 0.559644
vt 0.052873 0.559644
vt 0.059453 0.529709
vt 0.052873 0.499775
vt 0.059453 0.499775
vt 0.052873 0.469841
vt 0.059453 0.469841
vt 0.052873 0.529709
vt 0.059453 0.559643
vt 0.052873 0.559644
vt 0.059453 0.529709
vt 0.052873 0.499775
vt 0.059453 0.499775
vt 0.052873 0.529709
vt 0.059453 0.559644
vt 0.052873 0.559644
vt 0.059453 0.529709
vt 0.204857 0.520075
vt 0.264090 0.544611
vt 0.194694 0.544611
vt 0.253927 0.520076
vt 0.264090 0.544610
vt 0.204857 0.520075
vt 0.253927 0.520075
vt 0.194695 0.544610
vt 0.204857 0.569145
vt 0.253927 0.569145
vt 0.204858 0.569145
vt 0.253927 0.569145
vt 0.229392 0.509913
vt 0.229392 0.509913
vt 0.229392 0.579308
vt 0.229392 0.579308
vt 0.077796 0.419586
vt 0.068488 0.399539
vt 0.077796 0.399539
vt 0.068488 0.419586
vt 0.077796 0.359445
vt 0.068488 0.339399
vt 0.077796 0.339399
vt 0.068488 0.359445
vt 0.077796 0.379492
vt 0.068488 0.379492
vt 0.077796 0.399540
vt 0.068488 0.399540
vt 0.077796 0.419586
vt 0.068488 0.419586
vt 0.077796 0.359445
vt 0.068488 0.339399
vt 0.077796 0.339399
vt 0.068488 0.359445
vt 0.077796 0.379492
vt 0.068488 0.379492
vt 0.077796 0.399540
vt 0.068488 0.399540
vt 0.077796 0.419586
vt 0.068488 0.419586
vt 0.077796 0.359445
vt 0.068488 0.339399
vt 0.077796 0.339399
vt 0.068488 0.359445
vt 0.077796 0.379492
vt 0.068488 0.379492
vt 0.127383 0.550557
vt 0.199650 0.569922
vt 0.122195 0.569922
vt 0.194461 0.550557
vt 0.197648 0.557633
vt 0.122972 0.562200
vt 0.186584 0.540917
vt 0.124196 0.582210
vt 0.127383 0.589285
vt 0.194461 0.589285
vt 0.135261 0.598927
vt 0.198873 0.577642
vt 0.180286 0.536382
vt 0.141558 0.536382
vt 0.168643 0.531972
vt 0.131917 0.544260
vt 0.141558 0.603461
vt 0.180286 0.603461
vt 0.153201 0.607872
vt 0.189928 0.595584
vt 0.160922 0.531194
vt 0.148634 0.533195
vt 0.160922 0.608649
vt 0.173211 0.606647
vt 0.070457 0.560499
vt 0.053632 0.537636
vt 0.070457 0.537636
vt 0.053632 0.560499
vt 0.070457 0.491908
vt 0.053632 0.469045
vt 0.070457 0.469045
vt 0.053632 0.491908
vt 0.070457 0.514771
vt 0.053632 0.514771
vt 0.070457 0.537636
vt 0.053632 0.537636
vt 0.070457 0.560499
vt 0.053632 0.560499
vt 0.070457 0.491908
vt 0.053632 0.469045
vt 0.070457 0.469045
vt 0.053632 0.491908
vt 0.070457 0.514771
vt 0.053632 0.514771
vt 0.070457 0.537636
vt 0.053632 0.537636
vt 0.070457 0.560499
vt 0.053632 0.560499
vt 0.070457 0.491908
vt 0.053632 0.469045
vt 0.070457 0.469045
vt 0.053632 0.491908
vt 0.070457 0.514771
vt 0.053632 0.514771
vt 0.200633 0.527927
vt 0.262717 0.544563
vt 0.196176 0.544563
vt 0.258259 0.527927
vt 0.128264 0.508110
vt 0.198510 0.489739
vt 0.141939 0.521948
vt 0.193588 0.470917
vt 0.200633 0.561198
vt 0.258259 0.561198
vt 0.179913 0.457077
vt 0.123342 0.489287
vt 0.246081 0.515749
vt 0.212811 0.515749
vt 0.160700 0.527097
vt 0.193362 0.508500
vt 0.212811 0.573377
vt 0.246081 0.573377
vt 0.161152 0.451929
vt 0.128490 0.470526
vt 0.229446 0.511292
vt 0.179523 0.522175
vt 0.229446 0.577834
vt 0.142330 0.456852
vt 0.088501 0.625517
vt 0.097188 0.613750
vt 0.088115 0.608542
vt 0.096670 0.630208
vt 0.077497 0.619219
vt 0.088115 0.608542
vt 0.079003 0.603333
vt 0.088501 0.625517
vt 0.088130 0.608541
vt 0.079677 0.620472
vt 0.079003 0.603333
vt 0.087853 0.625138
vt 0.097188 0.613750
vt 0.087853 0.625138
vt 0.088130 0.608541
vt 0.098341 0.631160
vt 0.301205 0.630734
vt 0.317560 0.630819
vt 0.301201 0.621889
vt 0.317560 0.622098
vt 0.301199 0.614071
vt 0.317560 0.614148
vt 0.062265 0.629027
vt 0.072814 0.624934
vt 0.062265 0.624934
vt 0.072822 0.629027
vt 0.062265 0.637307
vt 0.072814 0.633656
vt 0.062265 0.633656
vt 0.072822 0.637307
vt 0.062265 0.637307
vt 0.072814 0.641605
vt 0.062265 0.641605
vt 0.072822 0.637307
vt 0.062265 0.629027
vt 0.072814 0.633656
vt 0.062265 0.633656
vt 0.072822 0.629027
vt 0.072814 0.641605
vt 0.062265 0.641605
vt 0.072814 0.624934
vt 0.062265 0.624934
vt 0.158571 0.563691
vt 0.154597 0.572563
vt 0.154597 0.567003
vt 0.163971 0.563809
vt 0.167355 0.567973
vt 0.157791 0.576377
vt 0.162944 0.576523
vt 0.167166 0.573183
vt 0.321441 0.622098
vt 0.336348 0.630819
vt 0.340165 0.622098
vt 0.317625 0.630819
vt 0.325257 0.614148
vt 0.343980 0.614148
vt 0.340165 0.622098
vt 0.325257 0.614148
vt 0.343980 0.614148
vt 0.321441 0.622098
vt 0.336348 0.630819
vt 0.317625 0.630819
vt 0.088096 0.665699
vt 0.097188 0.630432
vt 0.088096 0.630432
vt 0.097188 0.665699
vt 0.079003 0.665699
vt 0.088096 0.630432
vt 0.079003 0.630432
vt 0.088148 0.665699
vt 0.079003 0.630432
vt 0.088148 0.630432
vt 0.079003 0.665699
vt 0.097188 0.665699
vt 0.088148 0.630432
vt 0.097188 0.630432
vt 0.052873 0.469841
vt 0.059453 0.499775
vt 0.052873 0.499775
vt 0.059453 0.469841
vt 0.052873 0.529709
vt 0.059453 0.559644
vt 0.052873 0.559644
vt 0.059453 0.529709
vt 0.052873 0.499775
vt 0.059453 0.499775
vt 0.052873 0.469841
vt 0.059453 0.469841
vt 0.052873 0.529709
vt 0.059453 0.559643
vt 0.052873 0.559644
vt 0.059453 0.529709
vt 0.052873 0.499775
vt 0.059453 0.499775
vt 0.052873 0.529709
vt 0.059453 0.559644
vt 0.052873 0.559644
vt 0.059453 0.529709
vt 0.204857 0.520075
vt 0.264090 0.544611
vt 0.194694 0.544611
vt 0.253927 0.520076
vt 0.264090 0.544610
vt 0.204857 0.520075
vt 0.253927 0.520075
vt 0.194695 0.544610
vt 0.204857 0.569145
vt 0.253927 0.569145
vt 0.204858 0.569145
vt 0.253927 0.569145
vt 0.229392 0.509913
vt 0.229392 0.509913
vt 0.229392 0.579308
vt 0.229392 0.579308
vt 0.077796 0.419586
vt 0.068488 0.399539
vt 0.077796 0.399539
vt 0.068488 0.419586
vt 0.077796 0.359445
vt 0.068488 0.339399
vt 0.077796 0.339399
vt 0.068488 0.359445
vt 0.077796 0.379492
vt 0.068488 0.379492
vt 0.077796 0.399540
vt 0.068488 0.399540
vt 0.077796 0.419586
vt 0.068488 0.419586
vt 0.077796 0.359445
vt 0.068488 0.339399
vt 0.077796 0.339399
vt 0.068488 0.359445
vt 0.077796 0.379492
vt 0.068488 0.379492
vt 0.077796 0.399540
vt 0.068488 0.399540
vt 0.077796 0.419586
vt 0.068488 0.419586
vt 0.077796 0.359445
vt 0.068488 0.339399
vt 0.077796 0.339399
vt 0.068488 0.359445
vt 0.077796 0.379492
vt 0.068488 0.379492
vt 0.127383 0.550557
vt 0.199650 0.569922
vt 0.122195 0.569922
vt 0.194461 0.550557
vt 0.197648 0.557633
vt 0.122972 0.562200
vt 0.186584 0.540917
vt 0.124196 0.582210
vt 0.127383 0.589285
vt 0.194461 0.589285
vt 0.135261 0.598927
vt 0.198873 0.577642
vt 0.180286 0.536382
vt 0.141558 0.536382
vt 0.168643 0.531972
vt 0.131917 0.544260
vt 0.141558 0.603461
vt 0.180286 0.603461
vt 0.153201 0.607872
vt 0.189928 0.595584
vt 0.160922 0.531194
vt 0.148634 0.533195
vt 0.160922 0.608649
vt 0.173211 0.606647
vt 0.070457 0.560499
vt 0.053632 0.537636
vt 0.070457 0.537636
vt 0.053632 0.560499
vt 0.070457 0.491908
vt 0.053632 0.469045
vt 0.070457 0.469045
vt 0.053632 0.491908
vt 0.070457 0.514771
vt 0.053632 0.514771
vt 0.070457 0.537636
vt 0.053632 0.537636
vt 0.070457 0.560499
vt 0.053632 0.560499
vt 0.070457 0.491908
vt 0.053632 0.469045
vt 0.070457 0.469045
vt 0.053632 0.491908
vt 0.070457 0.514771
vt 0.053632 0.514771
vt 0.070457 0.537636
vt 0.053632 0.537636
vt 0.070457 0.560499
vt 0.053632 0.560499
vt 0.070457 0.491908
vt 0.053632 0.469045
vt 0.070457 0.469045
vt 0.053632 0.491908
vt 0.070457 0.514771
vt 0.053632 0.514771
vt 0.200633 0.527927
vt 0.262717 0.544563
vt 0.196176 0.544563
vt 0.258259 0.527927
vt 0.128264 0.508110
vt 0.198510 0.489739
vt 0.141939 0.521948
vt 0.193588 0.470917
vt 0.200633 0.561198
vt 0.258259 0.561198
vt 0.179913 0.457077
vt 0.123342 0.489287
vt 0.246081 0.515749
vt 0.212811 0.515749
vt 0.160700 0.527097
vt 0.193362 0.508500
vt 0.212811 0.573377
vt 0.246081 0.573377
vt 0.161152 0.451929
vt 0.128490 0.470526
vt 0.229446 0.511292
vt 0.179523 0.522175
vt 0.229446 0.577834
vt 0.142330 0.456852
vt 0.088501 0.625517
vt 0.097188 0.613750
vt 0.088115 0.608542
vt 0.096670 0.630208
vt 0.077497 0.619219
vt 0.088115 0.608542
vt 0.079003 0.603333
vt 0.088501 0.625517
vt 0.088130 0.608541
vt 0.079677 0.620472
vt 0.079003 0.603333
vt 0.087853 0.625138
vt 0.097188 0.613750
vt 0.087853 0.625138
vt 0.088130 0.608541
vt 0.098341 0.631160
vt 0.301205 0.630734
vt 0.317560 0.630819
vt 0.301201 0.621889
vt 0.317560 0.622098
vt 0.301199 0.614071
vt 0.317560 0.614148
vt 0.062265 0.629027
vt 0.072814 0.624934
vt 0.062265 0.624934
vt 0.072822 0.629027
vt 0.062265 0.637307
vt 0.072814 0.633656
vt 0.062265 0.633656
vt 0.072822 0.637307
vt 0.062265 0.637307
vt 0.072814 0.641605
vt 0.062265 0.641605
vt 0.072822 0.637307
vt 0.062265 0.629027
vt 0.072814 0.633656
vt 0.062265 0.633656
vt 0.072822 0.629027
vt 0.072814 0.641605
vt 0.062265 0.641605
vt 0.072814 0.624934
vt 0.062265 0.624934
vt 0.158571 0.563691
vt 0.154597 0.572563
vt 0.154597 0.567003
vt 0.163971 0.563809
vt 0.167355 0.567973
vt 0.157791 0.576377
vt 0.162944 0.576523
vt 0.167166 0.573183
vt 0.136694 0.534644
vt 0.121396 0.545304
vt 0.120497 0.543693
vt 0.137595 0.536254
vt 0.125626 0.528553
vt 0.138337 0.530380
vt 0.125626 0.530380
vt 0.138337 0.528553
vt 0.136694 0.524288
vt 0.125626 0.528553
vt 0.120496 0.515240
vt 0.138337 0.528553
vt 0.125626 0.530380
vt 0.136694 0.534644
vt 0.120497 0.543693
vt 0.138337 0.530380
vt 0.136683 0.534650
vt 0.121385 0.545310
vt 0.120486 0.543700
vt 0.137583 0.536262
vt 0.125614 0.528559
vt 0.138325 0.530386
vt 0.125614 0.530386
vt 0.138325 0.528560
vt 0.136683 0.524296
vt 0.125614 0.528559
vt 0.120486 0.515246
vt 0.138325 0.528560
vt 0.125614 0.530386
vt 0.136683 0.534650
vt 0.120486 0.543700
vt 0.138325 0.530386
vt 0.136671 0.534683
vt 0.121374 0.545343
vt 0.120475 0.543732
vt 0.137572 0.536294
vt 0.125603 0.528592
vt 0.138314 0.530418
vt 0.125603 0.530418
vt 0.138314 0.528592
vt 0.136671 0.524328
vt 0.125603 0.528592
vt 0.120474 0.515278
vt 0.138314 0.528592
vt 0.125603 0.530418
vt 0.136671 0.534683
vt 0.120475 0.543732
vt 0.138314 0.530418
vt 0.136672 0.534628
vt 0.121374 0.545288
vt 0.120474 0.543678
vt 0.137571 0.536239
vt 0.125603 0.528536
vt 0.138314 0.530364
vt 0.125603 0.530364
vt 0.138314 0.528536
vt 0.136672 0.524272
vt 0.125603 0.528536
vt 0.120474 0.515224
vt 0.138314 0.528536
vt 0.125603 0.530364
vt 0.136672 0.534628
vt 0.120474 0.543678
vt 0.138314 0.530364
vt 0.136673 0.524313
vt 0.121370 0.513654
vt 0.120470 0.515265
vt 0.137572 0.522703
vt 0.125596 0.530406
vt 0.138313 0.528579
vt 0.125596 0.528579
vt 0.138313 0.530406
vt 0.136673 0.534672
vt 0.125596 0.530406
vt 0.120470 0.543720
vt 0.138313 0.530406
vt 0.125596 0.528579
vt 0.136673 0.524313
vt 0.120470 0.515265
vt 0.138313 0.528579
vt 0.136673 0.534672
vt 0.121370 0.545331
vt 0.120470 0.543720
vt 0.137572 0.536282
vt 0.125596 0.528579
vt 0.138313 0.530406
vt 0.125596 0.530406
vt 0.138313 0.528579
vt 0.136673 0.524313
vt 0.125596 0.528579
vt 0.120470 0.515265
vt 0.138313 0.528579
vt 0.125596 0.530406
vt 0.136673 0.534672
vt 0.120470 0.543720
vt 0.138313 0.530406
vt 0.136676 0.524270
vt 0.121374 0.513611
vt 0.120473 0.515222
vt 0.137576 0.522659
vt 0.125600 0.530363
vt 0.138317 0.528536
vt 0.125600 0.528536
vt 0.138317 0.530363
vt 0.136677 0.534629
vt 0.125600 0.530363
vt 0.120474 0.543678
vt 0.138317 0.530363
vt 0.125600 0.528536
vt 0.136676 0.524270
vt 0.120473 0.515222
vt 0.138317 0.528536
vt 0.136676 0.524325
vt 0.121374 0.513665
vt 0.120474 0.515277
vt 0.137577 0.522714
vt 0.125600 0.530418
vt 0.138317 0.528592
vt 0.125600 0.528592
vt 0.138317 0.530418
vt 0.136676 0.534684
vt 0.125600 0.530418
vt 0.120475 0.543732
vt 0.138317 0.530418
vt 0.125600 0.528592
vt 0.136676 0.524325
vt 0.120474 0.515277
vt 0.138317 0.528592
vt 0.136687 0.524292
vt 0.121385 0.513633
vt 0.120486 0.515244
vt 0.137588 0.522682
vt 0.125611 0.530385
vt 0.138329 0.528558
vt 0.125611 0.528558
vt 0.138329 0.530385
vt 0.136687 0.534651
vt 0.125611 0.530385
vt 0.120486 0.543700
vt 0.138329 0.530385
vt 0.125611 0.528558
vt 0.136687 0.524292
vt 0.120486 0.515244
vt 0.138329 0.528558
vt 0.136694 0.524288
vt 0.121397 0.513628
vt 0.120496 0.515240
vt 0.137595 0.522677
vt 0.125626 0.530380
vt 0.138337 0.528553
vt 0.125626 0.528553
vt 0.138337 0.530380
vt 0.136694 0.534644
vt 0.125626 0.530380
vt 0.120497 0.543693
vt 0.138337 0.530380
vt 0.125626 0.528553
vt 0.136694 0.524288
vt 0.120496 0.515240
vt 0.138337 0.528553
vt 0.100041 0.279299
vt 0.105164 0.268278
vt 0.105164 0.279299
vt 0.100041 0.268278
vt 0.209639 0.655195
vt 0.223023 0.650708
vt 0.223080 0.657856
vt 0.212322 0.648568
vt 0.105164 0.257252
vt 0.100041 0.257252
vt 0.198240 0.647591
vt 0.203255 0.642497
vt 0.105164 0.246230
vt 0.100041 0.246230
vt 0.190619 0.636205
vt 0.197203 0.633417
vt 0.105164 0.235204
vt 0.100041 0.235204
vt 0.187936 0.622769
vt 0.195084 0.622712
vt 0.105164 0.224183
vt 0.100042 0.224183
vt 0.190598 0.609328
vt 0.197224 0.612011
vt 0.105164 0.213157
vt 0.100042 0.213157
vt 0.198202 0.597929
vt 0.203295 0.602944
vt 0.105164 0.202131
vt 0.100042 0.202131
vt 0.209588 0.590308
vt 0.212376 0.596891
vt 0.105164 0.191105
vt 0.100042 0.191105
vt 0.223024 0.587625
vt 0.223080 0.594773
vt 0.105164 0.180083
vt 0.100042 0.180083
vt 0.236464 0.590287
vt 0.233781 0.596913
vt 0.105165 0.169062
vt 0.100042 0.169062
vt 0.247863 0.597890
vt 0.242848 0.602984
vt 0.105165 0.158036
vt 0.100042 0.158036
vt 0.255484 0.609277
vt 0.248902 0.612064
vt 0.105165 0.147014
vt 0.100043 0.147014
vt 0.258168 0.622712
vt 0.251019 0.622769
vt 0.105166 0.135988
vt 0.100043 0.135988
vt 0.255506 0.636153
vt 0.248879 0.633470
vt 0.105166 0.124967
vt 0.100043 0.124967
vt 0.247903 0.647552
vt 0.242808 0.642537
vt 0.105166 0.113945
vt 0.100044 0.113945
vt 0.236516 0.655173
vt 0.233729 0.648589
vt 0.105168 0.102919
vt 0.100044 0.102919
vt 0.065360 0.513413
vt 0.067399 0.508397
vt 0.067400 0.513413
vt 0.065360 0.508397
vt 0.067396 0.503385
vt 0.065360 0.503386
vt 0.067393 0.498383
vt 0.065360 0.498383
vt 0.067389 0.493390
vt 0.065360 0.493390
vt 0.067385 0.488408
vt 0.065360 0.488408
vt 0.067382 0.483434
vt 0.065360 0.483434
vt 0.067378 0.478466
vt 0.065360 0.478466
vt 0.067380 0.473510
vt 0.065360 0.473500
vt 0.065359 0.553326
vt 0.067378 0.548359
vt 0.067379 0.553316
vt 0.065359 0.548359
vt 0.067381 0.543392
vt 0.065359 0.543391
vt 0.067384 0.538418
vt 0.065360 0.538418
vt 0.067388 0.533436
vt 0.065360 0.533435
vt 0.067392 0.528443
vt 0.065360 0.528443
vt 0.067396 0.523440
vt 0.065360 0.523440
vt 0.067399 0.518429
vt 0.065360 0.518429
vt 0.089135 0.545015
vt 0.074954 0.536767
vt 0.084957 0.534781
vt 0.074954 0.547821
vt 0.101153 0.536998
vt 0.093376 0.529142
vt 0.109189 0.524994
vt 0.098997 0.520712
vt 0.112018 0.510772
vt 0.100964 0.510772
vt 0.089125 0.545080
vt 0.074954 0.536833
vt 0.084946 0.534845
vt 0.074954 0.547887
vt 0.101142 0.537064
vt 0.093365 0.529208
vt 0.109178 0.525058
vt 0.098986 0.520777
vt 0.112007 0.510772
vt 0.100953 0.510772
vt 0.089125 0.545087
vt 0.074954 0.536840
vt 0.084946 0.534853
vt 0.074954 0.547894
vt 0.101142 0.537071
vt 0.093365 0.529216
vt 0.109177 0.525066
vt 0.098986 0.520785
vt 0.112007 0.510772
vt 0.100952 0.510772
vt 0.089135 0.545023
vt 0.074954 0.536775
vt 0.084956 0.534788
vt 0.074954 0.547829
vt 0.101153 0.537006
vt 0.093375 0.529150
vt 0.109188 0.525001
vt 0.098997 0.520720
vt 0.112017 0.510772
vt 0.100963 0.510772
vt 0.104997 0.379553
vt 0.101087 0.399856
vt 0.101087 0.379555
vt 0.104997 0.399854
vt 0.101087 0.420245
vt 0.104997 0.420245
vt 0.104997 0.339037
vt 0.101087 0.359339
vt 0.101087 0.339037
vt 0.104997 0.359338
vt 0.101087 0.379641
vt 0.104997 0.379640
vt 0.101087 0.399944
vt 0.104997 0.399942
vt 0.101087 0.420245
vt 0.104997 0.420245
vt 0.104997 0.339037
vt 0.101087 0.359253
vt 0.101087 0.339037
vt 0.104997 0.359251
vt 0.127163 0.654577
vt 0.154615 0.627125
vt 0.146575 0.646536
vt 0.146575 0.607713
vt 0.099711 0.627125
vt 0.107751 0.646536
vt 0.127163 0.599672
vt 0.107751 0.607713
vt 0.154615 0.627123
vt 0.127163 0.599671
vt 0.146575 0.607711
vt 0.107751 0.607711
vt 0.127163 0.654575
vt 0.146575 0.646534
vt 0.099711 0.627123
vt 0.107751 0.646534
vt 0.219883 0.633162
vt 0.231396 0.629799
vt 0.226183 0.633360
vt 0.233407 0.623773
vt 0.214933 0.629295
vt 0.213233 0.623152
vt 0.215250 0.617155
vt 0.220499 0.613617
vt 0.231700 0.617648
vt 0.226788 0.613800
vt 0.233407 0.623773
vt 0.234072 0.615997
vt 0.236315 0.623803
vt 0.231700 0.617648
vt 0.231396 0.629799
vt 0.233745 0.631504
vt 0.226183 0.633360
vt 0.227039 0.636127
vt 0.219883 0.633162
vt 0.218948 0.635904
vt 0.214933 0.629295
vt 0.212528 0.630955
vt 0.213233 0.623152
vt 0.210261 0.623048
vt 0.215250 0.617155
vt 0.212985 0.615337
vt 0.220499 0.613617
vt 0.219738 0.610873
vt 0.226788 0.613800
vt 0.227716 0.611086
vt 0.716628 0.922771
vt 0.714397 0.935465
vt 0.710249 0.926822
vt 0.722421 0.930368
vt 0.729438 0.923638
vt 0.721631 0.917518
vt 0.734639 0.915629
vt 0.726196 0.911267
vt 0.729438 0.923638
vt 0.726196 0.911267
vt 0.721631 0.917518
vt 0.734639 0.915629
vt 0.722421 0.930368
vt 0.716628 0.922771
vt 0.714397 0.935465
vt 0.710249 0.926822
vt 0.705361 0.938516
vt 0.703168 0.929313
vt 0.696133 0.939534
vt 0.696133 0.930333
vt 0.705361 0.938516
vt 0.696133 0.930333
vt 0.703168 0.929313
vt 0.696133 0.939534
vt 0.721256 0.949627
vt 0.732151 0.942986
vt 0.741331 0.933614
vt 0.748921 0.922336
vt 0.748921 0.922336
vt 0.741331 0.933614
vt 0.732151 0.942986
vt 0.721256 0.949627
vt 0.709056 0.953927
vt 0.696133 0.955447
vt 0.696133 0.955447
vt 0.709056 0.953927
vt 0.224786 0.664082
vt 0.220073 0.657107
vt 0.225817 0.657107
vt 0.220924 0.664023
vt 0.222857 0.657218
vt 0.224719 0.663465
vt 0.225744 0.657134
vt 0.220030 0.657134
vt 0.220877 0.663406
vt 0.224786 0.664082
vt 0.220073 0.657107
vt 0.225817 0.657107
vt 0.220924 0.664023
vt 0.222857 0.657218
vt 0.224719 0.663465
vt 0.225744 0.657134
vt 0.220030 0.657134
vt 0.220877 0.663406
vt 0.224786 0.664082
vt 0.220073 0.657107
vt 0.225817 0.657107
vt 0.220924 0.664023
vt 0.222857 0.657218
vt 0.224719 0.663465
vt 0.225744 0.657134
vt 0.220030 0.657134
vt 0.220877 0.663406
vt 0.249489 0.654677
vt 0.241269 0.652858
vt 0.245437 0.648906
vt 0.246645 0.657291
vt 0.243366 0.651023
vt 0.249015 0.654276
vt 0.245403 0.648976
vt 0.241257 0.652907
vt 0.246187 0.656876
vt 0.224786 0.664082
vt 0.220073 0.657107
vt 0.225817 0.657107
vt 0.220924 0.664023
vt 0.222857 0.657218
vt 0.224719 0.663465
vt 0.225744 0.657134
vt 0.220030 0.657134
vt 0.220877 0.663406
vt 0.224786 0.664082
vt 0.220073 0.657107
vt 0.225817 0.657107
vt 0.220924 0.664023
vt 0.222857 0.657218
vt 0.224719 0.663465
vt 0.225744 0.657134
vt 0.220030 0.657134
vt 0.220877 0.663406
vt 0.211199 0.662492
vt 0.209055 0.654351
vt 0.214476 0.656248
vt 0.207574 0.661160
vt 0.211646 0.655375
vt 0.211339 0.661887
vt 0.214398 0.656249
vt 0.209005 0.654362
vt 0.207733 0.660562
vt 0.224786 0.664082
vt 0.220073 0.657107
vt 0.225817 0.657107
vt 0.220924 0.664023
vt 0.222857 0.657218
vt 0.224719 0.663465
vt 0.225744 0.657134
vt 0.220030 0.657134
vt 0.220877 0.663406
vt 0.224786 0.664082
vt 0.220073 0.657107
vt 0.225817 0.657107
vt 0.220924 0.664023
vt 0.222857 0.657218
vt 0.224719 0.663465
vt 0.225744 0.657134
vt 0.220030 0.657134
vt 0.220877 0.663406
vt 0.224786 0.664082
vt 0.220073 0.657107
vt 0.225817 0.657107
vt 0.220924 0.664023
vt 0.222857 0.657218
vt 0.224719 0.663465
vt 0.225744 0.657134
vt 0.220030 0.657134
vt 0.220877 0.663406
vt 0.224786 0.664082
vt 0.220073 0.657107
vt 0.225817 0.657107
vt 0.220924 0.664023
vt 0.222857 0.657218
vt 0.224719 0.663465
vt 0.225744 0.657134
vt 0.220030 0.657134
vt 0.220877 0.663406
vt 0.224786 0.664082
vt 0.220073 0.657107
vt 0.225817 0.657107
vt 0.220924 0.664023
vt 0.222857 0.657218
vt 0.224719 0.663465
vt 0.225744 0.657134
vt 0.220030 0.657134
vt 0.220877 0.663406
vt 0.182215 0.624538
vt 0.189148 0.619763
vt 0.189199 0.625506
vt 0.182240 0.620676
vt 0.222857 0.657218
vt 0.224719 0.663465
vt 0.225744 0.657134
vt 0.220030 0.657134
vt 0.220877 0.663406
vt 0.224786 0.664082
vt 0.220073 0.657107
vt 0.225817 0.657107
vt 0.220924 0.664023
vt 0.222857 0.657218
vt 0.224719 0.663465
vt 0.225744 0.657134
vt 0.220030 0.657134
vt 0.220877 0.663406
vt 0.224786 0.664082
vt 0.220073 0.657107
vt 0.225817 0.657107
vt 0.220924 0.664023
vt 0.222857 0.657218
vt 0.224719 0.663465
vt 0.225744 0.657134
vt 0.220030 0.657134
vt 0.220877 0.663406
vt 0.224786 0.664082
vt 0.220073 0.657107
vt 0.225817 0.657107
vt 0.220924 0.664023
vt 0.222857 0.657218
vt 0.224719 0.663465
vt 0.225744 0.657134
vt 0.220030 0.657134
vt 0.220877 0.663406
vt 0.224786 0.664082
vt 0.220073 0.657107
vt 0.225817 0.657107
vt 0.220924 0.664023
vt 0.222857 0.657218
vt 0.224719 0.663465
vt 0.225744 0.657134
vt 0.220030 0.657134
vt 0.220877 0.663406
vt 0.190958 0.648357
vt 0.194316 0.640637
vt 0.197398 0.645484
vt 0.188937 0.645066
vt 0.195716 0.643046
vt 0.191442 0.647969
vt 0.197335 0.645437
vt 0.194270 0.640615
vt 0.189432 0.644695
vt 0.224786 0.664082
vt 0.220073 0.657107
vt 0.225817 0.657107
vt 0.220924 0.664023
vt 0.222857 0.657218
vt 0.224719 0.663465
vt 0.225744 0.657134
vt 0.220030 0.657134
vt 0.220877 0.663406
vt 0.224786 0.664082
vt 0.220073 0.657107
vt 0.225817 0.657107
vt 0.220924 0.664023
vt 0.222857 0.657218
vt 0.224719 0.663465
vt 0.225744 0.657134
vt 0.220030 0.657134
vt 0.220877 0.663406
vt 0.069169 0.458118
vt 0.097365 0.459405
vt 0.069170 0.459404
vt 0.097365 0.458118
vt 0.097365 0.458118
vt 0.124461 0.450138
vt 0.124461 0.453780
vt 0.069803 0.450138
vt 0.097365 0.459405
vt 0.069803 0.467385
vt 0.069803 0.463747
vt 0.124461 0.467385
vt 0.125467 0.458118
vt 0.125467 0.459405
vt 0.069803 0.453780
vt 0.124461 0.463738
vt 0.069169 0.458118
vt 0.097365 0.459405
vt 0.069170 0.459404
vt 0.097365 0.458118
vt 0.097365 0.458118
vt 0.124461 0.450138
vt 0.124461 0.453780
vt 0.069803 0.450138
vt 0.097365 0.459405
vt 0.069803 0.467385
vt 0.069803 0.463747
vt 0.124461 0.467385
vt 0.125467 0.458118
vt 0.125467 0.459405
vt 0.069803 0.453780
vt 0.124461 0.463738
vt 0.069169 0.458118
vt 0.097365 0.459405
vt 0.069170 0.459404
vt 0.097365 0.458118
vt 0.097365 0.458118
vt 0.124461 0.450138
vt 0.124461 0.453780
vt 0.069803 0.450138
vt 0.097365 0.459405
vt 0.069803 0.467385
vt 0.069803 0.463747
vt 0.124461 0.467385
vt 0.125467 0.458119
vt 0.125467 0.459405
vt 0.069803 0.453780
vt 0.124461 0.463738
vt 0.069169 0.458118
vt 0.097365 0.459405
vt 0.069170 0.459404
vt 0.097365 0.458118
vt 0.097365 0.458118
vt 0.124461 0.450138
vt 0.124461 0.453780
vt 0.069803 0.450138
vt 0.097365 0.459405
vt 0.069803 0.467385
vt 0.069803 0.463747
vt 0.124461 0.467385
vt 0.125467 0.458119
vt 0.125467 0.459405
vt 0.069803 0.453780
vt 0.124461 0.463738
vt 0.125467 0.459405
vt 0.097365 0.458118
vt 0.125467 0.458118
vt 0.097365 0.459405
vt 0.097365 0.458118
vt 0.124461 0.450138
vt 0.124461 0.453780
vt 0.069803 0.450138
vt 0.097365 0.459405
vt 0.069803 0.467385
vt 0.069803 0.463747
vt 0.124461 0.467385
vt 0.069170 0.459404
vt 0.069169 0.458118
vt 0.069803 0.453780
vt 0.124461 0.463738
vt 0.074002 0.507531
vt 0.090990 0.520104
vt 0.074002 0.520104
vt 0.090990 0.507531
vt 0.074002 0.494959
vt 0.090990 0.494959
vt 0.074002 0.482386
vt 0.090990 0.482386
vt 0.074002 0.469813
vt 0.090990 0.469813
vt 0.074002 0.507531
vt 0.090990 0.520104
vt 0.074002 0.520104
vt 0.090990 0.507531
vt 0.074002 0.494959
vt 0.090990 0.494959
vt 0.074002 0.482386
vt 0.090990 0.482386
vt 0.074002 0.469813
vt 0.090990 0.469813
vt 0.074002 0.507531
vt 0.090990 0.520104
vt 0.074002 0.520104
vt 0.090990 0.507531
vt 0.074002 0.494959
vt 0.090990 0.494959
vt 0.074002 0.482386
vt 0.090990 0.482386
vt 0.074002 0.469813
vt 0.090990 0.469813
vt 0.074002 0.507531
vt 0.090990 0.520104
vt 0.074002 0.520104
vt 0.090990 0.507531
vt 0.074002 0.494959
vt 0.090990 0.494959
vt 0.074002 0.482386
vt 0.090990 0.482386
vt 0.074002 0.469813
vt 0.090990 0.469813
vt 0.083917 0.550427
vt 0.074994 0.595287
vt 0.074994 0.556390
vt 0.083917 0.601249
vt 0.102816 0.308994
vt 0.099169 0.316594
vt 0.099169 0.308994
vt 0.102816 0.316594
vt 0.099169 0.324184
vt 0.102816 0.324184
vt 0.099169 0.331841
vt 0.102816 0.331841
vt 0.102816 0.286301
vt 0.099169 0.293828
vt 0.099169 0.286301
vt 0.102816 0.293828
vt 0.099169 0.301436
vt 0.102816 0.301436
vt 0.099169 0.309035
vt 0.102816 0.309035
vt 0.099169 0.316634
vt 0.102816 0.316634
vt 0.099169 0.324241
vt 0.102816 0.324241
vt 0.099169 0.331841
vt 0.102816 0.331841
vt 0.102816 0.286301
vt 0.099169 0.293795
vt 0.099169 0.286301
vt 0.102816 0.293795
vt 0.099169 0.301395
vt 0.102816 0.301395
vt 0.262024 0.488676
vt 0.258974 0.476358
vt 0.264423 0.476334
vt 0.256980 0.486613
vt 0.255085 0.499161
vt 0.251215 0.495324
vt 0.244660 0.506191
vt 0.242553 0.501166
vt 0.232340 0.508698
vt 0.232316 0.503250
vt 0.219998 0.506299
vt 0.222061 0.501256
vt 0.209513 0.499360
vt 0.213349 0.495490
vt 0.202482 0.488937
vt 0.207507 0.486829
vt 0.199975 0.476616
vt 0.205424 0.476592
vt 0.202375 0.464274
vt 0.207418 0.466337
vt 0.209315 0.453789
vt 0.213184 0.457625
vt 0.219738 0.446759
vt 0.221845 0.451783
vt 0.232059 0.444252
vt 0.232082 0.449700
vt 0.244401 0.446650
vt 0.242338 0.451694
vt 0.254885 0.453590
vt 0.251049 0.457459
vt 0.261916 0.464013
vt 0.256891 0.466121
vt 0.114753 0.522128
vt 0.119184 0.511735
vt 0.114753 0.511735
vt 0.119184 0.522128
vt 0.114753 0.532520
vt 0.119184 0.532520
vt 0.114753 0.542913
vt 0.119184 0.542914
vt 0.114753 0.553307
vt 0.119184 0.553307
vt 0.114753 0.542848
vt 0.119184 0.553307
vt 0.114753 0.553307
vt 0.119184 0.542848
vt 0.114753 0.532455
vt 0.119184 0.532455
vt 0.114753 0.522063
vt 0.119184 0.522063
vt 0.114753 0.511670
vt 0.119184 0.511670
vt 0.114753 0.501278
vt 0.119184 0.501278
vt 0.114753 0.490885
vt 0.119184 0.490885
vt 0.114753 0.480492
vt 0.119184 0.480492
vt 0.114753 0.470164
vt 0.119184 0.470164
vt 0.114753 0.480557
vt 0.119184 0.470164
vt 0.114753 0.470164
vt 0.119184 0.480557
vt 0.114753 0.490950
vt 0.119184 0.490950
vt 0.114753 0.501342
vt 0.119184 0.501342
vt 0.222338 0.500903
vt 0.232315 0.492125
vt 0.232396 0.502768
vt 0.224479 0.490055
vt 0.242395 0.500734
vt 0.240108 0.489967
vt 0.242084 0.452155
vt 0.232086 0.460910
vt 0.232020 0.450241
vt 0.239932 0.463003
vt 0.221984 0.452231
vt 0.224273 0.463038
vt 0.247831 0.476413
vt 0.256439 0.466368
vt 0.258446 0.476374
vt 0.245663 0.468655
vt 0.207728 0.466628
vt 0.216544 0.476629
vt 0.205865 0.476719
vt 0.218583 0.468778
vt 0.207919 0.486742
vt 0.218725 0.484410
vt 0.256566 0.486373
vt 0.245774 0.484237
vt 0.250918 0.494985
vt 0.250701 0.457829
vt 0.213399 0.457977
vt 0.213703 0.495275
vt 0.094443 0.548334
vt 0.104968 0.601249
vt 0.094443 0.603343
vt 0.104968 0.550427
vt 0.113891 0.595287
vt 0.113891 0.556390
vt 0.069032 0.565312
vt 0.069032 0.586363
vt 0.119853 0.586363
vt 0.119853 0.565312
vt 0.232164 0.476427
vt 0.245480 0.469248
vt 0.247244 0.477295
vt 0.239830 0.463443
vt 0.232081 0.461366
vt 0.224448 0.463496
vt 0.218989 0.469144
vt 0.217089 0.476725
vt 0.219168 0.484179
vt 0.224706 0.489557
vt 0.232115 0.491536
vt 0.239474 0.489666
vt 0.244961 0.484479
vt 0.066939 0.575839
vt 0.121947 0.575839
vt 0.301202 0.622263
vt 0.301198 0.614231
vt 0.317560 0.622098
vt 0.317560 0.614148
vt 0.301204 0.630896
vt 0.317560 0.630819
vt 0.301202 0.622263
vt 0.301198 0.614231
vt 0.317560 0.622098
vt 0.317560 0.614148
vt 0.301204 0.630896
vt 0.317560 0.630819
vt 0.301202 0.622263
vt 0.301198 0.614231
vt 0.317560 0.622098
vt 0.317560 0.614148
vt 0.301204 0.630896
vt 0.317560 0.630819
vt 0.301202 0.622263
vt 0.301198 0.614231
vt 0.317560 0.622098
vt 0.317560 0.614148
vt 0.301204 0.630896
vt 0.317560 0.630819
vn -0.4358 0.6364 0.6364
vn 0.4358 -0.6364 0.6364
vn 0.4358 -0.6364 -0.6364
vn -0.4358 0.6364 -0.6364
vn 0.0000 0.7071 0.7071
vn 0.0000 -0.7071 0.7071
vn 0.0000 -0.7071 -0.7071
vn 0.0000 0.7071 -0.7071
vn 0.0000 -0.3827 0.9239
vn 0.0000 -0.9239 0.3827
vn 0.0000 -0.9239 -0.3827
vn 0.0000 -0.3827 -0.9239
vn 0.0000 0.3827 -0.9239
vn 0.0000 0.9239 -0.3827
vn 0.0000 0.9239 0.3827
vn 0.0000 0.3827 0.9239
vn -1.0000 -0.0000 0.0000
vn 1.0000 0.0000 0.0000
vn 0.0000 -0.7383 -0.6745
vn 0.0000 -0.3021 -0.9533
vn 0.0000 0.2150 -0.9766
vn 0.0000 0.6745 -0.7383
vn 0.0000 0.9533 -0.3021
vn 0.0000 0.9766 0.2150
vn 0.0000 0.7383 0.6745
vn 0.0000 0.3021 0.9533
vn 0.0000 -0.2150 0.9766
vn 0.0000 -0.6745 0.7383
vn 0.0000 -0.9533 0.3021
vn 0.0000 -0.9766 -0.2150
vn 0.0000 0.9584 0.2855
vn 0.0000 0.6872 0.7264
vn 0.0000 0.2319 0.9727
vn 0.0000 -0.2855 0.9584
vn 0.0000 -0.7264 0.6872
vn 0.0000 -0.9727 0.2320
vn 0.0000 -0.9584 -0.2855
vn 0.0000 -0.6872 -0.7264
vn 0.0000 -0.2319 -0.9727
vn 0.0000 0.2855 -0.9584
vn 0.0000 0.7264 -0.6872
vn 0.0000 0.9727 -0.2320
vn -0.5741 0.5790 0.5789
vn -0.5672 0.6237 0.5379
vn 0.5613 -0.5852 0.5852
vn 0.5655 -0.5474 0.6168
vn 0.5882 -0.5718 -0.5719
vn 0.5821 -0.6049 -0.5434
vn -0.5410 0.5947 -0.5947
vn -0.5484 0.5455 -0.6338
vn -0.0311 0.7076 0.7059
vn 0.0120 0.7572 0.6531
vn -0.0279 -0.7062 0.7075
vn 0.0067 -0.6638 0.7479
vn 0.0000 0.9145 0.4047
vn 0.0000 -0.4068 0.9135
vn 0.0000 -0.9084 -0.4182
vn 0.0000 0.4300 -0.9028
vn 0.0000 -0.9068 0.4215
vn 0.0000 0.9095 -0.4157
vn 0.0000 0.4412 0.8974
vn 0.0000 -0.4083 -0.9128
vn 1.0000 0.0000 0.0025
vn 1.0000 -0.0010 0.0019
vn 1.0000 0.0001 0.0037
vn 1.0000 -0.0003 -0.0014
vn 1.0000 0.0012 -0.0019
vn 1.0000 0.0002 0.0014
vn 1.0000 0.0001 -0.0025
vn 1.0000 0.0001 -0.0038
vn 0.0000 -0.9984 -0.0573
vn 0.0000 -0.8360 -0.5488
vn 0.0000 -0.4495 -0.8933
vn 0.0000 0.0573 -0.9984
vn 0.0000 0.5488 -0.8359
vn 0.0000 0.8932 -0.4496
vn 0.0000 0.9984 0.0573
vn 0.0000 0.8360 0.5488
vn 0.0000 0.4495 0.8933
vn 0.0000 -0.0573 0.9984
vn 0.0000 -0.5488 0.8359
vn 0.0000 -0.8932 0.4496
vn 0.0000 0.1849 -0.9828
vn 0.0000 0.6515 -0.7587
vn 0.0000 0.9435 -0.3313
vn 0.0000 0.9828 0.1849
vn 0.0000 0.7587 0.6515
vn 0.0000 0.3313 0.9435
vn 0.0000 -0.1849 0.9828
vn 0.0000 -0.6515 0.7587
vn 0.0000 -0.9435 0.3313
vn 0.0000 -0.9828 -0.1849
vn 0.0000 -0.7587 -0.6515
vn 0.0000 -0.3313 -0.9435
vn -0.5741 0.5789 0.5789
vn 1.0000 -0.0003 -0.0013
vn 0.0000 0.3695 -0.9292
vn 0.0000 0.7846 -0.6200
vn 0.0000 0.9895 -0.1446
vn 0.0000 0.9292 0.3695
vn 0.0000 0.6200 0.7846
vn 0.0000 0.1446 0.9895
vn 0.0000 -0.3695 0.9292
vn 0.0000 -0.7846 0.6200
vn 0.0000 -0.9895 0.1446
vn 0.0000 -0.9292 -0.3695
vn 0.0000 -0.6200 -0.7846
vn 0.0000 -0.1446 -0.9895
vn 0.0000 -0.2471 0.9690
vn 0.0000 -0.6985 0.7156
vn 0.0000 -0.9627 0.2705
vn 0.0000 -0.9690 -0.2471
vn 0.0000 -0.7156 -0.6985
vn 0.0000 -0.2705 -0.9627
vn 0.0000 0.2471 -0.9690
vn 0.0000 0.6985 -0.7156
vn 0.0000 0.9627 -0.2705
vn 0.0000 0.9690 0.2471
vn 0.0000 0.7156 0.6985
vn 0.0000 0.2705 0.9627
vn -0.5741 0.5790 0.5790
vn 0.0000 -0.8918 -0.4524
vn 0.0000 -0.5462 -0.8377
vn 0.0000 -0.0542 -0.9985
vn 0.0000 0.4524 -0.8918
vn 0.0000 0.8377 -0.5462
vn 0.0000 0.9985 -0.0542
vn 0.0000 0.8918 0.4524
vn 0.0000 0.5462 0.8377
vn 0.0000 0.0542 0.9985
vn 0.0000 -0.4524 0.8918
vn 0.0000 -0.8377 0.5461
vn 0.0000 -0.9985 0.0542
vn 0.0000 -0.6005 -0.7996
vn 0.0000 -0.1203 -0.9927
vn 0.0000 0.3922 -0.9199
vn 0.0000 0.7996 -0.6005
vn 0.0000 0.9927 -0.1203
vn 0.0000 0.9199 0.3922
vn 0.0000 0.6005 0.7996
vn 0.0000 0.1203 0.9927
vn 0.0000 -0.3922 0.9199
vn 0.0000 -0.7996 0.6005
vn 0.0000 -0.9927 0.1202
vn 0.0000 -0.9199 -0.3922
vn 0.5882 -0.5719 -0.5719
vn 0.0000 -0.4084 -0.9128
vn -0.6305 0.7553 -0.1788
vn 0.9351 -0.3449 0.0817
vn 0.0028 -0.2394 -0.9709
vn 0.0007 -0.2393 -0.9709
vn 0.0032 -0.2393 -0.9709
vn 0.0000 -0.2393 -0.9709
vn 0.0006 0.2324 0.9726
vn 0.0022 0.2324 0.9726
vn 0.0026 0.2323 0.9726
vn 0.0000 0.2324 0.9726
vn -0.6305 0.5059 -0.5886
vn 0.9351 -0.2309 0.2687
vn 0.0035 -0.7650 -0.6441
vn 0.0009 -0.7649 -0.6441
vn 0.0040 -0.7649 -0.6441
vn 0.0000 -0.7649 -0.6441
vn 0.0004 0.7603 0.6496
vn 0.0015 0.7603 0.6496
vn 0.0018 0.7603 0.6496
vn 0.0000 0.7603 0.6496
vn -0.6305 0.0552 -0.7742
vn 0.9353 -0.0252 0.3530
vn 0.0038 -0.9981 -0.0607
vn 0.0010 -0.9982 -0.0607
vn 0.0043 -0.9981 -0.0607
vn 0.0000 -0.9982 -0.0607
vn 0.0003 0.9977 0.0678
vn 0.0014 0.9977 0.0678
vn 0.0015 0.9977 0.0678
vn 0.0000 0.9977 0.0678
vn -0.6305 -0.3988 -0.6659
vn 0.9354 0.1817 0.3033
vn 0.0035 -0.8526 0.5225
vn 0.0009 -0.8526 0.5225
vn 0.0041 -0.8526 0.5225
vn 0.0000 -0.8526 0.5225
vn 0.0004 0.8563 -0.5165
vn 0.0015 0.8563 -0.5165
vn 0.0017 0.8563 -0.5164
vn 0.0000 0.8563 -0.5165
vn -0.6305 -0.7167 -0.2980
vn 0.9355 0.3263 0.1357
vn 0.0030 -0.3754 0.9269
vn 0.0008 -0.3754 0.9269
vn 0.0034 -0.3754 0.9269
vn 0.0000 -0.3754 0.9269
vn 0.0005 0.3820 -0.9242
vn 0.0021 0.3820 -0.9241
vn 0.0024 0.3820 -0.9242
vn 0.0000 0.3820 -0.9242
vn -0.6305 -0.7553 0.1788
vn 0.9355 0.3439 -0.0814
vn 0.0020 0.2380 0.9713
vn 0.0005 0.2380 0.9713
vn 0.0022 0.2380 0.9713
vn 0.0000 0.2380 0.9713
vn 0.0009 -0.2311 -0.9729
vn 0.0031 -0.2312 -0.9729
vn 0.0036 -0.2311 -0.9729
vn 0.0000 -0.2311 -0.9729
vn -0.6305 -0.5028 0.5913
vn 0.9354 0.2291 -0.2694
vn 0.0012 0.7664 0.6424
vn 0.0003 0.7663 0.6424
vn 0.0015 0.7663 0.6425
vn 0.0000 0.7663 0.6425
vn 0.0010 -0.7616 -0.6480
vn 0.0039 -0.7616 -0.6480
vn 0.0043 -0.7616 -0.6480
vn 0.0000 -0.7617 -0.6480
vn -0.6305 -0.0619 0.7737
vn -0.6305 -0.0620 0.7737
vn 0.9353 0.0282 -0.3528
vn 0.0010 0.9973 0.0732
vn 0.0005 0.9973 0.0732
vn 0.0012 0.9973 0.0732
vn 0.0000 0.9973 0.0732
vn 0.0010 -0.9968 -0.0803
vn 0.0041 -0.9968 -0.0802
vn 0.0046 -0.9968 -0.0803
vn 0.0000 -0.9968 -0.0803
vn -0.6401 0.4028 0.6542
vn 0.9351 -0.1857 -0.3017
vn 0.0013 0.8478 -0.5303
vn 0.0004 0.8478 -0.5303
vn 0.0015 0.8478 -0.5303
vn 0.0000 0.8478 -0.5303
vn 0.0009 -0.8516 0.5242
vn 0.0038 -0.8516 0.5242
vn 0.0043 -0.8515 0.5243
vn 0.0000 -0.8516 0.5242
vn -0.6401 0.7099 0.2938
vn 0.9351 -0.3275 -0.1355
vn 0.0021 0.3750 -0.9270
vn 0.0005 0.3749 -0.9270
vn 0.0023 0.3750 -0.9270
vn 0.0000 0.3749 -0.9270
vn 0.0007 -0.3816 0.9243
vn 0.0031 -0.3816 0.9243
vn 0.0035 -0.3815 0.9244
vn 0.0000 -0.3816 0.9243
vn -0.0000 0.9806 0.1961
vn 1.0000 -0.0033 -0.0008
vn 1.0000 -0.0033 -0.0006
vn 1.0000 -0.0033 0.0006
vn 1.0000 -0.0029 -0.0018
vn -0.0000 0.8309 0.5564
vn 1.0000 -0.0028 -0.0020
vn 1.0000 -0.0019 -0.0029
vn -0.0000 0.5547 0.8320
vn 1.0000 -0.0018 -0.0029
vn 1.0000 -0.0008 -0.0033
vn -0.0000 0.1941 0.9810
vn 1.0000 0.0007 -0.0033
vn -0.0000 -0.1961 0.9806
vn 1.0000 0.0008 -0.0033
vn 1.0000 0.0019 -0.0029
vn -0.0000 -0.5564 0.8309
vn 1.0000 0.0021 -0.0028
vn 1.0000 0.0029 -0.0019
vn -0.0000 -0.8320 0.5547
vn 1.0000 0.0029 -0.0018
vn 1.0000 0.0033 -0.0008
vn -0.0000 -0.9810 0.1941
vn 1.0000 0.0033 -0.0007
vn 1.0000 0.0033 0.0006
vn 0.0000 -0.9806 -0.1961
vn 1.0000 0.0033 0.0008
vn 1.0000 0.0029 0.0017
vn 0.0000 -0.8309 -0.5564
vn 1.0000 0.0029 0.0019
vn 1.0000 0.0019 0.0029
vn 0.0000 -0.5547 -0.8320
vn 1.0000 0.0018 0.0029
vn 1.0000 0.0008 0.0033
vn 0.0000 -0.1941 -0.9810
vn 1.0000 0.0006 0.0033
vn 1.0000 -0.0005 0.0034
vn 0.0000 0.1961 -0.9806
vn 1.0000 -0.0009 0.0033
vn 1.0000 -0.0018 0.0029
vn 0.0000 0.5564 -0.8309
vn 1.0000 -0.0020 0.0028
vn 1.0000 -0.0029 0.0019
vn 0.0000 0.8320 -0.5547
vn 1.0000 -0.0029 0.0018
vn 1.0000 -0.0033 0.0008
vn 0.0000 0.9810 -0.1941
vn 0.0601 -0.9792 -0.1940
vn 0.0601 -0.8304 -0.5539
vn 0.0601 -0.5552 -0.8295
vn 0.0600 -0.5552 -0.8295
vn 0.0600 -0.1955 -0.9789
vn 0.0601 -0.1955 -0.9789
vn 0.0601 0.1940 -0.9792
vn 0.0602 0.1940 -0.9792
vn 0.0602 0.1939 -0.9792
vn 0.0602 0.5539 -0.8304
vn 0.0601 0.5539 -0.8304
vn 0.0601 0.8295 -0.5552
vn 0.0601 0.9789 -0.1955
vn 0.0602 0.9789 -0.1955
vn 0.0601 0.9792 0.1940
vn 0.0601 0.8304 0.5539
vn 0.0601 0.5552 0.8295
vn 0.0601 0.1955 0.9789
vn 0.0601 -0.1940 0.9792
vn 0.0602 -0.1940 0.9792
vn 0.0602 -0.5539 0.8304
vn 0.0601 -0.5539 0.8304
vn 0.0601 -0.8295 0.5552
vn 0.0601 -0.9789 0.1955
vn -0.9312 -0.3574 -0.0709
vn -0.9315 -0.3567 -0.0712
vn -0.9316 -0.3564 -0.0713
vn -0.9312 -0.3575 -0.0708
vn -0.9313 -0.3031 -0.2021
vn -0.9315 -0.3023 -0.2022
vn -0.9316 -0.3020 -0.2022
vn -0.9312 -0.3032 -0.2022
vn -0.9315 -0.2021 -0.3026
vn -0.9315 -0.2018 -0.3026
vn -0.9316 -0.2016 -0.3024
vn -0.9312 -0.2027 -0.3029
vn -0.9315 -0.0709 -0.3569
vn -0.9316 -0.0706 -0.3566
vn -0.9316 -0.0705 -0.3565
vn -0.9312 -0.0714 -0.3574
vn -0.9312 0.0709 -0.3574
vn -0.9315 0.0712 -0.3567
vn -0.9316 0.0713 -0.3564
vn -0.9312 0.0708 -0.3575
vn -0.9312 0.2021 -0.3032
vn -0.9315 0.2022 -0.3023
vn -0.9316 0.2022 -0.3020
vn -0.9312 0.2022 -0.3032
vn -0.9313 0.3029 -0.2025
vn -0.9315 0.3026 -0.2019
vn -0.9316 0.3024 -0.2016
vn -0.9312 0.3029 -0.2027
vn -0.9312 0.3574 -0.0712
vn -0.9315 0.3569 -0.0707
vn -0.9316 0.3565 -0.0705
vn -0.9312 0.3574 -0.0714
vn -0.9313 0.3574 0.0709
vn -0.9315 0.3566 0.0712
vn -0.9316 0.3564 0.0713
vn -0.9312 0.3575 0.0708
vn -0.9313 0.3030 0.2021
vn -0.9316 0.3022 0.2022
vn -0.9316 0.3020 0.2022
vn -0.9312 0.3032 0.2022
vn -0.9313 0.2024 0.3028
vn -0.9315 0.2018 0.3026
vn -0.9316 0.2016 0.3024
vn -0.9312 0.2027 0.3029
vn -0.9315 0.0709 0.3569
vn -0.9316 0.0706 0.3567
vn -0.9316 0.0705 0.3565
vn -0.9312 0.0714 0.3574
vn -0.9313 -0.0710 0.3573
vn -0.9315 -0.0711 0.3569
vn -0.9316 -0.0713 0.3564
vn -0.9312 -0.0708 0.3575
vn -0.9313 -0.2022 0.3030
vn -0.9316 -0.2022 0.3022
vn -0.9316 -0.2022 0.3020
vn -0.9312 -0.2022 0.3032
vn -0.9313 -0.3029 0.2025
vn -0.9314 -0.3026 0.2020
vn -0.9316 -0.3024 0.2016
vn -0.9312 -0.3029 0.2027
vn -0.9315 -0.3569 0.0709
vn -0.9315 -0.3567 0.0707
vn -0.9316 -0.3565 0.0705
vn -0.9312 -0.3574 0.0714
vn -0.0002 -0.3827 0.9239
vn -0.0004 -0.9239 0.3827
vn -0.0004 -0.9239 -0.3827
vn -0.0002 -0.3827 -0.9239
vn 0.0002 0.3827 -0.9239
vn 0.0004 0.9239 -0.3827
vn 0.0004 0.9239 0.3827
vn 0.0002 0.3827 0.9239
vn 0.6936 0.1673 0.7006
vn 0.6936 0.1673 0.7007
vn 0.6935 0.1673 0.7007
vn 0.6936 -0.2765 0.6652
vn 0.6936 -0.2764 0.6652
vn 0.6937 -0.2764 0.6652
vn 0.6936 -0.6146 0.3756
vn 0.6936 -0.6147 0.3756
vn 0.6936 -0.7181 -0.0574
vn 0.6936 -0.7180 -0.0574
vn 0.6936 -0.5472 -0.4685
vn 0.6936 -0.1673 -0.7006
vn 0.6936 -0.1673 -0.7007
vn 0.6937 -0.1673 -0.7006
vn 0.6935 -0.1673 -0.7007
vn 0.6936 0.2765 -0.6652
vn 0.6936 0.2764 -0.6652
vn 0.6937 0.2764 -0.6652
vn 0.6936 0.6146 -0.3757
vn 0.6936 0.6147 -0.3757
vn 0.6936 0.7181 0.0574
vn 0.6936 0.7180 0.0574
vn 0.6936 0.5472 0.4685
vn 0.2753 0.2233 0.9351
vn 0.2753 0.7303 0.6252
vn 0.2753 0.9583 0.0766
vn 0.2753 0.8203 -0.5013
vn 0.2753 0.8203 -0.5014
vn 0.2753 0.3689 -0.8878
vn 0.2753 0.3690 -0.8877
vn 0.2753 -0.2233 -0.9351
vn 0.2753 -0.7303 -0.6252
vn 0.2753 -0.9583 -0.0765
vn 0.2753 -0.9583 -0.0766
vn 0.2753 -0.8203 0.5013
vn 0.2753 -0.3690 0.8877
vn 0.2753 -0.3689 0.8877
vn 0.3890 0.2140 0.8960
vn 0.3890 0.6998 0.5991
vn 0.3890 0.9183 0.0734
vn 0.3890 0.7861 -0.4804
vn 0.3890 0.7860 -0.4804
vn 0.3890 0.3535 -0.8507
vn 0.3890 -0.2140 -0.8960
vn 0.3891 -0.2140 -0.8960
vn 0.3891 -0.6998 -0.5991
vn 0.3890 -0.6998 -0.5991
vn 0.3890 -0.9183 -0.0734
vn 0.3890 -0.7860 0.4804
vn 0.3890 -0.3536 0.8507
vn 0.3890 -0.3535 0.8507
vn 0.9999 0.0116 0.0038
vn 0.9999 0.0116 0.0037
vn -0.8237 -0.3128 0.4728
vn -0.7953 0.0646 -0.6028
vn -0.9312 -0.3466 -0.1129
vn 0.9999 0.0122 -0.0000
vn -0.8238 -0.1514 0.5464
vn -0.7953 -0.1248 -0.5932
vn -0.9312 -0.3645 -0.0003
vn 0.9999 0.0116 -0.0038
vn -0.8238 0.0249 0.5664
vn -0.7953 -0.3020 -0.5256
vn -0.9312 -0.3468 0.1124
vn 0.9999 0.0098 -0.0072
vn 0.9999 0.0099 -0.0072
vn -0.8238 0.1987 0.5310
vn -0.7953 -0.4497 -0.4065
vn -0.9312 -0.2951 0.2140
vn 0.9999 0.0072 -0.0098
vn 0.9999 0.0071 -0.0098
vn 0.9999 0.0072 -0.0099
vn -0.8237 0.3530 0.4436
vn -0.7953 -0.5533 -0.2477
vn -0.9312 -0.2145 0.2948
vn 0.9999 0.0038 -0.0116
vn 0.9999 0.0037 -0.0116
vn -0.8237 0.4728 0.3128
vn -0.7953 -0.6028 -0.0646
vn -0.9312 -0.1129 0.3466
vn 0.9999 -0.0000 -0.0122
vn -0.8237 0.5464 0.1514
vn -0.7953 -0.5932 0.1248
vn -0.9312 -0.0003 0.3645
vn 0.9999 -0.0038 -0.0116
vn 0.9999 -0.0037 -0.0116
vn -0.8237 0.5664 -0.0249
vn -0.7953 -0.5256 0.3020
vn -0.9312 0.1124 0.3468
vn 0.9999 -0.0072 -0.0098
vn 0.9999 -0.0071 -0.0099
vn -0.8238 0.5310 -0.1987
vn -0.7953 -0.4065 0.4497
vn -0.9312 0.2140 0.2951
vn 0.9999 -0.0098 -0.0071
vn 0.9999 -0.0099 -0.0071
vn 0.9999 -0.0098 -0.0072
vn -0.8237 0.4436 -0.3530
vn -0.7953 -0.2477 0.5533
vn -0.9312 0.2948 0.2145
vn 0.9999 -0.0116 -0.0038
vn 0.9999 -0.0116 -0.0037
vn -0.8238 0.3128 -0.4728
vn -0.7953 -0.0646 0.6028
vn -0.9312 0.3466 0.1129
vn 0.9999 -0.0122 0.0000
vn -0.8237 0.1514 -0.5464
vn -0.7953 0.1249 0.5932
vn -0.9312 0.3645 0.0003
vn 0.9999 -0.0116 0.0038
vn -0.8238 -0.0249 -0.5664
vn -0.7953 0.3020 0.5256
vn -0.9312 0.3468 -0.1124
vn 0.9999 -0.0098 0.0072
vn 0.9999 -0.0099 0.0072
vn -0.8238 -0.1987 -0.5310
vn -0.7953 0.4497 0.4065
vn -0.9312 0.2951 -0.2140
vn 0.9999 -0.0071 0.0099
vn 0.9999 -0.0071 0.0098
vn 0.9999 -0.0072 0.0099
vn -0.8238 -0.3530 -0.4436
vn -0.7953 0.5533 0.2477
vn -0.9312 0.2145 -0.2948
vn 0.9999 -0.0038 0.0116
vn 0.9999 -0.0037 0.0116
vn -0.8238 -0.4728 -0.3128
vn -0.7953 0.6028 0.0646
vn -0.9312 0.1129 -0.3466
vn 0.9999 0.0000 0.0122
vn -0.8237 -0.5464 -0.1514
vn -0.7953 0.5932 -0.1248
vn -0.9312 0.0003 -0.3646
vn 0.9999 0.0038 0.0116
vn -0.8237 -0.5664 0.0249
vn -0.7953 0.5256 -0.3020
vn -0.9312 -0.1124 -0.3468
vn 0.9999 0.0072 0.0098
vn 0.9999 0.0071 0.0099
vn -0.8237 -0.5310 0.1987
vn -0.7953 0.4065 -0.4497
vn -0.9312 -0.2140 -0.2951
vn 0.9999 0.0098 0.0071
vn 0.9999 0.0099 0.0071
vn 0.9999 0.0098 0.0072
vn -0.8237 -0.4436 0.3531
vn -0.7953 0.2477 -0.5533
vn -0.9312 -0.2947 -0.2145
vn 0.9878 0.1556 -0.0000
vn -0.0011 0.0000 1.0000
vn -0.0066 -0.0006 1.0000
vn 0.0000 -0.0025 1.0000
vn -0.0066 0.0006 1.0000
vn -0.0011 -0.0000 -1.0000
vn -0.0066 0.0005 -1.0000
vn 0.0000 0.0025 -1.0000
vn -0.0066 -0.0006 -1.0000
vn 0.9875 -0.1579 0.0000
vn 0.0000 0.0024 1.0000
vn 0.0000 -0.0025 -1.0000
vn 0.9876 0.1286 -0.0901
vn 0.9876 0.1286 -0.0900
vn -0.0013 0.5735 0.8192
vn -0.0076 0.5730 0.8195
vn 0.0000 0.5712 0.8208
vn -0.0076 0.5741 0.8188
vn -0.0010 -0.5736 -0.8191
vn -0.0055 -0.5733 -0.8194
vn 0.0000 -0.5719 -0.8203
vn -0.0055 -0.5740 -0.8188
vn 0.9877 -0.1282 0.0897
vn 0.9877 -0.1282 0.0898
vn 0.0000 0.5759 0.8175
vn -0.0000 -0.5753 -0.8180
vn 0.9876 0.0537 -0.1475
vn -0.0014 0.9397 0.3420
vn -0.0083 0.9394 0.3427
vn 0.0000 0.9386 0.3450
vn -0.0083 0.9399 0.3414
vn -0.0008 -0.9397 -0.3420
vn -0.0048 -0.9396 -0.3424
vn 0.0000 -0.9391 -0.3437
vn -0.0048 -0.9398 -0.3416
vn 0.9877 -0.0535 0.1471
vn 0.0000 0.9408 0.3391
vn -0.0000 -0.9403 -0.3403
vn 0.9876 -0.0537 -0.1474
vn 0.9876 -0.0536 -0.1474
vn -0.0014 0.9397 -0.3420
vn -0.0083 0.9399 -0.3414
vn 0.0000 0.9408 -0.3391
vn -0.0083 0.9394 -0.3427
vn -0.0008 -0.9397 0.3420
vn -0.0048 -0.9398 0.3416
vn 0.0000 -0.9403 0.3403
vn -0.0048 -0.9396 0.3424
vn 0.9877 0.0536 0.1472
vn 0.9877 0.0535 0.1472
vn 0.0000 0.9386 -0.3450
vn 0.0000 -0.9391 0.3437
vn 0.9876 0.1286 0.0900
vn 0.9876 0.1286 0.0901
vn -0.0009 -0.5736 0.8191
vn -0.0054 -0.5740 0.8188
vn 0.0000 -0.5753 0.8180
vn -0.0054 -0.5733 0.8194
vn -0.0013 0.5736 -0.8191
vn -0.0076 0.5741 -0.8187
vn 0.0000 0.5759 -0.8175
vn -0.0076 0.5731 -0.8195
vn 0.9877 -0.1282 -0.0898
vn 0.0000 -0.5719 0.8203
vn 0.0000 0.5712 -0.8208
vn 0.0000 -0.1952 0.9808
vn -0.0001 -0.1951 0.9808
vn -0.0001 -0.5556 0.8315
vn 0.0000 -0.5556 0.8314
vn 0.0000 -0.8315 0.5556
vn 0.0000 -0.9808 0.1951
vn 0.0000 -0.9808 -0.1951
vn 0.0000 -0.8315 -0.5555
vn 0.0000 -0.8315 -0.5556
vn 0.0000 -0.5556 -0.8315
vn 0.0001 -0.1951 -0.9808
vn 0.0000 -0.1952 -0.9808
vn -0.0000 0.1951 -0.9808
vn 0.0001 0.1952 -0.9808
vn 0.0000 0.5556 -0.8314
vn 0.0000 0.5556 -0.8315
vn 0.0000 0.8315 -0.5556
vn -0.0000 0.9808 -0.1951
vn 0.0000 0.9808 0.1951
vn -0.0000 0.8315 0.5556
vn -0.0001 0.5556 0.8315
vn -0.0000 0.5556 0.8315
vn -0.0001 0.1952 0.9808
vn 0.0000 0.1951 0.9808
vn 0.1480 0.2560 0.9553
vn 0.1480 0.2559 0.9553
vn 0.1480 0.6993 0.6993
vn 0.1481 0.6993 0.6993
vn 0.1481 0.6994 0.6993
vn 0.1481 0.9553 0.2560
vn 0.1481 0.9553 -0.2560
vn 0.1481 0.6993 -0.6993
vn 0.1480 0.6993 -0.6993
vn 0.1481 0.6993 -0.6994
vn 0.1480 0.2560 -0.9553
vn 0.1482 0.2560 -0.9553
vn 0.1480 0.2561 -0.9553
vn 0.1482 0.2559 -0.9553
vn 0.1482 -0.2559 -0.9553
vn 0.1482 -0.2560 -0.9553
vn 0.1481 -0.6993 -0.6993
vn 0.1482 -0.6993 -0.6993
vn 0.1481 -0.9553 -0.2560
vn 0.1481 -0.9553 0.2560
vn 0.1481 -0.6993 0.6993
vn 0.1482 -0.6993 0.6993
vn 0.1481 -0.2560 0.9553
vn 0.1482 -0.2560 0.9553
vn 0.1480 -0.2560 0.9553
vn 0.0000 0.5555 -0.8315
vn 0.0000 0.8315 -0.5555
vn 0.0000 -0.1951 0.9808
vn 0.0000 -0.5556 0.8315
vn 0.0000 -0.8314 -0.5556
vn 0.0000 -0.5556 -0.8314
vn 0.0000 -0.1950 -0.9808
vn 0.8341 -0.5411 -0.1076
vn 0.8478 -0.5122 -0.1373
vn 0.8341 -0.5411 0.1076
vn 0.8478 -0.5122 0.1372
vn 0.8330 0.5427 0.1079
vn 0.8469 0.5137 0.1376
vn 0.8330 0.5427 -0.1080
vn 0.8468 0.5137 -0.1376
vn 0.8334 0.1078 0.5421
vn 0.8472 0.1375 0.5131
vn 0.8334 0.1078 -0.5421
vn 0.8472 0.1375 -0.5131
vn 0.8336 -0.1078 -0.5417
vn 0.8475 -0.1374 -0.5128
vn 0.8336 -0.1078 0.5417
vn 0.8475 -0.1374 0.5128
vn 0.8256 -0.3134 0.4692
vn 0.8531 -0.3690 0.3690
vn 0.8248 0.4701 0.3142
vn 0.8524 0.3698 0.3698
vn 0.8248 0.4702 -0.3141
vn 0.8524 0.3697 -0.3698
vn 0.8256 -0.3135 -0.4692
vn 0.8530 -0.3690 -0.3690
vn 0.8584 0.1328 0.4956
vn 0.8583 0.3628 0.3628
vn 0.8583 0.4956 0.1328
vn 0.8583 0.4956 -0.1328
vn 0.8583 0.3628 -0.3628
vn 0.8583 0.1328 -0.4956
vn 0.8583 -0.1328 -0.4956
vn 0.8583 -0.3628 -0.3628
vn 0.8583 -0.4956 -0.1328
vn 0.8583 -0.4956 0.1328
vn 0.8583 -0.3628 0.3628
vn 0.8583 -0.1328 0.4956
vn 0.8258 -0.4690 0.3133
vn 0.8250 0.3141 0.4699
vn 0.8250 0.3140 -0.4699
vn 0.8258 -0.4690 -0.3133
vn 0.0024 -0.7077 -0.7065
vn -0.0267 -0.7436 -0.6680
vn 0.0127 0.7062 -0.7079
vn -0.0278 0.6520 -0.7577
g Wheels_Right_Object_4.002_Wheels_Right_Object_4.002_Material_1.004
usemtl Material_1.004
s 1
f 5021/5021/2334 5022/5022/2334 5023/5023/2334
f 5022/5022/2334 5024/5024/2334 5023/5023/2334
f 5025/5025/2335 5021/5021/2335 5026/5026/2335
f 5021/5021/2335 5025/5025/2335 5022/5022/2335
f 5027/5027/2336 5028/5028/2336 5029/5029/2336
f 5027/5027/2336 5030/5030/2336 5028/5028/2336
f 5031/5031/2337 5030/5030/2337 5027/5027/2337
f 5031/5031/2337 5032/5032/2337 5030/5030/2337
f 5033/5033/2338 5034/5034/2338 5035/5035/2338
f 5033/5033/2338 5036/5036/2338 5034/5034/2338
f 5037/5037/2339 5038/5038/2339 5039/5039/2339
f 5037/5037/2339 5033/5033/2339 5038/5038/2339
f 5040/5040/2340 5041/5041/2340 5042/5042/2340
f 5040/5040/2340 5043/5043/2340 5041/5041/2340
f 5044/5044/2341 5045/5045/2341 5046/5046/2341
f 5044/5044/2341 5040/5040/2341 5045/5045/2341
f 5047/5047/2342 5048/5048/2342 5049/5049/2342
f 5047/5047/2342 5050/5050/2342 5048/5048/2342
f 5051/5051/2343 5052/5052/2343 5053/5053/2343
f 5051/5051/2343 5054/5054/2343 5052/5052/2343
f 5055/5055/2344 5054/5054/2344 5051/5051/2344
f 5055/5055/2344 5056/5056/2344 5054/5054/2344
f 5057/5057/2345 5056/5056/2345 5055/5055/2345
f 5057/5057/2345 5058/5058/2345 5056/5056/2345
f 5059/5059/2346 5060/5060/2346 5061/5061/2346
f 5059/5059/2346 5062/5062/2346 5060/5060/2346
f 5063/5063/2347 5062/5062/2347 5059/5059/2347
f 5063/5063/2347 5064/5064/2347 5062/5062/2347
f 5065/5065/2348 5066/5066/2348 5067/5067/2348
f 5065/5065/2348 5068/5068/2348 5066/5066/2348
f 5049/5049/2349 5068/5068/2349 5065/5065/2349
f 5049/5049/2349 5048/5048/2349 5068/5068/2349
f 5069/5069/2350 5070/5070/2350 5071/5071/2350
f 5069/5069/2350 5072/5072/2350 5070/5070/2350
f 5073/5073/2351 5074/5074/2351 5075/5075/2351
f 5073/5073/2351 5076/5076/2351 5074/5074/2351
f 5070/5070/2350 5077/5077/2350 5071/5071/2350
f 5070/5070/2350 5078/5078/2350 5077/5077/2350
f 5073/5073/2351 5079/5079/2351 5076/5076/2351
f 5073/5073/2351 5080/5080/2351 5079/5079/2351
f 5081/5081/2350 5072/5072/2350 5069/5069/2350
f 5082/5082/2351 5075/5075/2351 5074/5074/2351
f 5083/5083/2350 5077/5077/2350 5078/5078/2350
f 5084/5084/2351 5079/5079/2351 5080/5080/2351
f 5085/5085/2352 5086/5086/2352 5087/5087/2352
f 5085/5085/2352 5088/5088/2352 5086/5086/2352
f 5089/5089/2353 5090/5090/2353 5091/5091/2353
f 5089/5089/2353 5092/5092/2353 5090/5090/2353
f 5093/5093/2354 5092/5092/2354 5089/5089/2354
f 5093/5093/2354 5094/5094/2354 5092/5092/2354
f 5095/5095/2355 5094/5094/2355 5093/5093/2355
f 5095/5095/2355 5096/5096/2355 5094/5094/2355
f 5097/5097/2356 5096/5096/2356 5095/5095/2356
f 5097/5097/2356 5098/5098/2356 5096/5096/2356
f 5099/5099/2357 5100/5100/2357 5101/5101/2357
f 5099/5099/2357 5102/5102/2357 5100/5100/2357
f 5103/5103/2358 5102/5102/2358 5099/5099/2358
f 5103/5103/2358 5104/5104/2358 5102/5102/2358
f 5105/5105/2359 5104/5104/2359 5103/5103/2359
f 5105/5105/2359 5106/5106/2359 5104/5104/2359
f 5107/5107/2360 5106/5106/2360 5105/5105/2360
f 5107/5107/2360 5108/5108/2360 5106/5106/2360
f 5109/5109/2361 5110/5110/2361 5111/5111/2361
f 5109/5109/2361 5112/5112/2361 5110/5110/2361
f 5113/5113/2362 5112/5112/2362 5109/5109/2362
f 5113/5113/2362 5114/5114/2362 5112/5112/2362
f 5087/5087/2363 5114/5114/2363 5113/5113/2363
f 5087/5087/2363 5086/5086/2363 5114/5114/2363
f 5115/5115/2350 5116/5116/2350 5117/5117/2350
f 5115/5115/2350 5118/5118/2350 5116/5116/2350
f 5119/5119/2351 5120/5120/2351 5121/5121/2351
f 5119/5119/2351 5122/5122/2351 5120/5120/2351
f 5116/5116/2350 5123/5123/2350 5117/5117/2350
f 5116/5116/2350 5124/5124/2350 5123/5123/2350
f 5119/5119/2351 5125/5125/2351 5122/5122/2351
f 5119/5119/2351 5126/5126/2351 5125/5125/2351
f 5115/5115/2350 5127/5127/2350 5118/5118/2350
f 5115/5115/2350 5128/5128/2350 5127/5127/2350
f 5120/5120/2351 5129/5129/2351 5121/5121/2351
f 5120/5120/2351 5130/5130/2351 5129/5129/2351
f 5124/5124/2350 5131/5131/2350 5123/5123/2350
f 5124/5124/2350 5132/5132/2350 5131/5131/2350
f 5126/5126/2351 5133/5133/2351 5125/5125/2351
f 5126/5126/2351 5134/5134/2351 5133/5133/2351
f 5135/5135/2350 5127/5127/2350 5128/5128/2350
f 5136/5136/2351 5129/5129/2351 5130/5130/2351
f 5137/5137/2350 5131/5131/2350 5132/5132/2350
f 5138/5138/2351 5133/5133/2351 5134/5134/2351
f 5139/5139/2364 5140/5140/2364 5141/5141/2364
f 5139/5139/2364 5142/5142/2364 5140/5140/2364
f 5143/5143/2365 5144/5144/2365 5145/5145/2365
f 5143/5143/2365 5146/5146/2365 5144/5144/2365
f 5147/5147/2366 5146/5146/2366 5143/5143/2366
f 5147/5147/2366 5148/5148/2366 5146/5146/2366
f 5149/5149/2367 5148/5148/2367 5147/5147/2367
f 5149/5149/2367 5150/5150/2367 5148/5148/2367
f 5151/5151/2368 5150/5150/2368 5149/5149/2368
f 5151/5151/2368 5152/5152/2368 5150/5150/2368
f 5153/5153/2369 5154/5154/2369 5155/5155/2369
f 5153/5153/2369 5156/5156/2369 5154/5154/2369
f 5157/5157/2370 5156/5156/2370 5153/5153/2370
f 5157/5157/2370 5158/5158/2370 5156/5156/2370
f 5159/5159/2371 5158/5158/2371 5157/5157/2371
f 5159/5159/2371 5160/5160/2371 5158/5158/2371
f 5161/5161/2372 5160/5160/2372 5159/5159/2372
f 5161/5161/2372 5162/5162/2372 5160/5160/2372
f 5163/5163/2373 5164/5164/2373 5165/5165/2373
f 5163/5163/2373 5166/5166/2373 5164/5164/2373
f 5167/5167/2374 5166/5166/2374 5163/5163/2374
f 5167/5167/2374 5168/5168/2374 5166/5166/2374
f 5141/5141/2375 5168/5168/2375 5167/5167/2375
f 5141/5141/2375 5140/5140/2375 5168/5168/2375
f 5169/5169/2350 5170/5170/2350 5171/5171/2350
f 5169/5169/2350 5172/5172/2350 5170/5170/2350
f 5173/5173/2351 5174/5174/2351 5175/5175/2351
f 5173/5173/2351 5176/5176/2351 5174/5174/2351
f 5170/5170/2350 5177/5177/2350 5171/5171/2350
f 5170/5170/2350 5178/5178/2350 5177/5177/2350
f 5173/5173/2351 5179/5179/2351 5176/5176/2351
f 5173/5173/2351 5180/5180/2351 5179/5179/2351
f 5169/5169/2350 5181/5181/2350 5172/5172/2350
f 5169/5169/2350 5182/5182/2350 5181/5181/2350
f 5174/5174/2351 5183/5183/2351 5175/5175/2351
f 5174/5174/2351 5184/5184/2351 5183/5183/2351
f 5178/5178/2350 5185/5185/2350 5177/5177/2350
f 5178/5178/2350 5186/5186/2350 5185/5185/2350
f 5180/5180/2351 5187/5187/2351 5179/5179/2351
f 5180/5180/2351 5188/5188/2351 5187/5187/2351
f 5189/5189/2350 5181/5181/2350 5182/5182/2350
f 5190/5190/2351 5183/5183/2351 5184/5184/2351
f 5191/5191/2350 5185/5185/2350 5186/5186/2350
f 5192/5192/2351 5187/5187/2351 5188/5188/2351
f 5193/5193/2376 5194/5194/2376 5195/5195/2376
f 5193/5193/2377 5196/5196/2377 5194/5194/2377
f 5197/5197/2378 5198/5198/2378 5199/5199/2378
f 5197/5197/2379 5200/5200/2379 5198/5198/2379
f 5201/5201/2380 5202/5202/2380 5203/5203/2380
f 5201/5201/2381 5204/5204/2381 5202/5202/2381
f 5205/5205/2382 5206/5206/2382 5207/5207/2382
f 5205/5205/2383 5208/5208/2383 5206/5206/2383
f 5209/5209/2384 5210/5210/2384 5211/5211/2384
f 5210/5210/2385 5212/5212/2385 5211/5211/2385
f 5211/5211/2386 5212/5212/2386 5213/5213/2386
f 5212/5212/2387 5214/5214/2387 5213/5213/2387
f 5215/5215/2388 5216/5216/2388 5217/5217/2388
f 5215/5215/2388 5218/5218/2388 5216/5216/2388
f 5219/5219/2389 5220/5220/2389 5221/5221/2389
f 5219/5219/2389 5222/5222/2389 5220/5220/2389
f 5223/5223/2390 5224/5224/2390 5225/5225/2390
f 5223/5223/2390 5226/5226/2390 5224/5224/2390
f 5227/5227/2391 5228/5228/2391 5229/5229/2391
f 5227/5227/2391 5230/5230/2391 5228/5228/2391
f 5219/5219/2392 5231/5231/2392 5222/5222/2392
f 5219/5219/2392 5232/5232/2392 5231/5231/2392
f 5227/5227/2393 5233/5233/2393 5230/5230/2393
f 5227/5227/2393 5234/5234/2393 5233/5233/2393
f 5215/5215/2394 5220/5220/2394 5218/5218/2394
f 5215/5215/2394 5221/5221/2394 5220/5220/2394
f 5223/5223/2395 5228/5228/2395 5226/5226/2395
f 5223/5223/2395 5229/5229/2395 5228/5228/2395
f 5235/5235/2396 5236/5236/2397 5237/5237/2398
f 5238/5238/2399 5236/5236/2397 5235/5235/2396
f 5239/5239/2400 5236/5236/2397 5238/5238/2399
f 5239/5239/2400 5240/5240/2401 5236/5236/2397
f 5239/5239/2400 5241/5241/2402 5240/5240/2401
f 5242/5242/2403 5241/5241/2402 5239/5239/2400
f 5243/5243/2334 5244/5244/2334 5245/5245/2334
f 5243/5243/2334 5246/5246/2334 5244/5244/2334
f 5247/5247/2335 5245/5245/2335 5248/5248/2335
f 5247/5247/2335 5243/5243/2335 5245/5245/2335
f 5249/5249/2336 5250/5250/2336 5251/5251/2336
f 5249/5249/2336 5252/5252/2336 5250/5250/2336
f 5253/5253/2337 5252/5252/2337 5249/5249/2337
f 5253/5253/2337 5254/5254/2337 5252/5252/2337
f 5255/5255/2338 5256/5256/2338 5257/5257/2338
f 5255/5255/2338 5258/5258/2338 5256/5256/2338
f 5259/5259/2339 5260/5260/2339 5261/5261/2339
f 5259/5259/2339 5255/5255/2339 5260/5260/2339
f 5262/5262/2340 5263/5263/2340 5264/5264/2340
f 5262/5262/2340 5265/5265/2340 5263/5263/2340
f 5266/5266/2341 5267/5267/2341 5268/5268/2341
f 5266/5266/2341 5262/5262/2341 5267/5267/2341
f 5269/5269/2342 5270/5270/2342 5271/5271/2342
f 5269/5269/2342 5272/5272/2342 5270/5270/2342
f 5273/5273/2343 5274/5274/2343 5275/5275/2343
f 5273/5273/2343 5276/5276/2343 5274/5274/2343
f 5277/5277/2344 5276/5276/2344 5273/5273/2344
f 5277/5277/2344 5278/5278/2344 5276/5276/2344
f 5279/5279/2345 5278/5278/2345 5277/5277/2345
f 5279/5279/2345 5280/5280/2345 5278/5278/2345
f 5281/5281/2346 5282/5282/2346 5283/5283/2346
f 5281/5281/2346 5284/5284/2346 5282/5282/2346
f 5285/5285/2347 5284/5284/2347 5281/5281/2347
f 5285/5285/2347 5286/5286/2347 5284/5284/2347
f 5287/5287/2348 5288/5288/2348 5289/5289/2348
f 5287/5287/2348 5290/5290/2348 5288/5288/2348
f 5271/5271/2349 5290/5290/2349 5287/5287/2349
f 5271/5271/2349 5270/5270/2349 5290/5290/2349
f 5291/5291/2350 5292/5292/2350 5293/5293/2350
f 5291/5291/2350 5294/5294/2350 5292/5292/2350
f 5295/5295/2351 5296/5296/2351 5297/5297/2351
f 5295/5295/2351 5298/5298/2351 5296/5296/2351
f 5292/5292/2350 5299/5299/2350 5293/5293/2350
f 5292/5292/2350 5300/5300/2350 5299/5299/2350
f 5295/5295/2351 5301/5301/2351 5298/5298/2351
f 5295/5295/2351 5302/5302/2351 5301/5301/2351
f 5303/5303/2350 5294/5294/2350 5291/5291/2350
f 5304/5304/2351 5297/5297/2351 5296/5296/2351
f 5305/5305/2350 5299/5299/2350 5300/5300/2350
f 5306/5306/2351 5301/5301/2351 5302/5302/2351
f 5307/5307/2404 5308/5308/2404 5309/5309/2404
f 5307/5307/2404 5310/5310/2404 5308/5308/2404
f 5311/5311/2405 5312/5312/2405 5313/5313/2405
f 5311/5311/2405 5314/5314/2405 5312/5312/2405
f 5315/5315/2406 5314/5314/2406 5311/5311/2406
f 5315/5315/2406 5316/5316/2406 5314/5314/2406
f 5317/5317/2407 5316/5316/2407 5315/5315/2407
f 5317/5317/2407 5318/5318/2407 5316/5316/2407
f 5319/5319/2408 5318/5318/2408 5317/5317/2408
f 5319/5319/2408 5320/5320/2408 5318/5318/2408
f 5321/5321/2409 5322/5322/2409 5323/5323/2409
f 5321/5321/2409 5324/5324/2409 5322/5322/2409
f 5325/5325/2410 5324/5324/2410 5321/5321/2410
f 5325/5325/2410 5326/5326/2410 5324/5324/2410
f 5327/5327/2411 5326/5326/2411 5325/5325/2411
f 5327/5327/2411 5328/5328/2411 5326/5326/2411
f 5329/5329/2412 5328/5328/2412 5327/5327/2412
f 5329/5329/2412 5330/5330/2412 5328/5328/2412
f 5331/5331/2413 5332/5332/2413 5333/5333/2413
f 5331/5331/2413 5334/5334/2413 5332/5332/2413
f 5335/5335/2414 5334/5334/2414 5331/5331/2414
f 5335/5335/2414 5336/5336/2414 5334/5334/2414
f 5309/5309/2415 5336/5336/2415 5335/5335/2415
f 5309/5309/2415 5308/5308/2415 5336/5336/2415
f 5337/5337/2350 5338/5338/2350 5339/5339/2350
f 5337/5337/2350 5340/5340/2350 5338/5338/2350
f 5341/5341/2351 5342/5342/2351 5343/5343/2351
f 5341/5341/2351 5344/5344/2351 5342/5342/2351
f 5338/5338/2350 5345/5345/2350 5339/5339/2350
f 5338/5338/2350 5346/5346/2350 5345/5345/2350
f 5341/5341/2351 5347/5347/2351 5344/5344/2351
f 5341/5341/2351 5348/5348/2351 5347/5347/2351
f 5337/5337/2350 5349/5349/2350 5340/5340/2350
f 5337/5337/2350 5350/5350/2350 5349/5349/2350
f 5342/5342/2351 5351/5351/2351 5343/5343/2351
f 5342/5342/2351 5352/5352/2351 5351/5351/2351
f 5346/5346/2350 5353/5353/2350 5345/5345/2350
f 5346/5346/2350 5354/5354/2350 5353/5353/2350
f 5348/5348/2351 5355/5355/2351 5347/5347/2351
f 5348/5348/2351 5356/5356/2351 5355/5355/2351
f 5357/5357/2350 5349/5349/2350 5350/5350/2350
f 5358/5358/2351 5351/5351/2351 5352/5352/2351
f 5359/5359/2350 5353/5353/2350 5354/5354/2350
f 5360/5360/2351 5355/5355/2351 5356/5356/2351
f 5361/5361/2416 5362/5362/2416 5363/5363/2416
f 5361/5361/2416 5364/5364/2416 5362/5362/2416
f 5365/5365/2417 5366/5366/2417 5367/5367/2417
f 5365/5365/2417 5368/5368/2417 5366/5366/2417
f 5369/5369/2418 5368/5368/2418 5365/5365/2418
f 5369/5369/2418 5370/5370/2418 5368/5368/2418
f 5371/5371/2419 5370/5370/2419 5369/5369/2419
f 5371/5371/2419 5372/5372/2419 5370/5370/2419
f 5373/5373/2420 5372/5372/2420 5371/5371/2420
f 5373/5373/2420 5374/5374/2420 5372/5372/2420
f 5375/5375/2421 5376/5376/2421 5377/5377/2421
f 5375/5375/2421 5378/5378/2421 5376/5376/2421
f 5379/5379/2422 5378/5378/2422 5375/5375/2422
f 5379/5379/2422 5380/5380/2422 5378/5378/2422
f 5381/5381/2423 5380/5380/2423 5379/5379/2423
f 5381/5381/2423 5382/5382/2423 5380/5380/2423
f 5383/5383/2424 5382/5382/2424 5381/5381/2424
f 5383/5383/2424 5384/5384/2424 5382/5382/2424
f 5385/5385/2425 5386/5386/2425 5387/5387/2425
f 5385/5385/2425 5388/5388/2425 5386/5386/2425
f 5389/5389/2426 5388/5388/2426 5385/5385/2426
f 5389/5389/2426 5390/5390/2426 5388/5388/2426
f 5363/5363/2427 5390/5390/2427 5389/5389/2427
f 5363/5363/2427 5362/5362/2427 5390/5390/2427
f 5391/5391/2350 5392/5392/2350 5393/5393/2350
f 5391/5391/2350 5394/5394/2350 5392/5392/2350
f 5395/5395/2351 5396/5396/2351 5397/5397/2351
f 5395/5395/2351 5398/5398/2351 5396/5396/2351
f 5392/5392/2350 5399/5399/2350 5393/5393/2350
f 5392/5392/2350 5400/5400/2350 5399/5399/2350
f 5395/5395/2351 5401/5401/2351 5398/5398/2351
f 5395/5395/2351 5402/5402/2351 5401/5401/2351
f 5391/5391/2350 5403/5403/2350 5394/5394/2350
f 5391/5391/2350 5404/5404/2350 5403/5403/2350
f 5396/5396/2351 5405/5405/2351 5397/5397/2351
f 5396/5396/2351 5406/5406/2351 5405/5405/2351
f 5400/5400/2350 5407/5407/2350 5399/5399/2350
f 5400/5400/2350 5408/5408/2350 5407/5407/2350
f 5402/5402/2351 5409/5409/2351 5401/5401/2351
f 5402/5402/2351 5410/5410/2351 5409/5409/2351
f 5411/5411/2350 5403/5403/2350 5404/5404/2350
f 5412/5412/2351 5405/5405/2351 5406/5406/2351
f 5413/5413/2350 5407/5407/2350 5408/5408/2350
f 5414/5414/2351 5409/5409/2351 5410/5410/2351
f 5415/5415/2428 5416/5416/2428 5417/5417/2428
f 5415/5415/2377 5418/5418/2377 5416/5416/2377
f 5419/5419/2378 5420/5420/2378 5421/5421/2378
f 5419/5419/2379 5422/5422/2379 5420/5420/2379
f 5423/5423/2380 5424/5424/2380 5425/5425/2380
f 5423/5423/2381 5426/5426/2381 5424/5424/2381
f 5427/5427/2382 5428/5428/2382 5429/5429/2382
f 5427/5427/2383 5430/5430/2383 5428/5428/2383
f 5431/5431/2384 5432/5432/2384 5433/5433/2384
f 5432/5432/2385 5434/5434/2385 5433/5433/2385
f 5433/5433/2386 5434/5434/2386 5435/5435/2386
f 5434/5434/2387 5436/5436/2387 5435/5435/2387
f 5437/5437/2388 5438/5438/2388 5439/5439/2388
f 5437/5437/2388 5440/5440/2388 5438/5438/2388
f 5441/5441/2389 5442/5442/2389 5443/5443/2389
f 5441/5441/2389 5444/5444/2389 5442/5442/2389
f 5445/5445/2390 5446/5446/2390 5447/5447/2390
f 5445/5445/2390 5448/5448/2390 5446/5446/2390
f 5449/5449/2391 5450/5450/2391 5451/5451/2391
f 5449/5449/2391 5452/5452/2391 5450/5450/2391
f 5441/5441/2392 5453/5453/2392 5444/5444/2392
f 5441/5441/2392 5454/5454/2392 5453/5453/2392
f 5449/5449/2393 5455/5455/2393 5452/5452/2393
f 5449/5449/2393 5456/5456/2393 5455/5455/2393
f 5437/5437/2394 5442/5442/2394 5440/5440/2394
f 5437/5437/2394 5443/5443/2394 5442/5442/2394
f 5445/5445/2395 5450/5450/2395 5448/5448/2395
f 5445/5445/2395 5451/5451/2395 5450/5450/2395
f 5457/5457/2396 5458/5458/2397 5459/5459/2398
f 5460/5460/2429 5458/5458/2397 5457/5457/2396
f 5461/5461/2400 5458/5458/2397 5460/5460/2429
f 5461/5461/2400 5462/5462/2401 5458/5458/2397
f 5461/5461/2400 5463/5463/2402 5462/5462/2401
f 5464/5464/2403 5463/5463/2402 5461/5461/2400
f 5465/5465/2334 5466/5466/2334 5467/5467/2334
f 5465/5465/2334 5468/5468/2334 5466/5466/2334
f 5469/5469/2335 5467/5467/2335 5470/5470/2335
f 5469/5469/2335 5465/5465/2335 5467/5467/2335
f 5471/5471/2336 5472/5472/2336 5473/5473/2336
f 5471/5471/2336 5474/5474/2336 5472/5472/2336
f 5475/5475/2337 5474/5474/2337 5471/5471/2337
f 5475/5475/2337 5476/5476/2337 5474/5474/2337
f 5477/5477/2338 5478/5478/2338 5479/5479/2338
f 5477/5477/2338 5480/5480/2338 5478/5478/2338
f 5481/5481/2339 5482/5482/2339 5483/5483/2339
f 5481/5481/2339 5477/5477/2339 5482/5482/2339
f 5484/5484/2340 5485/5485/2340 5486/5486/2340
f 5484/5484/2340 5487/5487/2340 5485/5485/2340
f 5488/5488/2341 5489/5489/2341 5490/5490/2341
f 5488/5488/2341 5484/5484/2341 5489/5489/2341
f 5491/5491/2342 5492/5492/2342 5493/5493/2342
f 5491/5491/2342 5494/5494/2342 5492/5492/2342
f 5495/5495/2343 5496/5496/2343 5497/5497/2343
f 5495/5495/2343 5498/5498/2343 5496/5496/2343
f 5499/5499/2344 5498/5498/2344 5495/5495/2344
f 5499/5499/2344 5500/5500/2344 5498/5498/2344
f 5501/5501/2345 5500/5500/2345 5499/5499/2345
f 5501/5501/2345 5502/5502/2345 5500/5500/2345
f 5503/5503/2346 5504/5504/2346 5505/5505/2346
f 5503/5503/2346 5506/5506/2346 5504/5504/2346
f 5507/5507/2347 5506/5506/2347 5503/5503/2347
f 5507/5507/2347 5508/5508/2347 5506/5506/2347
f 5509/5509/2348 5510/5510/2348 5511/5511/2348
f 5509/5509/2348 5512/5512/2348 5510/5510/2348
f 5493/5493/2349 5512/5512/2349 5509/5509/2349
f 5493/5493/2349 5492/5492/2349 5512/5512/2349
f 5513/5513/2350 5514/5514/2350 5515/5515/2350
f 5513/5513/2350 5516/5516/2350 5514/5514/2350
f 5517/5517/2351 5518/5518/2351 5519/5519/2351
f 5517/5517/2351 5520/5520/2351 5518/5518/2351
f 5514/5514/2350 5521/5521/2350 5515/5515/2350
f 5514/5514/2350 5522/5522/2350 5521/5521/2350
f 5517/5517/2351 5523/5523/2351 5520/5520/2351
f 5517/5517/2351 5524/5524/2351 5523/5523/2351
f 5525/5525/2350 5516/5516/2350 5513/5513/2350
f 5526/5526/2351 5519/5519/2351 5518/5518/2351
f 5527/5527/2350 5521/5521/2350 5522/5522/2350
f 5528/5528/2351 5523/5523/2351 5524/5524/2351
f 5529/5529/2430 5530/5530/2430 5531/5531/2430
f 5529/5529/2430 5532/5532/2430 5530/5530/2430
f 5533/5533/2431 5534/5534/2431 5535/5535/2431
f 5533/5533/2431 5536/5536/2431 5534/5534/2431
f 5537/5537/2432 5536/5536/2432 5533/5533/2432
f 5537/5537/2432 5538/5538/2432 5536/5536/2432
f 5539/5539/2433 5538/5538/2433 5537/5537/2433
f 5539/5539/2433 5540/5540/2433 5538/5538/2433
f 5541/5541/2434 5540/5540/2434 5539/5539/2434
f 5541/5541/2434 5542/5542/2434 5540/5540/2434
f 5543/5543/2435 5544/5544/2435 5545/5545/2435
f 5543/5543/2435 5546/5546/2435 5544/5544/2435
f 5547/5547/2436 5546/5546/2436 5543/5543/2436
f 5547/5547/2436 5548/5548/2436 5546/5546/2436
f 5549/5549/2437 5548/5548/2437 5547/5547/2437
f 5549/5549/2437 5550/5550/2437 5548/5548/2437
f 5551/5551/2438 5550/5550/2438 5549/5549/2438
f 5551/5551/2438 5552/5552/2438 5550/5550/2438
f 5553/5553/2439 5554/5554/2439 5555/5555/2439
f 5553/5553/2439 5556/5556/2439 5554/5554/2439
f 5557/5557/2440 5556/5556/2440 5553/5553/2440
f 5557/5557/2440 5558/5558/2440 5556/5556/2440
f 5531/5531/2441 5558/5558/2441 5557/5557/2441
f 5531/5531/2441 5530/5530/2441 5558/5558/2441
f 5559/5559/2350 5560/5560/2350 5561/5561/2350
f 5559/5559/2350 5562/5562/2350 5560/5560/2350
f 5563/5563/2351 5564/5564/2351 5565/5565/2351
f 5563/5563/2351 5566/5566/2351 5564/5564/2351
f 5560/5560/2350 5567/5567/2350 5561/5561/2350
f 5560/5560/2350 5568/5568/2350 5567/5567/2350
f 5563/5563/2351 5569/5569/2351 5566/5566/2351
f 5563/5563/2351 5570/5570/2351 5569/5569/2351
f 5559/5559/2350 5571/5571/2350 5562/5562/2350
f 5559/5559/2350 5572/5572/2350 5571/5571/2350
f 5564/5564/2351 5573/5573/2351 5565/5565/2351
f 5564/5564/2351 5574/5574/2351 5573/5573/2351
f 5568/5568/2350 5575/5575/2350 5567/5567/2350
f 5568/5568/2350 5576/5576/2350 5575/5575/2350
f 5570/5570/2351 5577/5577/2351 5569/5569/2351
f 5570/5570/2351 5578/5578/2351 5577/5577/2351
f 5579/5579/2350 5571/5571/2350 5572/5572/2350
f 5580/5580/2351 5573/5573/2351 5574/5574/2351
f 5581/5581/2350 5575/5575/2350 5576/5576/2350
f 5582/5582/2351 5577/5577/2351 5578/5578/2351
f 5583/5583/2442 5584/5584/2442 5585/5585/2442
f 5583/5583/2442 5586/5586/2442 5584/5584/2442
f 5587/5587/2443 5588/5588/2443 5589/5589/2443
f 5587/5587/2443 5590/5590/2443 5588/5588/2443
f 5591/5591/2444 5590/5590/2444 5587/5587/2444
f 5591/5591/2444 5592/5592/2444 5590/5590/2444
f 5593/5593/2445 5592/5592/2445 5591/5591/2445
f 5593/5593/2445 5594/5594/2445 5592/5592/2445
f 5595/5595/2446 5594/5594/2446 5593/5593/2446
f 5595/5595/2446 5596/5596/2446 5594/5594/2446
f 5597/5597/2447 5598/5598/2447 5599/5599/2447
f 5597/5597/2447 5600/5600/2447 5598/5598/2447
f 5601/5601/2448 5600/5600/2448 5597/5597/2448
f 5601/5601/2448 5602/5602/2448 5600/5600/2448
f 5603/5603/2449 5602/5602/2449 5601/5601/2449
f 5603/5603/2449 5604/5604/2449 5602/5602/2449
f 5605/5605/2450 5604/5604/2450 5603/5603/2450
f 5605/5605/2450 5606/5606/2450 5604/5604/2450
f 5607/5607/2451 5608/5608/2451 5609/5609/2451
f 5607/5607/2451 5610/5610/2451 5608/5608/2451
f 5611/5611/2452 5610/5610/2452 5607/5607/2452
f 5611/5611/2452 5612/5612/2452 5610/5610/2452
f 5585/5585/2453 5612/5612/2453 5611/5611/2453
f 5585/5585/2453 5584/5584/2453 5612/5612/2453
f 5613/5613/2350 5614/5614/2350 5615/5615/2350
f 5613/5613/2350 5616/5616/2350 5614/5614/2350
f 5617/5617/2351 5618/5618/2351 5619/5619/2351
f 5617/5617/2351 5620/5620/2351 5618/5618/2351
f 5614/5614/2350 5621/5621/2350 5615/5615/2350
f 5614/5614/2350 5622/5622/2350 5621/5621/2350
f 5617/5617/2351 5623/5623/2351 5620/5620/2351
f 5617/5617/2351 5624/5624/2351 5623/5623/2351
f 5613/5613/2350 5625/5625/2350 5616/5616/2350
f 5613/5613/2350 5626/5626/2350 5625/5625/2350
f 5618/5618/2351 5627/5627/2351 5619/5619/2351
f 5618/5618/2351 5628/5628/2351 5627/5627/2351
f 5622/5622/2350 5629/5629/2350 5621/5621/2350
f 5622/5622/2350 5630/5630/2350 5629/5629/2350
f 5624/5624/2351 5631/5631/2351 5623/5623/2351
f 5624/5624/2351 5632/5632/2351 5631/5631/2351
f 5633/5633/2350 5625/5625/2350 5626/5626/2350
f 5634/5634/2351 5627/5627/2351 5628/5628/2351
f 5635/5635/2350 5629/5629/2350 5630/5630/2350
f 5636/5636/2351 5631/5631/2351 5632/5632/2351
f 5637/5637/2454 5638/5638/2454 5639/5639/2454
f 5637/5637/2377 5640/5640/2377 5638/5638/2377
f 5641/5641/2378 5642/5642/2378 5643/5643/2378
f 5641/5641/2379 5644/5644/2379 5642/5642/2379
f 5645/5645/2380 5646/5646/2380 5647/5647/2380
f 5645/5645/2381 5648/5648/2381 5646/5646/2381
f 5649/5649/2382 5650/5650/2382 5651/5651/2382
f 5649/5649/2383 5652/5652/2383 5650/5650/2383
f 5653/5653/2384 5654/5654/2384 5655/5655/2384
f 5654/5654/2385 5656/5656/2385 5655/5655/2385
f 5655/5655/2386 5656/5656/2386 5657/5657/2386
f 5656/5656/2387 5658/5658/2387 5657/5657/2387
f 5659/5659/2388 5660/5660/2388 5661/5661/2388
f 5659/5659/2388 5662/5662/2388 5660/5660/2388
f 5663/5663/2389 5664/5664/2389 5665/5665/2389
f 5663/5663/2389 5666/5666/2389 5664/5664/2389
f 5667/5667/2390 5668/5668/2390 5669/5669/2390
f 5667/5667/2390 5670/5670/2390 5668/5668/2390
f 5671/5671/2391 5672/5672/2391 5673/5673/2391
f 5671/5671/2391 5674/5674/2391 5672/5672/2391
f 5663/5663/2392 5675/5675/2392 5666/5666/2392
f 5663/5663/2392 5676/5676/2392 5675/5675/2392
f 5671/5671/2393 5677/5677/2393 5674/5674/2393
f 5671/5671/2393 5678/5678/2393 5677/5677/2393
f 5659/5659/2394 5664/5664/2394 5662/5662/2394
f 5659/5659/2394 5665/5665/2394 5664/5664/2394
f 5667/5667/2395 5672/5672/2395 5670/5670/2395
f 5667/5667/2395 5673/5673/2395 5672/5672/2395
f 5679/5679/2396 5680/5680/2397 5681/5681/2398
f 5682/5682/2399 5680/5680/2397 5679/5679/2396
f 5683/5683/2400 5680/5680/2397 5682/5682/2399
f 5683/5683/2400 5684/5684/2401 5680/5680/2397
f 5683/5683/2400 5685/5685/2402 5684/5684/2401
f 5686/5686/2403 5685/5685/2402 5683/5683/2400
f 5687/5687/2334 5688/5688/2334 5689/5689/2334
f 5687/5687/2334 5690/5690/2334 5688/5688/2334
f 5691/5691/2335 5689/5689/2335 5692/5692/2335
f 5691/5691/2335 5687/5687/2335 5689/5689/2335
f 5693/5693/2336 5694/5694/2336 5695/5695/2336
f 5693/5693/2336 5696/5696/2336 5694/5694/2336
f 5697/5697/2337 5696/5696/2337 5693/5693/2337
f 5697/5697/2337 5698/5698/2337 5696/5696/2337
f 5699/5699/2338 5700/5700/2338 5701/5701/2338
f 5699/5699/2338 5702/5702/2338 5700/5700/2338
f 5703/5703/2339 5704/5704/2339 5705/5705/2339
f 5703/5703/2339 5699/5699/2339 5704/5704/2339
f 5706/5706/2340 5707/5707/2340 5708/5708/2340
f 5706/5706/2340 5709/5709/2340 5707/5707/2340
f 5710/5710/2341 5711/5711/2341 5712/5712/2341
f 5710/5710/2341 5706/5706/2341 5711/5711/2341
f 5713/5713/2342 5714/5714/2342 5715/5715/2342
f 5713/5713/2342 5716/5716/2342 5714/5714/2342
f 5717/5717/2343 5718/5718/2343 5719/5719/2343
f 5717/5717/2343 5720/5720/2343 5718/5718/2343
f 5721/5721/2344 5720/5720/2344 5717/5717/2344
f 5721/5721/2344 5722/5722/2344 5720/5720/2344
f 5723/5723/2345 5722/5722/2345 5721/5721/2345
f 5723/5723/2345 5724/5724/2345 5722/5722/2345
f 5725/5725/2346 5726/5726/2346 5727/5727/2346
f 5725/5725/2346 5728/5728/2346 5726/5726/2346
f 5729/5729/2347 5728/5728/2347 5725/5725/2347
f 5729/5729/2347 5730/5730/2347 5728/5728/2347
f 5731/5731/2348 5732/5732/2348 5733/5733/2348
f 5731/5731/2348 5734/5734/2348 5732/5732/2348
f 5715/5715/2349 5734/5734/2349 5731/5731/2349
f 5715/5715/2349 5714/5714/2349 5734/5734/2349
f 5735/5735/2350 5736/5736/2350 5737/5737/2350
f 5735/5735/2350 5738/5738/2350 5736/5736/2350
f 5739/5739/2351 5740/5740/2351 5741/5741/2351
f 5739/5739/2351 5742/5742/2351 5740/5740/2351
f 5736/5736/2350 5743/5743/2350 5737/5737/2350
f 5736/5736/2350 5744/5744/2350 5743/5743/2350
f 5739/5739/2351 5745/5745/2351 5742/5742/2351
f 5739/5739/2351 5746/5746/2351 5745/5745/2351
f 5747/5747/2350 5738/5738/2350 5735/5735/2350
f 5748/5748/2351 5741/5741/2351 5740/5740/2351
f 5749/5749/2350 5743/5743/2350 5744/5744/2350
f 5750/5750/2351 5745/5745/2351 5746/5746/2351
f 5751/5751/2455 5752/5752/2455 5753/5753/2455
f 5751/5751/2455 5754/5754/2455 5752/5752/2455
f 5755/5755/2456 5756/5756/2456 5757/5757/2456
f 5755/5755/2456 5758/5758/2456 5756/5756/2456
f 5759/5759/2457 5758/5758/2457 5755/5755/2457
f 5759/5759/2457 5760/5760/2457 5758/5758/2457
f 5761/5761/2458 5760/5760/2458 5759/5759/2458
f 5761/5761/2458 5762/5762/2458 5760/5760/2458
f 5763/5763/2459 5762/5762/2459 5761/5761/2459
f 5763/5763/2459 5764/5764/2459 5762/5762/2459
f 5765/5765/2460 5766/5766/2460 5767/5767/2460
f 5765/5765/2460 5768/5768/2460 5766/5766/2460
f 5769/5769/2461 5768/5768/2461 5765/5765/2461
f 5769/5769/2461 5770/5770/2461 5768/5768/2461
f 5771/5771/2462 5770/5770/2462 5769/5769/2462
f 5771/5771/2462 5772/5772/2462 5770/5770/2462
f 5773/5773/2463 5772/5772/2463 5771/5771/2463
f 5773/5773/2463 5774/5774/2463 5772/5772/2463
f 5775/5775/2464 5776/5776/2464 5777/5777/2464
f 5775/5775/2464 5778/5778/2464 5776/5776/2464
f 5779/5779/2465 5778/5778/2465 5775/5775/2465
f 5779/5779/2465 5780/5780/2465 5778/5778/2465
f 5753/5753/2466 5780/5780/2466 5779/5779/2466
f 5753/5753/2466 5752/5752/2466 5780/5780/2466
f 5781/5781/2350 5782/5782/2350 5783/5783/2350
f 5781/5781/2350 5784/5784/2350 5782/5782/2350
f 5785/5785/2351 5786/5786/2351 5787/5787/2351
f 5785/5785/2351 5788/5788/2351 5786/5786/2351
f 5782/5782/2350 5789/5789/2350 5783/5783/2350
f 5782/5782/2350 5790/5790/2350 5789/5789/2350
f 5785/5785/2351 5791/5791/2351 5788/5788/2351
f 5785/5785/2351 5792/5792/2351 5791/5791/2351
f 5781/5781/2350 5793/5793/2350 5784/5784/2350
f 5781/5781/2350 5794/5794/2350 5793/5793/2350
f 5786/5786/2351 5795/5795/2351 5787/5787/2351
f 5786/5786/2351 5796/5796/2351 5795/5795/2351
f 5790/5790/2350 5797/5797/2350 5789/5789/2350
f 5790/5790/2350 5798/5798/2350 5797/5797/2350
f 5792/5792/2351 5799/5799/2351 5791/5791/2351
f 5792/5792/2351 5800/5800/2351 5799/5799/2351
f 5801/5801/2350 5793/5793/2350 5794/5794/2350
f 5802/5802/2351 5795/5795/2351 5796/5796/2351
f 5803/5803/2350 5797/5797/2350 5798/5798/2350
f 5804/5804/2351 5799/5799/2351 5800/5800/2351
f 5805/5805/2467 5806/5806/2467 5807/5807/2467
f 5805/5805/2467 5808/5808/2467 5806/5806/2467
f 5809/5809/2468 5810/5810/2468 5811/5811/2468
f 5809/5809/2468 5812/5812/2468 5810/5810/2468
f 5813/5813/2469 5812/5812/2469 5809/5809/2469
f 5813/5813/2469 5814/5814/2469 5812/5812/2469
f 5815/5815/2470 5814/5814/2470 5813/5813/2470
f 5815/5815/2470 5816/5816/2470 5814/5814/2470
f 5817/5817/2471 5816/5816/2471 5815/5815/2471
f 5817/5817/2471 5818/5818/2471 5816/5816/2471
f 5819/5819/2472 5820/5820/2472 5821/5821/2472
f 5819/5819/2472 5822/5822/2472 5820/5820/2472
f 5823/5823/2473 5822/5822/2473 5819/5819/2473
f 5823/5823/2473 5824/5824/2473 5822/5822/2473
f 5825/5825/2474 5824/5824/2474 5823/5823/2474
f 5825/5825/2474 5826/5826/2474 5824/5824/2474
f 5827/5827/2475 5826/5826/2475 5825/5825/2475
f 5827/5827/2475 5828/5828/2475 5826/5826/2475
f 5829/5829/2476 5830/5830/2476 5831/5831/2476
f 5829/5829/2476 5832/5832/2476 5830/5830/2476
f 5833/5833/2477 5832/5832/2477 5829/5829/2477
f 5833/5833/2477 5834/5834/2477 5832/5832/2477
f 5807/5807/2478 5834/5834/2478 5833/5833/2478
f 5807/5807/2478 5806/5806/2478 5834/5834/2478
f 5835/5835/2350 5836/5836/2350 5837/5837/2350
f 5835/5835/2350 5838/5838/2350 5836/5836/2350
f 5839/5839/2351 5840/5840/2351 5841/5841/2351
f 5839/5839/2351 5842/5842/2351 5840/5840/2351
f 5836/5836/2350 5843/5843/2350 5837/5837/2350
f 5836/5836/2350 5844/5844/2350 5843/5843/2350
f 5839/5839/2351 5845/5845/2351 5842/5842/2351
f 5839/5839/2351 5846/5846/2351 5845/5845/2351
f 5835/5835/2350 5847/5847/2350 5838/5838/2350
f 5835/5835/2350 5848/5848/2350 5847/5847/2350
f 5840/5840/2351 5849/5849/2351 5841/5841/2351
f 5840/5840/2351 5850/5850/2351 5849/5849/2351
f 5844/5844/2350 5851/5851/2350 5843/5843/2350
f 5844/5844/2350 5852/5852/2350 5851/5851/2350
f 5846/5846/2351 5853/5853/2351 5845/5845/2351
f 5846/5846/2351 5854/5854/2351 5853/5853/2351
f 5855/5855/2350 5847/5847/2350 5848/5848/2350
f 5856/5856/2351 5849/5849/2351 5850/5850/2351
f 5857/5857/2350 5851/5851/2350 5852/5852/2350
f 5858/5858/2351 5853/5853/2351 5854/5854/2351
f 5859/5859/2428 5860/5860/2428 5861/5861/2428
f 5859/5859/2377 5862/5862/2377 5860/5860/2377
f 5863/5863/2378 5864/5864/2378 5865/5865/2378
f 5863/5863/2379 5866/5866/2379 5864/5864/2379
f 5867/5867/2479 5868/5868/2479 5869/5869/2479
f 5867/5867/2381 5870/5870/2381 5868/5868/2381
f 5871/5871/2382 5872/5872/2382 5873/5873/2382
f 5871/5871/2383 5874/5874/2383 5872/5872/2383
f 5875/5875/2384 5876/5876/2384 5877/5877/2384
f 5876/5876/2385 5878/5878/2385 5877/5877/2385
f 5877/5877/2386 5878/5878/2386 5879/5879/2386
f 5878/5878/2387 5880/5880/2387 5879/5879/2387
f 5881/5881/2388 5882/5882/2388 5883/5883/2388
f 5881/5881/2388 5884/5884/2388 5882/5882/2388
f 5885/5885/2389 5886/5886/2389 5887/5887/2389
f 5885/5885/2389 5888/5888/2389 5886/5886/2389
f 5889/5889/2390 5890/5890/2390 5891/5891/2390
f 5889/5889/2390 5892/5892/2390 5890/5890/2390
f 5893/5893/2391 5894/5894/2391 5895/5895/2391
f 5893/5893/2391 5896/5896/2391 5894/5894/2391
f 5885/5885/2392 5897/5897/2392 5888/5888/2392
f 5885/5885/2392 5898/5898/2392 5897/5897/2392
f 5893/5893/2393 5899/5899/2393 5896/5896/2393
f 5893/5893/2393 5900/5900/2393 5899/5899/2393
f 5881/5881/2394 5886/5886/2394 5884/5884/2394
f 5881/5881/2394 5887/5887/2394 5886/5886/2394
f 5889/5889/2480 5894/5894/2480 5892/5892/2480
f 5889/5889/2480 5895/5895/2480 5894/5894/2480
f 5901/5901/2396 5902/5902/2397 5903/5903/2398
f 5904/5904/2429 5902/5902/2397 5901/5901/2396
f 5905/5905/2400 5902/5902/2397 5904/5904/2429
f 5905/5905/2400 5906/5906/2401 5902/5902/2397
f 5905/5905/2400 5907/5907/2402 5906/5906/2401
f 5908/5908/2403 5907/5907/2402 5905/5905/2400
f 5909/5909/2481 5910/5910/2481 5911/5911/2481
f 5909/5909/2481 5912/5912/2481 5910/5910/2481
f 5913/5913/2482 5914/5914/2482 5915/5915/2482
f 5913/5913/2482 5916/5916/2482 5914/5914/2482
f 5917/5917/2483 5918/5918/2484 5919/5919/2485
f 5917/5917/2483 5920/5920/2486 5918/5918/2484
f 5921/5921/2487 5922/5922/2488 5923/5923/2489
f 5921/5921/2487 5924/5924/2490 5922/5922/2488
f 5925/5925/2491 5926/5926/2491 5927/5927/2491
f 5925/5925/2491 5928/5928/2491 5926/5926/2491
f 5929/5929/2492 5930/5930/2492 5931/5931/2492
f 5929/5929/2492 5932/5932/2492 5930/5930/2492
f 5933/5933/2493 5934/5934/2494 5935/5935/2495
f 5933/5933/2493 5936/5936/2496 5934/5934/2494
f 5937/5937/2497 5938/5938/2498 5939/5939/2499
f 5937/5937/2497 5940/5940/2500 5938/5938/2498
f 5941/5941/2501 5942/5942/2501 5943/5943/2501
f 5941/5941/2501 5944/5944/2501 5942/5942/2501
f 5945/5945/2502 5946/5946/2502 5947/5947/2502
f 5945/5945/2502 5948/5948/2502 5946/5946/2502
f 5949/5949/2503 5950/5950/2504 5951/5951/2505
f 5949/5949/2503 5952/5952/2506 5950/5950/2504
f 5953/5953/2507 5954/5954/2508 5955/5955/2509
f 5953/5953/2507 5956/5956/2510 5954/5954/2508
f 5957/5957/2511 5958/5958/2511 5959/5959/2511
f 5957/5957/2511 5960/5960/2511 5958/5958/2511
f 5961/5961/2512 5962/5962/2512 5963/5963/2512
f 5961/5961/2512 5964/5964/2512 5962/5962/2512
f 5965/5965/2513 5966/5966/2514 5967/5967/2515
f 5965/5965/2513 5968/5968/2516 5966/5966/2514
f 5969/5969/2517 5970/5970/2518 5971/5971/2519
f 5969/5969/2517 5972/5972/2520 5970/5970/2518
f 5973/5973/2521 5974/5974/2521 5975/5975/2521
f 5973/5973/2521 5976/5976/2521 5974/5974/2521
f 5977/5977/2522 5978/5978/2522 5979/5979/2522
f 5977/5977/2522 5980/5980/2522 5978/5978/2522
f 5981/5981/2523 5982/5982/2524 5983/5983/2525
f 5981/5981/2523 5984/5984/2526 5982/5982/2524
f 5985/5985/2527 5986/5986/2528 5987/5987/2529
f 5985/5985/2527 5988/5988/2530 5986/5986/2528
f 5989/5989/2531 5990/5990/2531 5991/5991/2531
f 5989/5989/2531 5992/5992/2531 5990/5990/2531
f 5993/5993/2532 5994/5994/2532 5995/5995/2532
f 5993/5993/2532 5996/5996/2532 5994/5994/2532
f 5997/5997/2533 5998/5998/2534 5999/5999/2535
f 5997/5997/2533 6000/6000/2536 5998/5998/2534
f 6001/6001/2537 6002/6002/2538 6003/6003/2539
f 6001/6001/2537 6004/6004/2540 6002/6002/2538
f 6005/6005/2541 6006/6006/2541 6007/6007/2541
f 6005/6005/2541 6008/6008/2541 6006/6006/2541
f 6009/6009/2542 6010/6010/2542 6011/6011/2542
f 6009/6009/2542 6012/6012/2542 6010/6010/2542
f 6013/6013/2543 6014/6014/2544 6015/6015/2545
f 6013/6013/2543 6016/6016/2546 6014/6014/2544
f 6017/6017/2547 6018/6018/2548 6019/6019/2549
f 6017/6017/2547 6020/6020/2550 6018/6018/2548
f 6021/6021/2551 6022/6022/2552 6023/6023/2552
f 6021/6021/2551 6024/6024/2551 6022/6022/2552
f 6025/6025/2553 6026/6026/2553 6027/6027/2553
f 6025/6025/2553 6028/6028/2553 6026/6026/2553
f 6029/6029/2554 6030/6030/2555 6031/6031/2556
f 6029/6029/2554 6032/6032/2557 6030/6030/2555
f 6033/6033/2558 6034/6034/2559 6035/6035/2560
f 6033/6033/2558 6036/6036/2561 6034/6034/2559
f 6037/6037/2562 6038/6038/2562 6039/6039/2562
f 6037/6037/2562 6040/6040/2562 6038/6038/2562
f 6041/6041/2563 6042/6042/2563 6043/6043/2563
f 6041/6041/2563 6044/6044/2563 6042/6042/2563
f 6045/6045/2564 6046/6046/2565 6047/6047/2566
f 6045/6045/2564 6048/6048/2567 6046/6046/2565
f 6049/6049/2568 6050/6050/2569 6051/6051/2570
f 6049/6049/2568 6052/6052/2571 6050/6050/2569
f 6053/6053/2572 6054/6054/2572 6055/6055/2572
f 6053/6053/2572 6056/6056/2572 6054/6054/2572
f 6057/6057/2573 6058/6058/2573 6059/6059/2573
f 6057/6057/2573 6060/6060/2573 6058/6058/2573
f 6061/6061/2574 6062/6062/2575 6063/6063/2576
f 6061/6061/2574 6064/6064/2577 6062/6062/2575
f 6065/6065/2578 6066/6066/2579 6067/6067/2580
f 6065/6065/2578 6068/6068/2581 6066/6066/2579
f 6069/6069/2582 6070/6070/2582 6071/6071/2582
f 6069/6069/2582 6072/6072/2582 6070/6070/2582
f 6073/6073/2583 6074/6074/2584 6075/6075/2585
f 6073/6073/2583 6076/6076/2586 6074/6074/2584
f 6072/6072/2587 6077/6077/2587 6070/6070/2587
f 6072/6072/2587 6078/6078/2587 6077/6077/2587
f 6079/6079/2588 6076/6076/2586 6073/6073/2583
f 6079/6079/2588 6080/6080/2589 6076/6076/2586
f 6078/6078/2590 6081/6081/2590 6077/6077/2590
f 6078/6078/2590 6082/6082/2590 6081/6081/2590
f 6083/6083/2591 6080/6080/2589 6079/6079/2588
f 6083/6083/2591 6084/6084/2592 6080/6080/2589
f 6082/6082/2593 6085/6085/2593 6081/6081/2593
f 6082/6082/2593 6086/6086/2593 6085/6085/2593
f 6087/6087/2592 6084/6084/2592 6083/6083/2591
f 6087/6087/2592 6088/6088/2594 6084/6084/2592
f 6086/6086/2595 6089/6089/2595 6085/6085/2595
f 6086/6086/2595 6090/6090/2595 6089/6089/2595
f 6091/6091/2596 6088/6088/2594 6087/6087/2592
f 6091/6091/2596 6092/6092/2597 6088/6088/2594
f 6090/6090/2598 6093/6093/2598 6089/6089/2598
f 6090/6090/2598 6094/6094/2598 6093/6093/2598
f 6095/6095/2599 6092/6092/2597 6091/6091/2596
f 6095/6095/2599 6096/6096/2600 6092/6092/2597
f 6094/6094/2601 6097/6097/2601 6093/6093/2601
f 6094/6094/2601 6098/6098/2601 6097/6097/2601
f 6099/6099/2602 6096/6096/2600 6095/6095/2599
f 6099/6099/2602 6100/6100/2603 6096/6096/2600
f 6098/6098/2604 6101/6101/2604 6097/6097/2604
f 6098/6098/2604 6102/6102/2604 6101/6101/2604
f 6103/6103/2605 6100/6100/2603 6099/6099/2602
f 6103/6103/2605 6104/6104/2606 6100/6100/2603
f 6102/6102/2607 6105/6105/2607 6101/6101/2607
f 6102/6102/2607 6106/6106/2607 6105/6105/2607
f 6107/6107/2608 6104/6104/2606 6103/6103/2605
f 6107/6107/2608 6108/6108/2609 6104/6104/2606
f 6106/6106/2610 6109/6109/2610 6105/6105/2610
f 6106/6106/2610 6110/6110/2610 6109/6109/2610
f 6111/6111/2611 6108/6108/2609 6107/6107/2608
f 6111/6111/2611 6112/6112/2612 6108/6108/2609
f 6110/6110/2613 6113/6113/2613 6109/6109/2613
f 6110/6110/2613 6114/6114/2613 6113/6113/2613
f 6115/6115/2614 6112/6112/2612 6111/6111/2611
f 6115/6115/2614 6116/6116/2615 6112/6112/2612
f 6114/6114/2616 6117/6117/2616 6113/6113/2616
f 6114/6114/2616 6118/6118/2616 6117/6117/2616
f 6119/6119/2617 6116/6116/2615 6115/6115/2614
f 6119/6119/2617 6120/6120/2618 6116/6116/2615
f 6118/6118/2619 6121/6121/2619 6117/6117/2619
f 6118/6118/2619 6122/6122/2619 6121/6121/2619
f 6123/6123/2620 6120/6120/2618 6119/6119/2617
f 6123/6123/2620 6124/6124/2621 6120/6120/2618
f 6122/6122/2622 6125/6125/2622 6121/6121/2622
f 6122/6122/2622 6126/6126/2622 6125/6125/2622
f 6127/6127/2623 6124/6124/2621 6123/6123/2620
f 6127/6127/2623 6128/6128/2624 6124/6124/2621
f 6126/6126/2625 6129/6129/2625 6125/6125/2625
f 6126/6126/2625 6130/6130/2625 6129/6129/2625
f 6131/6131/2626 6128/6128/2624 6127/6127/2623
f 6131/6131/2626 6132/6132/2627 6128/6128/2624
f 6130/6130/2628 6133/6133/2628 6129/6129/2628
f 6130/6130/2628 6134/6134/2628 6133/6133/2628
f 6075/6075/2585 6132/6132/2627 6131/6131/2626
f 6075/6075/2585 6074/6074/2584 6132/6132/2627
f 6135/6135/2629 6136/6136/2629 6137/6137/2629
f 6135/6135/2629 6138/6138/2629 6136/6136/2629
f 6138/6138/2630 6139/6139/2630 6136/6136/2630
f 6138/6138/2630 6140/6140/2630 6139/6139/2630
f 6140/6140/2631 6141/6141/2632 6139/6139/2631
f 6140/6140/2631 6142/6142/2632 6141/6141/2632
f 6142/6142/2633 6143/6143/2634 6141/6141/2633
f 6142/6142/2633 6144/6144/2634 6143/6143/2634
f 6144/6144/2635 6145/6145/2636 6143/6143/2635
f 6144/6144/2635 6146/6146/2637 6145/6145/2636
f 6146/6146/2638 6147/6147/2639 6145/6145/2638
f 6146/6146/2638 6148/6148/2639 6147/6147/2639
f 6148/6148/2640 6149/6149/2640 6147/6147/2640
f 6148/6148/2640 6150/6150/2640 6149/6149/2640
f 6150/6150/2641 6151/6151/2641 6149/6149/2642
f 6150/6150/2641 6152/6152/2641 6151/6151/2641
f 6153/6153/2643 6154/6154/2643 6155/6155/2643
f 6153/6153/2643 6156/6156/2643 6154/6154/2643
f 6156/6156/2644 6157/6157/2644 6154/6154/2644
f 6156/6156/2644 6158/6158/2644 6157/6157/2644
f 6158/6158/2645 6159/6159/2645 6157/6157/2645
f 6158/6158/2645 6160/6160/2645 6159/6159/2645
f 6160/6160/2646 6161/6161/2646 6159/6159/2646
f 6160/6160/2646 6162/6162/2646 6161/6161/2646
f 6162/6162/2647 6163/6163/2648 6161/6161/2647
f 6162/6162/2647 6164/6164/2648 6163/6163/2648
f 6164/6164/2649 6165/6165/2650 6163/6163/2649
f 6164/6164/2649 6166/6166/2650 6165/6165/2650
f 6166/6166/2651 6167/6167/2651 6165/6165/2651
f 6166/6166/2651 6168/6168/2651 6167/6167/2651
f 6168/6168/2652 6137/6137/2652 6167/6167/2652
f 6168/6168/2652 6135/6135/2652 6137/6137/2652
f 6169/6169/2653 6170/6170/2654 6171/6171/2655
f 6169/6169/2653 6172/6172/2656 6170/6170/2654
f 6173/6173/2657 6171/6171/2658 6174/6174/2659
f 6173/6173/2657 6169/6169/2660 6171/6171/2658
f 6175/6175/2661 6174/6174/2662 6176/6176/2663
f 6175/6175/2661 6173/6173/2664 6174/6174/2662
f 6177/6177/2665 6176/6176/2666 6178/6178/2667
f 6177/6177/2665 6175/6175/2668 6176/6176/2666
f 6179/6179/2669 6180/6180/2670 6181/6181/2671
f 6179/6179/2669 6182/6182/2672 6180/6180/2670
f 6183/6183/2673 6181/6181/2674 6184/6184/2675
f 6183/6183/2673 6179/6179/2676 6181/6181/2674
f 6185/6185/2677 6184/6184/2678 6186/6186/2679
f 6185/6185/2677 6183/6183/2680 6184/6184/2678
f 6187/6187/2681 6186/6186/2682 6188/6188/2683
f 6187/6187/2681 6185/6185/2684 6186/6186/2682
f 6189/6189/2685 6190/6190/2686 6191/6191/2687
f 6189/6189/2685 6192/6192/2688 6190/6190/2686
f 6193/6193/2689 6191/6191/2690 6194/6194/2691
f 6193/6193/2689 6189/6189/2692 6191/6191/2690
f 6195/6195/2693 6194/6194/2694 6196/6196/2695
f 6195/6195/2693 6193/6193/2696 6194/6194/2694
f 6197/6197/2697 6196/6196/2698 6198/6198/2699
f 6197/6197/2697 6195/6195/2700 6196/6196/2698
f 6199/6199/2701 6200/6200/2702 6201/6201/2703
f 6199/6199/2701 6202/6202/2704 6200/6200/2702
f 6203/6203/2705 6201/6201/2706 6204/6204/2707
f 6203/6203/2705 6199/6199/2708 6201/6201/2706
f 6205/6205/2709 6204/6204/2710 6206/6206/2711
f 6205/6205/2709 6203/6203/2712 6204/6204/2710
f 6207/6207/2713 6206/6206/2714 6208/6208/2715
f 6207/6207/2713 6205/6205/2716 6206/6206/2714
f 6209/6209/2717 6210/6210/2717 6211/6211/2717
f 6209/6209/2717 6212/6212/2717 6210/6210/2717
f 6212/6212/2718 6213/6213/2718 6210/6210/2718
f 6212/6212/2718 6214/6214/2718 6213/6213/2718
f 6215/6215/2719 6216/6216/2719 6217/6217/2719
f 6215/6215/2719 6218/6218/2719 6216/6216/2719
f 6218/6218/2720 6219/6219/2720 6216/6216/2720
f 6218/6218/2720 6220/6220/2720 6219/6219/2720
f 6220/6220/2721 6221/6221/2721 6219/6219/2721
f 6220/6220/2721 6222/6222/2721 6221/6221/2721
f 6222/6222/2722 6223/6223/2722 6221/6221/2722
f 6222/6222/2722 6224/6224/2722 6223/6223/2722
f 6225/6225/2723 6226/6226/2723 6227/6227/2723
f 6225/6225/2723 6228/6228/2723 6226/6226/2723
f 6228/6228/2724 6211/6211/2724 6226/6226/2724
f 6228/6228/2724 6209/6209/2724 6211/6211/2724
f 6229/6229/2351 6230/6230/2351 6231/6231/2351
f 6229/6229/2351 6232/6232/2351 6230/6230/2351
f 6233/6233/2351 6229/6229/2351 6234/6234/2351
f 6233/6233/2351 6232/6232/2351 6229/6229/2351
f 6235/6235/2351 6233/6233/2351 6236/6236/2351
f 6235/6235/2351 6232/6232/2351 6233/6233/2351
f 6237/6237/2350 6238/6238/2350 6239/6239/2350
f 6237/6237/2350 6240/6240/2350 6238/6238/2350
f 6241/6241/2350 6237/6237/2350 6242/6242/2350
f 6241/6241/2350 6240/6240/2350 6237/6237/2350
f 6243/6243/2350 6241/6241/2350 6244/6244/2350
f 6243/6243/2350 6240/6240/2350 6241/6241/2350
f 6245/6245/2351 6246/6246/2351 6247/6247/2351
f 6245/6245/2351 6248/6248/2351 6246/6246/2351
f 6248/6248/2351 6249/6249/2351 6250/6250/2351
f 6248/6248/2351 6245/6245/2351 6249/6249/2351
f 6251/6251/2351 6248/6248/2351 6250/6250/2351
f 6252/6252/2351 6248/6248/2351 6251/6251/2351
f 6253/6253/2351 6252/6252/2351 6254/6254/2351
f 6253/6253/2351 6248/6248/2351 6252/6252/2351
f 6255/6255/2725 6256/6256/2726 6257/6257/2725
f 6255/6255/2725 6258/6258/2727 6256/6256/2726
f 6259/6259/2728 6257/6257/2729 6260/6260/2728
f 6259/6259/2728 6255/6255/2730 6257/6257/2729
f 6261/6261/2731 6260/6260/2732 6262/6262/2731
f 6261/6261/2731 6259/6259/2732 6260/6260/2732
f 6263/6263/2733 6262/6262/2733 6264/6264/2734
f 6263/6263/2733 6261/6261/2733 6262/6262/2733
f 6265/6265/2735 6264/6264/2735 6266/6266/2735
f 6265/6265/2735 6263/6263/2735 6264/6264/2735
f 6267/6267/2736 6266/6266/2737 6268/6268/2738
f 6267/6267/2736 6265/6265/2739 6266/6266/2737
f 6269/6269/2740 6268/6268/2741 6270/6270/2740
f 6269/6269/2740 6267/6267/2742 6268/6268/2741
f 6271/6271/2743 6270/6270/2743 6272/6272/2743
f 6271/6271/2743 6269/6269/2744 6270/6270/2743
f 6273/6273/2745 6272/6272/2746 6274/6274/2745
f 6273/6273/2745 6271/6271/2746 6272/6272/2746
f 6258/6258/2747 6274/6274/2747 6256/6256/2747
f 6258/6258/2747 6273/6273/2747 6274/6274/2747
f 6275/6275/2748 6276/6276/2748 6277/6277/2748
f 6275/6275/2748 6278/6278/2748 6276/6276/2748
f 6279/6279/2749 6275/6275/2749 6280/6280/2749
f 6279/6279/2749 6278/6278/2749 6275/6275/2749
f 6281/6281/2750 6280/6280/2750 6282/6282/2750
f 6281/6281/2750 6279/6279/2750 6280/6280/2750
f 6283/6283/2751 6284/6284/2751 6285/6285/2752
f 6283/6283/2751 6286/6286/2751 6284/6284/2751
f 6287/6287/2753 6285/6285/2753 6288/6288/2754
f 6287/6287/2753 6283/6283/2753 6285/6285/2753
f 6289/6289/2755 6288/6288/2755 6290/6290/2755
f 6289/6289/2755 6287/6287/2755 6288/6288/2755
f 6291/6291/2756 6290/6290/2756 6292/6292/2756
f 6291/6291/2756 6289/6289/2756 6290/6290/2756
f 6293/6293/2757 6292/6292/2757 6294/6294/2757
f 6293/6293/2758 6291/6291/2758 6292/6292/2758
f 6295/6295/2759 6296/6296/2759 6297/6297/2759
f 6295/6295/2759 6298/6298/2759 6296/6296/2759
f 6276/6276/2760 6297/6297/2760 6277/6277/2760
f 6276/6276/2760 6295/6295/2761 6297/6297/2760
f 6278/6278/2762 6299/6299/2762 6276/6276/2762
f 6278/6278/2762 6300/6300/2762 6299/6299/2762
f 6279/6279/2763 6300/6300/2763 6278/6278/2763
f 6279/6279/2763 6301/6301/2763 6300/6300/2763
f 6281/6281/2764 6301/6301/2764 6279/6279/2764
f 6281/6281/2764 6302/6302/2764 6301/6301/2764
f 6283/6283/2765 6303/6303/2766 6286/6286/2765
f 6283/6283/2765 6304/6304/2766 6303/6303/2766
f 6287/6287/2767 6304/6304/2767 6283/6283/2767
f 6287/6287/2767 6305/6305/2767 6304/6304/2767
f 6289/6289/2768 6305/6305/2768 6287/6287/2768
f 6289/6289/2769 6306/6306/2769 6305/6305/2769
f 6291/6291/2770 6306/6306/2770 6289/6289/2770
f 6291/6291/2771 6307/6307/2771 6306/6306/2771
f 6293/6293/2772 6307/6307/2772 6291/6291/2772
f 6293/6293/2772 6308/6308/2772 6307/6307/2772
f 6295/6295/2773 6309/6309/2773 6298/6298/2773
f 6295/6295/2773 6310/6310/2773 6309/6309/2773
f 6276/6276/2774 6310/6310/2774 6295/6295/2774
f 6276/6276/2775 6299/6299/2775 6310/6310/2775
f 6311/6311/2776 6312/6312/2776 6313/6313/2777
f 6311/6311/2776 6314/6314/2776 6312/6312/2776
f 6315/6315/2778 6316/6316/2778 6317/6317/2778
f 6318/6318/2779 6319/6319/2779 6315/6315/2779
f 6315/6315/2780 6319/6319/2780 6316/6316/2780
f 6320/6320/2781 6321/6321/2781 6322/6322/2781
f 6320/6320/2781 6323/6323/2781 6321/6321/2781
f 6324/6324/2782 6325/6325/2782 6326/6326/2782
f 6327/6327/2783 6328/6328/2783 6324/6324/2783
f 6324/6324/2784 6328/6328/2784 6325/6325/2784
f 6329/6329/2785 6330/6330/2785 6331/6331/2785
f 6329/6329/2785 6332/6332/2785 6330/6330/2785
f 6333/6333/2786 6334/6334/2786 6335/6335/2786
f 6336/6336/2787 6337/6337/2787 6333/6333/2787
f 6333/6333/2788 6337/6337/2788 6334/6334/2788
f 6338/6338/2789 6339/6339/2789 6340/6340/2789
f 6338/6338/2789 6341/6341/2790 6339/6339/2789
f 6342/6342/2791 6343/6343/2791 6344/6344/2791
f 6345/6345/2792 6346/6346/2792 6342/6342/2792
f 6342/6342/2793 6346/6346/2793 6343/6343/2793
f 6347/6347/2794 6348/6348/2795 6349/6349/2795
f 6347/6347/2794 6350/6350/2796 6348/6348/2795
f 6351/6351/2797 6352/6352/2797 6353/6353/2797
f 6354/6354/2798 6355/6355/2798 6351/6351/2798
f 6351/6351/2799 6355/6355/2799 6352/6352/2799
f 6356/6356/2800 6357/6357/2800 6358/6358/2801
f 6356/6356/2800 6359/6359/2800 6357/6357/2800
f 6360/6360/2802 6361/6361/2802 6362/6362/2802
f 6363/6363/2803 6364/6364/2803 6360/6360/2803
f 6360/6360/2804 6364/6364/2804 6361/6361/2804
f 6365/6365/2805 6366/6366/2805 6367/6367/2805
f 6365/6365/2805 6368/6368/2805 6366/6366/2805
f 6369/6369/2806 6370/6370/2806 6371/6371/2806
f 6372/6372/2807 6373/6373/2807 6369/6369/2807
f 6369/6369/2808 6373/6373/2808 6370/6370/2808
f 6374/6374/2809 6375/6375/2809 6376/6376/2809
f 6374/6374/2809 6377/6377/2810 6375/6375/2809
f 6378/6378/2811 6379/6379/2811 6380/6380/2811
f 6381/6381/2812 6382/6382/2812 6378/6378/2812
f 6378/6378/2813 6382/6382/2813 6379/6379/2813
f 6383/6383/2814 6384/6384/2814 6385/6385/2814
f 6383/6383/2814 6386/6386/2815 6384/6384/2814
f 6387/6387/2816 6388/6388/2816 6389/6389/2816
f 6390/6390/2817 6391/6391/2817 6387/6387/2817
f 6387/6387/2818 6391/6391/2818 6388/6388/2818
f 6392/6392/2819 6393/6393/2819 6394/6394/2820
f 6392/6392/2819 6395/6395/2821 6393/6393/2819
f 6396/6396/2822 6397/6397/2822 6398/6398/2822
f 6399/6399/2823 6400/6400/2823 6396/6396/2823
f 6396/6396/2824 6400/6400/2824 6397/6397/2824
f 6401/6401/2825 6402/6402/2825 6403/6403/2826
f 6401/6401/2825 6404/6404/2825 6402/6402/2825
f 6405/6405/2827 6406/6406/2827 6407/6407/2827
f 6408/6408/2828 6409/6409/2828 6405/6405/2828
f 6405/6405/2829 6409/6409/2829 6406/6406/2829
f 6410/6410/2830 6411/6411/2830 6412/6412/2830
f 6410/6410/2830 6413/6413/2830 6411/6411/2830
f 6414/6414/2831 6415/6415/2831 6416/6416/2831
f 6417/6417/2832 6418/6418/2832 6414/6414/2832
f 6414/6414/2833 6418/6418/2833 6415/6415/2833
f 6419/6419/2834 6420/6420/2834 6421/6421/2834
f 6419/6419/2834 6422/6422/2834 6420/6420/2834
f 6423/6423/2835 6424/6424/2835 6425/6425/2835
f 6426/6426/2836 6427/6427/2836 6423/6423/2836
f 6423/6423/2837 6427/6427/2837 6424/6424/2837
f 6428/6428/2838 6429/6429/2838 6430/6430/2838
f 6428/6428/2838 6431/6431/2839 6429/6429/2838
f 6432/6432/2840 6433/6433/2840 6434/6434/2840
f 6435/6435/2841 6436/6436/2841 6432/6432/2841
f 6432/6432/2842 6436/6436/2842 6433/6433/2842
f 6437/6437/2843 6438/6438/2844 6439/6439/2844
f 6437/6437/2843 6440/6440/2845 6438/6438/2844
f 6441/6441/2846 6442/6442/2846 6443/6443/2846
f 6444/6444/2847 6445/6445/2847 6441/6441/2847
f 6441/6441/2848 6445/6445/2848 6442/6442/2848
f 6446/6446/2849 6447/6447/2849 6448/6448/2850
f 6446/6446/2849 6449/6449/2849 6447/6447/2849
f 6450/6450/2851 6451/6451/2851 6452/6452/2851
f 6453/6453/2852 6454/6454/2852 6450/6450/2852
f 6450/6450/2853 6454/6454/2853 6451/6451/2853
f 6455/6455/2854 6456/6456/2854 6457/6457/2854
f 6455/6455/2854 6458/6458/2854 6456/6456/2854
f 6459/6459/2855 6460/6460/2855 6461/6461/2855
f 6462/6462/2856 6463/6463/2856 6459/6459/2856
f 6459/6459/2857 6463/6463/2857 6460/6460/2857
f 6464/6464/2858 6465/6465/2858 6466/6466/2858
f 6464/6464/2858 6467/6467/2858 6465/6465/2858
f 6468/6468/2859 6469/6469/2859 6470/6470/2859
f 6471/6471/2860 6472/6472/2860 6468/6468/2860
f 6468/6468/2861 6472/6472/2861 6469/6469/2861
f 6473/6473/2862 6474/6474/2862 6475/6475/2862
f 6473/6473/2862 6476/6476/2863 6474/6474/2862
f 6477/6477/2864 6478/6478/2864 6479/6479/2864
f 6480/6480/2865 6481/6481/2865 6477/6477/2865
f 6477/6477/2866 6481/6481/2866 6478/6478/2866
f 6482/6482/2867 6483/6483/2867 6484/6484/2868
f 6482/6482/2867 6485/6485/2869 6483/6483/2867
f 6486/6486/2870 6487/6487/2870 6488/6488/2870
f 6489/6489/2871 6490/6490/2871 6486/6486/2871
f 6486/6486/2872 6490/6490/2872 6487/6487/2872
f 6491/6491/2873 6492/6492/2873 6493/6493/2873
f 6491/6491/2873 6494/6494/2873 6492/6492/2873
f 6495/6495/2874 6496/6496/2875 6497/6497/2876
f 6495/6495/2874 6498/6498/2877 6496/6496/2875
f 6499/6499/2878 6500/6500/2879 6501/6501/2880
f 6499/6499/2878 6502/6502/2881 6500/6500/2879
f 6503/6503/2882 6492/6492/2882 6494/6494/2882
f 6503/6503/2882 6504/6504/2882 6492/6492/2882
f 6495/6495/2874 6505/6505/2883 6498/6498/2877
f 6499/6499/2878 6506/6506/2884 6502/6502/2881
f 6507/6507/2885 6508/6508/2886 6509/6509/2885
f 6507/6507/2885 6510/6510/2886 6508/6508/2886
f 6511/6511/2887 6512/6512/2888 6513/6513/2889
f 6511/6511/2887 6514/6514/2890 6512/6512/2888
f 6515/6515/2891 6516/6516/2892 6517/6517/2893
f 6515/6515/2891 6518/6518/2894 6516/6516/2892
f 6519/6519/2895 6508/6508/2895 6510/6510/2895
f 6519/6519/2896 6520/6520/2896 6508/6508/2896
f 6511/6511/2887 6521/6521/2897 6514/6514/2890
f 6515/6515/2891 6522/6522/2898 6518/6518/2894
f 6523/6523/2899 6524/6524/2899 6525/6525/2899
f 6523/6523/2899 6526/6526/2899 6524/6524/2899
f 6527/6527/2900 6528/6528/2901 6529/6529/2902
f 6527/6527/2900 6530/6530/2903 6528/6528/2901
f 6531/6531/2904 6532/6532/2905 6533/6533/2906
f 6531/6531/2904 6534/6534/2907 6532/6532/2905
f 6535/6535/2908 6524/6524/2908 6526/6526/2908
f 6535/6535/2908 6536/6536/2908 6524/6524/2908
f 6527/6527/2900 6537/6537/2909 6530/6530/2903
f 6531/6531/2904 6538/6538/2910 6534/6534/2907
f 6539/6539/2911 6540/6540/2912 6541/6541/2911
f 6539/6539/2911 6542/6542/2912 6540/6540/2912
f 6543/6543/2913 6544/6544/2914 6545/6545/2915
f 6543/6543/2913 6546/6546/2916 6544/6544/2914
f 6547/6547/2917 6548/6548/2918 6549/6549/2919
f 6547/6547/2917 6550/6550/2920 6548/6548/2918
f 6551/6551/2921 6540/6540/2921 6542/6542/2921
f 6551/6551/2922 6552/6552/2922 6540/6540/2922
f 6543/6543/2913 6553/6553/2923 6546/6546/2916
f 6547/6547/2917 6554/6554/2924 6550/6550/2920
f 6555/6555/2925 6556/6556/2926 6557/6557/2925
f 6555/6555/2925 6558/6558/2926 6556/6556/2926
f 6559/6559/2927 6560/6560/2928 6561/6561/2929
f 6559/6559/2927 6562/6562/2930 6560/6560/2928
f 6563/6563/2931 6564/6564/2932 6565/6565/2933
f 6563/6563/2931 6566/6566/2934 6564/6564/2932
f 6567/6567/2935 6556/6556/2935 6558/6558/2935
f 6567/6567/2935 6568/6568/2935 6556/6556/2935
f 6559/6559/2927 6569/6569/2936 6562/6562/2930
f 6563/6563/2931 6570/6570/2937 6566/6566/2934
f 6571/6571/2938 6572/6572/2938 6573/6573/2938
f 6571/6571/2939 6574/6574/2939 6572/6572/2939
f 6575/6575/2940 6574/6574/2940 6571/6571/2940
f 6575/6575/2941 6576/6576/2941 6574/6574/2941
f 6577/6577/2942 6576/6576/2942 6575/6575/2942
f 6577/6577/2942 6578/6578/2942 6576/6576/2942
f 6579/6579/2943 6578/6578/2943 6577/6577/2943
f 6579/6579/2943 6580/6580/2943 6578/6578/2943
f 6581/6581/2944 6582/6582/2944 6583/6583/2944
f 6581/6581/2944 6584/6584/2944 6582/6582/2944
f 6585/6585/2945 6584/6584/2945 6581/6581/2945
f 6585/6585/2946 6586/6586/2946 6584/6584/2946
f 6587/6587/2947 6586/6586/2947 6585/6585/2947
f 6587/6587/2947 6588/6588/2947 6586/6586/2947
f 6589/6589/2948 6588/6588/2948 6587/6587/2948
f 6589/6589/2949 6590/6590/2949 6588/6588/2949
f 6591/6591/2950 6592/6592/2950 6593/6593/2950
f 6591/6591/2951 6594/6594/2951 6592/6592/2951
f 6595/6595/2952 6594/6594/2952 6591/6591/2952
f 6595/6595/2953 6596/6596/2953 6594/6594/2953
f 6597/6597/2954 6596/6596/2954 6595/6595/2954
f 6597/6597/2954 6598/6598/2954 6596/6596/2954
f 6599/6599/2955 6598/6598/2955 6597/6597/2955
f 6599/6599/2955 6600/6600/2955 6598/6598/2955
f 6601/6601/2956 6602/6602/2956 6603/6603/2956
f 6601/6601/2956 6604/6604/2956 6602/6602/2956
f 6605/6605/2957 6604/6604/2957 6601/6601/2957
f 6605/6605/2957 6606/6606/2957 6604/6604/2957
f 6607/6607/2958 6606/6606/2958 6605/6605/2958
f 6607/6607/2959 6608/6608/2959 6606/6606/2959
f 6609/6609/2960 6608/6608/2960 6607/6607/2960
f 6609/6609/2961 6610/6610/2961 6608/6608/2961
f 6611/6611/2350 6612/6612/2350 6613/6613/2350
f 6611/6611/2350 6614/6614/2350 6612/6612/2350
f 6615/6615/2962 6616/6616/2963 6617/6617/2962
f 6615/6615/2962 6618/6618/2963 6616/6616/2963
f 6618/6618/2964 6619/6619/2965 6616/6616/2964
f 6618/6618/2964 6620/6620/2966 6619/6619/2965
f 6620/6620/2967 6621/6621/2967 6619/6619/2967
f 6620/6620/2967 6622/6622/2967 6621/6621/2967
f 6623/6623/2968 6624/6624/2968 6625/6625/2968
f 6623/6623/2968 6626/6626/2968 6624/6624/2968
f 6626/6626/2969 6627/6627/2970 6624/6624/2971
f 6626/6626/2969 6628/6628/2970 6627/6627/2970
f 6628/6628/2972 6629/6629/2973 6627/6627/2974
f 6628/6628/2972 6630/6630/2975 6629/6629/2973
f 6630/6630/2976 6631/6631/2976 6629/6629/2977
f 6630/6630/2976 6632/6632/2976 6631/6631/2976
f 6632/6632/2978 6633/6633/2978 6631/6631/2979
f 6632/6632/2978 6634/6634/2978 6633/6633/2978
f 6634/6634/2980 6635/6635/2980 6633/6633/2980
f 6634/6634/2980 6636/6636/2980 6635/6635/2980
f 6637/6637/2981 6638/6638/2981 6639/6639/2981
f 6637/6637/2981 6640/6640/2981 6638/6638/2981
f 6640/6640/2982 6641/6641/2982 6638/6638/2982
f 6640/6640/2982 6642/6642/2983 6641/6641/2982
f 6642/6642/2984 6617/6617/2984 6641/6641/2985
f 6642/6642/2984 6615/6615/2986 6617/6617/2984
f 6643/6643/2351 6644/6644/2351 6645/6645/2351
f 6643/6643/2351 6646/6646/2351 6644/6644/2351
f 6647/6647/2351 6646/6646/2351 6643/6643/2351
f 6647/6647/2351 6648/6648/2351 6646/6646/2351
f 6649/6649/2351 6648/6648/2351 6647/6647/2351
f 6649/6649/2351 6650/6650/2351 6648/6648/2351
f 6651/6651/2351 6650/6650/2351 6649/6649/2351
f 6651/6651/2351 6652/6652/2351 6650/6650/2351
f 6653/6653/2351 6652/6652/2351 6651/6651/2351
f 6653/6653/2351 6654/6654/2351 6652/6652/2351
f 6655/6655/2351 6654/6654/2351 6653/6653/2351
f 6655/6655/2351 6656/6656/2351 6654/6654/2351
f 6657/6657/2351 6656/6656/2351 6655/6655/2351
f 6657/6657/2351 6658/6658/2351 6656/6656/2351
f 6659/6659/2351 6658/6658/2351 6657/6657/2351
f 6659/6659/2351 6660/6660/2351 6658/6658/2351
f 6661/6661/2351 6660/6660/2351 6659/6659/2351
f 6661/6661/2351 6662/6662/2351 6660/6660/2351
f 6663/6663/2351 6662/6662/2351 6661/6661/2351
f 6663/6663/2351 6664/6664/2351 6662/6662/2351
f 6665/6665/2351 6664/6664/2351 6663/6663/2351
f 6665/6665/2351 6666/6666/2351 6664/6664/2351
f 6667/6667/2351 6666/6666/2351 6665/6665/2351
f 6667/6667/2351 6668/6668/2351 6666/6666/2351
f 6669/6669/2351 6668/6668/2351 6667/6667/2351
f 6669/6669/2351 6670/6670/2351 6668/6668/2351
f 6671/6671/2351 6670/6670/2351 6669/6669/2351
f 6671/6671/2351 6672/6672/2351 6670/6670/2351
f 6673/6673/2351 6672/6672/2351 6671/6671/2351
f 6673/6673/2351 6674/6674/2351 6672/6672/2351
f 6645/6645/2351 6674/6674/2351 6673/6673/2351
f 6645/6645/2351 6644/6644/2351 6674/6674/2351
f 6675/6675/2950 6676/6676/2950 6677/6677/2950
f 6675/6675/2950 6678/6678/2950 6676/6676/2950
f 6679/6679/2987 6678/6678/2987 6675/6675/2987
f 6679/6679/2987 6680/6680/2987 6678/6678/2987
f 6681/6681/2988 6680/6680/2988 6679/6679/2988
f 6681/6681/2988 6682/6682/2988 6680/6680/2988
f 6683/6683/2955 6682/6682/2955 6681/6681/2955
f 6683/6683/2955 6684/6684/2955 6682/6682/2955
f 6685/6685/2956 6686/6686/2956 6687/6687/2956
f 6685/6685/2956 6688/6688/2956 6686/6686/2956
f 6689/6689/2957 6688/6688/2957 6685/6685/2957
f 6689/6689/2957 6690/6690/2957 6688/6688/2957
f 6691/6691/2959 6690/6690/2959 6689/6689/2959
f 6691/6691/2959 6692/6692/2959 6690/6690/2959
f 6693/6693/2961 6692/6692/2961 6691/6691/2961
f 6693/6693/2961 6694/6694/2961 6692/6692/2961
f 6695/6695/2989 6694/6694/2989 6693/6693/2989
f 6695/6695/2989 6696/6696/2989 6694/6694/2989
f 6697/6697/2990 6696/6696/2990 6695/6695/2990
f 6697/6697/2990 6698/6698/2990 6696/6696/2990
f 6699/6699/2942 6698/6698/2942 6697/6697/2942
f 6699/6699/2942 6700/6700/2942 6698/6698/2942
f 6701/6701/2943 6700/6700/2943 6699/6699/2943
f 6701/6701/2943 6702/6702/2943 6700/6700/2943
f 6703/6703/2944 6704/6704/2944 6705/6705/2944
f 6703/6703/2944 6706/6706/2944 6704/6704/2944
f 6707/6707/2991 6706/6706/2991 6703/6703/2991
f 6707/6707/2991 6708/6708/2991 6706/6706/2991
f 6709/6709/2992 6708/6708/2992 6707/6707/2992
f 6709/6709/2992 6710/6710/2992 6708/6708/2992
f 6677/6677/2993 6710/6710/2993 6709/6709/2993
f 6677/6677/2993 6676/6676/2993 6710/6710/2993
f 6711/6711/2994 6712/6712/2994 6713/6713/2994
f 6711/6711/2995 6714/6714/2995 6712/6712/2995
f 6712/6712/2996 6715/6715/2996 6713/6713/2996
f 6712/6712/2997 6716/6716/2997 6715/6715/2997
f 6717/6717/2998 6718/6718/2998 6719/6719/2998
f 6717/6717/2999 6720/6720/2999 6718/6718/2999
f 6718/6718/3000 6721/6721/3000 6719/6719/3000
f 6718/6718/3001 6722/6722/3001 6721/6721/3001
f 6723/6723/3002 6724/6724/3002 6725/6725/3002
f 6723/6723/3003 6726/6726/3003 6724/6724/3003
f 6727/6727/3004 6728/6728/3004 6729/6729/3004
f 6727/6727/3005 6730/6730/3005 6728/6728/3005
f 6728/6728/3006 6731/6731/3006 6729/6729/3006
f 6728/6728/3007 6732/6732/3007 6731/6731/3007
f 6733/6733/3008 6723/6723/3008 6725/6725/3008
f 6733/6733/3009 6734/6734/3009 6723/6723/3009
f 6735/6735/3010 6734/6734/3010 6733/6733/3010
f 6735/6735/3011 6716/6716/3011 6734/6734/3011
f 6736/6736/3012 6720/6720/3012 6717/6717/3012
f 6736/6736/3013 6726/6726/3013 6720/6720/3013
f 6722/6722/3014 6737/6737/3014 6721/6721/3014
f 6722/6722/3015 6730/6730/3015 6737/6737/3015
f 6732/6732/3016 6738/6738/3016 6731/6731/3016
f 6732/6732/3017 6714/6714/3017 6738/6738/3017
f 6739/6739/2350 6740/6740/2350 6741/6741/2350
f 6739/6739/2350 6742/6742/2350 6740/6740/2350
f 6611/6611/2350 6741/6741/2350 6614/6614/2350
f 6611/6611/2350 6739/6739/2350 6741/6741/2350
f 6742/6742/2350 6743/6743/2350 6740/6740/2350
f 6742/6742/2350 6744/6744/2350 6743/6743/2350
f 6612/6612/2350 6745/6745/2350 6613/6613/2350
f 6612/6612/2350 6746/6746/2350 6745/6745/2350
f 6744/6744/2350 6747/6747/2350 6743/6743/2350
f 6744/6744/2350 6748/6748/2350 6747/6747/2350
f 6749/6749/3018 6750/6750/3018 6751/6751/3018
f 6749/6749/3019 6752/6752/3019 6750/6750/3019
f 6749/6749/3020 6753/6753/3020 6752/6752/3020
f 6749/6749/3021 6754/6754/3021 6753/6753/3021
f 6749/6749/3022 6755/6755/3022 6754/6754/3022
f 6749/6749/3023 6756/6756/3023 6755/6755/3023
f 6749/6749/3024 6757/6757/3024 6756/6756/3024
f 6749/6749/3025 6758/6758/3025 6757/6757/3025
f 6749/6749/3026 6759/6759/3026 6758/6758/3026
f 6749/6749/3027 6760/6760/3027 6759/6759/3027
f 6749/6749/3028 6761/6761/3028 6760/6760/3028
f 6749/6749/3029 6751/6751/3029 6761/6761/3029
f 6715/6715/3030 6716/6716/3030 6735/6735/3030
f 6724/6724/3031 6726/6726/3031 6736/6736/3031
f 6737/6737/3032 6730/6730/3032 6727/6727/3032
f 6738/6738/3033 6714/6714/3033 6711/6711/3033
f 6762/6762/2350 6745/6745/2350 6746/6746/2350
f 6763/6763/2350 6747/6747/2350 6748/6748/2350
f 6764/6764/3034 6765/6765/3034 6766/6766/3034
f 6765/6765/3035 6767/6767/3035 6766/6766/3035
f 6768/6768/3036 6764/6764/3036 6769/6769/3036
f 6764/6764/3037 6766/6766/3037 6769/6769/3037
f 6770/6770/3034 6771/6771/3034 6772/6772/3034
f 6771/6771/3035 6773/6773/3035 6772/6772/3035
f 6774/6774/3036 6770/6770/3036 6775/6775/3036
f 6770/6770/3037 6772/6772/3037 6775/6775/3037
f 6776/6776/3034 6777/6777/3034 6778/6778/3034
f 6777/6777/3035 6779/6779/3035 6778/6778/3035
f 6780/6780/3036 6776/6776/3036 6781/6781/3036
f 6776/6776/3037 6778/6778/3037 6781/6781/3037
f 6782/6782/3034 6783/6783/3034 6784/6784/3034
f 6783/6783/3035 6785/6785/3035 6784/6784/3035
f 6786/6786/3036 6782/6782/3036 6787/6787/3036
f 6782/6782/3037 6784/6784/3037 6787/6787/3037
o Wheels_Left_Object_3.002
v 0.095758 0.060701 0.116986
v 0.095758 0.052643 0.125043
v 0.114233 0.048051 0.116986
v 0.114233 0.039994 0.125043
v 0.114233 0.056108 0.125043
v 0.095758 0.068758 0.125043
v 0.114233 0.056108 0.125043
v 0.095758 0.060701 0.133100
v 0.095758 0.068758 0.125043
v 0.114233 0.048051 0.133100
v 0.095758 0.052643 0.125043
v 0.114233 0.039994 0.125043
v 0.114233 0.039994 0.125043
v 0.152473 0.048051 0.116986
v 0.114233 0.048051 0.116986
v 0.152473 0.039994 0.125043
v 0.114233 0.048051 0.116986
v 0.152473 0.056108 0.125043
v 0.114233 0.056108 0.125043
v 0.114233 0.056108 0.125043
v 0.152473 0.048051 0.133100
v 0.114233 0.048051 0.133100
v 0.152473 0.056108 0.125043
v 0.114233 0.048051 0.133100
v 0.152473 0.039994 0.125043
v 0.114233 0.039994 0.125043
v 0.122891 0.048051 0.082586
v 0.112951 0.077682 0.094860
v 0.112951 0.048051 0.082586
v 0.122891 0.077682 0.094860
v 0.122891 0.077682 0.094860
v 0.112951 0.089955 0.124491
v 0.112951 0.077682 0.094860
v 0.122891 0.089955 0.124491
v 0.112951 0.077682 0.154122
v 0.122891 0.077682 0.154122
v 0.112951 0.048051 0.166396
v 0.122891 0.048051 0.166396
v 0.122891 0.048051 0.166396
v 0.112951 0.018420 0.154122
v 0.112951 0.048051 0.166396
v 0.122891 0.018420 0.154122
v 0.112951 0.006146 0.124491
v 0.122891 0.006146 0.124491
v 0.122891 0.006146 0.124491
v 0.112951 0.018420 0.094860
v 0.112951 0.006146 0.124491
v 0.122891 0.018420 0.094860
v 0.112951 0.048051 0.166396
v 0.112951 0.018420 0.094860
v 0.112951 0.048051 0.082586
v 0.112951 0.018420 0.154122
v 0.122891 0.018420 0.154122
v 0.122891 0.048051 0.082586
v 0.122891 0.018420 0.094860
v 0.122891 0.048051 0.166396
v 0.112951 0.077682 0.094860
v 0.112951 0.077682 0.154122
v 0.122891 0.077682 0.154122
v 0.122891 0.077682 0.094860
v 0.112951 0.006146 0.124491
v 0.122891 0.006146 0.124491
v 0.112951 0.089955 0.124491
v 0.122891 0.089955 0.124491
v 0.160324 0.085250 0.143565
v 0.151154 0.070619 0.159580
v 0.151154 0.085250 0.143565
v 0.160324 0.070619 0.159580
v 0.160324 0.070619 0.159580
v 0.151154 0.049941 0.166133
v 0.151154 0.070619 0.159580
v 0.160324 0.049941 0.166133
v 0.151154 0.028757 0.161470
v 0.160324 0.028757 0.161470
v 0.151154 0.012742 0.146839
v 0.160324 0.012742 0.146839
v 0.151154 0.006189 0.126162
v 0.160324 0.006189 0.126162
v 0.160324 0.006189 0.126162
v 0.151154 0.010852 0.104977
v 0.151154 0.006189 0.126162
v 0.160324 0.010852 0.104977
v 0.151154 0.025483 0.088963
v 0.160324 0.025483 0.088963
v 0.151154 0.046160 0.082409
v 0.160324 0.046160 0.082409
v 0.151154 0.067345 0.087073
v 0.160324 0.067345 0.087073
v 0.160324 0.067345 0.087073
v 0.151154 0.083359 0.101703
v 0.151154 0.067345 0.087073
v 0.160324 0.083359 0.101703
v 0.151154 0.089912 0.122381
v 0.160324 0.089912 0.122381
v 0.151154 0.010852 0.104977
v 0.151154 0.089912 0.122381
v 0.151154 0.085250 0.143565
v 0.151154 0.025483 0.088963
v 0.160324 0.025483 0.088963
v 0.160324 0.085250 0.143565
v 0.160324 0.089912 0.122381
v 0.160324 0.010852 0.104977
v 0.151154 0.070619 0.159580
v 0.151154 0.006189 0.126162
v 0.160324 0.006189 0.126162
v 0.160324 0.070619 0.159580
v 0.151154 0.046160 0.082409
v 0.151154 0.083359 0.101703
v 0.160324 0.083359 0.101703
v 0.160324 0.046160 0.082409
v 0.151154 0.049941 0.166133
v 0.151154 0.012742 0.146839
v 0.160324 0.012742 0.146839
v 0.160324 0.049941 0.166133
v 0.151154 0.067345 0.087073
v 0.160324 0.067345 0.087073
v 0.151154 0.028757 0.161470
v 0.160324 0.028757 0.161470
v 0.146181 0.006162 0.173487
v 0.126059 0.012355 0.152698
v 0.126059 0.006162 0.173487
v 0.146181 0.012355 0.152698
v 0.146181 0.012355 0.152698
v 0.126059 0.028112 0.137791
v 0.126059 0.012355 0.152698
v 0.146181 0.028112 0.137791
v 0.126059 0.049212 0.132760
v 0.146181 0.049212 0.132760
v 0.126059 0.070001 0.138953
v 0.146181 0.070001 0.138953
v 0.126059 0.084908 0.154710
v 0.146181 0.084908 0.154710
v 0.146181 0.084908 0.154710
v 0.126059 0.089940 0.175810
v 0.126059 0.084908 0.154710
v 0.146181 0.089940 0.175810
v 0.126059 0.083746 0.196599
v 0.146181 0.083746 0.196599
v 0.126059 0.067989 0.211506
v 0.146181 0.067989 0.211506
v 0.126059 0.046889 0.216537
v 0.146181 0.046889 0.216537
v 0.146181 0.046889 0.216537
v 0.126059 0.026100 0.210344
v 0.126059 0.046889 0.216537
v 0.146181 0.026100 0.210344
v 0.126059 0.011194 0.194587
v 0.146181 0.011194 0.194587
v 0.126059 0.089940 0.175810
v 0.126059 0.011194 0.194587
v 0.126059 0.006162 0.173487
v 0.126059 0.083746 0.196599
v 0.146181 0.083746 0.196599
v 0.146181 0.006162 0.173487
v 0.146181 0.011194 0.194587
v 0.146181 0.089940 0.175810
v 0.126059 0.012355 0.152698
v 0.126059 0.084908 0.154710
v 0.146181 0.084908 0.154710
v 0.146181 0.012355 0.152698
v 0.126059 0.067989 0.211506
v 0.126059 0.026100 0.210344
v 0.146181 0.026100 0.210344
v 0.146181 0.067989 0.211506
v 0.126059 0.028112 0.137791
v 0.126059 0.070001 0.138953
v 0.146181 0.070001 0.138953
v 0.146181 0.028112 0.137791
v 0.126059 0.046889 0.216537
v 0.146181 0.046889 0.216537
v 0.126059 0.049212 0.132760
v 0.146181 0.049212 0.132760
v 0.095758 0.052643 0.174518
v 0.108796 0.047517 0.166714
v 0.095758 0.060701 0.166461
v 0.108796 0.040254 0.175135
v 0.095758 0.060701 0.166461
v 0.108796 0.055799 0.174065
v 0.095758 0.068758 0.174518
v 0.108796 0.047517 0.166714
v 0.108796 0.055799 0.174065
v 0.095758 0.060701 0.182575
v 0.095758 0.068758 0.174518
v 0.108796 0.048479 0.182214
v 0.108796 0.048479 0.182214
v 0.095758 0.052643 0.174518
v 0.095758 0.060701 0.182575
v 0.108796 0.040254 0.175135
v 0.108796 0.047517 0.166714
v 0.108796 0.040254 0.175135
v 0.128373 0.048042 0.166465
v 0.128373 0.039998 0.174528
v 0.108796 0.055799 0.174065
v 0.128373 0.056103 0.174510
v 0.159949 0.039994 0.174518
v 0.145527 0.042310 0.169283
v 0.145542 0.039994 0.174518
v 0.159959 0.042310 0.169283
v 0.159949 0.048051 0.166461
v 0.145521 0.053488 0.168882
v 0.145537 0.048051 0.166461
v 0.159959 0.053488 0.168882
v 0.159949 0.056108 0.174518
v 0.145523 0.053526 0.180125
v 0.145534 0.056108 0.174518
v 0.159959 0.053526 0.180125
v 0.159949 0.048051 0.182575
v 0.145528 0.042459 0.179912
v 0.145539 0.048051 0.182575
v 0.159959 0.042459 0.179912
v 0.159949 0.056108 0.174518
v 0.145534 0.056108 0.174518
v 0.159949 0.039994 0.174518
v 0.145542 0.039994 0.174518
v 0.159959 0.042310 0.169283
v 0.159959 0.053488 0.168882
v 0.159949 0.048051 0.166461
v 0.159949 0.056108 0.174518
v 0.159959 0.053526 0.180125
v 0.159949 0.039994 0.174518
v 0.159959 0.042459 0.179912
v 0.159949 0.048051 0.182575
v 0.095758 0.052643 0.020210
v 0.114233 0.048051 0.012153
v 0.095758 0.060701 0.012153
v 0.114233 0.039994 0.020210
v 0.114233 0.056108 0.020210
v 0.095758 0.068758 0.020210
v 0.114233 0.056108 0.020210
v 0.095758 0.060701 0.028267
v 0.095758 0.068758 0.020210
v 0.114233 0.048051 0.028267
v 0.095758 0.052643 0.020210
v 0.114233 0.039994 0.020210
v 0.114233 0.039994 0.020210
v 0.152473 0.048051 0.012153
v 0.114233 0.048051 0.012153
v 0.152473 0.039994 0.020210
v 0.114233 0.048051 0.012153
v 0.152473 0.056108 0.020210
v 0.114233 0.056108 0.020210
v 0.114233 0.056108 0.020210
v 0.152473 0.048051 0.028267
v 0.114233 0.048051 0.028267
v 0.152473 0.056108 0.020210
v 0.114233 0.048051 0.028267
v 0.152473 0.039994 0.020210
v 0.114233 0.039994 0.020210
v 0.122891 0.048051 -0.022247
v 0.112951 0.077682 -0.009973
v 0.112951 0.048051 -0.022247
v 0.122891 0.077682 -0.009973
v 0.122891 0.077682 -0.009973
v 0.112951 0.089955 0.019658
v 0.112951 0.077682 -0.009973
v 0.122891 0.089955 0.019658
v 0.112951 0.077682 0.049289
v 0.122891 0.077682 0.049289
v 0.112951 0.048051 0.061563
v 0.122891 0.048051 0.061563
v 0.122891 0.048051 0.061563
v 0.112951 0.018420 0.049289
v 0.112951 0.048051 0.061563
v 0.122891 0.018420 0.049289
v 0.112951 0.006146 0.019658
v 0.122891 0.006146 0.019658
v 0.122891 0.006146 0.019658
v 0.112951 0.018420 -0.009973
v 0.112951 0.006146 0.019658
v 0.122891 0.018420 -0.009973
v 0.112951 0.048051 0.061563
v 0.112951 0.018420 -0.009973
v 0.112951 0.048051 -0.022247
v 0.112951 0.018420 0.049289
v 0.122891 0.018420 0.049289
v 0.122891 0.048051 -0.022247
v 0.122891 0.018420 -0.009973
v 0.122891 0.048051 0.061563
v 0.112951 0.077682 -0.009973
v 0.112951 0.077682 0.049289
v 0.122891 0.077682 0.049289
v 0.122891 0.077682 -0.009973
v 0.112951 0.006146 0.019658
v 0.122891 0.006146 0.019658
v 0.112951 0.089955 0.019658
v 0.122891 0.089955 0.019658
v 0.160324 0.089083 0.010930
v 0.151154 0.087839 0.032586
v 0.151154 0.089083 0.010930
v 0.160324 0.087839 0.032586
v 0.160324 0.087839 0.032586
v 0.151154 0.075935 0.050719
v 0.151154 0.087839 0.032586
v 0.160324 0.075935 0.050719
v 0.151154 0.056559 0.060470
v 0.160324 0.056559 0.060470
v 0.151154 0.034903 0.059227
v 0.160324 0.034903 0.059227
v 0.151154 0.016771 0.047323
v 0.160324 0.016771 0.047323
v 0.160324 0.016771 0.047323
v 0.151154 0.007019 0.027947
v 0.151154 0.016771 0.047323
v 0.160324 0.007019 0.027947
v 0.151154 0.008262 0.006291
v 0.160324 0.008262 0.006291
v 0.151154 0.020166 -0.011842
v 0.160324 0.020166 -0.011842
v 0.151154 0.039542 -0.021593
v 0.160324 0.039542 -0.021593
v 0.160324 0.039542 -0.021593
v 0.151154 0.061198 -0.020350
v 0.151154 0.039542 -0.021593
v 0.160324 0.061198 -0.020350
v 0.151154 0.079331 -0.008446
v 0.160324 0.079331 -0.008446
v 0.151154 0.007019 0.027947
v 0.151154 0.079331 -0.008446
v 0.151154 0.089083 0.010930
v 0.151154 0.008262 0.006291
v 0.160324 0.008262 0.006291
v 0.160324 0.089083 0.010930
v 0.160324 0.079331 -0.008446
v 0.160324 0.007019 0.027947
v 0.151154 0.087839 0.032586
v 0.151154 0.016771 0.047323
v 0.160324 0.016771 0.047323
v 0.160324 0.087839 0.032586
v 0.151154 0.020166 -0.011842
v 0.151154 0.061198 -0.020350
v 0.160324 0.061198 -0.020350
v 0.160324 0.020166 -0.011842
v 0.151154 0.075935 0.050719
v 0.151154 0.034903 0.059227
v 0.160324 0.034903 0.059227
v 0.160324 0.075935 0.050719
v 0.151154 0.039542 -0.021593
v 0.160324 0.039542 -0.021593
v 0.151154 0.056559 0.060470
v 0.160324 0.056559 0.060470
v 0.146181 0.051227 0.111600
v 0.126059 0.029909 0.107589
v 0.126059 0.051227 0.111600
v 0.146181 0.029909 0.107589
v 0.146181 0.029909 0.107589
v 0.126059 0.013453 0.093458
v 0.126059 0.029909 0.107589
v 0.146181 0.013453 0.093458
v 0.126059 0.006267 0.072992
v 0.146181 0.006267 0.072992
v 0.126059 0.010276 0.051674
v 0.146181 0.010276 0.051674
v 0.126059 0.024408 0.035218
v 0.146181 0.024408 0.035218
v 0.146181 0.024408 0.035218
v 0.126059 0.044875 0.028031
v 0.126059 0.024408 0.035218
v 0.146181 0.044875 0.028031
v 0.126059 0.066192 0.032042
v 0.146181 0.066192 0.032042
v 0.126059 0.082649 0.046173
v 0.146181 0.082649 0.046173
v 0.126059 0.089835 0.066639
v 0.146181 0.089835 0.066639
v 0.146181 0.089835 0.066639
v 0.126059 0.085825 0.087957
v 0.126059 0.089835 0.066639
v 0.146181 0.085825 0.087957
v 0.126059 0.071693 0.104413
v 0.146181 0.071693 0.104413
v 0.126059 0.044875 0.028031
v 0.126059 0.071693 0.104413
v 0.126059 0.051227 0.111600
v 0.126059 0.066192 0.032042
v 0.146181 0.066192 0.032042
v 0.146181 0.051227 0.111600
v 0.146181 0.071693 0.104413
v 0.146181 0.044875 0.028031
v 0.126059 0.029909 0.107589
v 0.126059 0.024408 0.035218
v 0.146181 0.024408 0.035218
v 0.146181 0.029909 0.107589
v 0.126059 0.082649 0.046173
v 0.126059 0.085825 0.087957
v 0.146181 0.085825 0.087957
v 0.146181 0.082649 0.046173
v 0.126059 0.013453 0.093458
v 0.126059 0.010276 0.051674
v 0.146181 0.010276 0.051674
v 0.146181 0.013453 0.093458
v 0.126059 0.089835 0.066639
v 0.146181 0.089835 0.066639
v 0.126059 0.006267 0.072992
v 0.146181 0.006267 0.072992
v 0.095758 0.052643 0.069685
v 0.108796 0.047517 0.061881
v 0.095758 0.060701 0.061628
v 0.108796 0.040254 0.070302
v 0.095758 0.060701 0.061628
v 0.108796 0.055799 0.069232
v 0.095758 0.068758 0.069685
v 0.108796 0.047517 0.061881
v 0.108796 0.055799 0.069232
v 0.095758 0.060701 0.077742
v 0.095758 0.068758 0.069685
v 0.108796 0.048479 0.077381
v 0.108796 0.048479 0.077381
v 0.095758 0.052643 0.069685
v 0.095758 0.060701 0.077742
v 0.108796 0.040254 0.070302
v 0.108796 0.047517 0.061881
v 0.108796 0.040254 0.070302
v 0.128373 0.048042 0.061632
v 0.128373 0.039998 0.069695
v 0.108796 0.055799 0.069232
v 0.128373 0.056103 0.069678
v 0.159949 0.039994 0.069685
v 0.145527 0.042310 0.064450
v 0.145542 0.039994 0.069685
v 0.159959 0.042310 0.064450
v 0.159949 0.048051 0.061628
v 0.145521 0.053488 0.064049
v 0.145537 0.048051 0.061628
v 0.159959 0.053488 0.064049
v 0.159949 0.056108 0.069685
v 0.145523 0.053526 0.075292
v 0.145534 0.056108 0.069685
v 0.159959 0.053526 0.075292
v 0.159949 0.048051 0.077742
v 0.145528 0.042459 0.075079
v 0.145539 0.048051 0.077742
v 0.159959 0.042459 0.075079
v 0.159949 0.056108 0.069685
v 0.145534 0.056108 0.069685
v 0.159949 0.039994 0.069685
v 0.145542 0.039994 0.069685
v 0.159959 0.042310 0.064450
v 0.159959 0.053488 0.064049
v 0.159949 0.048051 0.061628
v 0.159949 0.056108 0.069685
v 0.159959 0.053526 0.075292
v 0.159949 0.039994 0.069685
v 0.159959 0.042459 0.075079
v 0.159949 0.048051 0.077742
v 0.095758 0.052643 -0.083485
v 0.114233 0.048051 -0.091542
v 0.095758 0.060701 -0.091542
v 0.114233 0.039994 -0.083485
v 0.114233 0.056108 -0.083485
v 0.095758 0.068758 -0.083485
v 0.114233 0.056108 -0.083485
v 0.095758 0.060701 -0.075428
v 0.095758 0.068758 -0.083485
v 0.114233 0.048051 -0.075428
v 0.095758 0.052643 -0.083485
v 0.114233 0.039994 -0.083485
v 0.114233 0.039994 -0.083485
v 0.152473 0.048051 -0.091542
v 0.114233 0.048051 -0.091542
v 0.152473 0.039994 -0.083485
v 0.114233 0.048051 -0.091542
v 0.152473 0.056108 -0.083485
v 0.114233 0.056108 -0.083485
v 0.114233 0.056108 -0.083485
v 0.152473 0.048051 -0.075428
v 0.114233 0.048051 -0.075428
v 0.152473 0.056108 -0.083485
v 0.114233 0.048051 -0.075428
v 0.152473 0.039994 -0.083485
v 0.114233 0.039994 -0.083485
v 0.122891 0.048051 -0.125942
v 0.112951 0.077682 -0.113668
v 0.112951 0.048051 -0.125942
v 0.122891 0.077682 -0.113668
v 0.122891 0.077682 -0.113668
v 0.112951 0.089955 -0.084037
v 0.112951 0.077682 -0.113668
v 0.122891 0.089955 -0.084037
v 0.112951 0.077682 -0.054406
v 0.122891 0.077682 -0.054406
v 0.112951 0.048051 -0.042132
v 0.122891 0.048051 -0.042132
v 0.122891 0.048051 -0.042132
v 0.112951 0.018420 -0.054406
v 0.112951 0.048051 -0.042132
v 0.122891 0.018420 -0.054406
v 0.112951 0.006146 -0.084037
v 0.122891 0.006146 -0.084037
v 0.122891 0.006146 -0.084037
v 0.112951 0.018420 -0.113668
v 0.112951 0.006146 -0.084037
v 0.122891 0.018420 -0.113668
v 0.112951 0.048051 -0.042132
v 0.112951 0.018420 -0.113668
v 0.112951 0.048051 -0.125942
v 0.112951 0.018420 -0.054406
v 0.122891 0.018420 -0.054406
v 0.122891 0.048051 -0.125942
v 0.122891 0.018420 -0.113668
v 0.122891 0.048051 -0.042132
v 0.112951 0.077682 -0.113668
v 0.112951 0.077682 -0.054406
v 0.122891 0.077682 -0.054406
v 0.122891 0.077682 -0.113668
v 0.112951 0.006146 -0.084037
v 0.122891 0.006146 -0.084037
v 0.112951 0.089955 -0.084037
v 0.122891 0.089955 -0.084037
v 0.160324 0.043172 -0.042637
v 0.151154 0.023016 -0.050653
v 0.151154 0.043172 -0.042637
v 0.160324 0.023016 -0.050653
v 0.160324 0.023016 -0.050653
v 0.151154 0.009568 -0.067672
v 0.151154 0.023016 -0.050653
v 0.160324 0.009568 -0.067672
v 0.151154 0.006431 -0.089135
v 0.160324 0.006431 -0.089135
v 0.151154 0.014446 -0.109292
v 0.160324 0.014446 -0.109292
v 0.151154 0.031466 -0.122739
v 0.160324 0.031466 -0.122739
v 0.160324 0.031466 -0.122739
v 0.151154 0.052930 -0.125877
v 0.151154 0.031466 -0.122739
v 0.160324 0.052930 -0.125877
v 0.151154 0.073086 -0.117861
v 0.160324 0.073086 -0.117861
v 0.151154 0.086534 -0.100841
v 0.160324 0.086534 -0.100841
v 0.151154 0.089670 -0.079378
v 0.160324 0.089670 -0.079378
v 0.160324 0.089670 -0.079378
v 0.151154 0.081655 -0.059221
v 0.151154 0.089670 -0.079378
v 0.160324 0.081655 -0.059221
v 0.151154 0.064635 -0.045774
v 0.160324 0.064635 -0.045774
v 0.151154 0.052930 -0.125877
v 0.151154 0.064635 -0.045774
v 0.151154 0.043172 -0.042637
v 0.151154 0.073086 -0.117861
v 0.160324 0.073086 -0.117861
v 0.160324 0.043172 -0.042637
v 0.160324 0.064635 -0.045774
v 0.160324 0.052930 -0.125877
v 0.151154 0.023016 -0.050653
v 0.151154 0.031466 -0.122739
v 0.160324 0.031466 -0.122739
v 0.160324 0.023016 -0.050653
v 0.151154 0.086534 -0.100841
v 0.151154 0.081655 -0.059221
v 0.160324 0.081655 -0.059221
v 0.160324 0.086534 -0.100841
v 0.151154 0.009568 -0.067672
v 0.151154 0.014446 -0.109292
v 0.160324 0.014446 -0.109292
v 0.160324 0.009568 -0.067672
v 0.151154 0.089670 -0.079378
v 0.160324 0.089670 -0.079378
v 0.151154 0.006431 -0.089135
v 0.160324 0.006431 -0.089135
v 0.146181 0.047543 -0.075782
v 0.126059 0.068562 -0.070421
v 0.126059 0.047543 -0.075782
v 0.146181 0.068562 -0.070421
v 0.146181 0.068562 -0.070421
v 0.126059 0.084085 -0.055270
v 0.126059 0.068562 -0.070421
v 0.146181 0.084085 -0.055270
v 0.126059 0.089952 -0.034387
v 0.146181 0.089952 -0.034387
v 0.126059 0.084592 -0.013368
v 0.146181 0.084592 -0.013368
v 0.126059 0.069441 0.002154
v 0.146181 0.069441 0.002154
v 0.146181 0.069441 0.002154
v 0.126059 0.048558 0.008022
v 0.126059 0.069441 0.002154
v 0.146181 0.048558 0.008022
v 0.126059 0.027539 0.002662
v 0.146181 0.027539 0.002662
v 0.126059 0.012017 -0.012489
v 0.146181 0.012017 -0.012489
v 0.126059 0.006149 -0.033372
v 0.146181 0.006149 -0.033372
v 0.146181 0.006149 -0.033372
v 0.126059 0.011509 -0.054391
v 0.126059 0.006149 -0.033372
v 0.146181 0.011509 -0.054391
v 0.126059 0.026661 -0.069913
v 0.146181 0.026661 -0.069913
v 0.126059 0.048558 0.008022
v 0.126059 0.026661 -0.069913
v 0.126059 0.047543 -0.075782
v 0.126059 0.027539 0.002662
v 0.146181 0.027539 0.002662
v 0.146181 0.047543 -0.075782
v 0.146181 0.026661 -0.069913
v 0.146181 0.048558 0.008022
v 0.126059 0.068562 -0.070421
v 0.126059 0.069441 0.002154
v 0.146181 0.069441 0.002154
v 0.146181 0.068562 -0.070421
v 0.126059 0.012017 -0.012489
v 0.126059 0.011509 -0.054391
v 0.146181 0.011509 -0.054391
v 0.146181 0.012017 -0.012489
v 0.126059 0.084085 -0.055270
v 0.126059 0.084592 -0.013368
v 0.146181 0.084592 -0.013368
v 0.146181 0.084085 -0.055270
v 0.126059 0.006149 -0.033372
v 0.146181 0.006149 -0.033372
v 0.126059 0.089952 -0.034387
v 0.146181 0.089952 -0.034387
v 0.095758 0.052643 -0.034010
v 0.108796 0.047517 -0.041814
v 0.095758 0.060701 -0.042067
v 0.108796 0.040254 -0.033392
v 0.095758 0.060701 -0.042067
v 0.108796 0.055799 -0.034463
v 0.095758 0.068758 -0.034010
v 0.108796 0.047517 -0.041814
v 0.108796 0.055799 -0.034463
v 0.095758 0.060701 -0.025953
v 0.095758 0.068758 -0.034010
v 0.108796 0.048479 -0.026314
v 0.108796 0.048479 -0.026314
v 0.095758 0.052643 -0.034010
v 0.095758 0.060701 -0.025953
v 0.108796 0.040254 -0.033392
v 0.108796 0.047517 -0.041814
v 0.108796 0.040254 -0.033392
v 0.128373 0.048042 -0.042063
v 0.128373 0.039998 -0.034000
v 0.108796 0.055799 -0.034463
v 0.128373 0.056103 -0.034017
v 0.159949 0.039994 -0.034010
v 0.145527 0.042310 -0.039245
v 0.145542 0.039994 -0.034010
v 0.159959 0.042310 -0.039245
v 0.159949 0.048051 -0.042067
v 0.145521 0.053488 -0.039646
v 0.145537 0.048051 -0.042067
v 0.159959 0.053488 -0.039646
v 0.159949 0.056108 -0.034010
v 0.145523 0.053526 -0.028403
v 0.145534 0.056108 -0.034010
v 0.159959 0.053526 -0.028403
v 0.159949 0.048051 -0.025953
v 0.145528 0.042459 -0.028616
v 0.145539 0.048051 -0.025953
v 0.159959 0.042459 -0.028616
v 0.159949 0.056108 -0.034010
v 0.145534 0.056108 -0.034010
v 0.159949 0.039994 -0.034010
v 0.145542 0.039994 -0.034010
v 0.159959 0.042310 -0.039245
v 0.159959 0.053488 -0.039646
v 0.159949 0.048051 -0.042067
v 0.159949 0.056108 -0.034010
v 0.159959 0.053526 -0.028403
v 0.159949 0.039994 -0.034010
v 0.159959 0.042459 -0.028616
v 0.159949 0.048051 -0.025953
v 0.095758 0.052643 -0.185961
v 0.114233 0.048051 -0.194018
v 0.095758 0.060701 -0.194018
v 0.114233 0.039994 -0.185961
v 0.114233 0.056108 -0.185961
v 0.095758 0.068758 -0.185961
v 0.114233 0.056108 -0.185961
v 0.095758 0.060701 -0.177904
v 0.095758 0.068758 -0.185961
v 0.114233 0.048051 -0.177904
v 0.095758 0.052643 -0.185961
v 0.114233 0.039994 -0.185961
v 0.114233 0.039994 -0.185961
v 0.152473 0.048051 -0.194018
v 0.114233 0.048051 -0.194018
v 0.152473 0.039994 -0.185961
v 0.114233 0.048051 -0.194018
v 0.152473 0.056108 -0.185961
v 0.114233 0.056108 -0.185961
v 0.114233 0.056108 -0.185961
v 0.152473 0.048051 -0.177904
v 0.114233 0.048051 -0.177904
v 0.152473 0.056108 -0.185961
v 0.114233 0.048051 -0.177904
v 0.152473 0.039994 -0.185961
v 0.114233 0.039994 -0.185961
v 0.122891 0.048051 -0.228418
v 0.112951 0.077682 -0.216144
v 0.112951 0.048051 -0.228418
v 0.122891 0.077682 -0.216144
v 0.122891 0.077682 -0.216144
v 0.112951 0.089955 -0.186513
v 0.112951 0.077682 -0.216144
v 0.122891 0.089955 -0.186513
v 0.112951 0.077682 -0.156882
v 0.122891 0.077682 -0.156882
v 0.112951 0.048051 -0.144608
v 0.122891 0.048051 -0.144608
v 0.122891 0.048051 -0.144608
v 0.112951 0.018420 -0.156882
v 0.112951 0.048051 -0.144608
v 0.122891 0.018420 -0.156882
v 0.112951 0.006146 -0.186513
v 0.122891 0.006146 -0.186513
v 0.122891 0.006146 -0.186513
v 0.112951 0.018420 -0.216144
v 0.112951 0.006146 -0.186513
v 0.122891 0.018420 -0.216144
v 0.112951 0.048051 -0.144608
v 0.112951 0.018420 -0.216144
v 0.112951 0.048051 -0.228418
v 0.112951 0.018420 -0.156882
v 0.122891 0.018420 -0.156882
v 0.122891 0.048051 -0.228418
v 0.122891 0.018420 -0.216144
v 0.122891 0.048051 -0.144608
v 0.112951 0.077682 -0.216144
v 0.112951 0.077682 -0.156882
v 0.122891 0.077682 -0.156882
v 0.122891 0.077682 -0.216144
v 0.112951 0.006146 -0.186513
v 0.122891 0.006146 -0.186513
v 0.112951 0.089955 -0.186513
v 0.122891 0.089955 -0.186513
v 0.160324 0.089056 -0.178095
v 0.151154 0.079243 -0.158750
v 0.151154 0.089056 -0.178095
v 0.160324 0.079243 -0.158750
v 0.160324 0.079243 -0.158750
v 0.151154 0.061073 -0.146903
v 0.151154 0.079243 -0.158750
v 0.160324 0.061073 -0.146903
v 0.151154 0.039413 -0.145728
v 0.160324 0.039413 -0.145728
v 0.151154 0.020068 -0.155541
v 0.160324 0.020068 -0.155541
v 0.151154 0.008221 -0.173711
v 0.160324 0.008221 -0.173711
v 0.160324 0.008221 -0.173711
v 0.151154 0.007046 -0.195371
v 0.151154 0.008221 -0.173711
v 0.160324 0.007046 -0.195371
v 0.151154 0.016859 -0.214716
v 0.160324 0.016859 -0.214716
v 0.151154 0.035029 -0.226563
v 0.160324 0.035029 -0.226563
v 0.151154 0.056689 -0.227738
v 0.160324 0.056689 -0.227738
v 0.160324 0.056689 -0.227738
v 0.151154 0.076034 -0.217925
v 0.151154 0.056689 -0.227738
v 0.160324 0.076034 -0.217925
v 0.151154 0.087881 -0.199755
v 0.160324 0.087881 -0.199755
v 0.151154 0.007046 -0.195371
v 0.151154 0.087881 -0.199755
v 0.151154 0.089056 -0.178095
v 0.151154 0.016859 -0.214716
v 0.160324 0.016859 -0.214716
v 0.160324 0.089056 -0.178095
v 0.160324 0.087881 -0.199755
v 0.160324 0.007046 -0.195371
v 0.151154 0.079243 -0.158750
v 0.151154 0.008221 -0.173711
v 0.160324 0.008221 -0.173711
v 0.160324 0.079243 -0.158750
v 0.151154 0.035029 -0.226563
v 0.151154 0.076034 -0.217925
v 0.160324 0.076034 -0.217925
v 0.160324 0.035029 -0.226563
v 0.151154 0.061073 -0.146903
v 0.151154 0.020068 -0.155541
v 0.160324 0.020068 -0.155541
v 0.160324 0.061073 -0.146903
v 0.151154 0.056689 -0.227738
v 0.160324 0.056689 -0.227738
v 0.151154 0.039413 -0.145728
v 0.160324 0.039413 -0.145728
v 0.146181 0.081030 -0.110503
v 0.126059 0.063685 -0.097477
v 0.126059 0.081030 -0.110503
v 0.146181 0.063685 -0.097477
v 0.146181 0.063685 -0.097477
v 0.126059 0.042152 -0.094868
v 0.126059 0.063685 -0.097477
v 0.146181 0.042152 -0.094868
v 0.126059 0.022198 -0.103376
v 0.146181 0.022198 -0.103376
v 0.126059 0.009172 -0.120721
v 0.146181 0.009172 -0.120721
v 0.126059 0.006564 -0.142255
v 0.146181 0.006564 -0.142255
v 0.146181 0.006564 -0.142255
v 0.126059 0.015071 -0.162209
v 0.126059 0.006564 -0.142255
v 0.146181 0.015071 -0.162209
v 0.126059 0.032416 -0.175234
v 0.146181 0.032416 -0.175234
v 0.126059 0.053950 -0.177843
v 0.146181 0.053950 -0.177843
v 0.126059 0.073903 -0.169335
v 0.146181 0.073903 -0.169335
v 0.146181 0.073903 -0.169335
v 0.126059 0.086930 -0.151991
v 0.126059 0.073903 -0.169335
v 0.146181 0.086930 -0.151991
v 0.126059 0.089538 -0.130457
v 0.146181 0.089538 -0.130457
v 0.126059 0.015071 -0.162209
v 0.126059 0.089538 -0.130457
v 0.126059 0.081030 -0.110503
v 0.126059 0.032416 -0.175234
v 0.146181 0.032416 -0.175234
v 0.146181 0.081030 -0.110503
v 0.146181 0.089538 -0.130457
v 0.146181 0.015071 -0.162209
v 0.126059 0.063685 -0.097477
v 0.126059 0.006564 -0.142255
v 0.146181 0.006564 -0.142255
v 0.146181 0.063685 -0.097477
v 0.126059 0.053950 -0.177843
v 0.126059 0.086930 -0.151991
v 0.146181 0.086930 -0.151991
v 0.146181 0.053950 -0.177843
v 0.126059 0.042152 -0.094868
v 0.126059 0.009172 -0.120721
v 0.146181 0.009172 -0.120721
v 0.146181 0.042152 -0.094868
v 0.126059 0.073903 -0.169335
v 0.146181 0.073903 -0.169335
v 0.126059 0.022198 -0.103376
v 0.146181 0.022198 -0.103376
v 0.095758 0.052643 -0.136486
v 0.108796 0.047517 -0.144290
v 0.095758 0.060701 -0.144543
v 0.108796 0.040254 -0.135869
v 0.095758 0.060701 -0.144543
v 0.108796 0.055799 -0.136939
v 0.095758 0.068758 -0.136486
v 0.108796 0.047517 -0.144290
v 0.108796 0.055799 -0.136939
v 0.095758 0.060701 -0.128429
v 0.095758 0.068758 -0.136486
v 0.108796 0.048479 -0.128790
v 0.108796 0.048479 -0.128790
v 0.095758 0.052643 -0.136486
v 0.095758 0.060701 -0.128429
v 0.108796 0.040254 -0.135869
v 0.108796 0.047517 -0.144290
v 0.108796 0.040254 -0.135869
v 0.128373 0.048042 -0.144539
v 0.128373 0.039998 -0.136476
v 0.108796 0.055799 -0.136939
v 0.128373 0.056103 -0.136494
v 0.159949 0.039994 -0.136486
v 0.145527 0.042310 -0.141721
v 0.145542 0.039994 -0.136486
v 0.159959 0.042310 -0.141721
v 0.159949 0.048051 -0.144544
v 0.145521 0.053488 -0.142122
v 0.145537 0.048051 -0.144543
v 0.159959 0.053488 -0.142122
v 0.159949 0.056108 -0.136486
v 0.145523 0.053526 -0.130879
v 0.145534 0.056108 -0.136486
v 0.159959 0.053526 -0.130879
v 0.159949 0.048051 -0.128429
v 0.145528 0.042459 -0.131093
v 0.145539 0.048051 -0.128429
v 0.159959 0.042459 -0.131093
v 0.159949 0.056108 -0.136486
v 0.145534 0.056108 -0.136486
v 0.159949 0.039994 -0.136486
v 0.145542 0.039994 -0.136486
v 0.159959 0.042310 -0.141721
v 0.159959 0.053488 -0.142122
v 0.159949 0.048051 -0.144544
v 0.159949 0.056108 -0.136486
v 0.159959 0.053526 -0.130879
v 0.159949 0.039994 -0.136486
v 0.159959 0.042459 -0.131093
v 0.159949 0.048051 -0.128429
v 0.140151 0.054528 0.247504
v 0.155757 0.041739 0.248517
v 0.140150 0.054061 0.245533
v 0.155757 0.042206 0.250489
v 0.160678 0.041739 0.248517
v 0.155716 0.054913 0.247357
v 0.155716 0.054468 0.245477
v 0.160678 0.042206 0.250489
v 0.155716 0.054913 0.247357
v 0.155757 0.042206 0.250489
v 0.140151 0.054528 0.247504
v 0.160678 0.042206 0.250489
v 0.155757 0.041739 0.248517
v 0.155716 0.054468 0.245477
v 0.140150 0.054061 0.245533
v 0.160678 0.041739 0.248517
v 0.140150 0.060941 0.256831
v 0.155757 0.051190 0.265167
v 0.140150 0.059405 0.255510
v 0.155757 0.052727 0.266488
v 0.160678 0.051190 0.265167
v 0.155716 0.061163 0.256471
v 0.155716 0.059697 0.255211
v 0.160678 0.052727 0.266488
v 0.155716 0.061163 0.256471
v 0.155757 0.052727 0.266488
v 0.140150 0.060941 0.256831
v 0.160678 0.052727 0.266488
v 0.155757 0.051190 0.265167
v 0.155716 0.059697 0.255211
v 0.140150 0.059405 0.255510
v 0.160678 0.051190 0.265167
v 0.140150 0.071807 0.260609
v 0.155757 0.068950 0.273115
v 0.140150 0.069787 0.260465
v 0.155757 0.070971 0.273259
v 0.160678 0.068950 0.273115
v 0.155716 0.071767 0.260173
v 0.155716 0.069839 0.260035
v 0.160678 0.070971 0.273259
v 0.155716 0.071767 0.260173
v 0.155757 0.070971 0.273259
v 0.140150 0.071807 0.260609
v 0.160678 0.070971 0.273259
v 0.155757 0.068950 0.273115
v 0.155716 0.069839 0.260035
v 0.140150 0.069787 0.260465
v 0.160678 0.068950 0.273115
v 0.140150 0.082365 0.257463
v 0.155757 0.087198 0.269347
v 0.140150 0.080627 0.258504
v 0.155757 0.088936 0.268306
v 0.160678 0.087198 0.269347
v 0.155716 0.082077 0.257115
v 0.155716 0.080420 0.258108
v 0.160678 0.088936 0.268306
v 0.155716 0.082077 0.257115
v 0.155757 0.088936 0.268306
v 0.140150 0.082365 0.257463
v 0.160678 0.088936 0.268306
v 0.155757 0.087198 0.269347
v 0.155716 0.080420 0.258108
v 0.140150 0.080627 0.258504
v 0.160678 0.087198 0.269347
v 0.140150 0.089378 0.248375
v 0.155757 0.100331 0.255053
v 0.140150 0.088600 0.250245
v 0.155757 0.101109 0.253182
v 0.160678 0.100331 0.255053
v 0.155716 0.088935 0.248252
v 0.155716 0.088193 0.250036
v 0.160678 0.101109 0.253182
v 0.155716 0.088935 0.248252
v 0.155757 0.101109 0.253182
v 0.140150 0.089378 0.248375
v 0.160678 0.101109 0.253182
v 0.155757 0.100331 0.255053
v 0.155716 0.088193 0.250036
v 0.140150 0.088600 0.250245
v 0.160678 0.100331 0.255053
v 0.140150 0.089642 0.237124
v 0.155757 0.102430 0.236111
v 0.140150 0.090108 0.239096
v 0.155757 0.101963 0.234139
v 0.160678 0.102430 0.236111
v 0.155716 0.089206 0.237266
v 0.155716 0.089652 0.239146
v 0.160678 0.101963 0.234139
v 0.155716 0.089206 0.237266
v 0.155757 0.101963 0.234139
v 0.140150 0.089642 0.237124
v 0.160678 0.101963 0.234139
v 0.155757 0.102430 0.236111
v 0.155716 0.089652 0.239146
v 0.140150 0.090108 0.239096
v 0.160678 0.102430 0.236111
v 0.140150 0.083158 0.227730
v 0.155757 0.092865 0.219343
v 0.140150 0.084702 0.229043
v 0.155757 0.091322 0.218030
v 0.160678 0.092865 0.219343
v 0.155716 0.082889 0.228087
v 0.155716 0.084361 0.229339
v 0.160678 0.091322 0.218030
v 0.155716 0.082889 0.228087
v 0.155757 0.091322 0.218030
v 0.140150 0.083158 0.227730
v 0.160678 0.091322 0.218030
v 0.155757 0.092865 0.219343
v 0.155716 0.084361 0.229339
v 0.140150 0.084702 0.229043
v 0.160678 0.092865 0.219343
v 0.140150 0.072534 0.224004
v 0.155757 0.075501 0.211523
v 0.140150 0.074554 0.224166
v 0.155757 0.073481 0.211361
v 0.160678 0.075501 0.211523
v 0.155716 0.072521 0.224436
v 0.155716 0.074448 0.224591
v 0.160678 0.073481 0.211361
v 0.155716 0.072521 0.224436
v 0.155757 0.073481 0.211361
v 0.140150 0.072534 0.224004
v 0.160678 0.073481 0.211361
v 0.155757 0.075501 0.211523
v 0.155716 0.074448 0.224591
v 0.140150 0.074554 0.224166
v 0.160678 0.075501 0.211523
v 0.140150 0.061635 0.227268
v 0.155366 0.056658 0.215445
v 0.140150 0.063361 0.226206
v 0.155366 0.054933 0.216507
v 0.160678 0.056658 0.215445
v 0.155716 0.061877 0.227610
v 0.155716 0.063523 0.226597
v 0.160678 0.054933 0.216507
v 0.155716 0.061877 0.227610
v 0.155366 0.054933 0.216507
v 0.140150 0.061635 0.227268
v 0.160678 0.054933 0.216507
v 0.155366 0.056658 0.215445
v 0.155716 0.063523 0.226597
v 0.140150 0.063361 0.226206
v 0.160678 0.056658 0.215445
v 0.140150 0.054803 0.236251
v 0.155366 0.043837 0.229592
v 0.140150 0.055577 0.234379
v 0.155366 0.043063 0.231464
v 0.160678 0.043837 0.229592
v 0.155716 0.055196 0.236371
v 0.155716 0.055934 0.234585
v 0.160678 0.043063 0.231464
v 0.155716 0.055196 0.236371
v 0.155366 0.043063 0.231464
v 0.140150 0.054803 0.236251
v 0.160678 0.043063 0.231464
v 0.155366 0.043837 0.229592
v 0.155716 0.055934 0.234585
v 0.140150 0.055577 0.234379
v 0.160678 0.043837 0.229592
v 0.155213 0.099775 0.253609
v 0.160795 0.102107 0.241949
v 0.155213 0.102107 0.241949
v 0.160795 0.099775 0.253609
v 0.160795 0.102107 0.241949
v 0.160769 0.106995 0.256534
v 0.160769 0.109896 0.241888
v 0.160795 0.099775 0.253609
v 0.155213 0.093158 0.263490
v 0.160795 0.093158 0.263490
v 0.160769 0.098710 0.268955
v 0.160795 0.093158 0.263490
v 0.155213 0.083265 0.270087
v 0.160795 0.083265 0.270087
v 0.160769 0.086302 0.277260
v 0.160795 0.083265 0.270087
v 0.155213 0.071599 0.272394
v 0.160795 0.071599 0.272394
v 0.160769 0.071661 0.280184
v 0.160795 0.071599 0.272394
v 0.155213 0.059939 0.270063
v 0.160795 0.059939 0.270063
v 0.160769 0.057014 0.277283
v 0.160795 0.059939 0.270063
v 0.155213 0.050058 0.263447
v 0.160795 0.050058 0.263446
v 0.160769 0.044593 0.268998
v 0.160795 0.050058 0.263446
v 0.155213 0.043462 0.253552
v 0.160795 0.043462 0.253552
v 0.160769 0.036288 0.256590
v 0.160795 0.043462 0.253552
v 0.155213 0.041154 0.241887
v 0.160795 0.041154 0.241887
v 0.160769 0.033364 0.241948
v 0.160795 0.041154 0.241887
v 0.155213 0.043485 0.230227
v 0.160795 0.043485 0.230227
v 0.160769 0.036265 0.227302
v 0.160795 0.043485 0.230227
v 0.155213 0.050102 0.220346
v 0.160795 0.050102 0.220346
v 0.160769 0.044550 0.214881
v 0.160795 0.050102 0.220346
v 0.155213 0.059996 0.213750
v 0.160795 0.059996 0.213750
v 0.160769 0.056958 0.206576
v 0.160795 0.059996 0.213750
v 0.155213 0.071661 0.211442
v 0.160795 0.071661 0.211442
v 0.160769 0.071600 0.203652
v 0.160795 0.071661 0.211442
v 0.155213 0.083321 0.213773
v 0.160795 0.083321 0.213773
v 0.160769 0.086246 0.206553
v 0.160795 0.083321 0.213773
v 0.155213 0.093202 0.220390
v 0.160795 0.093202 0.220390
v 0.160769 0.098667 0.214838
v 0.160795 0.093202 0.220390
v 0.155213 0.099799 0.230284
v 0.160795 0.099799 0.230284
v 0.160769 0.106972 0.227246
v 0.160795 0.099799 0.230284
v 0.155213 0.102107 0.241949
v 0.160795 0.102107 0.241949
v 0.160769 0.106995 0.256534
v 0.158257 0.110051 0.241887
v 0.160769 0.109896 0.241888
v 0.158257 0.107138 0.256593
v 0.160769 0.098710 0.268955
v 0.158257 0.098819 0.269064
v 0.160769 0.086302 0.277260
v 0.158257 0.086361 0.277402
v 0.160769 0.071661 0.280184
v 0.158257 0.071661 0.280338
v 0.160769 0.057014 0.277283
v 0.158257 0.056956 0.277426
v 0.160769 0.044593 0.268998
v 0.158257 0.044484 0.269107
v 0.160769 0.036288 0.256590
v 0.158257 0.036146 0.256649
v 0.160769 0.033364 0.241948
v 0.158257 0.033210 0.241949
v 0.160769 0.036265 0.227302
v 0.158257 0.033210 0.241949
v 0.160769 0.033364 0.241948
v 0.158257 0.036123 0.227243
v 0.160769 0.044550 0.214881
v 0.158257 0.044441 0.214772
v 0.160769 0.056958 0.206576
v 0.158257 0.056899 0.206434
v 0.160769 0.071600 0.203652
v 0.158257 0.071600 0.203498
v 0.160769 0.086246 0.206553
v 0.158257 0.086305 0.206410
v 0.160769 0.098667 0.214838
v 0.158257 0.098776 0.214729
v 0.160769 0.106972 0.227246
v 0.158257 0.107114 0.227187
v 0.155213 0.102107 0.241949
v 0.158257 0.107138 0.256593
v 0.155213 0.099775 0.253609
v 0.158257 0.110051 0.241887
v 0.158257 0.098819 0.269064
v 0.155213 0.093158 0.263490
v 0.158257 0.086361 0.277402
v 0.155213 0.083265 0.270087
v 0.158257 0.071661 0.280338
v 0.155213 0.071599 0.272394
v 0.155213 0.071599 0.272394
v 0.158257 0.056956 0.277426
v 0.155213 0.059939 0.270063
v 0.158257 0.071661 0.280338
v 0.158257 0.044484 0.269107
v 0.155213 0.050058 0.263447
v 0.158257 0.036146 0.256649
v 0.155213 0.043462 0.253552
v 0.158257 0.033210 0.241949
v 0.155213 0.041154 0.241887
v 0.155213 0.041154 0.241887
v 0.158257 0.036123 0.227243
v 0.155213 0.043485 0.230227
v 0.158257 0.033210 0.241949
v 0.158257 0.044441 0.214772
v 0.155213 0.050102 0.220346
v 0.158257 0.056899 0.206434
v 0.155213 0.059996 0.213750
v 0.158257 0.071600 0.203498
v 0.155213 0.071661 0.211442
v 0.155213 0.071661 0.211442
v 0.158257 0.086305 0.206410
v 0.155213 0.083321 0.213773
v 0.158257 0.071600 0.203498
v 0.158257 0.098776 0.214729
v 0.155213 0.093202 0.220390
v 0.158257 0.107114 0.227187
v 0.155213 0.099799 0.230284
v 0.158257 0.110051 0.241887
v 0.155213 0.102107 0.241949
v 0.120986 0.098692 0.214856
v 0.115349 0.071628 0.203647
v 0.120986 0.071630 0.203647
v 0.115349 0.098690 0.214856
v 0.120986 0.109901 0.241918
v 0.115349 0.109899 0.241918
v 0.120986 0.098692 0.268980
v 0.115349 0.109899 0.241918
v 0.120986 0.109901 0.241918
v 0.115349 0.098690 0.268980
v 0.120986 0.071630 0.280189
v 0.115349 0.071628 0.280189
v 0.120986 0.044568 0.268980
v 0.115349 0.044566 0.268980
v 0.120986 0.033359 0.241918
v 0.115349 0.033356 0.241918
v 0.120986 0.044568 0.214856
v 0.115349 0.033356 0.241918
v 0.120986 0.033359 0.241918
v 0.115349 0.044566 0.214856
v 0.120986 0.071630 0.203647
v 0.120986 0.109901 0.241918
v 0.120986 0.098692 0.214856
v 0.120986 0.044568 0.214856
v 0.120986 0.071630 0.280189
v 0.120986 0.098692 0.268980
v 0.120986 0.033359 0.241918
v 0.120986 0.044568 0.268980
v 0.115349 0.033356 0.241918
v 0.115349 0.071628 0.280189
v 0.115349 0.044566 0.268980
v 0.115349 0.044566 0.214856
v 0.115349 0.109899 0.241918
v 0.115349 0.098690 0.268980
v 0.115349 0.071628 0.203647
v 0.115349 0.098690 0.214856
v 0.158925 0.082374 0.230297
v 0.158925 0.086697 0.248400
v 0.158925 0.087476 0.238647
v 0.158925 0.073339 0.226543
v 0.158925 0.080334 0.255832
v 0.158925 0.070817 0.258104
v 0.158925 0.061782 0.254350
v 0.158925 0.056680 0.246002
v 0.158925 0.063822 0.228815
v 0.158925 0.057459 0.236247
v 0.155904 0.062227 0.226205
v 0.158925 0.073339 0.226543
v 0.155904 0.073583 0.223493
v 0.158925 0.063822 0.228815
v 0.158925 0.082374 0.230297
v 0.155904 0.084364 0.227974
v 0.158925 0.087476 0.238647
v 0.155904 0.090452 0.237935
v 0.158925 0.086697 0.248400
v 0.155904 0.089522 0.249573
v 0.158925 0.080334 0.255832
v 0.155904 0.081929 0.258442
v 0.158925 0.070817 0.258104
v 0.155904 0.070574 0.261154
v 0.158925 0.061782 0.254350
v 0.155904 0.059793 0.256673
v 0.158925 0.056680 0.246002
v 0.155904 0.053704 0.246712
v 0.158925 0.057459 0.236247
v 0.155904 0.054634 0.235074
v 0.141943 0.073917 0.219302
v 0.155904 0.062227 0.226205
v 0.155904 0.073583 0.223493
v 0.141943 0.060035 0.222618
v 0.141943 0.050752 0.233461
v 0.155904 0.054634 0.235074
v 0.141943 0.049616 0.247688
v 0.155904 0.053704 0.246712
v 0.155904 0.053704 0.246712
v 0.141943 0.057059 0.259867
v 0.155904 0.059793 0.256673
v 0.141943 0.049616 0.247688
v 0.141943 0.070239 0.265344
v 0.155904 0.070574 0.261154
v 0.141943 0.084122 0.262028
v 0.155904 0.081929 0.258442
v 0.141943 0.093404 0.251186
v 0.155904 0.089522 0.249573
v 0.141943 0.094541 0.236959
v 0.155904 0.090452 0.237935
v 0.155904 0.090452 0.237935
v 0.141943 0.087097 0.224780
v 0.155904 0.084364 0.227974
v 0.141943 0.094541 0.236959
v 0.119802 0.074700 0.209503
v 0.119802 0.054908 0.214229
v 0.119802 0.041674 0.229687
v 0.119802 0.040053 0.249972
v 0.119802 0.040053 0.249972
v 0.119802 0.050665 0.267335
v 0.119802 0.069456 0.275144
v 0.119802 0.089248 0.270418
v 0.119802 0.102483 0.254959
v 0.119802 0.104103 0.234675
v 0.119802 0.104103 0.234675
v 0.119802 0.093491 0.217312
v 0.160683 0.106218 0.256020
v 0.160749 0.112724 0.253662
v 0.160683 0.107960 0.250626
v 0.160749 0.111735 0.256699
v 0.160749 0.112724 0.253662
v 0.158757 0.107391 0.253604
v 0.160683 0.107960 0.250626
v 0.160749 0.111735 0.256699
v 0.160683 0.106218 0.256020
v 0.160683 0.108883 0.244641
v 0.160749 0.114342 0.240388
v 0.160683 0.108873 0.238973
v 0.160749 0.114339 0.243582
v 0.160749 0.114342 0.240388
v 0.158757 0.109252 0.241982
v 0.160683 0.108873 0.238973
v 0.160749 0.114339 0.243582
v 0.160683 0.108883 0.244641
v 0.160683 0.107901 0.232996
v 0.160749 0.111779 0.227265
v 0.160683 0.106140 0.227609
v 0.160749 0.112763 0.230303
v 0.160749 0.111779 0.227265
v 0.158757 0.107430 0.230353
v 0.160683 0.106140 0.227609
v 0.160749 0.112763 0.230303
v 0.160683 0.107901 0.232996
v 0.160683 0.103369 0.222225
v 0.160749 0.105285 0.215575
v 0.160683 0.100029 0.217645
v 0.160749 0.107161 0.218160
v 0.160749 0.105285 0.215575
v 0.158757 0.102104 0.219856
v 0.160683 0.100029 0.217645
v 0.160749 0.107161 0.218160
v 0.160683 0.103369 0.222225
v 0.160683 0.095730 0.213381
v 0.160749 0.095498 0.206464
v 0.160683 0.091139 0.210057
v 0.160749 0.098080 0.208344
v 0.160749 0.095498 0.206464
v 0.158757 0.093795 0.211519
v 0.160683 0.091139 0.210057
v 0.160749 0.098080 0.208344
v 0.160683 0.095730 0.213381
v 0.160683 0.085732 0.207330
v 0.160749 0.083374 0.200824
v 0.160683 0.080338 0.205588
v 0.160749 0.086410 0.201813
v 0.160749 0.083374 0.200824
v 0.158757 0.083316 0.206158
v 0.160683 0.080338 0.205588
v 0.160749 0.086410 0.201813
v 0.160683 0.085732 0.207330
v 0.160683 0.074353 0.204665
v 0.160749 0.070100 0.199206
v 0.160683 0.068685 0.204675
v 0.160749 0.073294 0.199209
v 0.160749 0.070100 0.199206
v 0.158757 0.071694 0.204297
v 0.160683 0.068685 0.204675
v 0.160749 0.073294 0.199209
v 0.160683 0.074353 0.204665
v 0.160683 0.062708 0.205647
v 0.160749 0.056976 0.201769
v 0.160683 0.057321 0.207408
v 0.160749 0.060015 0.200785
v 0.160749 0.056976 0.201769
v 0.158757 0.060065 0.206118
v 0.160683 0.057321 0.207408
v 0.160749 0.060015 0.200785
v 0.160683 0.062708 0.205647
v 0.160683 0.051937 0.210179
v 0.160749 0.045287 0.208263
v 0.160683 0.047357 0.213519
v 0.160749 0.047872 0.206387
v 0.160749 0.045287 0.208263
v 0.158757 0.049568 0.211444
v 0.160683 0.047357 0.213519
v 0.160749 0.047872 0.206387
v 0.160683 0.051937 0.210179
v 0.160683 0.043093 0.217818
v 0.160749 0.036176 0.218050
v 0.160683 0.039769 0.222410
v 0.160749 0.038056 0.215468
v 0.160749 0.036176 0.218050
v 0.158757 0.041231 0.219753
v 0.160683 0.039769 0.222410
v 0.160749 0.038056 0.215468
v 0.160683 0.043093 0.217818
v 0.160683 0.037042 0.227816
v 0.160749 0.030536 0.230174
v 0.160683 0.035300 0.233210
v 0.160749 0.031525 0.227138
v 0.160749 0.030536 0.230174
v 0.158757 0.035870 0.230232
v 0.160683 0.035300 0.233210
v 0.160749 0.031525 0.227138
v 0.160683 0.037042 0.227816
v 0.160683 0.034377 0.239195
v 0.160749 0.028918 0.243448
v 0.160683 0.034387 0.244863
v 0.160749 0.028921 0.240254
v 0.160749 0.028918 0.243448
v 0.158757 0.034009 0.241855
v 0.160683 0.034387 0.244863
v 0.160749 0.028921 0.240254
v 0.160683 0.034377 0.239195
v 0.160683 0.035359 0.250840
v 0.160749 0.031481 0.256572
v 0.160683 0.037120 0.256228
v 0.160749 0.030497 0.253534
v 0.160749 0.031481 0.256572
v 0.158757 0.035830 0.253483
v 0.160683 0.037120 0.256228
v 0.160749 0.030497 0.253534
v 0.160683 0.035359 0.250840
v 0.160683 0.039891 0.261612
v 0.160749 0.037975 0.268261
v 0.160683 0.043231 0.266191
v 0.160749 0.036099 0.265676
v 0.160749 0.037975 0.268261
v 0.158757 0.041156 0.263980
v 0.160683 0.043231 0.266191
v 0.160749 0.036099 0.265676
v 0.160683 0.039891 0.261612
v 0.160683 0.047530 0.270455
v 0.160749 0.047762 0.277372
v 0.160683 0.052122 0.273779
v 0.160749 0.045180 0.275493
v 0.160749 0.047762 0.277372
v 0.158757 0.049465 0.272317
v 0.160683 0.052122 0.273779
v 0.160749 0.045180 0.275493
v 0.160683 0.047530 0.270455
v 0.160683 0.057528 0.276506
v 0.160749 0.059886 0.283012
v 0.160683 0.062922 0.278248
v 0.160749 0.056850 0.282023
v 0.160749 0.059886 0.283012
v 0.158757 0.059944 0.277679
v 0.160683 0.062922 0.278248
v 0.160749 0.056850 0.282023
v 0.160683 0.057528 0.276506
v 0.160683 0.068907 0.279171
v 0.160749 0.073160 0.284630
v 0.160683 0.074575 0.279161
v 0.160749 0.069966 0.284627
v 0.160749 0.073160 0.284630
v 0.158757 0.071566 0.279540
v 0.160683 0.074575 0.279161
v 0.160749 0.069966 0.284627
v 0.160683 0.068907 0.279171
v 0.160683 0.080552 0.278189
v 0.160749 0.086284 0.282067
v 0.160683 0.085939 0.276428
v 0.160749 0.083245 0.283051
v 0.160749 0.086284 0.282067
v 0.158757 0.083195 0.277718
v 0.160683 0.085939 0.276428
v 0.160749 0.083245 0.283051
v 0.160683 0.080552 0.278189
v 0.160683 0.091323 0.273657
v 0.160749 0.097973 0.275574
v 0.160683 0.095903 0.270317
v 0.160749 0.095388 0.277449
v 0.160749 0.097973 0.275574
v 0.158757 0.093692 0.272392
v 0.160683 0.095903 0.270317
v 0.160749 0.095388 0.277449
v 0.160683 0.091323 0.273657
v 0.160683 0.100167 0.266018
v 0.160749 0.107084 0.265786
v 0.160683 0.103491 0.261427
v 0.160749 0.105205 0.268368
v 0.160749 0.107084 0.265786
v 0.158757 0.102029 0.264083
v 0.160683 0.103491 0.261427
v 0.160749 0.105205 0.268368
v 0.160683 0.100167 0.266018
v 0.149421 0.058241 -0.260789
v 0.144689 0.028207 -0.262217
v 0.144689 0.028207 -0.260863
v 0.149421 0.058241 -0.262290
v 0.140725 0.087769 -0.262216
v 0.149421 0.058241 -0.262290
v 0.144699 0.087769 -0.262216
v 0.140725 0.028207 -0.262217
v 0.140725 0.028207 -0.260863
v 0.149421 0.058241 -0.260789
v 0.144689 0.028207 -0.260863
v 0.140725 0.087769 -0.260863
v 0.144699 0.087769 -0.262216
v 0.144699 0.087769 -0.260863
v 0.144689 0.028207 -0.262217
v 0.144699 0.087769 -0.260863
v 0.149421 0.058455 -0.260925
v 0.144689 0.033262 -0.245013
v 0.144689 0.034039 -0.243904
v 0.149421 0.057594 -0.262154
v 0.140725 0.082053 -0.279176
v 0.149421 0.057594 -0.262154
v 0.144699 0.082053 -0.279176
v 0.140725 0.033262 -0.245013
v 0.140725 0.034039 -0.243904
v 0.149421 0.058455 -0.260925
v 0.144689 0.034039 -0.243904
v 0.140725 0.082829 -0.278067
v 0.144699 0.082053 -0.279176
v 0.144699 0.082829 -0.278067
v 0.144689 0.033262 -0.245013
v 0.144699 0.082829 -0.278067
v 0.149421 0.058730 -0.261283
v 0.144689 0.047224 -0.233786
v 0.144689 0.048496 -0.233323
v 0.149421 0.057320 -0.261796
v 0.140725 0.067596 -0.289756
v 0.149421 0.057320 -0.261796
v 0.144699 0.067596 -0.289756
v 0.140725 0.047224 -0.233786
v 0.140725 0.048496 -0.233323
v 0.149421 0.058730 -0.261283
v 0.144689 0.048496 -0.233323
v 0.140725 0.068868 -0.289294
v 0.144699 0.067596 -0.289756
v 0.144699 0.068868 -0.289294
v 0.144689 0.047224 -0.233786
v 0.144699 0.068868 -0.289294
v 0.149421 0.058730 -0.261796
v 0.144689 0.067595 -0.233323
v 0.144689 0.068867 -0.233786
v 0.149421 0.057320 -0.261283
v 0.140725 0.047224 -0.289294
v 0.149421 0.057320 -0.261283
v 0.144699 0.047224 -0.289294
v 0.140725 0.067595 -0.233323
v 0.140725 0.068867 -0.233786
v 0.149421 0.058730 -0.261796
v 0.144689 0.068867 -0.233786
v 0.140725 0.048496 -0.289756
v 0.144699 0.047224 -0.289294
v 0.144699 0.048496 -0.289756
v 0.144689 0.067595 -0.233323
v 0.144699 0.048496 -0.289756
v 0.149421 0.057594 -0.260925
v 0.144689 0.034039 -0.279176
v 0.144689 0.033262 -0.278067
v 0.149421 0.058455 -0.262154
v 0.140725 0.082829 -0.245013
v 0.149421 0.058455 -0.262154
v 0.144699 0.082829 -0.245013
v 0.140725 0.034039 -0.279176
v 0.140725 0.033262 -0.278067
v 0.149421 0.057594 -0.260925
v 0.144689 0.033262 -0.278067
v 0.140725 0.082053 -0.243903
v 0.144699 0.082829 -0.245013
v 0.144699 0.082053 -0.243903
v 0.144689 0.034039 -0.279176
v 0.144699 0.082053 -0.243903
v 0.145301 0.058046 -0.294407
v 0.127975 0.070623 -0.291904
v 0.127975 0.058046 -0.294407
v 0.145301 0.070623 -0.291905
v 0.127975 0.081286 -0.284780
v 0.145301 0.081286 -0.284780
v 0.127975 0.088410 -0.274117
v 0.145301 0.088410 -0.274117
v 0.127975 0.090912 -0.261540
v 0.145301 0.090912 -0.261540
v 0.145301 0.090912 -0.261540
v 0.127975 0.088410 -0.248963
v 0.127975 0.090912 -0.261540
v 0.145301 0.088410 -0.248963
v 0.127975 0.081286 -0.238299
v 0.145301 0.081286 -0.238300
v 0.127975 0.070623 -0.231175
v 0.145301 0.070623 -0.231176
v 0.127975 0.058046 -0.228673
v 0.145301 0.058046 -0.228673
v 0.145301 0.058046 -0.228673
v 0.127975 0.045468 -0.231175
v 0.127975 0.058046 -0.228673
v 0.145301 0.045468 -0.231176
v 0.127975 0.034806 -0.238300
v 0.145301 0.034806 -0.238300
v 0.127975 0.027681 -0.248963
v 0.145301 0.027681 -0.248963
v 0.127975 0.025179 -0.261540
v 0.145301 0.025179 -0.261540
v 0.145301 0.025179 -0.261540
v 0.127975 0.027681 -0.274117
v 0.127975 0.025179 -0.261540
v 0.145301 0.027681 -0.274118
v 0.127975 0.034806 -0.284780
v 0.145301 0.034806 -0.284781
v 0.127975 0.045468 -0.291904
v 0.145301 0.045468 -0.291905
v 0.127975 0.058046 -0.294407
v 0.145301 0.058046 -0.294407
v 0.127975 0.081286 -0.284780
v 0.127975 0.027681 -0.274117
v 0.127975 0.034806 -0.284780
v 0.127975 0.088410 -0.274117
v 0.147106 0.049252 -0.276736
v 0.151416 0.058025 -0.278418
v 0.147106 0.058025 -0.279086
v 0.151416 0.049586 -0.276157
v 0.147106 0.042829 -0.270313
v 0.151416 0.043408 -0.269979
v 0.147106 0.040479 -0.261540
v 0.151416 0.041147 -0.261540
v 0.147106 0.042829 -0.252767
v 0.151416 0.041147 -0.261540
v 0.147106 0.040479 -0.261540
v 0.151416 0.043408 -0.253101
v 0.147106 0.049252 -0.246345
v 0.151416 0.049586 -0.246923
v 0.147106 0.058025 -0.243993
v 0.151416 0.058025 -0.244662
v 0.147106 0.066798 -0.246344
v 0.151416 0.066464 -0.246923
v 0.147106 0.073220 -0.252767
v 0.151416 0.072642 -0.253101
v 0.147106 0.075571 -0.261540
v 0.151416 0.074903 -0.261540
v 0.147106 0.073220 -0.270313
v 0.151416 0.074903 -0.261540
v 0.147106 0.075571 -0.261540
v 0.151416 0.072642 -0.269979
v 0.147106 0.066798 -0.276736
v 0.151416 0.066464 -0.276156
v 0.145301 0.058046 -0.288848
v 0.145301 0.070623 -0.291905
v 0.145301 0.058046 -0.294407
v 0.145301 0.068496 -0.286770
v 0.145301 0.081286 -0.284780
v 0.145301 0.077356 -0.280851
v 0.145301 0.088410 -0.274117
v 0.145301 0.083276 -0.271990
v 0.145301 0.090912 -0.261540
v 0.145301 0.085355 -0.261540
v 0.145301 0.088410 -0.248963
v 0.145301 0.083276 -0.251090
v 0.145301 0.081286 -0.238300
v 0.145301 0.077356 -0.242230
v 0.145301 0.070623 -0.231176
v 0.145301 0.068496 -0.236310
v 0.145301 0.058046 -0.228673
v 0.145301 0.058046 -0.234231
v 0.145301 0.045468 -0.231176
v 0.145301 0.047595 -0.236310
v 0.145301 0.034806 -0.238300
v 0.145301 0.038735 -0.242230
v 0.145301 0.027681 -0.248963
v 0.145301 0.032816 -0.251090
v 0.145301 0.025179 -0.261540
v 0.145301 0.030737 -0.261540
v 0.145301 0.027681 -0.274118
v 0.145301 0.032816 -0.271991
v 0.145301 0.034806 -0.284781
v 0.145301 0.038736 -0.280850
v 0.145301 0.045468 -0.291905
v 0.145301 0.047595 -0.286771
v 0.140759 0.058046 -0.288848
v 0.145301 0.068496 -0.286770
v 0.145301 0.058046 -0.288848
v 0.140759 0.068496 -0.286770
v 0.145301 0.077356 -0.280851
v 0.140759 0.077356 -0.280851
v 0.145301 0.083276 -0.271990
v 0.140759 0.083276 -0.271990
v 0.145301 0.085355 -0.261540
v 0.140759 0.085355 -0.261540
v 0.140759 0.085355 -0.261540
v 0.145301 0.083276 -0.251090
v 0.145301 0.085355 -0.261540
v 0.140759 0.083276 -0.251090
v 0.145301 0.077356 -0.242230
v 0.140759 0.077356 -0.242230
v 0.145301 0.068496 -0.236310
v 0.140759 0.068496 -0.236310
v 0.145301 0.058046 -0.234231
v 0.140759 0.058046 -0.234231
v 0.145301 0.047595 -0.236310
v 0.140759 0.047595 -0.236310
v 0.145301 0.038735 -0.242230
v 0.140759 0.038735 -0.242230
v 0.145301 0.032816 -0.251090
v 0.140759 0.032816 -0.251090
v 0.145301 0.030737 -0.261540
v 0.140759 0.030737 -0.261540
v 0.140759 0.030737 -0.261540
v 0.145301 0.032816 -0.271991
v 0.145301 0.030737 -0.261540
v 0.140759 0.032816 -0.271991
v 0.145301 0.038736 -0.280850
v 0.140759 0.038736 -0.280850
v 0.145301 0.047595 -0.286771
v 0.140759 0.047595 -0.286771
v 0.147106 0.075571 -0.261540
v 0.140759 0.083276 -0.251090
v 0.140759 0.085355 -0.261540
v 0.147106 0.073220 -0.252767
v 0.140759 0.083276 -0.271990
v 0.147106 0.073220 -0.270313
v 0.147106 0.040479 -0.261540
v 0.140759 0.032816 -0.271991
v 0.140759 0.030737 -0.261540
v 0.147106 0.042829 -0.270313
v 0.140759 0.032816 -0.251090
v 0.147106 0.042829 -0.252767
v 0.140759 0.047595 -0.286771
v 0.147106 0.058025 -0.279086
v 0.140759 0.058046 -0.288848
v 0.147106 0.049252 -0.276736
v 0.147106 0.058025 -0.243993
v 0.140759 0.047595 -0.236310
v 0.140759 0.058046 -0.234231
v 0.147106 0.049252 -0.246345
v 0.140759 0.068496 -0.236310
v 0.147106 0.066798 -0.246344
v 0.140759 0.068496 -0.286770
v 0.147106 0.066798 -0.276736
v 0.140759 0.077356 -0.280851
v 0.140759 0.038736 -0.280850
v 0.140759 0.038735 -0.242230
v 0.140759 0.077356 -0.242230
v 0.127975 0.088410 -0.248963
v 0.127975 0.025179 -0.261540
v 0.127975 0.090912 -0.261540
v 0.127975 0.027681 -0.248963
v 0.127975 0.081286 -0.238299
v 0.127975 0.034806 -0.238300
v 0.127975 0.045468 -0.291904
v 0.127975 0.070623 -0.291904
v 0.127975 0.070623 -0.231175
v 0.127975 0.045468 -0.231175
v 0.151416 0.049586 -0.276157
v 0.161161 0.058025 -0.261540
v 0.151416 0.058025 -0.278418
v 0.151416 0.043408 -0.269979
v 0.151416 0.041147 -0.261540
v 0.151416 0.043408 -0.253101
v 0.151416 0.049586 -0.246923
v 0.151416 0.058025 -0.244662
v 0.151416 0.066464 -0.246923
v 0.151416 0.072642 -0.253101
v 0.151416 0.074903 -0.261540
v 0.151416 0.072642 -0.269979
v 0.151416 0.066464 -0.276156
v 0.127975 0.058046 -0.294407
v 0.127975 0.058046 -0.228673
v 0.108796 0.055799 0.174065
v 0.128373 0.056103 0.174510
v 0.108796 0.048479 0.182214
v 0.128373 0.048058 0.182569
v 0.108796 0.040254 0.175135
v 0.128373 0.039998 0.174528
v 0.108796 0.055799 0.069232
v 0.128373 0.056103 0.069678
v 0.108796 0.048479 0.077381
v 0.128373 0.048058 0.077736
v 0.108796 0.040254 0.070302
v 0.128373 0.039998 0.069695
v 0.108796 0.055799 -0.034463
v 0.128373 0.056103 -0.034017
v 0.108796 0.048479 -0.026314
v 0.128373 0.048058 -0.025959
v 0.108796 0.040254 -0.033392
v 0.128373 0.039998 -0.034000
v 0.108796 0.055799 -0.136939
v 0.128373 0.056103 -0.136494
v 0.108796 0.048479 -0.128790
v 0.128373 0.048058 -0.128435
v 0.108796 0.040254 -0.135869
v 0.128373 0.039998 -0.136476
vt 0.340165 0.622098
vt 0.336348 0.630819
vt 0.321441 0.622098
vt 0.317625 0.630819
vt 0.325257 0.614148
vt 0.343980 0.614148
vt 0.325257 0.614148
vt 0.340165 0.622098
vt 0.343980 0.614148
vt 0.321441 0.622098
vt 0.336348 0.630819
vt 0.317625 0.630819
vt 0.097188 0.630432
vt 0.088096 0.665699
vt 0.088096 0.630432
vt 0.097188 0.665699
vt 0.088096 0.630432
vt 0.079003 0.665699
vt 0.079003 0.630432
vt 0.079003 0.630432
vt 0.088148 0.665699
vt 0.088148 0.630432
vt 0.079003 0.665699
vt 0.088148 0.630432
vt 0.097188 0.665699
vt 0.097188 0.630432
vt 0.059453 0.499775
vt 0.052873 0.469841
vt 0.052873 0.499775
vt 0.059453 0.469841
vt 0.059453 0.559644
vt 0.052873 0.529709
vt 0.052873 0.559644
vt 0.059453 0.529709
vt 0.052873 0.499775
vt 0.059453 0.499775
vt 0.052873 0.469841
vt 0.059453 0.469841
vt 0.059453 0.559643
vt 0.052873 0.529709
vt 0.052873 0.559644
vt 0.059453 0.529709
vt 0.052873 0.499775
vt 0.059453 0.499775
vt 0.059453 0.559644
vt 0.052873 0.529709
vt 0.052873 0.559644
vt 0.059453 0.529709
vt 0.264090 0.544611
vt 0.204857 0.520075
vt 0.194694 0.544611
vt 0.253927 0.520076
vt 0.204857 0.520075
vt 0.264090 0.544610
vt 0.253927 0.520075
vt 0.194695 0.544610
vt 0.204857 0.569145
vt 0.253927 0.569145
vt 0.204858 0.569145
vt 0.253927 0.569145
vt 0.229392 0.509913
vt 0.229392 0.509913
vt 0.229392 0.579308
vt 0.229392 0.579308
vt 0.068488 0.399539
vt 0.077796 0.419586
vt 0.077796 0.399539
vt 0.068488 0.419586
vt 0.068488 0.339399
vt 0.077796 0.359445
vt 0.077796 0.339399
vt 0.068488 0.359445
vt 0.077796 0.379492
vt 0.068488 0.379492
vt 0.077796 0.399540
vt 0.068488 0.399540
vt 0.077796 0.419586
vt 0.068488 0.419586
vt 0.068488 0.339399
vt 0.077796 0.359445
vt 0.077796 0.339399
vt 0.068488 0.359445
vt 0.077796 0.379492
vt 0.068488 0.379492
vt 0.077796 0.399540
vt 0.068488 0.399540
vt 0.077796 0.419586
vt 0.068488 0.419586
vt 0.068488 0.339399
vt 0.077796 0.359445
vt 0.077796 0.339399
vt 0.068488 0.359445
vt 0.077796 0.379492
vt 0.068488 0.379492
vt 0.199650 0.569922
vt 0.127383 0.550557
vt 0.122195 0.569922
vt 0.194461 0.550557
vt 0.122972 0.562200
vt 0.197648 0.557633
vt 0.186584 0.540917
vt 0.124196 0.582210
vt 0.127383 0.589285
vt 0.194461 0.589285
vt 0.135261 0.598927
vt 0.198873 0.577642
vt 0.180286 0.536382
vt 0.141558 0.536382
vt 0.168643 0.531972
vt 0.131917 0.544260
vt 0.141558 0.603461
vt 0.180286 0.603461
vt 0.153201 0.607872
vt 0.189928 0.595584
vt 0.160922 0.531194
vt 0.148634 0.533195
vt 0.160922 0.608649
vt 0.173211 0.606647
vt 0.053632 0.537636
vt 0.070457 0.560499
vt 0.070457 0.537636
vt 0.053632 0.560499
vt 0.053632 0.469045
vt 0.070457 0.491908
vt 0.070457 0.469045
vt 0.053632 0.491908
vt 0.070457 0.514771
vt 0.053632 0.514771
vt 0.070457 0.537636
vt 0.053632 0.537636
vt 0.070457 0.560499
vt 0.053632 0.560499
vt 0.053632 0.469045
vt 0.070457 0.491908
vt 0.070457 0.469045
vt 0.053632 0.491908
vt 0.070457 0.514771
vt 0.053632 0.514771
vt 0.070457 0.537636
vt 0.053632 0.537636
vt 0.070457 0.560499
vt 0.053632 0.560499
vt 0.053632 0.469045
vt 0.070457 0.491908
vt 0.070457 0.469045
vt 0.053632 0.491908
vt 0.070457 0.514771
vt 0.053632 0.514771
vt 0.262717 0.544563
vt 0.200633 0.527927
vt 0.196176 0.544563
vt 0.258259 0.527927
vt 0.198510 0.489739
vt 0.128264 0.508110
vt 0.141939 0.521948
vt 0.193588 0.470917
vt 0.200633 0.561198
vt 0.258259 0.561198
vt 0.179913 0.457077
vt 0.123342 0.489287
vt 0.246081 0.515749
vt 0.212811 0.515749
vt 0.160700 0.527097
vt 0.193362 0.508500
vt 0.212811 0.573377
vt 0.246081 0.573377
vt 0.161152 0.451929
vt 0.128490 0.470526
vt 0.229446 0.511292
vt 0.179523 0.522175
vt 0.229446 0.577834
vt 0.142330 0.456852
vt 0.097188 0.613750
vt 0.088501 0.625517
vt 0.088115 0.608542
vt 0.096670 0.630208
vt 0.088115 0.608542
vt 0.077497 0.619219
vt 0.079003 0.603333
vt 0.088501 0.625517
vt 0.079677 0.620472
vt 0.088130 0.608541
vt 0.079003 0.603333
vt 0.087853 0.625138
vt 0.087853 0.625138
vt 0.097188 0.613750
vt 0.088130 0.608541
vt 0.098341 0.631160
vt 0.317560 0.622098
vt 0.317560 0.630819
vt 0.301201 0.621889
vt 0.301205 0.630734
vt 0.317560 0.614148
vt 0.301199 0.614071
vt 0.072814 0.624934
vt 0.062265 0.629027
vt 0.062265 0.624934
vt 0.072822 0.629027
vt 0.072814 0.633656
vt 0.062265 0.637307
vt 0.062265 0.633656
vt 0.072822 0.637307
vt 0.072814 0.641605
vt 0.062265 0.637307
vt 0.062265 0.641605
vt 0.072822 0.637307
vt 0.072814 0.633656
vt 0.062265 0.629027
vt 0.062265 0.633656
vt 0.072822 0.629027
vt 0.072814 0.641605
vt 0.062265 0.641605
vt 0.072814 0.624934
vt 0.062265 0.624934
vt 0.154597 0.572563
vt 0.158571 0.563691
vt 0.154597 0.567003
vt 0.163971 0.563809
vt 0.167355 0.567973
vt 0.157791 0.576377
vt 0.162944 0.576523
vt 0.167166 0.573183
vt 0.336348 0.630819
vt 0.321441 0.622098
vt 0.340165 0.622098
vt 0.317625 0.630819
vt 0.325257 0.614148
vt 0.343980 0.614148
vt 0.325257 0.614148
vt 0.340165 0.622098
vt 0.343980 0.614148
vt 0.321441 0.622098
vt 0.336348 0.630819
vt 0.317625 0.630819
vt 0.097188 0.630432
vt 0.088096 0.665699
vt 0.088096 0.630432
vt 0.097188 0.665699
vt 0.088096 0.630432
vt 0.079003 0.665699
vt 0.079003 0.630432
vt 0.079003 0.630432
vt 0.088148 0.665699
vt 0.088148 0.630432
vt 0.079003 0.665699
vt 0.088148 0.630432
vt 0.097188 0.665699
vt 0.097188 0.630432
vt 0.059453 0.499775
vt 0.052873 0.469841
vt 0.052873 0.499775
vt 0.059453 0.469841
vt 0.059453 0.559644
vt 0.052873 0.529709
vt 0.052873 0.559644
vt 0.059453 0.529709
vt 0.052873 0.499775
vt 0.059453 0.499775
vt 0.052873 0.469841
vt 0.059453 0.469841
vt 0.059453 0.559643
vt 0.052873 0.529709
vt 0.052873 0.559644
vt 0.059453 0.529709
vt 0.052873 0.499775
vt 0.059453 0.499775
vt 0.059453 0.559644
vt 0.052873 0.529709
vt 0.052873 0.559644
vt 0.059453 0.529709
vt 0.264090 0.544611
vt 0.204857 0.520075
vt 0.194694 0.544611
vt 0.253927 0.520076
vt 0.204857 0.520075
vt 0.264090 0.544610
vt 0.253927 0.520075
vt 0.194695 0.544610
vt 0.204857 0.569145
vt 0.253927 0.569145
vt 0.204858 0.569145
vt 0.253927 0.569145
vt 0.229392 0.509913
vt 0.229392 0.509913
vt 0.229392 0.579308
vt 0.229392 0.579308
vt 0.068488 0.399539
vt 0.077796 0.419586
vt 0.077796 0.399539
vt 0.068488 0.419586
vt 0.068488 0.339399
vt 0.077796 0.359445
vt 0.077796 0.339399
vt 0.068488 0.359445
vt 0.077796 0.379492
vt 0.068488 0.379492
vt 0.077796 0.399540
vt 0.068488 0.399540
vt 0.077796 0.419586
vt 0.068488 0.419586
vt 0.068488 0.339399
vt 0.077796 0.359445
vt 0.077796 0.339399
vt 0.068488 0.359445
vt 0.077796 0.379492
vt 0.068488 0.379492
vt 0.077796 0.399540
vt 0.068488 0.399540
vt 0.077796 0.419586
vt 0.068488 0.419586
vt 0.068488 0.339399
vt 0.077796 0.359445
vt 0.077796 0.339399
vt 0.068488 0.359445
vt 0.077796 0.379492
vt 0.068488 0.379492
vt 0.199650 0.569922
vt 0.127383 0.550557
vt 0.122195 0.569922
vt 0.194461 0.550557
vt 0.122972 0.562200
vt 0.197648 0.557633
vt 0.186584 0.540917
vt 0.124196 0.582210
vt 0.127383 0.589285
vt 0.194461 0.589285
vt 0.135261 0.598927
vt 0.198873 0.577642
vt 0.180286 0.536382
vt 0.141558 0.536382
vt 0.168643 0.531972
vt 0.131917 0.544260
vt 0.141558 0.603461
vt 0.180286 0.603461
vt 0.153201 0.607872
vt 0.189928 0.595584
vt 0.160922 0.531194
vt 0.148634 0.533195
vt 0.160922 0.608649
vt 0.173211 0.606647
vt 0.053632 0.537636
vt 0.070457 0.560499
vt 0.070457 0.537636
vt 0.053632 0.560499
vt 0.053632 0.469045
vt 0.070457 0.491908
vt 0.070457 0.469045
vt 0.053632 0.491908
vt 0.070457 0.514771
vt 0.053632 0.514771
vt 0.070457 0.537636
vt 0.053632 0.537636
vt 0.070457 0.560499
vt 0.053632 0.560499
vt 0.053632 0.469045
vt 0.070457 0.491908
vt 0.070457 0.469045
vt 0.053632 0.491908
vt 0.070457 0.514771
vt 0.053632 0.514771
vt 0.070457 0.537636
vt 0.053632 0.537636
vt 0.070457 0.560499
vt 0.053632 0.560499
vt 0.053632 0.469045
vt 0.070457 0.491908
vt 0.070457 0.469045
vt 0.053632 0.491908
vt 0.070457 0.514771
vt 0.053632 0.514771
vt 0.262717 0.544563
vt 0.200633 0.527927
vt 0.196176 0.544563
vt 0.258259 0.527927
vt 0.198510 0.489739
vt 0.128264 0.508110
vt 0.141939 0.521948
vt 0.193588 0.470917
vt 0.200633 0.561198
vt 0.258259 0.561198
vt 0.179913 0.457077
vt 0.123342 0.489287
vt 0.246081 0.515749
vt 0.212811 0.515749
vt 0.160700 0.527097
vt 0.193362 0.508500
vt 0.212811 0.573377
vt 0.246081 0.573377
vt 0.161152 0.451929
vt 0.128490 0.470526
vt 0.229446 0.511292
vt 0.179523 0.522175
vt 0.229446 0.577834
vt 0.142330 0.456852
vt 0.097188 0.613750
vt 0.088501 0.625517
vt 0.088115 0.608542
vt 0.096670 0.630208
vt 0.088115 0.608542
vt 0.077497 0.619219
vt 0.079003 0.603333
vt 0.088501 0.625517
vt 0.079677 0.620472
vt 0.088130 0.608541
vt 0.079003 0.603333
vt 0.087853 0.625138
vt 0.087853 0.625138
vt 0.097188 0.613750
vt 0.088130 0.608541
vt 0.098341 0.631160
vt 0.317560 0.622098
vt 0.317560 0.630819
vt 0.301201 0.621889
vt 0.301205 0.630734
vt 0.317560 0.614148
vt 0.301199 0.614071
vt 0.072814 0.624934
vt 0.062265 0.629027
vt 0.062265 0.624934
vt 0.072822 0.629027
vt 0.072814 0.633656
vt 0.062265 0.637307
vt 0.062265 0.633656
vt 0.072822 0.637307
vt 0.072814 0.641605
vt 0.062265 0.637307
vt 0.062265 0.641605
vt 0.072822 0.637307
vt 0.072814 0.633656
vt 0.062265 0.629027
vt 0.062265 0.633656
vt 0.072822 0.629027
vt 0.072814 0.641605
vt 0.062265 0.641605
vt 0.072814 0.624934
vt 0.062265 0.624934
vt 0.154597 0.572563
vt 0.158571 0.563691
vt 0.154597 0.567003
vt 0.163971 0.563809
vt 0.167355 0.567973
vt 0.157791 0.576377
vt 0.162944 0.576523
vt 0.167166 0.573183
vt 0.336348 0.630819
vt 0.321441 0.622098
vt 0.340165 0.622098
vt 0.317625 0.630819
vt 0.325257 0.614148
vt 0.343980 0.614148
vt 0.325257 0.614148
vt 0.340165 0.622098
vt 0.343980 0.614148
vt 0.321441 0.622098
vt 0.336348 0.630819
vt 0.317625 0.630819
vt 0.097188 0.630432
vt 0.088096 0.665699
vt 0.088096 0.630432
vt 0.097188 0.665699
vt 0.088096 0.630432
vt 0.079003 0.665699
vt 0.079003 0.630432
vt 0.079003 0.630432
vt 0.088148 0.665699
vt 0.088148 0.630432
vt 0.079003 0.665699
vt 0.088148 0.630432
vt 0.097188 0.665699
vt 0.097188 0.630432
vt 0.059453 0.499775
vt 0.052873 0.469841
vt 0.052873 0.499775
vt 0.059453 0.469841
vt 0.059453 0.559644
vt 0.052873 0.529709
vt 0.052873 0.559644
vt 0.059453 0.529709
vt 0.052873 0.499775
vt 0.059453 0.499775
vt 0.052873 0.469841
vt 0.059453 0.469841
vt 0.059453 0.559643
vt 0.052873 0.529709
vt 0.052873 0.559644
vt 0.059453 0.529709
vt 0.052873 0.499775
vt 0.059453 0.499775
vt 0.059453 0.559644
vt 0.052873 0.529709
vt 0.052873 0.559644
vt 0.059453 0.529709
vt 0.264090 0.544611
vt 0.204857 0.520075
vt 0.194694 0.544611
vt 0.253927 0.520076
vt 0.204857 0.520075
vt 0.264090 0.544610
vt 0.253927 0.520075
vt 0.194695 0.544610
vt 0.204857 0.569145
vt 0.253927 0.569145
vt 0.204858 0.569145
vt 0.253927 0.569145
vt 0.229392 0.509913
vt 0.229392 0.509913
vt 0.229392 0.579308
vt 0.229392 0.579308
vt 0.068488 0.399539
vt 0.077796 0.419586
vt 0.077796 0.399539
vt 0.068488 0.419586
vt 0.068488 0.339399
vt 0.077796 0.359445
vt 0.077796 0.339399
vt 0.068488 0.359445
vt 0.077796 0.379492
vt 0.068488 0.379492
vt 0.077796 0.399540
vt 0.068488 0.399540
vt 0.077796 0.419586
vt 0.068488 0.419586
vt 0.068488 0.339399
vt 0.077796 0.359445
vt 0.077796 0.339399
vt 0.068488 0.359445
vt 0.077796 0.379492
vt 0.068488 0.379492
vt 0.077796 0.399540
vt 0.068488 0.399540
vt 0.077796 0.419586
vt 0.068488 0.419586
vt 0.068488 0.339399
vt 0.077796 0.359445
vt 0.077796 0.339399
vt 0.068488 0.359445
vt 0.077796 0.379492
vt 0.068488 0.379492
vt 0.199650 0.569922
vt 0.127383 0.550557
vt 0.122195 0.569922
vt 0.194461 0.550557
vt 0.122972 0.562200
vt 0.197648 0.557633
vt 0.186584 0.540917
vt 0.124196 0.582210
vt 0.127383 0.589285
vt 0.194461 0.589285
vt 0.135261 0.598927
vt 0.198873 0.577642
vt 0.180286 0.536382
vt 0.141558 0.536382
vt 0.168643 0.531972
vt 0.131917 0.544260
vt 0.141558 0.603461
vt 0.180286 0.603461
vt 0.153201 0.607872
vt 0.189928 0.595584
vt 0.160922 0.531194
vt 0.148634 0.533195
vt 0.160922 0.608649
vt 0.173211 0.606647
vt 0.053632 0.537636
vt 0.070457 0.560499
vt 0.070457 0.537636
vt 0.053632 0.560499
vt 0.053632 0.469045
vt 0.070457 0.491908
vt 0.070457 0.469045
vt 0.053632 0.491908
vt 0.070457 0.514771
vt 0.053632 0.514771
vt 0.070457 0.537636
vt 0.053632 0.537636
vt 0.070457 0.560499
vt 0.053632 0.560499
vt 0.053632 0.469045
vt 0.070457 0.491908
vt 0.070457 0.469045
vt 0.053632 0.491908
vt 0.070457 0.514771
vt 0.053632 0.514771
vt 0.070457 0.537636
vt 0.053632 0.537636
vt 0.070457 0.560499
vt 0.053632 0.560499
vt 0.053632 0.469045
vt 0.070457 0.491908
vt 0.070457 0.469045
vt 0.053632 0.491908
vt 0.070457 0.514771
vt 0.053632 0.514771
vt 0.262717 0.544563
vt 0.200633 0.527927
vt 0.196176 0.544563
vt 0.258259 0.527927
vt 0.198510 0.489739
vt 0.128264 0.508110
vt 0.141939 0.521948
vt 0.193588 0.470917
vt 0.200633 0.561198
vt 0.258259 0.561198
vt 0.179913 0.457077
vt 0.123342 0.489287
vt 0.246081 0.515749
vt 0.212811 0.515749
vt 0.160700 0.527097
vt 0.193362 0.508500
vt 0.212811 0.573377
vt 0.246081 0.573377
vt 0.161152 0.451929
vt 0.128490 0.470526
vt 0.229446 0.511292
vt 0.179523 0.522175
vt 0.229446 0.577834
vt 0.142330 0.456852
vt 0.097188 0.613750
vt 0.088501 0.625517
vt 0.088115 0.608542
vt 0.096670 0.630208
vt 0.088115 0.608542
vt 0.077497 0.619219
vt 0.079003 0.603333
vt 0.088501 0.625517
vt 0.079677 0.620472
vt 0.088130 0.608541
vt 0.079003 0.603333
vt 0.087853 0.625138
vt 0.087853 0.625138
vt 0.097188 0.613750
vt 0.088130 0.608541
vt 0.098341 0.631160
vt 0.317560 0.622098
vt 0.317560 0.630819
vt 0.301201 0.621889
vt 0.301205 0.630734
vt 0.317560 0.614148
vt 0.301199 0.614071
vt 0.072814 0.624934
vt 0.062265 0.629027
vt 0.062265 0.624934
vt 0.072822 0.629027
vt 0.072814 0.633656
vt 0.062265 0.637307
vt 0.062265 0.633656
vt 0.072822 0.637307
vt 0.072814 0.641605
vt 0.062265 0.637307
vt 0.062265 0.641605
vt 0.072822 0.637307
vt 0.072814 0.633656
vt 0.062265 0.629027
vt 0.062265 0.633656
vt 0.072822 0.629027
vt 0.072814 0.641605
vt 0.062265 0.641605
vt 0.072814 0.624934
vt 0.062265 0.624934
vt 0.154597 0.572563
vt 0.158571 0.563691
vt 0.154597 0.567003
vt 0.163971 0.563809
vt 0.167355 0.567973
vt 0.157791 0.576377
vt 0.162944 0.576523
vt 0.167166 0.573183
vt 0.336348 0.630819
vt 0.321441 0.622098
vt 0.340165 0.622098
vt 0.317625 0.630819
vt 0.325257 0.614148
vt 0.343980 0.614148
vt 0.325257 0.614148
vt 0.340165 0.622098
vt 0.343980 0.614148
vt 0.321441 0.622098
vt 0.336348 0.630819
vt 0.317625 0.630819
vt 0.097188 0.630432
vt 0.088096 0.665699
vt 0.088096 0.630432
vt 0.097188 0.665699
vt 0.088096 0.630432
vt 0.079003 0.665699
vt 0.079003 0.630432
vt 0.079003 0.630432
vt 0.088148 0.665699
vt 0.088148 0.630432
vt 0.079003 0.665699
vt 0.088148 0.630432
vt 0.097188 0.665699
vt 0.097188 0.630432
vt 0.059453 0.499775
vt 0.052873 0.469841
vt 0.052873 0.499775
vt 0.059453 0.469841
vt 0.059453 0.559644
vt 0.052873 0.529709
vt 0.052873 0.559644
vt 0.059453 0.529709
vt 0.052873 0.499775
vt 0.059453 0.499775
vt 0.052873 0.469841
vt 0.059453 0.469841
vt 0.059453 0.559643
vt 0.052873 0.529709
vt 0.052873 0.559644
vt 0.059453 0.529709
vt 0.052873 0.499775
vt 0.059453 0.499775
vt 0.059453 0.559644
vt 0.052873 0.529709
vt 0.052873 0.559644
vt 0.059453 0.529709
vt 0.264090 0.544611
vt 0.204857 0.520075
vt 0.194694 0.544611
vt 0.253927 0.520076
vt 0.204857 0.520075
vt 0.264090 0.544610
vt 0.253927 0.520075
vt 0.194695 0.544610
vt 0.204857 0.569145
vt 0.253927 0.569145
vt 0.204858 0.569145
vt 0.253927 0.569145
vt 0.229392 0.509913
vt 0.229392 0.509913
vt 0.229392 0.579308
vt 0.229392 0.579308
vt 0.068488 0.399539
vt 0.077796 0.419586
vt 0.077796 0.399539
vt 0.068488 0.419586
vt 0.068488 0.339399
vt 0.077796 0.359445
vt 0.077796 0.339399
vt 0.068488 0.359445
vt 0.077796 0.379492
vt 0.068488 0.379492
vt 0.077796 0.399540
vt 0.068488 0.399540
vt 0.077796 0.419586
vt 0.068488 0.419586
vt 0.068488 0.339399
vt 0.077796 0.359445
vt 0.077796 0.339399
vt 0.068488 0.359445
vt 0.077796 0.379492
vt 0.068488 0.379492
vt 0.077796 0.399540
vt 0.068488 0.399540
vt 0.077796 0.419586
vt 0.068488 0.419586
vt 0.068488 0.339399
vt 0.077796 0.359445
vt 0.077796 0.339399
vt 0.068488 0.359445
vt 0.077796 0.379492
vt 0.068488 0.379492
vt 0.199650 0.569922
vt 0.127383 0.550557
vt 0.122195 0.569922
vt 0.194461 0.550557
vt 0.122972 0.562200
vt 0.197648 0.557633
vt 0.186584 0.540917
vt 0.124196 0.582210
vt 0.127383 0.589285
vt 0.194461 0.589285
vt 0.135261 0.598927
vt 0.198873 0.577642
vt 0.180286 0.536382
vt 0.141558 0.536382
vt 0.168643 0.531972
vt 0.131917 0.544260
vt 0.141558 0.603461
vt 0.180286 0.603461
vt 0.153201 0.607872
vt 0.189928 0.595584
vt 0.160922 0.531194
vt 0.148634 0.533195
vt 0.160922 0.608649
vt 0.173211 0.606647
vt 0.053632 0.537636
vt 0.070457 0.560499
vt 0.070457 0.537636
vt 0.053632 0.560499
vt 0.053632 0.469045
vt 0.070457 0.491908
vt 0.070457 0.469045
vt 0.053632 0.491908
vt 0.070457 0.514771
vt 0.053632 0.514771
vt 0.070457 0.537636
vt 0.053632 0.537636
vt 0.070457 0.560499
vt 0.053632 0.560499
vt 0.053632 0.469045
vt 0.070457 0.491908
vt 0.070457 0.469045
vt 0.053632 0.491908
vt 0.070457 0.514771
vt 0.053632 0.514771
vt 0.070457 0.537636
vt 0.053632 0.537636
vt 0.070457 0.560499
vt 0.053632 0.560499
vt 0.053632 0.469045
vt 0.070457 0.491908
vt 0.070457 0.469045
vt 0.053632 0.491908
vt 0.070457 0.514771
vt 0.053632 0.514771
vt 0.262717 0.544563
vt 0.200633 0.527927
vt 0.196176 0.544563
vt 0.258259 0.527927
vt 0.198510 0.489739
vt 0.128264 0.508110
vt 0.141939 0.521948
vt 0.193588 0.470917
vt 0.200633 0.561198
vt 0.258259 0.561198
vt 0.179913 0.457077
vt 0.123342 0.489287
vt 0.246081 0.515749
vt 0.212811 0.515749
vt 0.160700 0.527097
vt 0.193362 0.508500
vt 0.212811 0.573377
vt 0.246081 0.573377
vt 0.161152 0.451929
vt 0.128490 0.470526
vt 0.229446 0.511292
vt 0.179523 0.522175
vt 0.229446 0.577834
vt 0.142330 0.456852
vt 0.097188 0.613750
vt 0.088501 0.625517
vt 0.088115 0.608542
vt 0.096670 0.630208
vt 0.088115 0.608542
vt 0.077497 0.619219
vt 0.079003 0.603333
vt 0.088501 0.625517
vt 0.079677 0.620472
vt 0.088130 0.608541
vt 0.079003 0.603333
vt 0.087853 0.625138
vt 0.087853 0.625138
vt 0.097188 0.613750
vt 0.088130 0.608541
vt 0.098341 0.631160
vt 0.317560 0.622098
vt 0.317560 0.630819
vt 0.301201 0.621889
vt 0.301205 0.630734
vt 0.317560 0.614148
vt 0.301199 0.614071
vt 0.072814 0.624934
vt 0.062265 0.629027
vt 0.062265 0.624934
vt 0.072822 0.629027
vt 0.072814 0.633656
vt 0.062265 0.637307
vt 0.062265 0.633656
vt 0.072822 0.637307
vt 0.072814 0.641605
vt 0.062265 0.637307
vt 0.062265 0.641605
vt 0.072822 0.637307
vt 0.072814 0.633656
vt 0.062265 0.629027
vt 0.062265 0.633656
vt 0.072822 0.629027
vt 0.072814 0.641605
vt 0.062265 0.641605
vt 0.072814 0.624934
vt 0.062265 0.624934
vt 0.154597 0.572563
vt 0.158571 0.563691
vt 0.154597 0.567003
vt 0.163971 0.563809
vt 0.167355 0.567973
vt 0.157791 0.576377
vt 0.162944 0.576523
vt 0.167166 0.573183
vt 0.121396 0.545304
vt 0.136694 0.534644
vt 0.120497 0.543693
vt 0.137595 0.536254
vt 0.138337 0.530380
vt 0.125626 0.528553
vt 0.125626 0.530380
vt 0.138337 0.528553
vt 0.125626 0.528553
vt 0.136694 0.524288
vt 0.120496 0.515240
vt 0.138337 0.528553
vt 0.136694 0.534644
vt 0.125626 0.530380
vt 0.120497 0.543693
vt 0.138337 0.530380
vt 0.121385 0.545310
vt 0.136683 0.534650
vt 0.120486 0.543700
vt 0.137583 0.536262
vt 0.138325 0.530386
vt 0.125614 0.528559
vt 0.125614 0.530386
vt 0.138325 0.528560
vt 0.125614 0.528559
vt 0.136683 0.524296
vt 0.120486 0.515246
vt 0.138325 0.528560
vt 0.136683 0.534650
vt 0.125614 0.530386
vt 0.120486 0.543700
vt 0.138325 0.530386
vt 0.121374 0.545343
vt 0.136671 0.534683
vt 0.120475 0.543732
vt 0.137572 0.536294
vt 0.138314 0.530418
vt 0.125603 0.528592
vt 0.125603 0.530418
vt 0.138314 0.528592
vt 0.125603 0.528592
vt 0.136671 0.524328
vt 0.120474 0.515278
vt 0.138314 0.528592
vt 0.136671 0.534683
vt 0.125603 0.530418
vt 0.120475 0.543732
vt 0.138314 0.530418
vt 0.121374 0.545288
vt 0.136672 0.534628
vt 0.120474 0.543678
vt 0.137571 0.536239
vt 0.138314 0.530364
vt 0.125603 0.528536
vt 0.125603 0.530364
vt 0.138314 0.528536
vt 0.125603 0.528536
vt 0.136672 0.524272
vt 0.120474 0.515224
vt 0.138314 0.528536
vt 0.136672 0.534628
vt 0.125603 0.530364
vt 0.120474 0.543678
vt 0.138314 0.530364
vt 0.121370 0.513654
vt 0.136673 0.524313
vt 0.120470 0.515265
vt 0.137572 0.522703
vt 0.138313 0.528579
vt 0.125596 0.530406
vt 0.125596 0.528579
vt 0.138313 0.530406
vt 0.125596 0.530406
vt 0.136673 0.534672
vt 0.120470 0.543720
vt 0.138313 0.530406
vt 0.136673 0.524313
vt 0.125596 0.528579
vt 0.120470 0.515265
vt 0.138313 0.528579
vt 0.121370 0.545331
vt 0.136673 0.534672
vt 0.120470 0.543720
vt 0.137572 0.536282
vt 0.138313 0.530406
vt 0.125596 0.528579
vt 0.125596 0.530406
vt 0.138313 0.528579
vt 0.125596 0.528579
vt 0.136673 0.524313
vt 0.120470 0.515265
vt 0.138313 0.528579
vt 0.136673 0.534672
vt 0.125596 0.530406
vt 0.120470 0.543720
vt 0.138313 0.530406
vt 0.121374 0.513611
vt 0.136676 0.524270
vt 0.120473 0.515222
vt 0.137576 0.522659
vt 0.138317 0.528536
vt 0.125600 0.530363
vt 0.125600 0.528536
vt 0.138317 0.530363
vt 0.125600 0.530363
vt 0.136677 0.534629
vt 0.120474 0.543678
vt 0.138317 0.530363
vt 0.136676 0.524270
vt 0.125600 0.528536
vt 0.120473 0.515222
vt 0.138317 0.528536
vt 0.121374 0.513665
vt 0.136676 0.524325
vt 0.120474 0.515277
vt 0.137577 0.522714
vt 0.138317 0.528592
vt 0.125600 0.530418
vt 0.125600 0.528592
vt 0.138317 0.530418
vt 0.125600 0.530418
vt 0.136676 0.534684
vt 0.120475 0.543732
vt 0.138317 0.530418
vt 0.136676 0.524325
vt 0.125600 0.528592
vt 0.120474 0.515277
vt 0.138317 0.528592
vt 0.121385 0.513633
vt 0.136687 0.524292
vt 0.120486 0.515244
vt 0.137588 0.522682
vt 0.138329 0.528558
vt 0.125611 0.530385
vt 0.125611 0.528558
vt 0.138329 0.530385
vt 0.125611 0.530385
vt 0.136687 0.534651
vt 0.120486 0.543700
vt 0.138329 0.530385
vt 0.136687 0.524292
vt 0.125611 0.528558
vt 0.120486 0.515244
vt 0.138329 0.528558
vt 0.121397 0.513628
vt 0.136694 0.524288
vt 0.120496 0.515240
vt 0.137595 0.522677
vt 0.138337 0.528553
vt 0.125626 0.530380
vt 0.125626 0.528553
vt 0.138337 0.530380
vt 0.125626 0.530380
vt 0.136694 0.534644
vt 0.120497 0.543693
vt 0.138337 0.530380
vt 0.136694 0.524288
vt 0.125626 0.528553
vt 0.120496 0.515240
vt 0.138337 0.528553
vt 0.105164 0.268278
vt 0.100041 0.279299
vt 0.105164 0.279299
vt 0.100041 0.268278
vt 0.223023 0.650708
vt 0.209639 0.655195
vt 0.223080 0.657856
vt 0.212322 0.648568
vt 0.105164 0.257252
vt 0.100041 0.257252
vt 0.198240 0.647591
vt 0.203255 0.642497
vt 0.105164 0.246230
vt 0.100041 0.246230
vt 0.190619 0.636205
vt 0.197203 0.633417
vt 0.105164 0.235204
vt 0.100041 0.235204
vt 0.187936 0.622769
vt 0.195084 0.622712
vt 0.105164 0.224183
vt 0.100042 0.224183
vt 0.190598 0.609328
vt 0.197224 0.612011
vt 0.105164 0.213157
vt 0.100042 0.213157
vt 0.198202 0.597929
vt 0.203295 0.602944
vt 0.105164 0.202131
vt 0.100042 0.202131
vt 0.209588 0.590308
vt 0.212376 0.596891
vt 0.105164 0.191105
vt 0.100042 0.191105
vt 0.223024 0.587625
vt 0.223080 0.594773
vt 0.105164 0.180083
vt 0.100042 0.180083
vt 0.236464 0.590287
vt 0.233781 0.596913
vt 0.105165 0.169062
vt 0.100042 0.169062
vt 0.247863 0.597890
vt 0.242848 0.602984
vt 0.105165 0.158036
vt 0.100042 0.158036
vt 0.255484 0.609277
vt 0.248902 0.612064
vt 0.105165 0.147014
vt 0.100043 0.147014
vt 0.258168 0.622712
vt 0.251019 0.622769
vt 0.105166 0.135988
vt 0.100043 0.135988
vt 0.255506 0.636153
vt 0.248879 0.633470
vt 0.105166 0.124967
vt 0.100043 0.124967
vt 0.247903 0.647552
vt 0.242808 0.642537
vt 0.105166 0.113945
vt 0.100044 0.113945
vt 0.236516 0.655173
vt 0.233729 0.648589
vt 0.105168 0.102919
vt 0.100044 0.102919
vt 0.067399 0.508397
vt 0.065360 0.513413
vt 0.067400 0.513413
vt 0.065360 0.508397
vt 0.067396 0.503385
vt 0.065360 0.503386
vt 0.067393 0.498383
vt 0.065360 0.498383
vt 0.067389 0.493390
vt 0.065360 0.493390
vt 0.067385 0.488408
vt 0.065360 0.488408
vt 0.067382 0.483434
vt 0.065360 0.483434
vt 0.067378 0.478466
vt 0.065360 0.478466
vt 0.067380 0.473510
vt 0.065360 0.473500
vt 0.067378 0.548359
vt 0.065359 0.553326
vt 0.067379 0.553316
vt 0.065359 0.548359
vt 0.067381 0.543392
vt 0.065359 0.543391
vt 0.067384 0.538418
vt 0.065360 0.538418
vt 0.067388 0.533436
vt 0.065360 0.533435
vt 0.067392 0.528443
vt 0.065360 0.528443
vt 0.067396 0.523440
vt 0.065360 0.523440
vt 0.067399 0.518429
vt 0.065360 0.518429
vt 0.074954 0.536767
vt 0.089135 0.545015
vt 0.084957 0.534781
vt 0.074954 0.547821
vt 0.101153 0.536998
vt 0.093376 0.529142
vt 0.109189 0.524994
vt 0.098997 0.520712
vt 0.112018 0.510772
vt 0.100964 0.510772
vt 0.074954 0.536833
vt 0.089125 0.545080
vt 0.084946 0.534845
vt 0.074954 0.547887
vt 0.101142 0.537064
vt 0.093365 0.529208
vt 0.109178 0.525058
vt 0.098986 0.520777
vt 0.112007 0.510772
vt 0.100953 0.510772
vt 0.074954 0.536840
vt 0.089125 0.545087
vt 0.084946 0.534853
vt 0.074954 0.547894
vt 0.101142 0.537071
vt 0.093365 0.529216
vt 0.109177 0.525066
vt 0.098986 0.520785
vt 0.112007 0.510772
vt 0.100952 0.510772
vt 0.074954 0.536775
vt 0.089135 0.545023
vt 0.084956 0.534788
vt 0.074954 0.547829
vt 0.101153 0.537006
vt 0.093375 0.529150
vt 0.109188 0.525001
vt 0.098997 0.520720
vt 0.112017 0.510772
vt 0.100963 0.510772
vt 0.101087 0.399856
vt 0.104997 0.379553
vt 0.101087 0.379555
vt 0.104997 0.399854
vt 0.101087 0.420245
vt 0.104997 0.420245
vt 0.101087 0.359339
vt 0.104997 0.339037
vt 0.101087 0.339037
vt 0.104997 0.359338
vt 0.101087 0.379641
vt 0.104997 0.379640
vt 0.101087 0.399944
vt 0.104997 0.399942
vt 0.101087 0.420245
vt 0.104997 0.420245
vt 0.101087 0.359253
vt 0.104997 0.339037
vt 0.101087 0.339037
vt 0.104997 0.359251
vt 0.154615 0.627125
vt 0.127163 0.654577
vt 0.146575 0.646536
vt 0.146575 0.607713
vt 0.099711 0.627125
vt 0.107751 0.646536
vt 0.127163 0.599672
vt 0.107751 0.607713
vt 0.127163 0.599671
vt 0.154615 0.627123
vt 0.146575 0.607711
vt 0.107751 0.607711
vt 0.127163 0.654575
vt 0.146575 0.646534
vt 0.099711 0.627123
vt 0.107751 0.646534
vt 0.231396 0.629799
vt 0.219883 0.633162
vt 0.226183 0.633360
vt 0.233407 0.623773
vt 0.214933 0.629295
vt 0.213233 0.623152
vt 0.215250 0.617155
vt 0.220499 0.613617
vt 0.231700 0.617648
vt 0.226788 0.613800
vt 0.234072 0.615997
vt 0.233407 0.623773
vt 0.236315 0.623803
vt 0.231700 0.617648
vt 0.231396 0.629799
vt 0.233745 0.631504
vt 0.226183 0.633360
vt 0.227039 0.636127
vt 0.219883 0.633162
vt 0.218948 0.635904
vt 0.214933 0.629295
vt 0.212528 0.630955
vt 0.213233 0.623152
vt 0.210261 0.623048
vt 0.215250 0.617155
vt 0.212985 0.615337
vt 0.220499 0.613617
vt 0.219738 0.610873
vt 0.226788 0.613800
vt 0.227716 0.611086
vt 0.714397 0.935465
vt 0.716628 0.922771
vt 0.710249 0.926822
vt 0.722421 0.930368
vt 0.729438 0.923638
vt 0.721631 0.917518
vt 0.734639 0.915629
vt 0.726196 0.911267
vt 0.726196 0.911267
vt 0.729438 0.923638
vt 0.721631 0.917518
vt 0.734639 0.915629
vt 0.722421 0.930368
vt 0.716628 0.922771
vt 0.714397 0.935465
vt 0.710249 0.926822
vt 0.705361 0.938516
vt 0.703168 0.929313
vt 0.696133 0.939534
vt 0.696133 0.930333
vt 0.696133 0.930333
vt 0.705361 0.938516
vt 0.703168 0.929313
vt 0.696133 0.939534
vt 0.721256 0.949627
vt 0.732151 0.942986
vt 0.741331 0.933614
vt 0.748921 0.922336
vt 0.748921 0.922336
vt 0.741331 0.933614
vt 0.732151 0.942986
vt 0.721256 0.949627
vt 0.709056 0.953927
vt 0.696133 0.955447
vt 0.696133 0.955447
vt 0.709056 0.953927
vt 0.220073 0.657107
vt 0.224786 0.664082
vt 0.225817 0.657107
vt 0.220924 0.664023
vt 0.224719 0.663465
vt 0.222857 0.657218
vt 0.225744 0.657134
vt 0.220877 0.663406
vt 0.220030 0.657134
vt 0.220073 0.657107
vt 0.224786 0.664082
vt 0.225817 0.657107
vt 0.220924 0.664023
vt 0.224719 0.663465
vt 0.222857 0.657218
vt 0.225744 0.657134
vt 0.220877 0.663406
vt 0.220030 0.657134
vt 0.220073 0.657107
vt 0.224786 0.664082
vt 0.225817 0.657107
vt 0.220924 0.664023
vt 0.224719 0.663465
vt 0.222857 0.657218
vt 0.225744 0.657134
vt 0.220877 0.663406
vt 0.220030 0.657134
vt 0.241269 0.652858
vt 0.249489 0.654677
vt 0.245437 0.648906
vt 0.246645 0.657291
vt 0.249015 0.654276
vt 0.243366 0.651023
vt 0.245403 0.648976
vt 0.246187 0.656876
vt 0.241257 0.652907
vt 0.220073 0.657107
vt 0.224786 0.664082
vt 0.225817 0.657107
vt 0.220924 0.664023
vt 0.224719 0.663465
vt 0.222857 0.657218
vt 0.225744 0.657134
vt 0.220877 0.663406
vt 0.220030 0.657134
vt 0.220073 0.657107
vt 0.224786 0.664082
vt 0.225817 0.657107
vt 0.220924 0.664023
vt 0.224719 0.663465
vt 0.222857 0.657218
vt 0.225744 0.657134
vt 0.220877 0.663406
vt 0.220030 0.657134
vt 0.209055 0.654351
vt 0.211199 0.662492
vt 0.214476 0.656248
vt 0.207574 0.661160
vt 0.211339 0.661887
vt 0.211646 0.655375
vt 0.214398 0.656249
vt 0.207733 0.660562
vt 0.209005 0.654362
vt 0.220073 0.657107
vt 0.224786 0.664082
vt 0.225817 0.657107
vt 0.220924 0.664023
vt 0.224719 0.663465
vt 0.222857 0.657218
vt 0.225744 0.657134
vt 0.220877 0.663406
vt 0.220030 0.657134
vt 0.220073 0.657107
vt 0.224786 0.664082
vt 0.225817 0.657107
vt 0.220924 0.664023
vt 0.224719 0.663465
vt 0.222857 0.657218
vt 0.225744 0.657134
vt 0.220877 0.663406
vt 0.220030 0.657134
vt 0.220073 0.657107
vt 0.224786 0.664082
vt 0.225817 0.657107
vt 0.220924 0.664023
vt 0.224719 0.663465
vt 0.222857 0.657218
vt 0.225744 0.657134
vt 0.220877 0.663406
vt 0.220030 0.657134
vt 0.220073 0.657107
vt 0.224786 0.664082
vt 0.225817 0.657107
vt 0.220924 0.664023
vt 0.224719 0.663465
vt 0.222857 0.657218
vt 0.225744 0.657134
vt 0.220877 0.663406
vt 0.220030 0.657134
vt 0.220073 0.657107
vt 0.224786 0.664082
vt 0.225817 0.657107
vt 0.220924 0.664023
vt 0.224719 0.663465
vt 0.222857 0.657218
vt 0.225744 0.657134
vt 0.220877 0.663406
vt 0.220030 0.657134
vt 0.189148 0.619763
vt 0.182215 0.624538
vt 0.189199 0.625506
vt 0.182240 0.620676
vt 0.224719 0.663465
vt 0.222857 0.657218
vt 0.225744 0.657134
vt 0.220877 0.663406
vt 0.220030 0.657134
vt 0.220073 0.657107
vt 0.224786 0.664082
vt 0.225817 0.657107
vt 0.220924 0.664023
vt 0.224719 0.663465
vt 0.222857 0.657218
vt 0.225744 0.657134
vt 0.220877 0.663406
vt 0.220030 0.657134
vt 0.220073 0.657107
vt 0.224786 0.664082
vt 0.225817 0.657107
vt 0.220924 0.664023
vt 0.224719 0.663465
vt 0.222857 0.657218
vt 0.225744 0.657134
vt 0.220877 0.663406
vt 0.220030 0.657134
vt 0.220073 0.657107
vt 0.224786 0.664082
vt 0.225817 0.657107
vt 0.220924 0.664023
vt 0.224719 0.663465
vt 0.222857 0.657218
vt 0.225744 0.657134
vt 0.220877 0.663406
vt 0.220030 0.657134
vt 0.220073 0.657107
vt 0.224786 0.664082
vt 0.225817 0.657107
vt 0.220924 0.664023
vt 0.224719 0.663465
vt 0.222857 0.657218
vt 0.225744 0.657134
vt 0.220877 0.663406
vt 0.220030 0.657134
vt 0.194316 0.640637
vt 0.190958 0.648357
vt 0.197398 0.645484
vt 0.188937 0.645066
vt 0.191442 0.647969
vt 0.195716 0.643046
vt 0.197335 0.645437
vt 0.189432 0.644695
vt 0.194270 0.640615
vt 0.220073 0.657107
vt 0.224786 0.664082
vt 0.225817 0.657107
vt 0.220924 0.664023
vt 0.224719 0.663465
vt 0.222857 0.657218
vt 0.225744 0.657134
vt 0.220877 0.663406
vt 0.220030 0.657134
vt 0.220073 0.657107
vt 0.224786 0.664082
vt 0.225817 0.657107
vt 0.220924 0.664023
vt 0.224719 0.663465
vt 0.222857 0.657218
vt 0.225744 0.657134
vt 0.220877 0.663406
vt 0.220030 0.657134
vt 0.097365 0.459405
vt 0.069169 0.458118
vt 0.069170 0.459404
vt 0.097365 0.458118
vt 0.124461 0.450138
vt 0.097365 0.458118
vt 0.124461 0.453780
vt 0.069803 0.450138
vt 0.069803 0.467385
vt 0.097365 0.459405
vt 0.069803 0.463747
vt 0.124461 0.467385
vt 0.125467 0.458118
vt 0.125467 0.459405
vt 0.069803 0.453780
vt 0.124461 0.463738
vt 0.097365 0.459405
vt 0.069169 0.458118
vt 0.069170 0.459404
vt 0.097365 0.458118
vt 0.124461 0.450138
vt 0.097365 0.458118
vt 0.124461 0.453780
vt 0.069803 0.450138
vt 0.069803 0.467385
vt 0.097365 0.459405
vt 0.069803 0.463747
vt 0.124461 0.467385
vt 0.125467 0.458118
vt 0.125467 0.459405
vt 0.069803 0.453780
vt 0.124461 0.463738
vt 0.097365 0.459405
vt 0.069169 0.458118
vt 0.069170 0.459404
vt 0.097365 0.458118
vt 0.124461 0.450138
vt 0.097365 0.458118
vt 0.124461 0.453780
vt 0.069803 0.450138
vt 0.069803 0.467385
vt 0.097365 0.459405
vt 0.069803 0.463747
vt 0.124461 0.467385
vt 0.125467 0.458119
vt 0.125467 0.459405
vt 0.069803 0.453780
vt 0.124461 0.463738
vt 0.097365 0.459405
vt 0.069169 0.458118
vt 0.069170 0.459404
vt 0.097365 0.458118
vt 0.124461 0.450138
vt 0.097365 0.458118
vt 0.124461 0.453780
vt 0.069803 0.450138
vt 0.069803 0.467385
vt 0.097365 0.459405
vt 0.069803 0.463747
vt 0.124461 0.467385
vt 0.125467 0.458119
vt 0.125467 0.459405
vt 0.069803 0.453780
vt 0.124461 0.463738
vt 0.097365 0.458118
vt 0.125467 0.459405
vt 0.125467 0.458118
vt 0.097365 0.459405
vt 0.124461 0.450138
vt 0.097365 0.458118
vt 0.124461 0.453780
vt 0.069803 0.450138
vt 0.069803 0.467385
vt 0.097365 0.459405
vt 0.069803 0.463747
vt 0.124461 0.467385
vt 0.069170 0.459404
vt 0.069169 0.458118
vt 0.069803 0.453780
vt 0.124461 0.463738
vt 0.090990 0.520104
vt 0.074002 0.507531
vt 0.074002 0.520104
vt 0.090990 0.507531
vt 0.074002 0.494959
vt 0.090990 0.494959
vt 0.074002 0.482386
vt 0.090990 0.482386
vt 0.074002 0.469813
vt 0.090990 0.469813
vt 0.090990 0.520104
vt 0.074002 0.507531
vt 0.074002 0.520104
vt 0.090990 0.507531
vt 0.074002 0.494959
vt 0.090990 0.494959
vt 0.074002 0.482386
vt 0.090990 0.482386
vt 0.074002 0.469813
vt 0.090990 0.469813
vt 0.090990 0.520104
vt 0.074002 0.507531
vt 0.074002 0.520104
vt 0.090990 0.507531
vt 0.074002 0.494959
vt 0.090990 0.494959
vt 0.074002 0.482386
vt 0.090990 0.482386
vt 0.074002 0.469813
vt 0.090990 0.469813
vt 0.090990 0.520104
vt 0.074002 0.507531
vt 0.074002 0.520104
vt 0.090990 0.507531
vt 0.074002 0.494959
vt 0.090990 0.494959
vt 0.074002 0.482386
vt 0.090990 0.482386
vt 0.074002 0.469813
vt 0.090990 0.469813
vt 0.074994 0.595287
vt 0.083917 0.550427
vt 0.074994 0.556390
vt 0.083917 0.601249
vt 0.099169 0.316594
vt 0.102816 0.308994
vt 0.099169 0.308994
vt 0.102816 0.316594
vt 0.099169 0.324184
vt 0.102816 0.324184
vt 0.099169 0.331841
vt 0.102816 0.331841
vt 0.099169 0.293828
vt 0.102816 0.286301
vt 0.099169 0.286301
vt 0.102816 0.293828
vt 0.099169 0.301436
vt 0.102816 0.301436
vt 0.099169 0.309035
vt 0.102816 0.309035
vt 0.099169 0.316634
vt 0.102816 0.316634
vt 0.099169 0.324241
vt 0.102816 0.324241
vt 0.099169 0.331841
vt 0.102816 0.331841
vt 0.099169 0.293795
vt 0.102816 0.286301
vt 0.099169 0.286301
vt 0.102816 0.293795
vt 0.099169 0.301395
vt 0.102816 0.301395
vt 0.258974 0.476358
vt 0.262024 0.488676
vt 0.264423 0.476334
vt 0.256980 0.486613
vt 0.255085 0.499161
vt 0.251215 0.495324
vt 0.244660 0.506191
vt 0.242553 0.501166
vt 0.232340 0.508698
vt 0.232316 0.503250
vt 0.219998 0.506299
vt 0.222061 0.501256
vt 0.209513 0.499360
vt 0.213349 0.495490
vt 0.202482 0.488937
vt 0.207507 0.486829
vt 0.199975 0.476616
vt 0.205424 0.476592
vt 0.202375 0.464274
vt 0.207418 0.466337
vt 0.209315 0.453789
vt 0.213184 0.457625
vt 0.219738 0.446759
vt 0.221845 0.451783
vt 0.232059 0.444252
vt 0.232082 0.449700
vt 0.244401 0.446650
vt 0.242338 0.451694
vt 0.254885 0.453590
vt 0.251049 0.457459
vt 0.261916 0.464013
vt 0.256891 0.466121
vt 0.119184 0.511735
vt 0.114753 0.522128
vt 0.114753 0.511735
vt 0.119184 0.522128
vt 0.114753 0.532520
vt 0.119184 0.532520
vt 0.114753 0.542913
vt 0.119184 0.542914
vt 0.114753 0.553307
vt 0.119184 0.553307
vt 0.119184 0.553307
vt 0.114753 0.542848
vt 0.114753 0.553307
vt 0.119184 0.542848
vt 0.114753 0.532455
vt 0.119184 0.532455
vt 0.114753 0.522063
vt 0.119184 0.522063
vt 0.114753 0.511670
vt 0.119184 0.511670
vt 0.114753 0.501278
vt 0.119184 0.501278
vt 0.114753 0.490885
vt 0.119184 0.490885
vt 0.114753 0.480492
vt 0.119184 0.480492
vt 0.114753 0.470164
vt 0.119184 0.470164
vt 0.119184 0.470164
vt 0.114753 0.480557
vt 0.114753 0.470164
vt 0.119184 0.480557
vt 0.114753 0.490950
vt 0.119184 0.490950
vt 0.114753 0.501342
vt 0.119184 0.501342
vt 0.232315 0.492125
vt 0.222338 0.500903
vt 0.232396 0.502768
vt 0.224479 0.490055
vt 0.242395 0.500734
vt 0.240108 0.489967
vt 0.232086 0.460910
vt 0.242084 0.452155
vt 0.232020 0.450241
vt 0.239932 0.463003
vt 0.221984 0.452231
vt 0.224273 0.463038
vt 0.256439 0.466368
vt 0.247831 0.476413
vt 0.258446 0.476374
vt 0.245663 0.468655
vt 0.216544 0.476629
vt 0.207728 0.466628
vt 0.205865 0.476719
vt 0.218583 0.468778
vt 0.207919 0.486742
vt 0.218725 0.484410
vt 0.256566 0.486373
vt 0.245774 0.484237
vt 0.250918 0.494985
vt 0.250701 0.457829
vt 0.213399 0.457977
vt 0.213703 0.495275
vt 0.104968 0.601249
vt 0.094443 0.548334
vt 0.094443 0.603343
vt 0.104968 0.550427
vt 0.113891 0.595287
vt 0.113891 0.556390
vt 0.069032 0.565312
vt 0.069032 0.586363
vt 0.119853 0.586363
vt 0.119853 0.565312
vt 0.245480 0.469248
vt 0.232164 0.476427
vt 0.247244 0.477295
vt 0.239830 0.463443
vt 0.232081 0.461366
vt 0.224448 0.463496
vt 0.218989 0.469144
vt 0.217089 0.476725
vt 0.219168 0.484179
vt 0.224706 0.489557
vt 0.232115 0.491536
vt 0.239474 0.489666
vt 0.244961 0.484479
vt 0.066939 0.575839
vt 0.121947 0.575839
vt 0.317560 0.614148
vt 0.301198 0.614231
vt 0.317560 0.622098
vt 0.301202 0.622263
vt 0.317560 0.630819
vt 0.301204 0.630896
vt 0.317560 0.614148
vt 0.301198 0.614231
vt 0.317560 0.622098
vt 0.301202 0.622263
vt 0.317560 0.630819
vt 0.301204 0.630896
vt 0.317560 0.614148
vt 0.301198 0.614231
vt 0.317560 0.622098
vt 0.301202 0.622263
vt 0.317560 0.630819
vt 0.301204 0.630896
vt 0.317560 0.614148
vt 0.301198 0.614231
vt 0.317560 0.622098
vt 0.301202 0.622263
vt 0.317560 0.630819
vt 0.301204 0.630896
vn 0.4358 0.6364 0.6364
vn -0.4358 -0.6364 0.6364
vn -0.4358 -0.6364 -0.6364
vn 0.4358 0.6364 -0.6364
vn 0.0000 0.7071 0.7071
vn 0.0000 -0.7071 0.7071
vn 0.0000 -0.7071 -0.7071
vn 0.0000 0.7071 -0.7071
vn 0.0000 -0.3827 0.9239
vn 0.0000 -0.9239 0.3827
vn 0.0000 -0.9239 -0.3827
vn 0.0000 -0.3827 -0.9239
vn 0.0000 0.3827 -0.9239
vn 0.0000 0.9239 -0.3827
vn 0.0000 0.9239 0.3827
vn 0.0000 0.3827 0.9239
vn 1.0000 -0.0000 0.0000
vn -1.0000 0.0000 0.0000
vn 0.0000 -0.7383 -0.6745
vn 0.0000 -0.3021 -0.9533
vn 0.0000 0.2150 -0.9766
vn 0.0000 0.6745 -0.7383
vn 0.0000 0.9533 -0.3021
vn 0.0000 0.9766 0.2150
vn 0.0000 0.7383 0.6745
vn 0.0000 0.3021 0.9533
vn 0.0000 -0.2150 0.9766
vn 0.0000 -0.6745 0.7383
vn 0.0000 -0.9533 0.3021
vn 0.0000 -0.9766 -0.2150
vn 0.0000 0.9584 0.2855
vn 0.0000 0.6872 0.7264
vn 0.0000 0.2319 0.9727
vn 0.0000 -0.2855 0.9584
vn 0.0000 -0.7264 0.6872
vn 0.0000 -0.9727 0.2320
vn 0.0000 -0.9584 -0.2855
vn 0.0000 -0.6872 -0.7264
vn 0.0000 -0.2319 -0.9727
vn 0.0000 0.2855 -0.9584
vn 0.0000 0.7264 -0.6872
vn 0.0000 0.9727 -0.2320
vn 0.5741 0.5790 0.5789
vn 0.5672 0.6237 0.5379
vn -0.5613 -0.5852 0.5852
vn -0.5655 -0.5474 0.6168
vn -0.5882 -0.5718 -0.5719
vn -0.5821 -0.6049 -0.5434
vn 0.5410 0.5947 -0.5947
vn 0.5484 0.5455 -0.6338
vn -0.0120 0.7572 0.6531
vn 0.0311 0.7076 0.7059
vn -0.0067 -0.6638 0.7479
vn 0.0279 -0.7062 0.7075
vn 0.0000 0.9145 0.4047
vn 0.0000 -0.4068 0.9135
vn 0.0000 -0.9084 -0.4182
vn 0.0000 0.4300 -0.9028
vn 0.0000 -0.9068 0.4215
vn 0.0000 0.9095 -0.4157
vn 0.0000 0.4412 0.8974
vn 0.0000 -0.4083 -0.9128
vn -1.0000 -0.0010 0.0018
vn -1.0000 0.0000 0.0025
vn -1.0000 0.0001 0.0037
vn -1.0000 -0.0003 -0.0013
vn -1.0000 0.0012 -0.0019
vn -1.0000 0.0002 0.0014
vn -1.0000 0.0001 -0.0025
vn -1.0000 0.0001 -0.0038
vn 0.0000 -0.9984 -0.0573
vn 0.0000 -0.8360 -0.5488
vn 0.0000 -0.4495 -0.8933
vn 0.0000 0.0573 -0.9984
vn 0.0000 0.5488 -0.8359
vn 0.0000 0.8932 -0.4496
vn 0.0000 0.9984 0.0573
vn 0.0000 0.8360 0.5488
vn 0.0000 0.4495 0.8933
vn 0.0000 -0.0573 0.9984
vn 0.0000 -0.5488 0.8359
vn 0.0000 -0.8932 0.4496
vn 0.0000 0.1849 -0.9828
vn 0.0000 0.6515 -0.7587
vn 0.0000 0.9435 -0.3313
vn 0.0000 0.9828 0.1849
vn 0.0000 0.7587 0.6515
vn 0.0000 0.3313 0.9435
vn 0.0000 -0.1849 0.9828
vn 0.0000 -0.6515 0.7587
vn 0.0000 -0.9435 0.3313
vn 0.0000 -0.9828 -0.1849
vn 0.0000 -0.7587 -0.6515
vn 0.0000 -0.3313 -0.9435
vn -1.0000 -0.0010 0.0019
vn -1.0000 -0.0003 -0.0014
vn 0.0000 0.3695 -0.9292
vn 0.0000 0.7846 -0.6200
vn 0.0000 0.9895 -0.1446
vn 0.0000 0.9292 0.3695
vn 0.0000 0.6200 0.7846
vn 0.0000 0.1446 0.9895
vn 0.0000 -0.3695 0.9292
vn 0.0000 -0.7846 0.6200
vn 0.0000 -0.9895 0.1446
vn 0.0000 -0.9292 -0.3695
vn 0.0000 -0.6200 -0.7846
vn 0.0000 -0.1446 -0.9895
vn 0.0000 -0.2471 0.9690
vn 0.0000 -0.6985 0.7156
vn 0.0000 -0.9627 0.2705
vn 0.0000 -0.9690 -0.2471
vn 0.0000 -0.7156 -0.6985
vn 0.0000 -0.2705 -0.9627
vn 0.0000 0.2471 -0.9690
vn 0.0000 0.6985 -0.7156
vn 0.0000 0.9627 -0.2705
vn 0.0000 0.9690 0.2471
vn 0.0000 0.7156 0.6985
vn 0.0000 0.2705 0.9627
vn 0.5741 0.5790 0.5790
vn 0.0000 -0.8918 -0.4524
vn 0.0000 -0.5462 -0.8377
vn 0.0000 -0.0542 -0.9985
vn 0.0000 0.4524 -0.8918
vn 0.0000 0.8377 -0.5462
vn 0.0000 0.9985 -0.0542
vn 0.0000 0.8918 0.4524
vn 0.0000 0.5462 0.8377
vn 0.0000 0.0542 0.9985
vn 0.0000 -0.4524 0.8918
vn 0.0000 -0.8377 0.5461
vn 0.0000 -0.9985 0.0542
vn 0.0000 -0.6005 -0.7996
vn 0.0000 -0.1203 -0.9927
vn 0.0000 0.3922 -0.9199
vn 0.0000 0.7996 -0.6005
vn 0.0000 0.9927 -0.1203
vn 0.0000 0.9199 0.3922
vn 0.0000 0.6005 0.7996
vn 0.0000 0.1203 0.9927
vn 0.0000 -0.3922 0.9199
vn 0.0000 -0.7996 0.6005
vn 0.0000 -0.9927 0.1202
vn 0.0000 -0.9199 -0.3922
vn 0.5741 0.5789 0.5789
vn -0.5882 -0.5719 -0.5719
vn 0.0000 -0.4084 -0.9128
vn 0.6305 0.7553 -0.1788
vn -0.9351 -0.3449 0.0817
vn -0.0007 -0.2393 -0.9709
vn -0.0028 -0.2394 -0.9709
vn -0.0032 -0.2393 -0.9709
vn 0.0000 -0.2393 -0.9709
vn -0.0022 0.2324 0.9726
vn -0.0006 0.2324 0.9726
vn -0.0026 0.2323 0.9726
vn 0.0000 0.2324 0.9726
vn 0.6305 0.5059 -0.5886
vn -0.9351 -0.2309 0.2687
vn -0.0009 -0.7649 -0.6441
vn -0.0035 -0.7650 -0.6441
vn -0.0040 -0.7649 -0.6441
vn 0.0000 -0.7649 -0.6441
vn -0.0015 0.7603 0.6496
vn -0.0004 0.7603 0.6496
vn -0.0018 0.7603 0.6496
vn 0.0000 0.7603 0.6496
vn 0.6305 0.0552 -0.7742
vn -0.9353 -0.0252 0.3530
vn -0.0009 -0.9982 -0.0607
vn -0.0038 -0.9981 -0.0607
vn -0.0043 -0.9981 -0.0607
vn 0.0000 -0.9982 -0.0607
vn -0.0013 0.9977 0.0678
vn -0.0003 0.9977 0.0678
vn -0.0015 0.9977 0.0678
vn 0.0000 0.9977 0.0678
vn 0.6305 -0.3988 -0.6659
vn 0.6305 -0.3989 -0.6659
vn -0.9354 0.1817 0.3033
vn -0.0009 -0.8526 0.5225
vn -0.0036 -0.8527 0.5225
vn -0.0041 -0.8526 0.5225
vn 0.0000 -0.8526 0.5225
vn -0.0015 0.8563 -0.5165
vn -0.0004 0.8563 -0.5165
vn -0.0017 0.8563 -0.5164
vn 0.0000 0.8563 -0.5165
vn 0.6305 -0.7167 -0.2980
vn -0.9355 0.3263 0.1357
vn -0.0008 -0.3754 0.9269
vn -0.0030 -0.3754 0.9269
vn -0.0034 -0.3754 0.9269
vn 0.0000 -0.3754 0.9269
vn -0.0022 0.3821 -0.9241
vn -0.0005 0.3820 -0.9242
vn -0.0024 0.3820 -0.9242
vn 0.0000 0.3820 -0.9242
vn 0.6305 -0.7553 0.1788
vn -0.9355 0.3439 -0.0814
vn -0.0004 0.2380 0.9713
vn -0.0019 0.2380 0.9713
vn -0.0022 0.2380 0.9713
vn 0.0000 0.2380 0.9713
vn -0.0032 -0.2312 -0.9729
vn -0.0008 -0.2311 -0.9729
vn -0.0036 -0.2311 -0.9729
vn 0.0000 -0.2311 -0.9729
vn 0.6305 -0.5028 0.5913
vn -0.9354 0.2291 -0.2694
vn -0.0004 0.7663 0.6425
vn -0.0012 0.7664 0.6424
vn -0.0015 0.7663 0.6425
vn 0.0000 0.7663 0.6425
vn -0.0038 -0.7616 -0.6480
vn -0.0010 -0.7616 -0.6480
vn -0.0043 -0.7616 -0.6480
vn 0.0000 -0.7617 -0.6480
vn 0.6305 -0.0620 0.7737
vn 0.6305 -0.0619 0.7737
vn -0.9353 0.0282 -0.3528
vn -0.9353 0.0283 -0.3528
vn -0.0005 0.9973 0.0732
vn -0.0009 0.9973 0.0732
vn -0.0012 0.9973 0.0732
vn 0.0000 0.9973 0.0732
vn -0.0041 -0.9968 -0.0802
vn -0.0010 -0.9968 -0.0803
vn -0.0046 -0.9968 -0.0803
vn 0.0000 -0.9968 -0.0803
vn 0.6401 0.4028 0.6542
vn -0.9351 -0.1857 -0.3017
vn -0.0005 0.8478 -0.5303
vn -0.0013 0.8478 -0.5303
vn -0.0015 0.8478 -0.5303
vn 0.0000 0.8478 -0.5303
vn -0.0038 -0.8516 0.5242
vn -0.0009 -0.8516 0.5242
vn -0.0043 -0.8515 0.5243
vn 0.0000 -0.8516 0.5242
vn 0.6401 0.7099 0.2938
vn -0.9351 -0.3275 -0.1355
vn -0.9351 -0.3276 -0.1355
vn -0.0005 0.3749 -0.9270
vn -0.0020 0.3750 -0.9270
vn -0.0023 0.3750 -0.9270
vn 0.0000 0.3749 -0.9270
vn -0.0031 -0.3816 0.9243
vn -0.0007 -0.3816 0.9243
vn -0.0035 -0.3815 0.9244
vn 0.0000 -0.3816 0.9243
vn 0.0000 0.9806 0.1961
vn -1.0000 -0.0033 -0.0007
vn -1.0000 -0.0033 -0.0008
vn -1.0000 -0.0033 0.0006
vn -1.0000 -0.0029 -0.0018
vn 0.0000 0.8309 0.5564
vn -1.0000 -0.0028 -0.0020
vn -1.0000 -0.0019 -0.0029
vn 0.0000 0.5547 0.8320
vn -1.0000 -0.0018 -0.0029
vn -1.0000 -0.0008 -0.0033
vn 0.0000 0.1941 0.9810
vn -1.0000 0.0007 -0.0033
vn 0.0000 -0.1961 0.9806
vn -1.0000 0.0008 -0.0033
vn -1.0000 0.0019 -0.0029
vn 0.0000 -0.5564 0.8309
vn -1.0000 0.0021 -0.0028
vn -1.0000 0.0027 -0.0021
vn 0.0000 -0.8320 0.5547
vn -1.0000 0.0029 -0.0018
vn -1.0000 0.0033 -0.0008
vn 0.0000 -0.9810 0.1941
vn -1.0000 0.0033 -0.0007
vn -1.0000 0.0033 0.0006
vn -0.0000 -0.9806 -0.1961
vn -1.0000 0.0033 0.0008
vn -1.0000 0.0029 0.0017
vn -0.0000 -0.8309 -0.5564
vn -1.0000 0.0029 0.0019
vn -1.0000 0.0019 0.0029
vn 0.0000 -0.5547 -0.8320
vn -1.0000 0.0018 0.0029
vn -1.0000 0.0008 0.0033
vn -0.0000 -0.1941 -0.9810
vn -1.0000 0.0006 0.0033
vn -1.0000 -0.0005 0.0034
vn 0.0000 0.1961 -0.9806
vn -1.0000 -0.0009 0.0033
vn -1.0000 -0.0018 0.0029
vn 0.0000 0.5564 -0.8309
vn -1.0000 -0.0020 0.0028
vn -1.0000 -0.0029 0.0019
vn 0.0000 0.8320 -0.5547
vn -1.0000 -0.0029 0.0018
vn -1.0000 -0.0033 0.0008
vn -0.0000 0.9810 -0.1941
vn -0.0601 -0.9792 -0.1940
vn -0.0601 -0.8304 -0.5539
vn -0.0601 -0.5552 -0.8295
vn -0.0600 -0.5552 -0.8295
vn -0.0600 -0.1955 -0.9789
vn -0.0601 -0.1955 -0.9789
vn -0.0601 0.1940 -0.9792
vn -0.0602 0.1939 -0.9792
vn -0.0602 0.5539 -0.8304
vn -0.0601 0.5539 -0.8304
vn -0.0601 0.8295 -0.5552
vn -0.0601 0.9789 -0.1955
vn -0.0601 0.9792 0.1940
vn -0.0601 0.8304 0.5539
vn -0.0601 0.5552 0.8295
vn -0.0601 0.1955 0.9789
vn -0.0601 -0.1940 0.9792
vn -0.0602 -0.1940 0.9792
vn -0.0602 -0.5539 0.8304
vn -0.0601 -0.5539 0.8304
vn -0.0601 -0.8295 0.5552
vn -0.0601 -0.9789 0.1955
vn 0.9316 -0.3564 -0.0713
vn 0.9312 -0.3575 -0.0708
vn 0.9316 -0.3020 -0.2022
vn 0.9312 -0.3032 -0.2022
vn 0.9316 -0.2016 -0.3024
vn 0.9312 -0.2027 -0.3029
vn 0.9316 -0.0705 -0.3565
vn 0.9312 -0.0714 -0.3574
vn 0.9316 0.0713 -0.3564
vn 0.9312 0.0708 -0.3575
vn 0.9316 0.2022 -0.3020
vn 0.9312 0.2022 -0.3032
vn 0.9316 0.3024 -0.2016
vn 0.9312 0.3029 -0.2027
vn 0.9316 0.3565 -0.0705
vn 0.9312 0.3574 -0.0714
vn 0.9316 0.3564 0.0713
vn 0.9312 0.3575 0.0708
vn 0.9316 0.3020 0.2022
vn 0.9312 0.3032 0.2022
vn 0.9316 0.2016 0.3024
vn 0.9312 0.2027 0.3029
vn 0.9316 0.0705 0.3565
vn 0.9312 0.0714 0.3574
vn 0.9316 -0.0713 0.3564
vn 0.9312 -0.0708 0.3575
vn 0.9316 -0.2022 0.3020
vn 0.9312 -0.2022 0.3032
vn 0.9316 -0.3024 0.2016
vn 0.9312 -0.3028 0.2027
vn 0.9316 -0.3565 0.0705
vn 0.9312 -0.3574 0.0714
vn 0.0002 -0.3827 0.9239
vn 0.0004 -0.9239 0.3827
vn 0.0004 -0.9239 -0.3827
vn 0.0002 -0.3827 -0.9239
vn -0.0002 0.3827 -0.9239
vn -0.0004 0.9239 -0.3827
vn -0.0004 0.9239 0.3827
vn -0.0002 0.3827 0.9239
vn -0.6936 0.1673 0.7006
vn -0.6935 0.1673 0.7007
vn -0.6936 -0.2765 0.6652
vn -0.6937 -0.2764 0.6652
vn -0.6936 -0.6146 0.3756
vn -0.6936 -0.6147 0.3756
vn -0.6936 -0.7181 -0.0574
vn -0.6936 -0.5472 -0.4685
vn -0.6937 -0.1673 -0.7006
vn -0.6935 -0.1673 -0.7007
vn -0.6936 0.2765 -0.6652
vn -0.6937 0.2764 -0.6652
vn -0.6936 0.6147 -0.3757
vn -0.6936 0.7181 0.0574
vn -0.6936 0.7180 0.0574
vn -0.6936 0.5472 0.4685
vn -0.2753 0.2233 0.9351
vn -0.2753 0.7303 0.6252
vn -0.2753 0.9583 0.0766
vn -0.2753 0.8203 -0.5013
vn -0.2753 0.8203 -0.5014
vn -0.2753 0.3690 -0.8877
vn -0.2753 0.3689 -0.8878
vn -0.2753 -0.2233 -0.9351
vn -0.2753 -0.7303 -0.6252
vn -0.2753 -0.9583 -0.0765
vn -0.2753 -0.9583 -0.0766
vn -0.2753 -0.8203 0.5013
vn -0.2753 -0.3690 0.8877
vn -0.2753 -0.3689 0.8877
vn -0.3890 0.2140 0.8960
vn -0.3890 0.6998 0.5991
vn -0.3890 0.9183 0.0734
vn -0.3890 0.7860 -0.4804
vn -0.3890 0.7861 -0.4804
vn -0.3890 0.3535 -0.8507
vn -0.3891 -0.2140 -0.8960
vn -0.3890 -0.2140 -0.8960
vn -0.3890 -0.6998 -0.5991
vn -0.3890 -0.9183 -0.0734
vn -0.3890 -0.7860 0.4804
vn -0.3890 -0.3535 0.8507
vn -0.9999 0.0116 0.0038
vn -0.9999 0.0116 0.0037
vn 0.8237 -0.3128 0.4728
vn 0.7953 0.0646 -0.6028
vn 0.9312 -0.3466 -0.1129
vn -0.9999 0.0122 -0.0000
vn 0.8238 -0.1514 0.5464
vn 0.7953 -0.1248 -0.5932
vn 0.9312 -0.3645 -0.0003
vn -0.9999 0.0116 -0.0038
vn 0.8238 0.0249 0.5664
vn 0.7953 -0.3020 -0.5256
vn 0.9312 -0.3468 0.1124
vn -0.9999 0.0098 -0.0072
vn -0.9999 0.0099 -0.0072
vn 0.8238 0.1987 0.5310
vn 0.7953 -0.4497 -0.4065
vn 0.9312 -0.2951 0.2140
vn -0.9999 0.0071 -0.0098
vn -0.9999 0.0071 -0.0099
vn -0.9999 0.0072 -0.0099
vn 0.8237 0.3530 0.4436
vn 0.7953 -0.5533 -0.2477
vn 0.9312 -0.2145 0.2948
vn -0.9999 0.0038 -0.0116
vn -0.9999 0.0037 -0.0116
vn 0.8237 0.4729 0.3128
vn 0.7953 -0.6028 -0.0646
vn 0.9312 -0.1129 0.3466
vn -0.9999 -0.0000 -0.0122
vn 0.8237 0.5464 0.1514
vn 0.7953 -0.5932 0.1248
vn 0.9312 -0.0003 0.3645
vn -0.9999 -0.0038 -0.0116
vn 0.8237 0.5664 -0.0249
vn 0.7953 -0.5256 0.3020
vn 0.9312 0.1124 0.3468
vn -0.9999 -0.0072 -0.0098
vn -0.9999 -0.0072 -0.0099
vn 0.8238 0.5310 -0.1987
vn 0.7953 -0.4065 0.4497
vn 0.9312 0.2140 0.2951
vn -0.9999 -0.0099 -0.0071
vn -0.9999 -0.0098 -0.0072
vn 0.8237 0.4436 -0.3530
vn 0.7953 -0.2477 0.5533
vn 0.9312 0.2948 0.2145
vn -0.9999 -0.0116 -0.0038
vn -0.9999 -0.0116 -0.0037
vn 0.8238 0.3128 -0.4728
vn 0.7953 -0.0646 0.6028
vn 0.9312 0.3466 0.1129
vn -0.9999 -0.0122 0.0000
vn 0.8237 0.1514 -0.5464
vn 0.7953 0.1249 0.5932
vn 0.9312 0.3645 0.0003
vn -0.9999 -0.0116 0.0038
vn 0.8238 -0.0249 -0.5664
vn 0.7953 0.3020 0.5256
vn 0.9312 0.3468 -0.1124
vn -0.9999 -0.0098 0.0072
vn -0.9999 -0.0099 0.0072
vn 0.8238 -0.1987 -0.5310
vn 0.7953 0.4497 0.4065
vn 0.9312 0.2951 -0.2140
vn -0.9999 -0.0071 0.0098
vn -0.9999 -0.0071 0.0099
vn -0.9999 -0.0072 0.0099
vn 0.8238 -0.3530 -0.4436
vn 0.7953 0.5533 0.2477
vn 0.9312 0.2145 -0.2948
vn -0.9999 -0.0038 0.0116
vn -0.9999 -0.0037 0.0116
vn 0.8238 -0.4728 -0.3128
vn 0.7953 0.6028 0.0646
vn 0.9312 0.1129 -0.3466
vn -0.9999 0.0000 0.0122
vn 0.8237 -0.5464 -0.1514
vn 0.7953 0.5932 -0.1248
vn 0.9312 0.0003 -0.3646
vn -0.9999 0.0038 0.0116
vn -0.9999 0.0037 0.0116
vn 0.8237 -0.5664 0.0249
vn 0.7953 0.5256 -0.3020
vn 0.9312 -0.1124 -0.3468
vn -0.9999 0.0072 0.0098
vn -0.9999 0.0072 0.0099
vn 0.8237 -0.5310 0.1987
vn 0.7953 0.4065 -0.4497
vn 0.9312 -0.2140 -0.2951
vn -0.9999 0.0098 0.0071
vn -0.9999 0.0099 0.0071
vn -0.9999 0.0098 0.0072
vn 0.8237 -0.4436 0.3531
vn 0.7953 0.2477 -0.5533
vn 0.9312 -0.2947 -0.2145
vn -0.9878 0.1556 -0.0000
vn 0.0066 -0.0006 1.0000
vn 0.0011 0.0000 1.0000
vn 0.0000 -0.0025 1.0000
vn 0.0066 0.0006 1.0000
vn 0.0066 0.0005 -1.0000
vn 0.0011 -0.0000 -1.0000
vn 0.0000 0.0025 -1.0000
vn 0.0066 -0.0006 -1.0000
vn -0.9875 -0.1579 0.0000
vn -0.0000 0.0024 1.0000
vn 0.0000 -0.0025 -1.0000
vn -0.9876 0.1286 -0.0901
vn 0.0076 0.5730 0.8195
vn 0.0013 0.5735 0.8192
vn 0.0000 0.5712 0.8208
vn 0.0076 0.5741 0.8188
vn 0.0054 -0.5732 -0.8194
vn 0.0010 -0.5736 -0.8191
vn 0.0000 -0.5719 -0.8203
vn 0.0055 -0.5740 -0.8188
vn -0.9877 -0.1282 0.0898
vn 0.0000 0.5759 0.8175
vn 0.0000 -0.5753 -0.8180
vn -0.9876 0.0537 -0.1475
vn 0.0083 0.9394 0.3427
vn 0.0014 0.9397 0.3420
vn 0.0000 0.9386 0.3450
vn 0.0083 0.9399 0.3414
vn 0.0048 -0.9396 -0.3424
vn 0.0008 -0.9397 -0.3420
vn 0.0000 -0.9391 -0.3437
vn 0.0048 -0.9398 -0.3416
vn -0.9877 -0.0536 0.1471
vn -0.9877 -0.0535 0.1471
vn 0.0000 0.9408 0.3391
vn 0.0000 -0.9403 -0.3403
vn -0.9876 -0.0537 -0.1474
vn 0.0083 0.9399 -0.3414
vn 0.0014 0.9397 -0.3420
vn 0.0000 0.9408 -0.3391
vn 0.0083 0.9394 -0.3427
vn 0.0048 -0.9398 0.3416
vn 0.0008 -0.9397 0.3420
vn 0.0000 -0.9403 0.3403
vn 0.0048 -0.9396 0.3424
vn -0.9877 0.0536 0.1472
vn -0.9877 0.0535 0.1472
vn 0.0000 0.9386 -0.3450
vn 0.0000 -0.9391 0.3437
vn -0.9876 0.1286 0.0900
vn -0.9876 0.1286 0.0901
vn 0.0054 -0.5740 0.8188
vn 0.0009 -0.5736 0.8191
vn 0.0000 -0.5753 0.8180
vn 0.0054 -0.5733 0.8194
vn 0.0076 0.5741 -0.8187
vn 0.0013 0.5736 -0.8191
vn 0.0000 0.5759 -0.8175
vn 0.0076 0.5731 -0.8195
vn -0.9877 -0.1282 -0.0898
vn -0.9877 -0.1282 -0.0897
vn 0.0000 -0.5719 0.8203
vn 0.0000 0.5712 -0.8208
vn 0.0000 -0.1951 0.9808
vn 0.0000 -0.1952 0.9808
vn 0.0001 -0.1951 0.9808
vn 0.0000 -0.5556 0.8314
vn 0.0000 -0.5556 0.8315
vn 0.0001 -0.5556 0.8315
vn 0.0000 -0.8315 0.5556
vn 0.0000 -0.9808 0.1951
vn 0.0000 -0.9808 -0.1951
vn -0.0000 -0.8315 -0.5556
vn 0.0000 -0.8315 -0.5555
vn -0.0000 -0.5556 -0.8315
vn -0.0000 -0.1951 -0.9808
vn -0.0001 -0.1951 -0.9808
vn -0.0000 -0.1952 -0.9808
vn -0.0000 0.1951 -0.9808
vn -0.0001 0.1952 -0.9808
vn -0.0000 0.5556 -0.8315
vn -0.0000 0.5556 -0.8314
vn 0.0000 0.8315 -0.5556
vn 0.0000 0.9808 -0.1951
vn 0.0000 0.9808 0.1951
vn 0.0000 0.8315 0.5556
vn 0.0000 0.5556 0.8315
vn 0.0001 0.5556 0.8315
vn 0.0000 0.1951 0.9808
vn 0.0001 0.1952 0.9808
vn -0.1480 0.2560 0.9553
vn -0.1480 0.2559 0.9553
vn -0.1480 0.6993 0.6993
vn -0.1481 0.6994 0.6993
vn -0.1481 0.9553 0.2560
vn -0.1481 0.9553 -0.2560
vn -0.1481 0.6993 -0.6994
vn -0.1480 0.6993 -0.6993
vn -0.1480 0.2561 -0.9553
vn -0.1482 0.2559 -0.9553
vn -0.1482 -0.2560 -0.9553
vn -0.1482 -0.2559 -0.9553
vn -0.1482 -0.6993 -0.6993
vn -0.1481 -0.6993 -0.6993
vn -0.1481 -0.9553 -0.2560
vn -0.1481 -0.9553 0.2560
vn -0.1481 -0.6993 0.6993
vn -0.1482 -0.6993 0.6993
vn -0.1482 -0.2560 0.9553
vn -0.1480 -0.2560 0.9553
vn 0.0000 0.5555 -0.8315
vn 0.0000 0.8315 -0.5555
vn 0.0000 -0.8314 -0.5556
vn 0.0000 -0.5556 -0.8314
vn 0.0000 -0.1950 -0.9808
vn -0.8341 -0.5411 -0.1076
vn -0.8478 -0.5122 -0.1373
vn -0.8341 -0.5411 0.1076
vn -0.8478 -0.5122 0.1372
vn -0.8330 0.5427 0.1079
vn -0.8469 0.5137 0.1376
vn -0.8330 0.5427 -0.1080
vn -0.8468 0.5137 -0.1376
vn -0.8334 0.1078 0.5421
vn -0.8472 0.1375 0.5131
vn -0.8334 0.1078 -0.5421
vn -0.8472 0.1375 -0.5131
vn -0.8336 -0.1078 -0.5417
vn -0.8475 -0.1374 -0.5128
vn -0.8336 -0.1078 0.5417
vn -0.8475 -0.1374 0.5128
vn -0.8256 -0.3134 0.4692
vn -0.8531 -0.3690 0.3690
vn -0.8248 0.4701 0.3142
vn -0.8524 0.3698 0.3698
vn -0.8248 0.4702 -0.3141
vn -0.8524 0.3697 -0.3698
vn -0.8256 -0.3135 -0.4692
vn -0.8530 -0.3690 -0.3690
vn -0.8584 0.1328 0.4956
vn -0.8583 0.3628 0.3628
vn -0.8583 0.4956 0.1328
vn -0.8583 0.4956 -0.1328
vn -0.8583 0.3628 -0.3628
vn -0.8583 0.1328 -0.4956
vn -0.8583 -0.1328 -0.4956
vn -0.8583 -0.3628 -0.3628
vn -0.8583 -0.4956 -0.1328
vn -0.8583 -0.4956 0.1328
vn -0.8583 -0.3628 0.3628
vn -0.8583 -0.1328 0.4956
vn -0.8258 -0.4690 0.3133
vn -0.8250 0.3141 0.4699
vn -0.8250 0.3140 -0.4699
vn -0.8258 -0.4690 -0.3133
vn 0.0267 -0.7436 -0.6680
vn -0.0024 -0.7077 -0.7065
vn 0.0278 0.6520 -0.7577
vn -0.0127 0.7062 -0.7079
g Wheels_Left_Object_3.002_Wheels_Left_Object_3.002_Material_1.004
usemtl Material_1.004
s 1
f 6788/6788/3038 6789/6789/3038 6790/6790/3038
f 6791/6791/3038 6790/6790/3038 6789/6789/3038
f 6788/6788/3039 6792/6792/3039 6793/6793/3039
f 6788/6788/3039 6790/6790/3039 6792/6792/3039
f 6794/6794/3040 6795/6795/3040 6796/6796/3040
f 6797/6797/3040 6795/6795/3040 6794/6794/3040
f 6797/6797/3041 6798/6798/3041 6795/6795/3041
f 6799/6799/3041 6798/6798/3041 6797/6797/3041
f 6800/6800/3042 6801/6801/3042 6802/6802/3042
f 6803/6803/3042 6801/6801/3042 6800/6800/3042
f 6804/6804/3043 6805/6805/3043 6806/6806/3043
f 6801/6801/3043 6805/6805/3043 6804/6804/3043
f 6807/6807/3044 6808/6808/3044 6809/6809/3044
f 6810/6810/3044 6808/6808/3044 6807/6807/3044
f 6811/6811/3045 6812/6812/3045 6813/6813/3045
f 6808/6808/3045 6812/6812/3045 6811/6811/3045
f 6814/6814/3046 6815/6815/3046 6816/6816/3046
f 6817/6817/3046 6815/6815/3046 6814/6814/3046
f 6818/6818/3047 6819/6819/3047 6820/6820/3047
f 6821/6821/3047 6819/6819/3047 6818/6818/3047
f 6821/6821/3048 6822/6822/3048 6819/6819/3048
f 6823/6823/3048 6822/6822/3048 6821/6821/3048
f 6823/6823/3049 6824/6824/3049 6822/6822/3049
f 6825/6825/3049 6824/6824/3049 6823/6823/3049
f 6826/6826/3050 6827/6827/3050 6828/6828/3050
f 6829/6829/3050 6827/6827/3050 6826/6826/3050
f 6829/6829/3051 6830/6830/3051 6827/6827/3051
f 6831/6831/3051 6830/6830/3051 6829/6829/3051
f 6832/6832/3052 6833/6833/3052 6834/6834/3052
f 6835/6835/3052 6833/6833/3052 6832/6832/3052
f 6835/6835/3053 6816/6816/3053 6833/6833/3053
f 6814/6814/3053 6816/6816/3053 6835/6835/3053
f 6836/6836/3054 6837/6837/3054 6838/6838/3054
f 6839/6839/3054 6837/6837/3054 6836/6836/3054
f 6840/6840/3055 6841/6841/3055 6842/6842/3055
f 6843/6843/3055 6841/6841/3055 6840/6840/3055
f 6844/6844/3054 6836/6836/3054 6838/6838/3054
f 6845/6845/3054 6836/6836/3054 6844/6844/3054
f 6846/6846/3055 6841/6841/3055 6843/6843/3055
f 6847/6847/3055 6841/6841/3055 6846/6846/3055
f 6839/6839/3054 6848/6848/3054 6837/6837/3054
f 6842/6842/3055 6849/6849/3055 6840/6840/3055
f 6844/6844/3054 6850/6850/3054 6845/6845/3054
f 6846/6846/3055 6851/6851/3055 6847/6847/3055
f 6852/6852/3056 6853/6853/3056 6854/6854/3056
f 6855/6855/3056 6853/6853/3056 6852/6852/3056
f 6856/6856/3057 6857/6857/3057 6858/6858/3057
f 6859/6859/3057 6857/6857/3057 6856/6856/3057
f 6859/6859/3058 6860/6860/3058 6857/6857/3058
f 6861/6861/3058 6860/6860/3058 6859/6859/3058
f 6861/6861/3059 6862/6862/3059 6860/6860/3059
f 6863/6863/3059 6862/6862/3059 6861/6861/3059
f 6863/6863/3060 6864/6864/3060 6862/6862/3060
f 6865/6865/3060 6864/6864/3060 6863/6863/3060
f 6866/6866/3061 6867/6867/3061 6868/6868/3061
f 6869/6869/3061 6867/6867/3061 6866/6866/3061
f 6869/6869/3062 6870/6870/3062 6867/6867/3062
f 6871/6871/3062 6870/6870/3062 6869/6869/3062
f 6871/6871/3063 6872/6872/3063 6870/6870/3063
f 6873/6873/3063 6872/6872/3063 6871/6871/3063
f 6873/6873/3064 6874/6874/3064 6872/6872/3064
f 6875/6875/3064 6874/6874/3064 6873/6873/3064
f 6876/6876/3065 6877/6877/3065 6878/6878/3065
f 6879/6879/3065 6877/6877/3065 6876/6876/3065
f 6879/6879/3066 6880/6880/3066 6877/6877/3066
f 6881/6881/3066 6880/6880/3066 6879/6879/3066
f 6881/6881/3067 6854/6854/3067 6880/6880/3067
f 6852/6852/3067 6854/6854/3067 6881/6881/3067
f 6882/6882/3054 6883/6883/3054 6884/6884/3054
f 6885/6885/3054 6883/6883/3054 6882/6882/3054
f 6886/6886/3055 6887/6887/3055 6888/6888/3055
f 6889/6889/3055 6887/6887/3055 6886/6886/3055
f 6890/6890/3054 6882/6882/3054 6884/6884/3054
f 6891/6891/3054 6882/6882/3054 6890/6890/3054
f 6892/6892/3055 6887/6887/3055 6889/6889/3055
f 6893/6893/3055 6887/6887/3055 6892/6892/3055
f 6894/6894/3054 6883/6883/3054 6885/6885/3054
f 6895/6895/3054 6883/6883/3054 6894/6894/3054
f 6896/6896/3055 6886/6886/3055 6888/6888/3055
f 6897/6897/3055 6886/6886/3055 6896/6896/3055
f 6898/6898/3054 6891/6891/3054 6890/6890/3054
f 6899/6899/3054 6891/6891/3054 6898/6898/3054
f 6900/6900/3055 6893/6893/3055 6892/6892/3055
f 6901/6901/3055 6893/6893/3055 6900/6900/3055
f 6894/6894/3054 6902/6902/3054 6895/6895/3054
f 6896/6896/3055 6903/6903/3055 6897/6897/3055
f 6898/6898/3054 6904/6904/3054 6899/6899/3054
f 6900/6900/3055 6905/6905/3055 6901/6901/3055
f 6906/6906/3068 6907/6907/3068 6908/6908/3068
f 6909/6909/3068 6907/6907/3068 6906/6906/3068
f 6910/6910/3069 6911/6911/3069 6912/6912/3069
f 6913/6913/3069 6911/6911/3069 6910/6910/3069
f 6913/6913/3070 6914/6914/3070 6911/6911/3070
f 6915/6915/3070 6914/6914/3070 6913/6913/3070
f 6915/6915/3071 6916/6916/3071 6914/6914/3071
f 6917/6917/3071 6916/6916/3071 6915/6915/3071
f 6917/6917/3072 6918/6918/3072 6916/6916/3072
f 6919/6919/3072 6918/6918/3072 6917/6917/3072
f 6920/6920/3073 6921/6921/3073 6922/6922/3073
f 6923/6923/3073 6921/6921/3073 6920/6920/3073
f 6923/6923/3074 6924/6924/3074 6921/6921/3074
f 6925/6925/3074 6924/6924/3074 6923/6923/3074
f 6925/6925/3075 6926/6926/3075 6924/6924/3075
f 6927/6927/3075 6926/6926/3075 6925/6925/3075
f 6927/6927/3076 6928/6928/3076 6926/6926/3076
f 6929/6929/3076 6928/6928/3076 6927/6927/3076
f 6930/6930/3077 6931/6931/3077 6932/6932/3077
f 6933/6933/3077 6931/6931/3077 6930/6930/3077
f 6933/6933/3078 6934/6934/3078 6931/6931/3078
f 6935/6935/3078 6934/6934/3078 6933/6933/3078
f 6935/6935/3079 6908/6908/3079 6934/6934/3079
f 6906/6906/3079 6908/6908/3079 6935/6935/3079
f 6936/6936/3054 6937/6937/3054 6938/6938/3054
f 6939/6939/3054 6937/6937/3054 6936/6936/3054
f 6940/6940/3055 6941/6941/3055 6942/6942/3055
f 6943/6943/3055 6941/6941/3055 6940/6940/3055
f 6944/6944/3054 6936/6936/3054 6938/6938/3054
f 6945/6945/3054 6936/6936/3054 6944/6944/3054
f 6946/6946/3055 6941/6941/3055 6943/6943/3055
f 6947/6947/3055 6941/6941/3055 6946/6946/3055
f 6948/6948/3054 6937/6937/3054 6939/6939/3054
f 6949/6949/3054 6937/6937/3054 6948/6948/3054
f 6950/6950/3055 6940/6940/3055 6942/6942/3055
f 6951/6951/3055 6940/6940/3055 6950/6950/3055
f 6952/6952/3054 6945/6945/3054 6944/6944/3054
f 6953/6953/3054 6945/6945/3054 6952/6952/3054
f 6954/6954/3055 6947/6947/3055 6946/6946/3055
f 6955/6955/3055 6947/6947/3055 6954/6954/3055
f 6948/6948/3054 6956/6956/3054 6949/6949/3054
f 6950/6950/3055 6957/6957/3055 6951/6951/3055
f 6952/6952/3054 6958/6958/3054 6953/6953/3054
f 6954/6954/3055 6959/6959/3055 6955/6955/3055
f 6960/6960/3080 6961/6961/3080 6962/6962/3080
f 6963/6963/3081 6961/6961/3081 6960/6960/3081
f 6964/6964/3082 6965/6965/3082 6966/6966/3082
f 6967/6967/3083 6965/6965/3083 6964/6964/3083
f 6968/6968/3084 6969/6969/3084 6970/6970/3084
f 6971/6971/3085 6969/6969/3085 6968/6968/3085
f 6972/6972/3086 6973/6973/3086 6974/6974/3086
f 6975/6975/3087 6973/6973/3087 6972/6972/3087
f 6976/6976/3088 6977/6977/3088 6978/6978/3088
f 6977/6977/3089 6979/6979/3089 6978/6978/3089
f 6980/6980/3090 6976/6976/3090 6981/6981/3090
f 6976/6976/3091 6978/6978/3091 6981/6981/3091
f 6982/6982/3092 6983/6983/3092 6984/6984/3092
f 6985/6985/3092 6983/6983/3092 6982/6982/3092
f 6986/6986/3093 6987/6987/3093 6988/6988/3093
f 6989/6989/3093 6987/6987/3093 6986/6986/3093
f 6990/6990/3094 6991/6991/3094 6992/6992/3094
f 6993/6993/3094 6991/6991/3094 6990/6990/3094
f 6994/6994/3095 6995/6995/3095 6996/6996/3095
f 6997/6997/3095 6995/6995/3095 6994/6994/3095
f 6998/6998/3096 6987/6987/3096 6989/6989/3096
f 6999/6999/3096 6987/6987/3096 6998/6998/3096
f 7000/7000/3097 6995/6995/3097 6997/6997/3097
f 7001/7001/3097 6995/6995/3097 7000/7000/3097
f 6986/6986/3098 6983/6983/3098 6985/6985/3098
f 6988/6988/3098 6983/6983/3098 6986/6986/3098
f 6994/6994/3099 6991/6991/3099 6993/6993/3099
f 6996/6996/3099 6991/6991/3099 6994/6994/3099
f 7002/7002/3100 7003/7003/3101 7004/7004/3102
f 7002/7002/3100 7005/7005/3103 7003/7003/3101
f 7002/7002/3100 7006/7006/3104 7005/7005/3103
f 7007/7007/3105 7006/7006/3104 7002/7002/3100
f 7008/7008/3106 7006/7006/3104 7007/7007/3105
f 7008/7008/3106 7009/7009/3107 7006/7006/3104
f 7010/7010/3038 7011/7011/3038 7012/7012/3038
f 7013/7013/3038 7011/7011/3038 7010/7010/3038
f 7012/7012/3039 7014/7014/3039 7015/7015/3039
f 7011/7011/3039 7014/7014/3039 7012/7012/3039
f 7016/7016/3040 7017/7017/3040 7018/7018/3040
f 7019/7019/3040 7017/7017/3040 7016/7016/3040
f 7019/7019/3041 7020/7020/3041 7017/7017/3041
f 7021/7021/3041 7020/7020/3041 7019/7019/3041
f 7022/7022/3042 7023/7023/3042 7024/7024/3042
f 7025/7025/3042 7023/7023/3042 7022/7022/3042
f 7026/7026/3043 7027/7027/3043 7028/7028/3043
f 7023/7023/3043 7027/7027/3043 7026/7026/3043
f 7029/7029/3044 7030/7030/3044 7031/7031/3044
f 7032/7032/3044 7030/7030/3044 7029/7029/3044
f 7033/7033/3045 7034/7034/3045 7035/7035/3045
f 7030/7030/3045 7034/7034/3045 7033/7033/3045
f 7036/7036/3046 7037/7037/3046 7038/7038/3046
f 7039/7039/3046 7037/7037/3046 7036/7036/3046
f 7040/7040/3047 7041/7041/3047 7042/7042/3047
f 7043/7043/3047 7041/7041/3047 7040/7040/3047
f 7043/7043/3048 7044/7044/3048 7041/7041/3048
f 7045/7045/3048 7044/7044/3048 7043/7043/3048
f 7045/7045/3049 7046/7046/3049 7044/7044/3049
f 7047/7047/3049 7046/7046/3049 7045/7045/3049
f 7048/7048/3050 7049/7049/3050 7050/7050/3050
f 7051/7051/3050 7049/7049/3050 7048/7048/3050
f 7051/7051/3051 7052/7052/3051 7049/7049/3051
f 7053/7053/3051 7052/7052/3051 7051/7051/3051
f 7054/7054/3052 7055/7055/3052 7056/7056/3052
f 7057/7057/3052 7055/7055/3052 7054/7054/3052
f 7057/7057/3053 7038/7038/3053 7055/7055/3053
f 7036/7036/3053 7038/7038/3053 7057/7057/3053
f 7058/7058/3054 7059/7059/3054 7060/7060/3054
f 7061/7061/3054 7059/7059/3054 7058/7058/3054
f 7062/7062/3055 7063/7063/3055 7064/7064/3055
f 7065/7065/3055 7063/7063/3055 7062/7062/3055
f 7066/7066/3054 7058/7058/3054 7060/7060/3054
f 7067/7067/3054 7058/7058/3054 7066/7066/3054
f 7068/7068/3055 7063/7063/3055 7065/7065/3055
f 7069/7069/3055 7063/7063/3055 7068/7068/3055
f 7061/7061/3054 7070/7070/3054 7059/7059/3054
f 7064/7064/3055 7071/7071/3055 7062/7062/3055
f 7066/7066/3054 7072/7072/3054 7067/7067/3054
f 7068/7068/3055 7073/7073/3055 7069/7069/3055
f 7074/7074/3108 7075/7075/3108 7076/7076/3108
f 7077/7077/3108 7075/7075/3108 7074/7074/3108
f 7078/7078/3109 7079/7079/3109 7080/7080/3109
f 7081/7081/3109 7079/7079/3109 7078/7078/3109
f 7081/7081/3110 7082/7082/3110 7079/7079/3110
f 7083/7083/3110 7082/7082/3110 7081/7081/3110
f 7083/7083/3111 7084/7084/3111 7082/7082/3111
f 7085/7085/3111 7084/7084/3111 7083/7083/3111
f 7085/7085/3112 7086/7086/3112 7084/7084/3112
f 7087/7087/3112 7086/7086/3112 7085/7085/3112
f 7088/7088/3113 7089/7089/3113 7090/7090/3113
f 7091/7091/3113 7089/7089/3113 7088/7088/3113
f 7091/7091/3114 7092/7092/3114 7089/7089/3114
f 7093/7093/3114 7092/7092/3114 7091/7091/3114
f 7093/7093/3115 7094/7094/3115 7092/7092/3115
f 7095/7095/3115 7094/7094/3115 7093/7093/3115
f 7095/7095/3116 7096/7096/3116 7094/7094/3116
f 7097/7097/3116 7096/7096/3116 7095/7095/3116
f 7098/7098/3117 7099/7099/3117 7100/7100/3117
f 7101/7101/3117 7099/7099/3117 7098/7098/3117
f 7101/7101/3118 7102/7102/3118 7099/7099/3118
f 7103/7103/3118 7102/7102/3118 7101/7101/3118
f 7103/7103/3119 7076/7076/3119 7102/7102/3119
f 7074/7074/3119 7076/7076/3119 7103/7103/3119
f 7104/7104/3054 7105/7105/3054 7106/7106/3054
f 7107/7107/3054 7105/7105/3054 7104/7104/3054
f 7108/7108/3055 7109/7109/3055 7110/7110/3055
f 7111/7111/3055 7109/7109/3055 7108/7108/3055
f 7112/7112/3054 7104/7104/3054 7106/7106/3054
f 7113/7113/3054 7104/7104/3054 7112/7112/3054
f 7114/7114/3055 7109/7109/3055 7111/7111/3055
f 7115/7115/3055 7109/7109/3055 7114/7114/3055
f 7116/7116/3054 7105/7105/3054 7107/7107/3054
f 7117/7117/3054 7105/7105/3054 7116/7116/3054
f 7118/7118/3055 7108/7108/3055 7110/7110/3055
f 7119/7119/3055 7108/7108/3055 7118/7118/3055
f 7120/7120/3054 7113/7113/3054 7112/7112/3054
f 7121/7121/3054 7113/7113/3054 7120/7120/3054
f 7122/7122/3055 7115/7115/3055 7114/7114/3055
f 7123/7123/3055 7115/7115/3055 7122/7122/3055
f 7116/7116/3054 7124/7124/3054 7117/7117/3054
f 7118/7118/3055 7125/7125/3055 7119/7119/3055
f 7120/7120/3054 7126/7126/3054 7121/7121/3054
f 7122/7122/3055 7127/7127/3055 7123/7123/3055
f 7128/7128/3120 7129/7129/3120 7130/7130/3120
f 7131/7131/3120 7129/7129/3120 7128/7128/3120
f 7132/7132/3121 7133/7133/3121 7134/7134/3121
f 7135/7135/3121 7133/7133/3121 7132/7132/3121
f 7135/7135/3122 7136/7136/3122 7133/7133/3122
f 7137/7137/3122 7136/7136/3122 7135/7135/3122
f 7137/7137/3123 7138/7138/3123 7136/7136/3123
f 7139/7139/3123 7138/7138/3123 7137/7137/3123
f 7139/7139/3124 7140/7140/3124 7138/7138/3124
f 7141/7141/3124 7140/7140/3124 7139/7139/3124
f 7142/7142/3125 7143/7143/3125 7144/7144/3125
f 7145/7145/3125 7143/7143/3125 7142/7142/3125
f 7145/7145/3126 7146/7146/3126 7143/7143/3126
f 7147/7147/3126 7146/7146/3126 7145/7145/3126
f 7147/7147/3127 7148/7148/3127 7146/7146/3127
f 7149/7149/3127 7148/7148/3127 7147/7147/3127
f 7149/7149/3128 7150/7150/3128 7148/7148/3128
f 7151/7151/3128 7150/7150/3128 7149/7149/3128
f 7152/7152/3129 7153/7153/3129 7154/7154/3129
f 7155/7155/3129 7153/7153/3129 7152/7152/3129
f 7155/7155/3130 7156/7156/3130 7153/7153/3130
f 7157/7157/3130 7156/7156/3130 7155/7155/3130
f 7157/7157/3131 7130/7130/3131 7156/7156/3131
f 7128/7128/3131 7130/7130/3131 7157/7157/3131
f 7158/7158/3054 7159/7159/3054 7160/7160/3054
f 7161/7161/3054 7159/7159/3054 7158/7158/3054
f 7162/7162/3055 7163/7163/3055 7164/7164/3055
f 7165/7165/3055 7163/7163/3055 7162/7162/3055
f 7166/7166/3054 7158/7158/3054 7160/7160/3054
f 7167/7167/3054 7158/7158/3054 7166/7166/3054
f 7168/7168/3055 7163/7163/3055 7165/7165/3055
f 7169/7169/3055 7163/7163/3055 7168/7168/3055
f 7170/7170/3054 7159/7159/3054 7161/7161/3054
f 7171/7171/3054 7159/7159/3054 7170/7170/3054
f 7172/7172/3055 7162/7162/3055 7164/7164/3055
f 7173/7173/3055 7162/7162/3055 7172/7172/3055
f 7174/7174/3054 7167/7167/3054 7166/7166/3054
f 7175/7175/3054 7167/7167/3054 7174/7174/3054
f 7176/7176/3055 7169/7169/3055 7168/7168/3055
f 7177/7177/3055 7169/7169/3055 7176/7176/3055
f 7170/7170/3054 7178/7178/3054 7171/7171/3054
f 7172/7172/3055 7179/7179/3055 7173/7173/3055
f 7174/7174/3054 7180/7180/3054 7175/7175/3054
f 7176/7176/3055 7181/7181/3055 7177/7177/3055
f 7182/7182/3080 7183/7183/3080 7184/7184/3080
f 7185/7185/3081 7183/7183/3081 7182/7182/3081
f 7186/7186/3082 7187/7187/3082 7188/7188/3082
f 7189/7189/3083 7187/7187/3083 7186/7186/3083
f 7190/7190/3084 7191/7191/3084 7192/7192/3084
f 7193/7193/3085 7191/7191/3085 7190/7190/3085
f 7194/7194/3086 7195/7195/3086 7196/7196/3086
f 7197/7197/3087 7195/7195/3087 7194/7194/3087
f 7198/7198/3088 7199/7199/3088 7200/7200/3088
f 7199/7199/3089 7201/7201/3089 7200/7200/3089
f 7202/7202/3090 7198/7198/3090 7203/7203/3090
f 7198/7198/3091 7200/7200/3091 7203/7203/3091
f 7204/7204/3092 7205/7205/3092 7206/7206/3092
f 7207/7207/3092 7205/7205/3092 7204/7204/3092
f 7208/7208/3093 7209/7209/3093 7210/7210/3093
f 7211/7211/3093 7209/7209/3093 7208/7208/3093
f 7212/7212/3094 7213/7213/3094 7214/7214/3094
f 7215/7215/3094 7213/7213/3094 7212/7212/3094
f 7216/7216/3095 7217/7217/3095 7218/7218/3095
f 7219/7219/3095 7217/7217/3095 7216/7216/3095
f 7220/7220/3096 7209/7209/3096 7211/7211/3096
f 7221/7221/3096 7209/7209/3096 7220/7220/3096
f 7222/7222/3097 7217/7217/3097 7219/7219/3097
f 7223/7223/3097 7217/7217/3097 7222/7222/3097
f 7208/7208/3098 7205/7205/3098 7207/7207/3098
f 7210/7210/3098 7205/7205/3098 7208/7208/3098
f 7216/7216/3099 7213/7213/3099 7215/7215/3099
f 7218/7218/3099 7213/7213/3099 7216/7216/3099
f 7224/7224/3132 7225/7225/3101 7226/7226/3102
f 7224/7224/3132 7227/7227/3133 7225/7225/3101
f 7224/7224/3132 7228/7228/3104 7227/7227/3133
f 7229/7229/3105 7228/7228/3104 7224/7224/3132
f 7230/7230/3106 7228/7228/3104 7229/7229/3105
f 7230/7230/3106 7231/7231/3107 7228/7228/3104
f 7232/7232/3038 7233/7233/3038 7234/7234/3038
f 7235/7235/3038 7233/7233/3038 7232/7232/3038
f 7234/7234/3039 7236/7236/3039 7237/7237/3039
f 7233/7233/3039 7236/7236/3039 7234/7234/3039
f 7238/7238/3040 7239/7239/3040 7240/7240/3040
f 7241/7241/3040 7239/7239/3040 7238/7238/3040
f 7241/7241/3041 7242/7242/3041 7239/7239/3041
f 7243/7243/3041 7242/7242/3041 7241/7241/3041
f 7244/7244/3042 7245/7245/3042 7246/7246/3042
f 7247/7247/3042 7245/7245/3042 7244/7244/3042
f 7248/7248/3043 7249/7249/3043 7250/7250/3043
f 7245/7245/3043 7249/7249/3043 7248/7248/3043
f 7251/7251/3044 7252/7252/3044 7253/7253/3044
f 7254/7254/3044 7252/7252/3044 7251/7251/3044
f 7255/7255/3045 7256/7256/3045 7257/7257/3045
f 7252/7252/3045 7256/7256/3045 7255/7255/3045
f 7258/7258/3046 7259/7259/3046 7260/7260/3046
f 7261/7261/3046 7259/7259/3046 7258/7258/3046
f 7262/7262/3047 7263/7263/3047 7264/7264/3047
f 7265/7265/3047 7263/7263/3047 7262/7262/3047
f 7265/7265/3048 7266/7266/3048 7263/7263/3048
f 7267/7267/3048 7266/7266/3048 7265/7265/3048
f 7267/7267/3049 7268/7268/3049 7266/7266/3049
f 7269/7269/3049 7268/7268/3049 7267/7267/3049
f 7270/7270/3050 7271/7271/3050 7272/7272/3050
f 7273/7273/3050 7271/7271/3050 7270/7270/3050
f 7273/7273/3051 7274/7274/3051 7271/7271/3051
f 7275/7275/3051 7274/7274/3051 7273/7273/3051
f 7276/7276/3052 7277/7277/3052 7278/7278/3052
f 7279/7279/3052 7277/7277/3052 7276/7276/3052
f 7279/7279/3053 7260/7260/3053 7277/7277/3053
f 7258/7258/3053 7260/7260/3053 7279/7279/3053
f 7280/7280/3054 7281/7281/3054 7282/7282/3054
f 7283/7283/3054 7281/7281/3054 7280/7280/3054
f 7284/7284/3055 7285/7285/3055 7286/7286/3055
f 7287/7287/3055 7285/7285/3055 7284/7284/3055
f 7288/7288/3054 7280/7280/3054 7282/7282/3054
f 7289/7289/3054 7280/7280/3054 7288/7288/3054
f 7290/7290/3055 7285/7285/3055 7287/7287/3055
f 7291/7291/3055 7285/7285/3055 7290/7290/3055
f 7283/7283/3054 7292/7292/3054 7281/7281/3054
f 7286/7286/3055 7293/7293/3055 7284/7284/3055
f 7288/7288/3054 7294/7294/3054 7289/7289/3054
f 7290/7290/3055 7295/7295/3055 7291/7291/3055
f 7296/7296/3134 7297/7297/3134 7298/7298/3134
f 7299/7299/3134 7297/7297/3134 7296/7296/3134
f 7300/7300/3135 7301/7301/3135 7302/7302/3135
f 7303/7303/3135 7301/7301/3135 7300/7300/3135
f 7303/7303/3136 7304/7304/3136 7301/7301/3136
f 7305/7305/3136 7304/7304/3136 7303/7303/3136
f 7305/7305/3137 7306/7306/3137 7304/7304/3137
f 7307/7307/3137 7306/7306/3137 7305/7305/3137
f 7307/7307/3138 7308/7308/3138 7306/7306/3138
f 7309/7309/3138 7308/7308/3138 7307/7307/3138
f 7310/7310/3139 7311/7311/3139 7312/7312/3139
f 7313/7313/3139 7311/7311/3139 7310/7310/3139
f 7313/7313/3140 7314/7314/3140 7311/7311/3140
f 7315/7315/3140 7314/7314/3140 7313/7313/3140
f 7315/7315/3141 7316/7316/3141 7314/7314/3141
f 7317/7317/3141 7316/7316/3141 7315/7315/3141
f 7317/7317/3142 7318/7318/3142 7316/7316/3142
f 7319/7319/3142 7318/7318/3142 7317/7317/3142
f 7320/7320/3143 7321/7321/3143 7322/7322/3143
f 7323/7323/3143 7321/7321/3143 7320/7320/3143
f 7323/7323/3144 7324/7324/3144 7321/7321/3144
f 7325/7325/3144 7324/7324/3144 7323/7323/3144
f 7325/7325/3145 7298/7298/3145 7324/7324/3145
f 7296/7296/3145 7298/7298/3145 7325/7325/3145
f 7326/7326/3054 7327/7327/3054 7328/7328/3054
f 7329/7329/3054 7327/7327/3054 7326/7326/3054
f 7330/7330/3055 7331/7331/3055 7332/7332/3055
f 7333/7333/3055 7331/7331/3055 7330/7330/3055
f 7334/7334/3054 7326/7326/3054 7328/7328/3054
f 7335/7335/3054 7326/7326/3054 7334/7334/3054
f 7336/7336/3055 7331/7331/3055 7333/7333/3055
f 7337/7337/3055 7331/7331/3055 7336/7336/3055
f 7338/7338/3054 7327/7327/3054 7329/7329/3054
f 7339/7339/3054 7327/7327/3054 7338/7338/3054
f 7340/7340/3055 7330/7330/3055 7332/7332/3055
f 7341/7341/3055 7330/7330/3055 7340/7340/3055
f 7342/7342/3054 7335/7335/3054 7334/7334/3054
f 7343/7343/3054 7335/7335/3054 7342/7342/3054
f 7344/7344/3055 7337/7337/3055 7336/7336/3055
f 7345/7345/3055 7337/7337/3055 7344/7344/3055
f 7338/7338/3054 7346/7346/3054 7339/7339/3054
f 7340/7340/3055 7347/7347/3055 7341/7341/3055
f 7342/7342/3054 7348/7348/3054 7343/7343/3054
f 7344/7344/3055 7349/7349/3055 7345/7345/3055
f 7350/7350/3146 7351/7351/3146 7352/7352/3146
f 7353/7353/3146 7351/7351/3146 7350/7350/3146
f 7354/7354/3147 7355/7355/3147 7356/7356/3147
f 7357/7357/3147 7355/7355/3147 7354/7354/3147
f 7357/7357/3148 7358/7358/3148 7355/7355/3148
f 7359/7359/3148 7358/7358/3148 7357/7357/3148
f 7359/7359/3149 7360/7360/3149 7358/7358/3149
f 7361/7361/3149 7360/7360/3149 7359/7359/3149
f 7361/7361/3150 7362/7362/3150 7360/7360/3150
f 7363/7363/3150 7362/7362/3150 7361/7361/3150
f 7364/7364/3151 7365/7365/3151 7366/7366/3151
f 7367/7367/3151 7365/7365/3151 7364/7364/3151
f 7367/7367/3152 7368/7368/3152 7365/7365/3152
f 7369/7369/3152 7368/7368/3152 7367/7367/3152
f 7369/7369/3153 7370/7370/3153 7368/7368/3153
f 7371/7371/3153 7370/7370/3153 7369/7369/3153
f 7371/7371/3154 7372/7372/3154 7370/7370/3154
f 7373/7373/3154 7372/7372/3154 7371/7371/3154
f 7374/7374/3155 7375/7375/3155 7376/7376/3155
f 7377/7377/3155 7375/7375/3155 7374/7374/3155
f 7377/7377/3156 7378/7378/3156 7375/7375/3156
f 7379/7379/3156 7378/7378/3156 7377/7377/3156
f 7379/7379/3157 7352/7352/3157 7378/7378/3157
f 7350/7350/3157 7352/7352/3157 7379/7379/3157
f 7380/7380/3054 7381/7381/3054 7382/7382/3054
f 7383/7383/3054 7381/7381/3054 7380/7380/3054
f 7384/7384/3055 7385/7385/3055 7386/7386/3055
f 7387/7387/3055 7385/7385/3055 7384/7384/3055
f 7388/7388/3054 7380/7380/3054 7382/7382/3054
f 7389/7389/3054 7380/7380/3054 7388/7388/3054
f 7390/7390/3055 7385/7385/3055 7387/7387/3055
f 7391/7391/3055 7385/7385/3055 7390/7390/3055
f 7392/7392/3054 7381/7381/3054 7383/7383/3054
f 7393/7393/3054 7381/7381/3054 7392/7392/3054
f 7394/7394/3055 7384/7384/3055 7386/7386/3055
f 7395/7395/3055 7384/7384/3055 7394/7394/3055
f 7396/7396/3054 7389/7389/3054 7388/7388/3054
f 7397/7397/3054 7389/7389/3054 7396/7396/3054
f 7398/7398/3055 7391/7391/3055 7390/7390/3055
f 7399/7399/3055 7391/7391/3055 7398/7398/3055
f 7392/7392/3054 7400/7400/3054 7393/7393/3054
f 7394/7394/3055 7401/7401/3055 7395/7395/3055
f 7396/7396/3054 7402/7402/3054 7397/7397/3054
f 7398/7398/3055 7403/7403/3055 7399/7399/3055
f 7404/7404/3158 7405/7405/3158 7406/7406/3158
f 7407/7407/3081 7405/7405/3081 7404/7404/3081
f 7408/7408/3082 7409/7409/3082 7410/7410/3082
f 7411/7411/3083 7409/7409/3083 7408/7408/3083
f 7412/7412/3084 7413/7413/3084 7414/7414/3084
f 7415/7415/3085 7413/7413/3085 7412/7412/3085
f 7416/7416/3086 7417/7417/3086 7418/7418/3086
f 7419/7419/3087 7417/7417/3087 7416/7416/3087
f 7420/7420/3088 7421/7421/3088 7422/7422/3088
f 7421/7421/3089 7423/7423/3089 7422/7422/3089
f 7424/7424/3090 7420/7420/3090 7425/7425/3090
f 7420/7420/3091 7422/7422/3091 7425/7425/3091
f 7426/7426/3092 7427/7427/3092 7428/7428/3092
f 7429/7429/3092 7427/7427/3092 7426/7426/3092
f 7430/7430/3093 7431/7431/3093 7432/7432/3093
f 7433/7433/3093 7431/7431/3093 7430/7430/3093
f 7434/7434/3094 7435/7435/3094 7436/7436/3094
f 7437/7437/3094 7435/7435/3094 7434/7434/3094
f 7438/7438/3095 7439/7439/3095 7440/7440/3095
f 7441/7441/3095 7439/7439/3095 7438/7438/3095
f 7442/7442/3096 7431/7431/3096 7433/7433/3096
f 7443/7443/3096 7431/7431/3096 7442/7442/3096
f 7444/7444/3097 7439/7439/3097 7441/7441/3097
f 7445/7445/3097 7439/7439/3097 7444/7444/3097
f 7430/7430/3098 7427/7427/3098 7429/7429/3098
f 7432/7432/3098 7427/7427/3098 7430/7430/3098
f 7438/7438/3099 7435/7435/3099 7437/7437/3099
f 7440/7440/3099 7435/7435/3099 7438/7438/3099
f 7446/7446/3100 7447/7447/3101 7448/7448/3102
f 7446/7446/3100 7449/7449/3103 7447/7447/3101
f 7446/7446/3100 7450/7450/3104 7449/7449/3103
f 7451/7451/3105 7450/7450/3104 7446/7446/3100
f 7452/7452/3106 7450/7450/3104 7451/7451/3105
f 7452/7452/3106 7453/7453/3107 7450/7450/3104
f 7454/7454/3038 7455/7455/3038 7456/7456/3038
f 7457/7457/3038 7455/7455/3038 7454/7454/3038
f 7456/7456/3039 7458/7458/3039 7459/7459/3039
f 7455/7455/3039 7458/7458/3039 7456/7456/3039
f 7460/7460/3040 7461/7461/3040 7462/7462/3040
f 7463/7463/3040 7461/7461/3040 7460/7460/3040
f 7463/7463/3041 7464/7464/3041 7461/7461/3041
f 7465/7465/3041 7464/7464/3041 7463/7463/3041
f 7466/7466/3042 7467/7467/3042 7468/7468/3042
f 7469/7469/3042 7467/7467/3042 7466/7466/3042
f 7470/7470/3043 7471/7471/3043 7472/7472/3043
f 7467/7467/3043 7471/7471/3043 7470/7470/3043
f 7473/7473/3044 7474/7474/3044 7475/7475/3044
f 7476/7476/3044 7474/7474/3044 7473/7473/3044
f 7477/7477/3045 7478/7478/3045 7479/7479/3045
f 7474/7474/3045 7478/7478/3045 7477/7477/3045
f 7480/7480/3046 7481/7481/3046 7482/7482/3046
f 7483/7483/3046 7481/7481/3046 7480/7480/3046
f 7484/7484/3047 7485/7485/3047 7486/7486/3047
f 7487/7487/3047 7485/7485/3047 7484/7484/3047
f 7487/7487/3048 7488/7488/3048 7485/7485/3048
f 7489/7489/3048 7488/7488/3048 7487/7487/3048
f 7489/7489/3049 7490/7490/3049 7488/7488/3049
f 7491/7491/3049 7490/7490/3049 7489/7489/3049
f 7492/7492/3050 7493/7493/3050 7494/7494/3050
f 7495/7495/3050 7493/7493/3050 7492/7492/3050
f 7495/7495/3051 7496/7496/3051 7493/7493/3051
f 7497/7497/3051 7496/7496/3051 7495/7495/3051
f 7498/7498/3052 7499/7499/3052 7500/7500/3052
f 7501/7501/3052 7499/7499/3052 7498/7498/3052
f 7501/7501/3053 7482/7482/3053 7499/7499/3053
f 7480/7480/3053 7482/7482/3053 7501/7501/3053
f 7502/7502/3054 7503/7503/3054 7504/7504/3054
f 7505/7505/3054 7503/7503/3054 7502/7502/3054
f 7506/7506/3055 7507/7507/3055 7508/7508/3055
f 7509/7509/3055 7507/7507/3055 7506/7506/3055
f 7510/7510/3054 7502/7502/3054 7504/7504/3054
f 7511/7511/3054 7502/7502/3054 7510/7510/3054
f 7512/7512/3055 7507/7507/3055 7509/7509/3055
f 7513/7513/3055 7507/7507/3055 7512/7512/3055
f 7505/7505/3054 7514/7514/3054 7503/7503/3054
f 7508/7508/3055 7515/7515/3055 7506/7506/3055
f 7510/7510/3054 7516/7516/3054 7511/7511/3054
f 7512/7512/3055 7517/7517/3055 7513/7513/3055
f 7518/7518/3159 7519/7519/3159 7520/7520/3159
f 7521/7521/3159 7519/7519/3159 7518/7518/3159
f 7522/7522/3160 7523/7523/3160 7524/7524/3160
f 7525/7525/3160 7523/7523/3160 7522/7522/3160
f 7525/7525/3161 7526/7526/3161 7523/7523/3161
f 7527/7527/3161 7526/7526/3161 7525/7525/3161
f 7527/7527/3162 7528/7528/3162 7526/7526/3162
f 7529/7529/3162 7528/7528/3162 7527/7527/3162
f 7529/7529/3163 7530/7530/3163 7528/7528/3163
f 7531/7531/3163 7530/7530/3163 7529/7529/3163
f 7532/7532/3164 7533/7533/3164 7534/7534/3164
f 7535/7535/3164 7533/7533/3164 7532/7532/3164
f 7535/7535/3165 7536/7536/3165 7533/7533/3165
f 7537/7537/3165 7536/7536/3165 7535/7535/3165
f 7537/7537/3166 7538/7538/3166 7536/7536/3166
f 7539/7539/3166 7538/7538/3166 7537/7537/3166
f 7539/7539/3167 7540/7540/3167 7538/7538/3167
f 7541/7541/3167 7540/7540/3167 7539/7539/3167
f 7542/7542/3168 7543/7543/3168 7544/7544/3168
f 7545/7545/3168 7543/7543/3168 7542/7542/3168
f 7545/7545/3169 7546/7546/3169 7543/7543/3169
f 7547/7547/3169 7546/7546/3169 7545/7545/3169
f 7547/7547/3170 7520/7520/3170 7546/7546/3170
f 7518/7518/3170 7520/7520/3170 7547/7547/3170
f 7548/7548/3054 7549/7549/3054 7550/7550/3054
f 7551/7551/3054 7549/7549/3054 7548/7548/3054
f 7552/7552/3055 7553/7553/3055 7554/7554/3055
f 7555/7555/3055 7553/7553/3055 7552/7552/3055
f 7556/7556/3054 7548/7548/3054 7550/7550/3054
f 7557/7557/3054 7548/7548/3054 7556/7556/3054
f 7558/7558/3055 7553/7553/3055 7555/7555/3055
f 7559/7559/3055 7553/7553/3055 7558/7558/3055
f 7560/7560/3054 7549/7549/3054 7551/7551/3054
f 7561/7561/3054 7549/7549/3054 7560/7560/3054
f 7562/7562/3055 7552/7552/3055 7554/7554/3055
f 7563/7563/3055 7552/7552/3055 7562/7562/3055
f 7564/7564/3054 7557/7557/3054 7556/7556/3054
f 7565/7565/3054 7557/7557/3054 7564/7564/3054
f 7566/7566/3055 7559/7559/3055 7558/7558/3055
f 7567/7567/3055 7559/7559/3055 7566/7566/3055
f 7560/7560/3054 7568/7568/3054 7561/7561/3054
f 7562/7562/3055 7569/7569/3055 7563/7563/3055
f 7564/7564/3054 7570/7570/3054 7565/7565/3054
f 7566/7566/3055 7571/7571/3055 7567/7567/3055
f 7572/7572/3171 7573/7573/3171 7574/7574/3171
f 7575/7575/3171 7573/7573/3171 7572/7572/3171
f 7576/7576/3172 7577/7577/3172 7578/7578/3172
f 7579/7579/3172 7577/7577/3172 7576/7576/3172
f 7579/7579/3173 7580/7580/3173 7577/7577/3173
f 7581/7581/3173 7580/7580/3173 7579/7579/3173
f 7581/7581/3174 7582/7582/3174 7580/7580/3174
f 7583/7583/3174 7582/7582/3174 7581/7581/3174
f 7583/7583/3175 7584/7584/3175 7582/7582/3175
f 7585/7585/3175 7584/7584/3175 7583/7583/3175
f 7586/7586/3176 7587/7587/3176 7588/7588/3176
f 7589/7589/3176 7587/7587/3176 7586/7586/3176
f 7589/7589/3177 7590/7590/3177 7587/7587/3177
f 7591/7591/3177 7590/7590/3177 7589/7589/3177
f 7591/7591/3178 7592/7592/3178 7590/7590/3178
f 7593/7593/3178 7592/7592/3178 7591/7591/3178
f 7593/7593/3179 7594/7594/3179 7592/7592/3179
f 7595/7595/3179 7594/7594/3179 7593/7593/3179
f 7596/7596/3180 7597/7597/3180 7598/7598/3180
f 7599/7599/3180 7597/7597/3180 7596/7596/3180
f 7599/7599/3181 7600/7600/3181 7597/7597/3181
f 7601/7601/3181 7600/7600/3181 7599/7599/3181
f 7601/7601/3182 7574/7574/3182 7600/7600/3182
f 7572/7572/3182 7574/7574/3182 7601/7601/3182
f 7602/7602/3054 7603/7603/3054 7604/7604/3054
f 7605/7605/3054 7603/7603/3054 7602/7602/3054
f 7606/7606/3055 7607/7607/3055 7608/7608/3055
f 7609/7609/3055 7607/7607/3055 7606/7606/3055
f 7610/7610/3054 7602/7602/3054 7604/7604/3054
f 7611/7611/3054 7602/7602/3054 7610/7610/3054
f 7612/7612/3055 7607/7607/3055 7609/7609/3055
f 7613/7613/3055 7607/7607/3055 7612/7612/3055
f 7614/7614/3054 7603/7603/3054 7605/7605/3054
f 7615/7615/3054 7603/7603/3054 7614/7614/3054
f 7616/7616/3055 7606/7606/3055 7608/7608/3055
f 7617/7617/3055 7606/7606/3055 7616/7616/3055
f 7618/7618/3054 7611/7611/3054 7610/7610/3054
f 7619/7619/3054 7611/7611/3054 7618/7618/3054
f 7620/7620/3055 7613/7613/3055 7612/7612/3055
f 7621/7621/3055 7613/7613/3055 7620/7620/3055
f 7614/7614/3054 7622/7622/3054 7615/7615/3054
f 7616/7616/3055 7623/7623/3055 7617/7617/3055
f 7618/7618/3054 7624/7624/3054 7619/7619/3054
f 7620/7620/3055 7625/7625/3055 7621/7621/3055
f 7626/7626/3183 7627/7627/3183 7628/7628/3183
f 7629/7629/3081 7627/7627/3081 7626/7626/3081
f 7630/7630/3082 7631/7631/3082 7632/7632/3082
f 7633/7633/3083 7631/7631/3083 7630/7630/3083
f 7634/7634/3184 7635/7635/3184 7636/7636/3184
f 7637/7637/3085 7635/7635/3085 7634/7634/3085
f 7638/7638/3086 7639/7639/3086 7640/7640/3086
f 7641/7641/3087 7639/7639/3087 7638/7638/3087
f 7642/7642/3088 7643/7643/3088 7644/7644/3088
f 7643/7643/3089 7645/7645/3089 7644/7644/3089
f 7646/7646/3090 7642/7642/3090 7647/7647/3090
f 7642/7642/3091 7644/7644/3091 7647/7647/3091
f 7648/7648/3092 7649/7649/3092 7650/7650/3092
f 7651/7651/3092 7649/7649/3092 7648/7648/3092
f 7652/7652/3093 7653/7653/3093 7654/7654/3093
f 7655/7655/3093 7653/7653/3093 7652/7652/3093
f 7656/7656/3094 7657/7657/3094 7658/7658/3094
f 7659/7659/3094 7657/7657/3094 7656/7656/3094
f 7660/7660/3095 7661/7661/3095 7662/7662/3095
f 7663/7663/3095 7661/7661/3095 7660/7660/3095
f 7664/7664/3096 7653/7653/3096 7655/7655/3096
f 7665/7665/3096 7653/7653/3096 7664/7664/3096
f 7666/7666/3097 7661/7661/3097 7663/7663/3097
f 7667/7667/3097 7661/7661/3097 7666/7666/3097
f 7652/7652/3098 7649/7649/3098 7651/7651/3098
f 7654/7654/3098 7649/7649/3098 7652/7652/3098
f 7660/7660/3185 7657/7657/3185 7659/7659/3185
f 7662/7662/3185 7657/7657/3185 7660/7660/3185
f 7668/7668/3132 7669/7669/3101 7670/7670/3102
f 7668/7668/3132 7671/7671/3133 7669/7669/3101
f 7668/7668/3132 7672/7672/3104 7671/7671/3133
f 7673/7673/3105 7672/7672/3104 7668/7668/3132
f 7674/7674/3106 7672/7672/3104 7673/7673/3105
f 7674/7674/3106 7675/7675/3107 7672/7672/3104
f 7676/7676/3186 7677/7677/3186 7678/7678/3186
f 7679/7679/3186 7677/7677/3186 7676/7676/3186
f 7680/7680/3187 7681/7681/3187 7682/7682/3187
f 7683/7683/3187 7681/7681/3187 7680/7680/3187
f 7684/7684/3188 7685/7685/3189 7686/7686/3190
f 7687/7687/3191 7685/7685/3189 7684/7684/3188
f 7688/7688/3192 7689/7689/3193 7690/7690/3194
f 7691/7691/3195 7689/7689/3193 7688/7688/3192
f 7692/7692/3196 7693/7693/3196 7694/7694/3196
f 7695/7695/3196 7693/7693/3196 7692/7692/3196
f 7696/7696/3197 7697/7697/3197 7698/7698/3197
f 7699/7699/3197 7697/7697/3197 7696/7696/3197
f 7700/7700/3198 7701/7701/3199 7702/7702/3200
f 7703/7703/3201 7701/7701/3199 7700/7700/3198
f 7704/7704/3202 7705/7705/3203 7706/7706/3204
f 7707/7707/3205 7705/7705/3203 7704/7704/3202
f 7708/7708/3206 7709/7709/3206 7710/7710/3206
f 7711/7711/3206 7709/7709/3206 7708/7708/3206
f 7712/7712/3207 7713/7713/3207 7714/7714/3207
f 7715/7715/3207 7713/7713/3207 7712/7712/3207
f 7716/7716/3208 7717/7717/3209 7718/7718/3210
f 7719/7719/3211 7717/7717/3209 7716/7716/3208
f 7720/7720/3212 7721/7721/3213 7722/7722/3214
f 7723/7723/3215 7721/7721/3213 7720/7720/3212
f 7724/7724/3216 7725/7725/3216 7726/7726/3217
f 7727/7727/3216 7725/7725/3216 7724/7724/3216
f 7728/7728/3218 7729/7729/3218 7730/7730/3218
f 7731/7731/3218 7729/7729/3218 7728/7728/3218
f 7732/7732/3219 7733/7733/3220 7734/7734/3221
f 7735/7735/3222 7733/7733/3220 7732/7732/3219
f 7736/7736/3223 7737/7737/3224 7738/7738/3225
f 7739/7739/3226 7737/7737/3224 7736/7736/3223
f 7740/7740/3227 7741/7741/3227 7742/7742/3227
f 7743/7743/3227 7741/7741/3227 7740/7740/3227
f 7744/7744/3228 7745/7745/3228 7746/7746/3228
f 7747/7747/3228 7745/7745/3228 7744/7744/3228
f 7748/7748/3229 7749/7749/3230 7750/7750/3231
f 7751/7751/3232 7749/7749/3230 7748/7748/3229
f 7752/7752/3233 7753/7753/3234 7754/7754/3235
f 7755/7755/3236 7753/7753/3234 7752/7752/3233
f 7756/7756/3237 7757/7757/3237 7758/7758/3237
f 7759/7759/3237 7757/7757/3237 7756/7756/3237
f 7760/7760/3238 7761/7761/3238 7762/7762/3238
f 7763/7763/3238 7761/7761/3238 7760/7760/3238
f 7764/7764/3239 7765/7765/3240 7766/7766/3241
f 7767/7767/3242 7765/7765/3240 7764/7764/3239
f 7768/7768/3243 7769/7769/3244 7770/7770/3245
f 7771/7771/3246 7769/7769/3244 7768/7768/3243
f 7772/7772/3247 7773/7773/3247 7774/7774/3247
f 7775/7775/3247 7773/7773/3247 7772/7772/3247
f 7776/7776/3248 7777/7777/3248 7778/7778/3248
f 7779/7779/3248 7777/7777/3248 7776/7776/3248
f 7780/7780/3249 7781/7781/3250 7782/7782/3251
f 7783/7783/3252 7781/7781/3250 7780/7780/3249
f 7784/7784/3253 7785/7785/3254 7786/7786/3255
f 7787/7787/3256 7785/7785/3254 7784/7784/3253
f 7788/7788/3257 7789/7789/3258 7790/7790/3257
f 7791/7791/3258 7789/7789/3258 7788/7788/3257
f 7792/7792/3259 7793/7793/3260 7794/7794/3260
f 7795/7795/3259 7793/7793/3260 7792/7792/3259
f 7796/7796/3261 7797/7797/3262 7798/7798/3263
f 7799/7799/3264 7797/7797/3262 7796/7796/3261
f 7800/7800/3265 7801/7801/3266 7802/7802/3267
f 7803/7803/3268 7801/7801/3266 7800/7800/3265
f 7804/7804/3269 7805/7805/3269 7806/7806/3269
f 7807/7807/3269 7805/7805/3269 7804/7804/3269
f 7808/7808/3270 7809/7809/3270 7810/7810/3270
f 7811/7811/3270 7809/7809/3270 7808/7808/3270
f 7812/7812/3271 7813/7813/3272 7814/7814/3273
f 7815/7815/3274 7813/7813/3272 7812/7812/3271
f 7816/7816/3275 7817/7817/3276 7818/7818/3277
f 7819/7819/3278 7817/7817/3276 7816/7816/3275
f 7820/7820/3279 7821/7821/3279 7822/7822/3279
f 7823/7823/3279 7821/7821/3279 7820/7820/3279
f 7824/7824/3280 7825/7825/3280 7826/7826/3281
f 7827/7827/3280 7825/7825/3280 7824/7824/3280
f 7828/7828/3282 7829/7829/3283 7830/7830/3284
f 7831/7831/3285 7829/7829/3283 7828/7828/3282
f 7832/7832/3286 7833/7833/3287 7834/7834/3288
f 7835/7835/3289 7833/7833/3287 7832/7832/3286
f 7836/7836/3290 7837/7837/3290 7838/7838/3290
f 7839/7839/3290 7837/7837/3290 7836/7836/3290
f 7840/7840/3291 7841/7841/3292 7842/7842/3293
f 7843/7843/3294 7841/7841/3292 7840/7840/3291
f 7844/7844/3295 7839/7839/3295 7836/7836/3295
f 7845/7845/3295 7839/7839/3295 7844/7844/3295
f 7843/7843/3294 7846/7846/3296 7841/7841/3292
f 7847/7847/3297 7846/7846/3296 7843/7843/3294
f 7848/7848/3298 7845/7845/3298 7844/7844/3298
f 7849/7849/3298 7845/7845/3298 7848/7848/3298
f 7847/7847/3297 7850/7850/3299 7846/7846/3296
f 7851/7851/3300 7850/7850/3299 7847/7847/3297
f 7852/7852/3301 7849/7849/3301 7848/7848/3301
f 7853/7853/3301 7849/7849/3301 7852/7852/3301
f 7851/7851/3300 7854/7854/3300 7850/7850/3299
f 7855/7855/3302 7854/7854/3300 7851/7851/3300
f 7856/7856/3303 7853/7853/3303 7852/7852/3303
f 7857/7857/3303 7853/7853/3303 7856/7856/3303
f 7855/7855/3302 7858/7858/3304 7854/7854/3300
f 7859/7859/3305 7858/7858/3304 7855/7855/3302
f 7860/7860/3306 7857/7857/3306 7856/7856/3306
f 7861/7861/3306 7857/7857/3306 7860/7860/3306
f 7859/7859/3305 7862/7862/3307 7858/7858/3304
f 7863/7863/3308 7862/7862/3307 7859/7859/3305
f 7864/7864/3309 7861/7861/3309 7860/7860/3309
f 7865/7865/3309 7861/7861/3309 7864/7864/3309
f 7863/7863/3308 7866/7866/3310 7862/7862/3307
f 7867/7867/3311 7866/7866/3310 7863/7863/3308
f 7868/7868/3312 7865/7865/3312 7864/7864/3312
f 7869/7869/3312 7865/7865/3312 7868/7868/3312
f 7867/7867/3311 7870/7870/3313 7866/7866/3310
f 7871/7871/3314 7870/7870/3313 7867/7867/3311
f 7872/7872/3315 7869/7869/3315 7868/7868/3315
f 7873/7873/3315 7869/7869/3315 7872/7872/3315
f 7871/7871/3314 7874/7874/3316 7870/7870/3313
f 7875/7875/3317 7874/7874/3316 7871/7871/3314
f 7876/7876/3318 7873/7873/3318 7872/7872/3318
f 7877/7877/3318 7873/7873/3318 7876/7876/3318
f 7875/7875/3317 7878/7878/3319 7874/7874/3316
f 7879/7879/3320 7878/7878/3319 7875/7875/3317
f 7880/7880/3321 7877/7877/3321 7876/7876/3321
f 7881/7881/3321 7877/7877/3321 7880/7880/3321
f 7879/7879/3320 7882/7882/3322 7878/7878/3319
f 7883/7883/3323 7882/7882/3322 7879/7879/3320
f 7884/7884/3324 7881/7881/3324 7880/7880/3324
f 7885/7885/3324 7881/7881/3324 7884/7884/3324
f 7883/7883/3323 7886/7886/3325 7882/7882/3322
f 7887/7887/3326 7886/7886/3325 7883/7883/3323
f 7888/7888/3327 7885/7885/3327 7884/7884/3327
f 7889/7889/3327 7885/7885/3327 7888/7888/3327
f 7887/7887/3326 7890/7890/3328 7886/7886/3325
f 7891/7891/3329 7890/7890/3328 7887/7887/3326
f 7892/7892/3330 7889/7889/3330 7888/7888/3330
f 7893/7893/3330 7889/7889/3330 7892/7892/3330
f 7891/7891/3329 7894/7894/3331 7890/7890/3328
f 7895/7895/3332 7894/7894/3331 7891/7891/3329
f 7896/7896/3333 7893/7893/3333 7892/7892/3333
f 7897/7897/3333 7893/7893/3333 7896/7896/3333
f 7895/7895/3332 7898/7898/3334 7894/7894/3331
f 7899/7899/3335 7898/7898/3334 7895/7895/3332
f 7900/7900/3336 7897/7897/3336 7896/7896/3336
f 7901/7901/3336 7897/7897/3336 7900/7900/3336
f 7899/7899/3335 7842/7842/3293 7898/7898/3334
f 7840/7840/3291 7842/7842/3293 7899/7899/3335
f 7902/7902/3337 7903/7903/3337 7904/7904/3337
f 7905/7905/3337 7903/7903/3337 7902/7902/3337
f 7906/7906/3338 7905/7905/3338 7902/7902/3338
f 7907/7907/3338 7905/7905/3338 7906/7906/3338
f 7908/7908/3339 7907/7907/3339 7906/7906/3339
f 7909/7909/3340 7907/7907/3340 7908/7908/3340
f 7910/7910/3341 7909/7909/3341 7908/7908/3341
f 7911/7911/3342 7909/7909/3342 7910/7910/3342
f 7912/7912/3343 7911/7911/3343 7910/7910/3343
f 7913/7913/3344 7911/7911/3344 7912/7912/3344
f 7914/7914/3345 7913/7913/3345 7912/7912/3345
f 7915/7915/3346 7913/7913/3346 7914/7914/3346
f 7916/7916/3347 7915/7915/3347 7914/7914/3347
f 7917/7917/3347 7915/7915/3347 7916/7916/3347
f 7918/7918/3348 7917/7917/3348 7916/7916/3348
f 7919/7919/3348 7917/7917/3348 7918/7918/3348
f 7920/7920/3349 7921/7921/3349 7922/7922/3349
f 7923/7923/3349 7921/7921/3349 7920/7920/3349
f 7924/7924/3350 7923/7923/3350 7920/7920/3350
f 7925/7925/3350 7923/7923/3350 7924/7924/3350
f 7926/7926/3351 7925/7925/3351 7924/7924/3351
f 7927/7927/3351 7925/7925/3351 7926/7926/3351
f 7928/7928/3352 7927/7927/3352 7926/7926/3352
f 7929/7929/3352 7927/7927/3352 7928/7928/3352
f 7930/7930/3353 7929/7929/3353 7928/7928/3353
f 7931/7931/3354 7929/7929/3354 7930/7930/3354
f 7932/7932/3355 7931/7931/3355 7930/7930/3355
f 7933/7933/3356 7931/7931/3356 7932/7932/3356
f 7934/7934/3357 7933/7933/3357 7932/7932/3357
f 7935/7935/3357 7933/7933/3357 7934/7934/3357
f 7904/7904/3358 7935/7935/3358 7934/7934/3358
f 7903/7903/3358 7935/7935/3358 7904/7904/3358
f 7936/7936/3359 7937/7937/3359 7938/7938/3359
f 7939/7939/3360 7937/7937/3360 7936/7936/3360
f 7938/7938/3361 7940/7940/3361 7941/7941/3361
f 7937/7937/3362 7940/7940/3362 7938/7938/3362
f 7941/7941/3363 7942/7942/3363 7943/7943/3363
f 7940/7940/3364 7942/7942/3364 7941/7941/3364
f 7943/7943/3365 7944/7944/3365 7945/7945/3365
f 7942/7942/3366 7944/7944/3366 7943/7943/3366
f 7946/7946/3367 7947/7947/3367 7948/7948/3367
f 7949/7949/3368 7947/7947/3368 7946/7946/3368
f 7948/7948/3369 7950/7950/3369 7951/7951/3369
f 7947/7947/3370 7950/7950/3370 7948/7948/3370
f 7951/7951/3371 7952/7952/3371 7953/7953/3371
f 7950/7950/3372 7952/7952/3372 7951/7951/3372
f 7953/7953/3373 7954/7954/3373 7955/7955/3373
f 7952/7952/3374 7954/7954/3374 7953/7953/3374
f 7956/7956/3375 7957/7957/3375 7958/7958/3375
f 7959/7959/3376 7957/7957/3376 7956/7956/3376
f 7958/7958/3377 7960/7960/3377 7961/7961/3377
f 7957/7957/3378 7960/7960/3378 7958/7958/3378
f 7961/7961/3379 7962/7962/3379 7963/7963/3379
f 7960/7960/3380 7962/7962/3380 7961/7961/3380
f 7963/7963/3381 7964/7964/3381 7965/7965/3381
f 7962/7962/3382 7964/7964/3382 7963/7963/3382
f 7966/7966/3383 7967/7967/3383 7968/7968/3383
f 7969/7969/3384 7967/7967/3384 7966/7966/3384
f 7968/7968/3385 7970/7970/3385 7971/7971/3385
f 7967/7967/3386 7970/7970/3386 7968/7968/3386
f 7971/7971/3387 7972/7972/3387 7973/7973/3387
f 7970/7970/3388 7972/7972/3388 7971/7971/3388
f 7973/7973/3389 7974/7974/3389 7975/7975/3389
f 7972/7972/3390 7974/7974/3390 7973/7973/3390
f 7976/7976/3391 7977/7977/3391 7978/7978/3391
f 7979/7979/3391 7977/7977/3391 7976/7976/3391
f 7980/7980/3392 7979/7979/3392 7976/7976/3392
f 7981/7981/3392 7979/7979/3392 7980/7980/3392
f 7982/7982/3393 7983/7983/3393 7984/7984/3393
f 7985/7985/3393 7983/7983/3393 7982/7982/3393
f 7986/7986/3394 7985/7985/3394 7982/7982/3394
f 7987/7987/3394 7985/7985/3394 7986/7986/3394
f 7988/7988/3395 7987/7987/3395 7986/7986/3395
f 7989/7989/3395 7987/7987/3395 7988/7988/3395
f 7990/7990/3396 7989/7989/3396 7988/7988/3396
f 7991/7991/3396 7989/7989/3396 7990/7990/3396
f 7992/7992/3397 7993/7993/3397 7994/7994/3397
f 7995/7995/3397 7993/7993/3397 7992/7992/3397
f 7978/7978/3398 7995/7995/3398 7992/7992/3398
f 7977/7977/3398 7995/7995/3398 7978/7978/3398
f 7996/7996/3055 7997/7997/3055 7998/7998/3055
f 7999/7999/3055 7997/7997/3055 7996/7996/3055
f 7997/7997/3055 8000/8000/3055 8001/8001/3055
f 7999/7999/3055 8000/8000/3055 7997/7997/3055
f 8000/8000/3055 8002/8002/3055 8003/8003/3055
f 7999/7999/3055 8002/8002/3055 8000/8000/3055
f 8004/8004/3054 8005/8005/3054 8006/8006/3054
f 8007/8007/3054 8005/8005/3054 8004/8004/3054
f 8005/8005/3054 8008/8008/3054 8009/8009/3054
f 8007/8007/3054 8008/8008/3054 8005/8005/3054
f 8008/8008/3054 8010/8010/3054 8011/8011/3054
f 8007/8007/3054 8010/8010/3054 8008/8008/3054
f 8012/8012/3055 8013/8013/3055 8014/8014/3055
f 8015/8015/3055 8013/8013/3055 8012/8012/3055
f 8016/8016/3055 8015/8015/3055 8017/8017/3055
f 8013/8013/3055 8015/8015/3055 8016/8016/3055
f 8015/8015/3055 8018/8018/3055 8017/8017/3055
f 8015/8015/3055 8019/8019/3055 8018/8018/3055
f 8019/8019/3055 8020/8020/3055 8021/8021/3055
f 8015/8015/3055 8020/8020/3055 8019/8019/3055
f 8022/8022/3399 8023/8023/3399 8024/8024/3399
f 8025/8025/3400 8023/8023/3400 8022/8022/3400
f 8024/8024/3401 8026/8026/3401 8027/8027/3401
f 8023/8023/3402 8026/8026/3402 8024/8024/3402
f 8027/8027/3403 8028/8028/3403 8029/8029/3403
f 8026/8026/3404 8028/8028/3404 8027/8027/3404
f 8029/8029/3405 8030/8030/3405 8031/8031/3405
f 8028/8028/3405 8030/8030/3405 8029/8029/3405
f 8031/8031/3406 8032/8032/3406 8033/8033/3406
f 8030/8030/3406 8032/8032/3406 8031/8031/3406
f 8033/8033/3407 8034/8034/3407 8035/8035/3407
f 8032/8032/3408 8034/8034/3408 8033/8033/3408
f 8035/8035/3409 8036/8036/3409 8037/8037/3409
f 8034/8034/3410 8036/8036/3410 8035/8035/3410
f 8037/8037/3411 8038/8038/3411 8039/8039/3411
f 8036/8036/3411 8038/8038/3411 8037/8037/3411
f 8039/8039/3412 8040/8040/3412 8041/8041/3412
f 8038/8038/3413 8040/8040/3413 8039/8039/3413
f 8041/8041/3414 8025/8025/3414 8022/8022/3414
f 8040/8040/3414 8025/8025/3414 8041/8041/3414
f 8042/8042/3415 8043/8043/3415 8044/8044/3415
f 8045/8045/3415 8043/8043/3415 8042/8042/3415
f 8043/8043/3416 8046/8046/3416 8047/8047/3416
f 8045/8045/3416 8046/8046/3416 8043/8043/3416
f 8047/8047/3417 8048/8048/3417 8049/8049/3417
f 8046/8046/3417 8048/8048/3417 8047/8047/3417
f 8050/8050/3418 8051/8051/3418 8052/8052/3419
f 8053/8053/3418 8051/8051/3418 8050/8050/3418
f 8052/8052/3420 8054/8054/3420 8055/8055/3420
f 8051/8051/3421 8054/8054/3421 8052/8052/3421
f 8055/8055/3422 8056/8056/3422 8057/8057/3422
f 8054/8054/3422 8056/8056/3422 8055/8055/3422
f 8057/8057/3423 8058/8058/3423 8059/8059/3423
f 8056/8056/3423 8058/8058/3423 8057/8057/3423
f 8059/8059/3424 8060/8060/3424 8061/8061/3424
f 8058/8058/3425 8060/8060/3425 8059/8059/3425
f 8062/8062/3426 8063/8063/3426 8064/8064/3426
f 8065/8065/3426 8063/8063/3426 8062/8062/3426
f 8064/8064/3427 8042/8042/3427 8044/8044/3427
f 8063/8063/3428 8042/8042/3428 8064/8064/3428
f 8066/8066/3429 8045/8045/3429 8042/8042/3429
f 8067/8067/3429 8045/8045/3429 8066/8066/3429
f 8067/8067/3430 8046/8046/3430 8045/8045/3430
f 8068/8068/3430 8046/8046/3430 8067/8067/3430
f 8068/8068/3431 8048/8048/3431 8046/8046/3431
f 8069/8069/3431 8048/8048/3431 8068/8068/3431
f 8070/8070/3432 8051/8051/3433 8053/8053/3433
f 8071/8071/3432 8051/8051/3433 8070/8070/3432
f 8071/8071/3434 8054/8054/3434 8051/8051/3434
f 8072/8072/3434 8054/8054/3434 8071/8071/3434
f 8072/8072/3435 8056/8056/3435 8054/8054/3436
f 8073/8073/3435 8056/8056/3435 8072/8072/3435
f 8073/8073/3437 8058/8058/3437 8056/8056/3437
f 8074/8074/3437 8058/8058/3437 8073/8073/3437
f 8074/8074/3438 8060/8060/3438 8058/8058/3438
f 8075/8075/3438 8060/8060/3438 8074/8074/3438
f 8076/8076/3439 8063/8063/3439 8065/8065/3439
f 8077/8077/3439 8063/8063/3439 8076/8076/3439
f 8077/8077/3440 8042/8042/3440 8063/8063/3440
f 8066/8066/3440 8042/8042/3440 8077/8077/3440
f 8078/8078/3441 8079/8079/3441 8080/8080/3442
f 8081/8081/3441 8079/8079/3441 8078/8078/3441
f 8082/8082/3443 8083/8083/3443 8084/8084/3443
f 8085/8085/3444 8086/8086/3444 8083/8083/3444
f 8085/8085/3445 8083/8083/3445 8082/8082/3445
f 8087/8087/3446 8088/8088/3446 8089/8089/3446
f 8090/8090/3446 8088/8088/3446 8087/8087/3446
f 8091/8091/3447 8092/8092/3447 8093/8093/3447
f 8094/8094/3448 8095/8095/3448 8092/8092/3448
f 8094/8094/3449 8092/8092/3449 8091/8091/3449
f 8096/8096/3450 8097/8097/3450 8098/8098/3450
f 8099/8099/3450 8097/8097/3450 8096/8096/3450
f 8100/8100/3451 8101/8101/3451 8102/8102/3451
f 8103/8103/3452 8104/8104/3452 8101/8101/3452
f 8103/8103/3453 8101/8101/3453 8100/8100/3453
f 8105/8105/3454 8106/8106/3454 8107/8107/3454
f 8108/8108/3455 8106/8106/3454 8105/8105/3454
f 8109/8109/3456 8110/8110/3456 8111/8111/3456
f 8112/8112/3457 8113/8113/3457 8110/8110/3457
f 8112/8112/3458 8110/8110/3458 8109/8109/3458
f 8114/8114/3459 8115/8115/3460 8116/8116/3459
f 8117/8117/3461 8115/8115/3460 8114/8114/3459
f 8118/8118/3462 8119/8119/3462 8120/8120/3462
f 8121/8121/3463 8122/8122/3463 8119/8119/3463
f 8121/8121/3464 8119/8119/3464 8118/8118/3464
f 8123/8123/3465 8124/8124/3465 8125/8125/3466
f 8126/8126/3465 8124/8124/3465 8123/8123/3465
f 8127/8127/3467 8128/8128/3467 8129/8129/3467
f 8130/8130/3468 8131/8131/3468 8128/8128/3468
f 8130/8130/3469 8128/8128/3469 8127/8127/3469
f 8132/8132/3470 8133/8133/3470 8134/8134/3470
f 8135/8135/3470 8133/8133/3470 8132/8132/3470
f 8136/8136/3471 8137/8137/3471 8138/8138/3471
f 8139/8139/3472 8140/8140/3472 8137/8137/3472
f 8139/8139/3473 8137/8137/3473 8136/8136/3473
f 8141/8141/3474 8142/8142/3474 8143/8143/3474
f 8144/8144/3474 8142/8142/3474 8141/8141/3474
f 8145/8145/3475 8146/8146/3475 8147/8147/3475
f 8148/8148/3476 8149/8149/3476 8146/8146/3476
f 8148/8148/3477 8146/8146/3477 8145/8145/3477
f 8150/8150/3478 8151/8151/3478 8152/8152/3478
f 8153/8153/3479 8151/8151/3478 8150/8150/3478
f 8154/8154/3480 8155/8155/3480 8156/8156/3480
f 8157/8157/3481 8158/8158/3481 8155/8155/3481
f 8157/8157/3482 8155/8155/3482 8154/8154/3482
f 8159/8159/3483 8160/8160/3483 8161/8161/3483
f 8162/8162/3484 8160/8160/3483 8159/8159/3483
f 8163/8163/3485 8164/8164/3485 8165/8165/3485
f 8166/8166/3486 8167/8167/3486 8164/8164/3486
f 8166/8166/3487 8164/8164/3487 8163/8163/3487
f 8168/8168/3488 8169/8169/3488 8170/8170/3489
f 8171/8171/3488 8169/8169/3488 8168/8168/3488
f 8172/8172/3490 8173/8173/3490 8174/8174/3490
f 8175/8175/3491 8176/8176/3491 8173/8173/3491
f 8175/8175/3492 8173/8173/3492 8172/8172/3492
f 8177/8177/3493 8178/8178/3493 8179/8179/3493
f 8180/8180/3493 8178/8178/3493 8177/8177/3493
f 8181/8181/3494 8182/8182/3494 8183/8183/3494
f 8184/8184/3495 8185/8185/3495 8182/8182/3495
f 8184/8184/3496 8182/8182/3496 8181/8181/3496
f 8186/8186/3497 8187/8187/3497 8188/8188/3497
f 8189/8189/3497 8187/8187/3497 8186/8186/3497
f 8190/8190/3498 8191/8191/3498 8192/8192/3498
f 8193/8193/3499 8194/8194/3499 8191/8191/3499
f 8193/8193/3500 8191/8191/3500 8190/8190/3500
f 8195/8195/3501 8196/8196/3501 8197/8197/3501
f 8198/8198/3502 8196/8196/3501 8195/8195/3501
f 8199/8199/3503 8200/8200/3503 8201/8201/3503
f 8202/8202/3504 8203/8203/3504 8200/8200/3504
f 8202/8202/3505 8200/8200/3505 8199/8199/3505
f 8204/8204/3506 8205/8205/3507 8206/8206/3506
f 8207/8207/3508 8205/8205/3507 8204/8204/3506
f 8208/8208/3509 8209/8209/3509 8210/8210/3509
f 8211/8211/3510 8212/8212/3510 8209/8209/3510
f 8211/8211/3511 8209/8209/3511 8208/8208/3511
f 8213/8213/3512 8214/8214/3512 8215/8215/3513
f 8216/8216/3512 8214/8214/3512 8213/8213/3512
f 8217/8217/3514 8218/8218/3514 8219/8219/3514
f 8220/8220/3515 8221/8221/3515 8218/8218/3515
f 8220/8220/3516 8218/8218/3516 8217/8217/3516
f 8222/8222/3517 8223/8223/3517 8224/8224/3517
f 8225/8225/3517 8223/8223/3517 8222/8222/3517
f 8226/8226/3518 8227/8227/3518 8228/8228/3518
f 8229/8229/3519 8230/8230/3519 8227/8227/3519
f 8229/8229/3520 8227/8227/3520 8226/8226/3520
f 8231/8231/3521 8232/8232/3521 8233/8233/3521
f 8234/8234/3522 8232/8232/3521 8231/8231/3521
f 8235/8235/3523 8236/8236/3523 8237/8237/3523
f 8238/8238/3524 8239/8239/3524 8236/8236/3524
f 8238/8238/3525 8236/8236/3525 8235/8235/3525
f 8240/8240/3526 8241/8241/3526 8242/8242/3526
f 8243/8243/3527 8241/8241/3526 8240/8240/3526
f 8244/8244/3528 8245/8245/3528 8246/8246/3528
f 8247/8247/3529 8248/8248/3529 8245/8245/3529
f 8247/8247/3530 8245/8245/3530 8244/8244/3530
f 8249/8249/3531 8250/8250/3531 8251/8251/3532
f 8252/8252/3533 8250/8250/3531 8249/8249/3531
f 8253/8253/3534 8254/8254/3534 8255/8255/3534
f 8256/8256/3535 8257/8257/3535 8254/8254/3535
f 8256/8256/3536 8254/8254/3536 8253/8253/3536
f 8258/8258/3537 8259/8259/3537 8260/8260/3537
f 8261/8261/3537 8259/8259/3537 8258/8258/3537
f 8262/8262/3538 8263/8263/3539 8264/8264/3540
f 8265/8265/3541 8263/8263/3539 8262/8262/3538
f 8266/8266/3542 8267/8267/3543 8268/8268/3544
f 8269/8269/3545 8267/8267/3543 8266/8266/3542
f 8258/8258/3546 8270/8270/3546 8261/8261/3546
f 8271/8271/3546 8270/8270/3546 8258/8258/3546
f 8272/8272/3547 8263/8263/3539 8265/8265/3541
f 8273/8273/3548 8267/8267/3543 8269/8269/3545
f 8274/8274/3549 8275/8275/3549 8276/8276/3549
f 8277/8277/3549 8275/8275/3549 8274/8274/3549
f 8278/8278/3550 8279/8279/3551 8280/8280/3552
f 8281/8281/3553 8279/8279/3551 8278/8278/3550
f 8282/8282/3554 8283/8283/3555 8284/8284/3556
f 8285/8285/3557 8283/8283/3555 8282/8282/3554
f 8274/8274/3558 8286/8286/3558 8277/8277/3558
f 8287/8287/3558 8286/8286/3558 8274/8274/3558
f 8288/8288/3559 8279/8279/3551 8281/8281/3553
f 8289/8289/3560 8283/8283/3555 8285/8285/3557
f 8290/8290/3561 8291/8291/3561 8292/8292/3561
f 8293/8293/3561 8291/8291/3561 8290/8290/3561
f 8294/8294/3562 8295/8295/3563 8296/8296/3564
f 8297/8297/3565 8295/8295/3563 8294/8294/3562
f 8298/8298/3566 8299/8299/3567 8300/8300/3568
f 8301/8301/3569 8299/8299/3567 8298/8298/3566
f 8290/8290/3570 8302/8302/3571 8293/8293/3570
f 8303/8303/3571 8302/8302/3571 8290/8290/3570
f 8304/8304/3572 8295/8295/3563 8297/8297/3565
f 8305/8305/3573 8299/8299/3567 8301/8301/3569
f 8306/8306/3574 8307/8307/3574 8308/8308/3574
f 8309/8309/3574 8307/8307/3574 8306/8306/3574
f 8310/8310/3575 8311/8311/3576 8312/8312/3577
f 8313/8313/3578 8311/8311/3576 8310/8310/3575
f 8314/8314/3579 8315/8315/3580 8316/8316/3581
f 8317/8317/3582 8315/8315/3580 8314/8314/3579
f 8306/8306/3583 8318/8318/3584 8309/8309/3583
f 8319/8319/3584 8318/8318/3584 8306/8306/3583
f 8320/8320/3585 8311/8311/3576 8313/8313/3578
f 8321/8321/3586 8315/8315/3580 8317/8317/3582
f 8322/8322/3587 8323/8323/3587 8324/8324/3587
f 8325/8325/3588 8323/8323/3588 8322/8322/3588
f 8326/8326/3589 8327/8327/3590 8328/8328/3591
f 8329/8329/3592 8327/8327/3590 8326/8326/3589
f 8330/8330/3593 8331/8331/3594 8332/8332/3595
f 8333/8333/3596 8331/8331/3594 8330/8330/3593
f 8322/8322/3597 8334/8334/3598 8325/8325/3597
f 8335/8335/3598 8334/8334/3598 8322/8322/3597
f 8336/8336/3599 8327/8327/3590 8329/8329/3592
f 8337/8337/3600 8331/8331/3594 8333/8333/3596
f 8338/8338/3601 8339/8339/3601 8340/8340/3602
f 8341/8341/3603 8339/8339/3601 8338/8338/3601
f 8341/8341/3604 8342/8342/3605 8339/8339/3606
f 8343/8343/3604 8342/8342/3605 8341/8341/3604
f 8343/8343/3607 8344/8344/3607 8342/8342/3607
f 8345/8345/3607 8344/8344/3607 8343/8343/3607
f 8345/8345/3608 8346/8346/3608 8344/8344/3608
f 8347/8347/3608 8346/8346/3608 8345/8345/3608
f 8348/8348/3609 8349/8349/3609 8350/8350/3609
f 8351/8351/3609 8349/8349/3609 8348/8348/3609
f 8351/8351/3610 8352/8352/3610 8349/8349/3611
f 8353/8353/3610 8352/8352/3610 8351/8351/3610
f 8353/8353/3612 8354/8354/3612 8352/8352/3612
f 8355/8355/3612 8354/8354/3612 8353/8353/3612
f 8355/8355/3613 8356/8356/3613 8354/8354/3614
f 8357/8357/3615 8356/8356/3613 8355/8355/3613
f 8358/8358/3616 8359/8359/3616 8360/8360/3616
f 8361/8361/3617 8359/8359/3616 8358/8358/3616
f 8361/8361/3618 8362/8362/3619 8359/8359/3619
f 8363/8363/3618 8362/8362/3619 8361/8361/3618
f 8363/8363/3620 8364/8364/3620 8362/8362/3620
f 8365/8365/3620 8364/8364/3620 8363/8363/3620
f 8365/8365/3621 8366/8366/3621 8364/8364/3621
f 8367/8367/3621 8366/8366/3621 8365/8365/3621
f 8368/8368/3622 8369/8369/3622 8370/8370/3622
f 8371/8371/3622 8369/8369/3622 8368/8368/3622
f 8371/8371/3623 8372/8372/3623 8369/8369/3623
f 8373/8373/3623 8372/8372/3623 8371/8371/3623
f 8373/8373/3624 8374/8374/3624 8372/8372/3625
f 8375/8375/3624 8374/8374/3624 8373/8373/3624
f 8375/8375/3626 8376/8376/3626 8374/8374/3627
f 8377/8377/3626 8376/8376/3626 8375/8375/3626
f 8378/8378/3054 8379/8379/3054 8380/8380/3054
f 8381/8381/3054 8379/8379/3054 8378/8378/3054
f 8382/8382/3628 8383/8383/3628 8384/8384/3628
f 8385/8385/3629 8383/8383/3629 8382/8382/3629
f 8386/8386/3630 8385/8385/3630 8382/8382/3630
f 8387/8387/3631 8385/8385/3631 8386/8386/3631
f 8388/8388/3632 8387/8387/3632 8386/8386/3632
f 8389/8389/3632 8387/8387/3632 8388/8388/3632
f 8390/8390/3633 8391/8391/3633 8392/8392/3633
f 8393/8393/3633 8391/8391/3633 8390/8390/3633
f 8394/8394/3634 8393/8393/3634 8390/8390/3634
f 8395/8395/3635 8393/8393/3635 8394/8394/3635
f 8396/8396/3636 8395/8395/3636 8394/8394/3636
f 8397/8397/3637 8395/8395/3637 8396/8396/3637
f 8398/8398/3638 8397/8397/3638 8396/8396/3638
f 8399/8399/3639 8397/8397/3639 8398/8398/3639
f 8400/8400/3640 8399/8399/3640 8398/8398/3640
f 8401/8401/3641 8399/8399/3641 8400/8400/3641
f 8402/8402/3642 8401/8401/3642 8400/8400/3642
f 8403/8403/3642 8401/8401/3642 8402/8402/3642
f 8404/8404/3643 8405/8405/3643 8406/8406/3643
f 8407/8407/3643 8405/8405/3643 8404/8404/3643
f 8408/8408/3644 8407/8407/3644 8404/8404/3644
f 8409/8409/3645 8407/8407/3645 8408/8408/3645
f 8384/8384/3646 8409/8409/3646 8408/8408/3646
f 8383/8383/3647 8409/8409/3647 8384/8384/3647
f 8410/8410/3055 8411/8411/3055 8412/8412/3055
f 8413/8413/3055 8411/8411/3055 8410/8410/3055
f 8413/8413/3055 8414/8414/3055 8411/8411/3055
f 8415/8415/3055 8414/8414/3055 8413/8413/3055
f 8415/8415/3055 8416/8416/3055 8414/8414/3055
f 8417/8417/3055 8416/8416/3055 8415/8415/3055
f 8417/8417/3055 8418/8418/3055 8416/8416/3055
f 8419/8419/3055 8418/8418/3055 8417/8417/3055
f 8419/8419/3055 8420/8420/3055 8418/8418/3055
f 8421/8421/3055 8420/8420/3055 8419/8419/3055
f 8421/8421/3055 8422/8422/3055 8420/8420/3055
f 8423/8423/3055 8422/8422/3055 8421/8421/3055
f 8423/8423/3055 8424/8424/3055 8422/8422/3055
f 8425/8425/3055 8424/8424/3055 8423/8423/3055
f 8425/8425/3055 8426/8426/3055 8424/8424/3055
f 8427/8427/3055 8426/8426/3055 8425/8425/3055
f 8427/8427/3055 8428/8428/3055 8426/8426/3055
f 8429/8429/3055 8428/8428/3055 8427/8427/3055
f 8429/8429/3055 8430/8430/3055 8428/8428/3055
f 8431/8431/3055 8430/8430/3055 8429/8429/3055
f 8431/8431/3055 8432/8432/3055 8430/8430/3055
f 8433/8433/3055 8432/8432/3055 8431/8431/3055
f 8433/8433/3055 8434/8434/3055 8432/8432/3055
f 8435/8435/3055 8434/8434/3055 8433/8433/3055
f 8435/8435/3055 8436/8436/3055 8434/8434/3055
f 8437/8437/3055 8436/8436/3055 8435/8435/3055
f 8437/8437/3055 8438/8438/3055 8436/8436/3055
f 8439/8439/3055 8438/8438/3055 8437/8437/3055
f 8439/8439/3055 8440/8440/3055 8438/8438/3055
f 8441/8441/3055 8440/8440/3055 8439/8439/3055
f 8441/8441/3055 8412/8412/3055 8440/8440/3055
f 8410/8410/3055 8412/8412/3055 8441/8441/3055
f 8442/8442/3616 8443/8443/3616 8444/8444/3616
f 8445/8445/3616 8443/8443/3616 8442/8442/3616
f 8445/8445/3648 8446/8446/3648 8443/8443/3648
f 8447/8447/3648 8446/8446/3648 8445/8445/3648
f 8447/8447/3649 8448/8448/3649 8446/8446/3649
f 8449/8449/3649 8448/8448/3649 8447/8447/3649
f 8449/8449/3621 8450/8450/3621 8448/8448/3621
f 8451/8451/3621 8450/8450/3621 8449/8449/3621
f 8452/8452/3622 8453/8453/3622 8454/8454/3622
f 8455/8455/3622 8453/8453/3622 8452/8452/3622
f 8455/8455/3623 8456/8456/3623 8453/8453/3623
f 8457/8457/3623 8456/8456/3623 8455/8455/3623
f 8457/8457/3624 8458/8458/3624 8456/8456/3624
f 8459/8459/3624 8458/8458/3624 8457/8457/3624
f 8459/8459/3626 8460/8460/3626 8458/8458/3626
f 8461/8461/3626 8460/8460/3626 8459/8459/3626
f 8461/8461/3601 8462/8462/3601 8460/8460/3601
f 8463/8463/3601 8462/8462/3601 8461/8461/3601
f 8463/8463/3605 8464/8464/3605 8462/8462/3605
f 8465/8465/3605 8464/8464/3605 8463/8463/3605
f 8465/8465/3607 8466/8466/3607 8464/8464/3607
f 8467/8467/3607 8466/8466/3607 8465/8465/3607
f 8467/8467/3608 8468/8468/3608 8466/8466/3608
f 8469/8469/3608 8468/8468/3608 8467/8467/3608
f 8470/8470/3609 8471/8471/3609 8472/8472/3609
f 8473/8473/3609 8471/8471/3609 8470/8470/3609
f 8473/8473/3650 8474/8474/3650 8471/8471/3650
f 8475/8475/3650 8474/8474/3650 8473/8473/3650
f 8475/8475/3651 8476/8476/3651 8474/8474/3651
f 8477/8477/3651 8476/8476/3651 8475/8475/3651
f 8477/8477/3652 8444/8444/3652 8476/8476/3652
f 8442/8442/3652 8444/8444/3652 8477/8477/3652
f 8478/8478/3653 8479/8479/3653 8480/8480/3653
f 8481/8481/3654 8479/8479/3654 8478/8478/3654
f 8482/8482/3655 8478/8478/3655 8480/8480/3655
f 8483/8483/3656 8478/8478/3656 8482/8482/3656
f 8484/8484/3657 8485/8485/3657 8486/8486/3657
f 8487/8487/3658 8485/8485/3658 8484/8484/3658
f 8488/8488/3659 8484/8484/3659 8486/8486/3659
f 8489/8489/3660 8484/8484/3660 8488/8488/3660
f 8490/8490/3661 8491/8491/3661 8492/8492/3661
f 8493/8493/3662 8491/8491/3662 8490/8490/3662
f 8494/8494/3663 8495/8495/3663 8496/8496/3663
f 8497/8497/3664 8495/8495/3664 8494/8494/3664
f 8498/8498/3665 8494/8494/3665 8496/8496/3665
f 8499/8499/3666 8494/8494/3666 8498/8498/3666
f 8491/8491/3667 8500/8500/3667 8492/8492/3667
f 8501/8501/3668 8500/8500/3668 8491/8491/3668
f 8501/8501/3669 8502/8502/3669 8500/8500/3669
f 8483/8483/3670 8502/8502/3670 8501/8501/3670
f 8487/8487/3671 8503/8503/3671 8485/8485/3671
f 8493/8493/3672 8503/8503/3672 8487/8487/3672
f 8504/8504/3673 8489/8489/3673 8488/8488/3673
f 8497/8497/3674 8489/8489/3674 8504/8504/3674
f 8505/8505/3675 8499/8499/3675 8498/8498/3675
f 8481/8481/3676 8499/8499/3676 8505/8505/3676
f 8506/8506/3054 8507/8507/3054 8508/8508/3054
f 8509/8509/3054 8507/8507/3054 8506/8506/3054
f 8508/8508/3054 8379/8379/3054 8381/8381/3054
f 8507/8507/3054 8379/8379/3054 8508/8508/3054
f 8510/8510/3054 8509/8509/3054 8506/8506/3054
f 8511/8511/3054 8509/8509/3054 8510/8510/3054
f 8512/8512/3054 8378/8378/3054 8380/8380/3054
f 8513/8513/3054 8378/8378/3054 8512/8512/3054
f 8514/8514/3054 8511/8511/3054 8510/8510/3054
f 8515/8515/3054 8511/8511/3054 8514/8514/3054
f 8516/8516/3677 8517/8517/3677 8518/8518/3677
f 8519/8519/3678 8517/8517/3678 8516/8516/3678
f 8520/8520/3679 8517/8517/3679 8519/8519/3679
f 8521/8521/3680 8517/8517/3680 8520/8520/3680
f 8522/8522/3681 8517/8517/3681 8521/8521/3681
f 8523/8523/3682 8517/8517/3682 8522/8522/3682
f 8524/8524/3683 8517/8517/3683 8523/8523/3683
f 8525/8525/3684 8517/8517/3684 8524/8524/3684
f 8526/8526/3685 8517/8517/3685 8525/8525/3685
f 8527/8527/3686 8517/8517/3686 8526/8526/3686
f 8528/8528/3687 8517/8517/3687 8527/8527/3687
f 8518/8518/3688 8517/8517/3688 8528/8528/3688
f 8483/8483/3689 8482/8482/3689 8502/8502/3689
f 8493/8493/3690 8490/8490/3690 8503/8503/3690
f 8497/8497/3691 8504/8504/3691 8495/8495/3691
f 8481/8481/3692 8505/8505/3692 8479/8479/3692
f 8512/8512/3054 8529/8529/3054 8513/8513/3054
f 8514/8514/3054 8530/8530/3054 8515/8515/3054
f 8531/8531/3693 8532/8532/3693 8533/8533/3693
f 8532/8532/3694 8534/8534/3694 8533/8533/3694
f 8533/8533/3695 8534/8534/3695 8535/8535/3695
f 8534/8534/3696 8536/8536/3696 8535/8535/3696
f 8537/8537/3693 8538/8538/3693 8539/8539/3693
f 8538/8538/3694 8540/8540/3694 8539/8539/3694
f 8539/8539/3695 8540/8540/3695 8541/8541/3695
f 8540/8540/3696 8542/8542/3696 8541/8541/3696
f 8543/8543/3693 8544/8544/3693 8545/8545/3693
f 8544/8544/3694 8546/8546/3694 8545/8545/3694
f 8545/8545/3695 8546/8546/3695 8547/8547/3695
f 8546/8546/3696 8548/8548/3696 8547/8547/3696
f 8549/8549/3693 8550/8550/3693 8551/8551/3693
f 8550/8550/3694 8552/8552/3694 8551/8551/3694
f 8551/8551/3695 8552/8552/3695 8553/8553/3695
f 8552/8552/3696 8554/8554/3696 8553/8553/3696
o Track_Right_Object_2.002
v -0.145997 0.107321 0.222602
v -0.152091 0.096803 0.226084
v -0.152091 0.099563 0.239236
v -0.145997 0.110642 0.239227
v -0.152091 0.086149 0.203595
v -0.145997 0.096656 0.200084
v -0.145997 0.090763 0.149523
v -0.152091 0.079741 0.150641
v -0.145997 0.090886 -0.192870
v -0.152091 0.079862 -0.192870
v -0.145997 0.088410 -0.277020
v -0.152091 0.078175 -0.272781
v -0.145997 0.090912 -0.264443
v -0.152091 0.079887 -0.263359
v -0.152091 0.073452 -0.279849
v -0.145997 0.081286 -0.287683
v -0.152091 0.066384 -0.284572
v -0.145997 0.070623 -0.294807
v -0.152091 0.058046 -0.286230
v -0.145997 0.058046 -0.297309
v -0.152091 0.049708 -0.284572
v -0.145997 0.045468 -0.294807
v -0.152091 0.042639 -0.279849
v -0.145997 0.034806 -0.287683
v -0.152091 0.037804 -0.272518
v -0.145997 0.027681 -0.277020
v -0.152091 0.017140 -0.190587
v -0.145997 0.006146 -0.191957
v -0.152091 0.017140 -0.190587
v -0.145997 0.006146 -0.191957
v -0.152091 0.017130 0.172881
v -0.145997 0.006146 0.174327
v -0.152091 0.022400 0.192191
v -0.145997 0.011760 0.195280
v -0.145997 0.031008 0.252468
v -0.152091 0.041000 0.247684
v -0.145997 0.040438 0.266557
v -0.152091 0.048265 0.258717
v -0.145997 0.053802 0.277444
v -0.152091 0.058033 0.267206
v -0.152091 0.070423 0.269660
v -0.145997 0.070432 0.280738
v -0.145997 0.085824 0.279390
v -0.152091 0.081576 0.269158
v -0.152091 0.092072 0.262133
v -0.145997 0.099912 0.269961
v -0.152091 0.099081 0.250886
v -0.145997 0.109320 0.255117
v -0.158185 0.110642 0.239227
v -0.152091 0.099563 0.239236
v -0.158185 0.107321 0.222602
v -0.152091 0.096803 0.226084
v -0.158185 0.109320 0.255117
v -0.152091 0.099081 0.250886
v -0.158185 0.099912 0.269961
v -0.152091 0.092072 0.262133
v -0.152091 0.081576 0.269158
v -0.158185 0.085824 0.279390
v -0.152091 0.070423 0.269660
v -0.158185 0.070432 0.280738
v -0.152091 0.058033 0.267206
v -0.158185 0.053802 0.277444
v -0.152091 0.048265 0.258717
v -0.158185 0.040438 0.266557
v -0.152091 0.041000 0.247684
v -0.158185 0.031008 0.252468
v -0.152091 0.022400 0.192191
v -0.158185 0.011760 0.195280
v -0.158185 0.006146 0.174327
v -0.152091 0.017130 0.172881
v -0.152091 0.017140 -0.190587
v -0.158185 0.006146 -0.191957
v -0.158185 0.027681 -0.277020
v -0.152091 0.037804 -0.272518
v -0.158185 0.006146 -0.191957
v -0.152091 0.017140 -0.190587
v -0.158185 0.034806 -0.287683
v -0.152091 0.042639 -0.279849
v -0.152091 0.049708 -0.284572
v -0.158185 0.045468 -0.294807
v -0.152091 0.058046 -0.286230
v -0.158185 0.058046 -0.297309
v -0.152091 0.066384 -0.284572
v -0.158185 0.070623 -0.294807
v -0.152091 0.073452 -0.279849
v -0.158185 0.081286 -0.287683
v -0.152091 0.078175 -0.272781
v -0.158185 0.088410 -0.277020
v -0.152091 0.079887 -0.263359
v -0.158185 0.090912 -0.264443
v -0.152091 0.079741 0.150641
v -0.152091 0.079862 -0.192870
v -0.158185 0.090763 0.149523
v -0.158185 0.090886 -0.192870
v -0.152091 0.086149 0.203595
v -0.158185 0.096656 0.200084
v -0.174230 0.115111 0.257510
v -0.179907 0.109320 0.255117
v -0.174230 0.116908 0.239222
v -0.179907 0.110642 0.239227
v -0.174230 0.097058 -0.265047
v -0.174230 0.097032 -0.192870
v -0.179907 0.090912 -0.264443
v -0.179907 0.090886 -0.192870
v -0.174230 0.096909 0.148900
v -0.174230 0.102528 0.198123
v -0.179907 0.090763 0.149523
v -0.179907 0.096656 0.200084
v -0.179907 0.107321 0.222602
v -0.174230 0.113200 0.220655
v -0.174230 0.104347 0.274388
v -0.179907 0.099912 0.269961
v -0.179907 0.085824 0.279390
v -0.174230 0.088226 0.285178
v -0.179907 0.070432 0.280738
v -0.174230 0.070437 0.287005
v -0.179907 0.053802 0.277444
v -0.174230 0.051409 0.283235
v -0.179907 0.040438 0.266557
v -0.174230 0.036010 0.270991
v -0.179907 0.031008 0.252468
v -0.174230 0.025407 0.255150
v -0.179907 0.011760 0.195280
v -0.174230 0.005857 0.196993
v -0.179907 0.006146 0.174327
v -0.174230 0.000000 0.175136
v -0.174230 0.000000 -0.192723
v -0.179907 0.006146 -0.191957
v -0.179907 0.006146 -0.191957
v -0.174230 0.000000 -0.192723
v -0.179907 0.027681 -0.277020
v -0.174230 0.021983 -0.279554
v -0.179907 0.034806 -0.287683
v -0.174230 0.030375 -0.292114
v -0.174230 0.043070 -0.300597
v -0.179907 0.045468 -0.294807
v -0.174230 0.058046 -0.303575
v -0.179907 0.058046 -0.297309
v -0.174230 0.073021 -0.300597
v -0.179907 0.070623 -0.294807
v -0.174230 0.085718 -0.292113
v -0.179907 0.081286 -0.287683
v -0.174230 0.094200 -0.279418
v -0.179907 0.088410 -0.277020
v -0.179907 0.088410 -0.277020
v -0.112629 0.116908 0.239222
v -0.174230 0.116908 0.239222
v -0.112629 0.113200 0.220655
v -0.174230 0.113200 0.220655
v -0.112629 0.115111 0.257510
v -0.174230 0.115111 0.257510
v -0.112629 0.104347 0.274388
v -0.174230 0.104347 0.274388
v -0.112629 0.088226 0.285178
v -0.174230 0.088226 0.285178
v -0.112629 0.070437 0.287005
v -0.174230 0.070437 0.287005
v -0.112629 0.051409 0.283235
v -0.174230 0.051409 0.283235
v -0.112629 0.036010 0.270991
v -0.174230 0.036010 0.270991
v -0.112629 0.025407 0.255150
v -0.174230 0.025407 0.255150
v -0.112629 0.005857 0.196993
v -0.174230 0.005857 0.196993
v -0.112629 0.102528 0.198123
v -0.174230 0.102528 0.198123
v -0.112629 0.096909 0.148900
v -0.174230 0.096909 0.148900
v -0.112629 0.097032 -0.192870
v -0.174230 0.097032 -0.192870
v -0.112629 0.097058 -0.265047
v -0.174230 0.097058 -0.265047
v -0.112629 0.094200 -0.279418
v -0.174230 0.094200 -0.279418
v -0.112629 0.085718 -0.292113
v -0.174230 0.085718 -0.292113
v -0.112629 0.073021 -0.300597
v -0.174230 0.073021 -0.300597
v -0.112629 0.058046 -0.303575
v -0.174230 0.058046 -0.303575
v -0.112629 0.043070 -0.300597
v -0.174230 0.043070 -0.300597
v -0.112629 0.030375 -0.292114
v -0.174230 0.030375 -0.292114
v -0.112629 0.021983 -0.279554
v -0.174230 0.021983 -0.279554
v -0.112629 0.000000 -0.192723
v -0.174230 0.000000 -0.192723
v -0.112629 0.000000 -0.192723
v -0.174230 0.000000 -0.192723
v -0.112629 0.000000 0.175136
v -0.174230 0.000000 0.175136
v -0.106952 0.107321 0.222602
v -0.179907 0.107321 0.222602
v -0.106952 0.110642 0.239227
v -0.179907 0.110642 0.239227
v -0.106952 0.109320 0.255117
v -0.179907 0.109320 0.255117
v -0.106952 0.099912 0.269961
v -0.179907 0.099912 0.269961
v -0.106952 0.085824 0.279390
v -0.179907 0.085824 0.279390
v -0.106952 0.070432 0.280738
v -0.179907 0.070432 0.280738
v -0.106952 0.053802 0.277444
v -0.179907 0.053802 0.277444
v -0.106952 0.040438 0.266557
v -0.179907 0.040438 0.266557
v -0.106952 0.031008 0.252468
v -0.179907 0.031008 0.252468
v -0.106952 0.011760 0.195280
v -0.179907 0.011760 0.195280
v -0.106952 0.096656 0.200084
v -0.179907 0.096656 0.200084
v -0.106952 0.090763 0.149523
v -0.179907 0.090763 0.149523
v -0.106952 0.090886 -0.192870
v -0.179907 0.090886 -0.192870
v -0.106952 0.088410 -0.277020
v -0.179907 0.088410 -0.277020
v -0.106952 0.090912 -0.264443
v -0.179907 0.090912 -0.264443
v -0.106952 0.081286 -0.287683
v -0.179907 0.081286 -0.287683
v -0.106952 0.070623 -0.294807
v -0.179907 0.070623 -0.294807
v -0.106952 0.058046 -0.297309
v -0.179907 0.058046 -0.297309
v -0.106952 0.045468 -0.294807
v -0.179907 0.045468 -0.294807
v -0.106952 0.034806 -0.287683
v -0.179907 0.034806 -0.287683
v -0.106952 0.027681 -0.277020
v -0.179907 0.027681 -0.277020
v -0.106952 0.006146 -0.191957
v -0.179907 0.006146 -0.191957
v -0.106952 0.006146 0.174327
v -0.179907 0.006146 0.174327
v -0.106952 0.006146 -0.191957
v -0.179907 0.006146 -0.191957
v -0.112629 0.115111 0.257510
v -0.112629 0.116908 0.239222
v -0.106952 0.109320 0.255117
v -0.106952 0.110642 0.239227
v -0.112629 0.097032 -0.192870
v -0.106952 0.090886 -0.192870
v -0.112629 0.096909 0.148900
v -0.106952 0.090763 0.149523
v -0.112629 0.102528 0.198123
v -0.106952 0.096656 0.200084
v -0.112629 0.113200 0.220655
v -0.106952 0.107321 0.222602
v -0.106952 0.099912 0.269961
v -0.112629 0.104347 0.274388
v -0.112629 0.088226 0.285178
v -0.106952 0.085824 0.279390
v -0.106952 0.070432 0.280738
v -0.112629 0.070437 0.287005
v -0.112629 0.051409 0.283235
v -0.106952 0.053802 0.277444
v -0.106952 0.040438 0.266557
v -0.112629 0.036010 0.270991
v -0.106952 0.031008 0.252468
v -0.112629 0.025407 0.255150
v -0.106952 0.011760 0.195280
v -0.112629 0.005857 0.196993
v -0.112629 0.000000 0.175136
v -0.106952 0.006146 0.174327
v -0.106952 0.006146 -0.191957
v -0.112629 0.000000 -0.192723
v -0.112629 0.021983 -0.279554
v -0.112629 0.000000 -0.192723
v -0.106952 0.027681 -0.277020
v -0.106952 0.006146 -0.191957
v -0.112629 0.030375 -0.292114
v -0.106952 0.034806 -0.287683
v -0.106952 0.045468 -0.294807
v -0.112629 0.043070 -0.300597
v -0.106952 0.058046 -0.297309
v -0.112629 0.058046 -0.303575
v -0.106952 0.070623 -0.294807
v -0.112629 0.073021 -0.300597
v -0.106952 0.081286 -0.287683
v -0.112629 0.085718 -0.292113
v -0.106952 0.088410 -0.277020
v -0.112629 0.094200 -0.279418
v -0.112629 0.097058 -0.265047
v -0.106952 0.090912 -0.264443
v -0.123559 0.096803 0.226084
v -0.123559 0.099563 0.239236
v -0.117465 0.107321 0.222602
v -0.117465 0.110642 0.239227
v -0.123559 0.086149 0.203595
v -0.117465 0.096656 0.200085
v -0.117465 0.090763 0.149523
v -0.123559 0.079741 0.150641
v -0.117465 0.090886 -0.192870
v -0.123559 0.079862 -0.192870
v -0.117465 0.088410 -0.277020
v -0.123559 0.078175 -0.272781
v -0.117465 0.090912 -0.264443
v -0.123559 0.079887 -0.263359
v -0.123559 0.073452 -0.279849
v -0.117465 0.081286 -0.287683
v -0.123559 0.066384 -0.284572
v -0.117465 0.070623 -0.294807
v -0.123559 0.058046 -0.286230
v -0.117465 0.058046 -0.297309
v -0.123559 0.049708 -0.284572
v -0.117465 0.045468 -0.294807
v -0.123559 0.042639 -0.279849
v -0.117465 0.034806 -0.287683
v -0.123559 0.037804 -0.272518
v -0.117465 0.027681 -0.277020
v -0.123559 0.017140 -0.190587
v -0.117465 0.006146 -0.191957
v -0.123559 0.017140 -0.190587
v -0.117465 0.006146 -0.191957
v -0.123559 0.017130 0.172881
v -0.117465 0.006146 0.174327
v -0.123559 0.022400 0.192191
v -0.117465 0.011760 0.195280
v -0.117465 0.031008 0.252468
v -0.123559 0.041000 0.247684
v -0.117465 0.040438 0.266557
v -0.123559 0.048265 0.258717
v -0.117465 0.053802 0.277444
v -0.123559 0.058033 0.267206
v -0.123559 0.070423 0.269660
v -0.117465 0.070432 0.280738
v -0.117465 0.085824 0.279390
v -0.123559 0.081576 0.269158
v -0.123559 0.092072 0.262133
v -0.117465 0.099912 0.269961
v -0.123559 0.099081 0.250886
v -0.117465 0.109320 0.255117
v -0.129653 0.110641 0.239227
v -0.123559 0.099563 0.239236
v -0.129654 0.107321 0.222602
v -0.123559 0.096803 0.226084
v -0.129653 0.109320 0.255117
v -0.123559 0.099081 0.250886
v -0.129653 0.099912 0.269961
v -0.123559 0.092072 0.262133
v -0.123559 0.081576 0.269158
v -0.129653 0.085824 0.279390
v -0.123559 0.070423 0.269660
v -0.129653 0.070432 0.280738
v -0.123559 0.058033 0.267206
v -0.129653 0.053802 0.277444
v -0.123559 0.048265 0.258717
v -0.129653 0.040438 0.266557
v -0.123559 0.041000 0.247684
v -0.129653 0.031008 0.252468
v -0.123559 0.022400 0.192191
v -0.129653 0.011760 0.195280
v -0.129653 0.006146 0.174327
v -0.123559 0.017130 0.172881
v -0.123559 0.017140 -0.190587
v -0.129653 0.006146 -0.191957
v -0.129653 0.027681 -0.277020
v -0.123559 0.037804 -0.272518
v -0.129653 0.006146 -0.191957
v -0.123559 0.017140 -0.190587
v -0.129654 0.034806 -0.287683
v -0.123559 0.042639 -0.279849
v -0.123559 0.049708 -0.284572
v -0.129653 0.045468 -0.294807
v -0.123559 0.058046 -0.286230
v -0.129653 0.058046 -0.297309
v -0.123559 0.066384 -0.284572
v -0.129653 0.070623 -0.294807
v -0.123559 0.073452 -0.279849
v -0.129653 0.081286 -0.287683
v -0.123559 0.078175 -0.272781
v -0.129653 0.088410 -0.277020
v -0.123559 0.079887 -0.263359
v -0.129653 0.090912 -0.264443
v -0.123559 0.079741 0.150641
v -0.123559 0.079862 -0.192870
v -0.129653 0.090763 0.149523
v -0.129653 0.090886 -0.192870
v -0.123559 0.086149 0.203595
v -0.129653 0.096656 0.200084
vt 0.909372 1.011401
vt 0.985394 1.011131
vt 0.985394 0.914241
vt 0.909372 0.910021
vt 0.985394 1.170837
vt 0.909372 1.178073
vt 0.909372 1.522580
vt 0.985394 1.516117
vt 0.909367 3.797821
vt 0.985389 3.798610
vt 0.909366 4.341330
vt 0.985389 4.341772
vt 0.909365 4.273430
vt 0.985389 4.266983
vt 0.985389 4.408325
vt 0.909366 4.408237
vt 0.985388 4.474964
vt 0.909365 4.474947
vt 0.985388 4.541646
vt 0.909366 4.541601
vt 0.985389 4.608380
vt 0.909366 4.608169
vt 0.985389 4.675373
vt 0.909366 4.674314
vt 0.985388 4.745841
vt 0.909365 4.738387
vt 0.985389 5.311939
vt 0.909366 5.311939
vt 0.985394 -2.688060
vt 0.909377 -2.688060
vt 0.985394 -0.276722
vt 0.909372 -0.268348
vt 0.985394 -0.135556
vt 0.909372 -0.136719
vt 0.909372 0.259236
vt 0.985394 0.255626
vt 0.909372 0.357089
vt 0.985394 0.352916
vt 0.909372 0.453566
vt 0.985394 0.450168
vt 0.985394 0.544208
vt 0.909372 0.549456
vt 0.909372 0.632903
vt 0.985394 0.630197
vt 0.985394 0.725896
vt 0.909372 0.725188
vt 0.985394 0.825787
vt 0.909372 0.821966
vt 0.909372 0.985701
vt 0.985394 0.990702
vt 0.909372 1.089852
vt 0.985394 1.089904
vt 0.909372 0.894823
vt 0.985394 0.898757
vt 0.909372 0.792413
vt 0.985394 0.793624
vt 0.985394 0.693806
vt 0.909372 0.696078
vt 0.985394 0.604403
vt 0.909372 0.610083
vt 0.985394 0.506622
vt 0.909372 0.510558
vt 0.985394 0.404208
vt 0.909372 0.408303
vt 0.985394 0.301826
vt 0.909372 0.306101
vt 0.985394 -0.110245
vt 0.909372 -0.111286
vt 0.909372 -0.245839
vt 0.985394 -0.254164
vt 0.985394 -2.688058
vt 0.909366 -2.688060
vt 0.909365 4.751366
vt 0.985388 4.758832
vt 0.909366 5.311939
vt 0.985389 5.311939
vt 0.909366 4.687000
vt 0.985389 4.688480
vt 0.985389 4.622164
vt 0.909366 4.621747
vt 0.985388 4.556787
vt 0.909366 4.556668
vt 0.985388 4.492272
vt 0.909365 4.492110
vt 0.985389 4.428821
vt 0.909366 4.429451
vt 0.985389 4.365757
vt 0.909366 4.365172
vt 0.985389 4.295117
vt 0.909365 4.301389
vt 0.985394 1.599575
vt 0.985389 3.836164
vt 0.909372 1.605760
vt 0.909367 3.835326
vt 0.985394 1.255963
vt 0.909372 1.262803
vt 0.424034 0.928274
vt 0.468747 0.928305
vt 0.424034 1.033827
vt 0.468747 1.033858
vt 0.424028 4.267207
vt 0.424029 3.798132
vt 0.468742 4.267239
vt 0.468743 3.802102
vt 0.424033 1.576996
vt 0.424034 1.282709
vt 0.468747 1.576964
vt 0.468747 1.282742
vt 0.468747 1.135634
vt 0.424034 1.135601
vt 0.424034 0.816940
vt 0.468747 0.816971
vt 0.468747 0.702582
vt 0.424033 0.702551
vt 0.468747 0.592173
vt 0.424033 0.592142
vt 0.468747 0.481974
vt 0.424034 0.481943
vt 0.468747 0.373673
vt 0.424034 0.373642
vt 0.468747 0.273693
vt 0.424034 0.273661
vt 0.468747 -0.128803
vt 0.424034 -0.128834
vt 0.468747 -0.252195
vt 0.424034 -0.252226
vt 0.424027 -2.688010
vt 0.468742 -2.687979
vt 0.468742 5.311940
vt 0.424027 5.311907
vt 0.468742 4.787392
vt 0.424027 4.787362
vt 0.468742 4.718968
vt 0.424027 4.718936
vt 0.424028 4.645451
vt 0.468742 4.645483
vt 0.424028 4.566069
vt 0.468742 4.566100
vt 0.424028 4.486732
vt 0.468742 4.486763
vt 0.424027 4.413390
vt 0.468742 4.413420
vt 0.424027 4.339746
vt 0.468742 4.339777
vt 0.468742 4.339777
vt 0.066688 1.033777
vt 0.424034 1.033827
vt 0.066688 1.135552
vt 0.424034 1.135601
vt 0.066688 0.928223
vt 0.424034 0.928274
vt 0.066688 0.816890
vt 0.424034 0.816940
vt 0.066688 0.702500
vt 0.424033 0.702551
vt 0.066688 0.592092
vt 0.424033 0.592142
vt 0.066688 0.481892
vt 0.424034 0.481943
vt 0.066688 0.373592
vt 0.424034 0.373642
vt 0.066688 0.273611
vt 0.424034 0.273661
vt 0.066688 -0.128885
vt 0.424034 -0.128834
vt 0.066688 1.282660
vt 0.424034 1.282709
vt 0.066688 1.576996
vt 0.424033 1.576996
vt 0.066688 3.798092
vt 0.424029 3.798132
vt 0.066688 4.267158
vt 0.424028 4.267207
vt 0.066688 4.339694
vt 0.424027 4.339746
vt 0.066688 4.413338
vt 0.424027 4.413390
vt 0.066688 4.486682
vt 0.424028 4.486732
vt 0.066688 4.566019
vt 0.424028 4.566069
vt 0.066688 4.645402
vt 0.424028 4.645451
vt 0.066688 4.718887
vt 0.424027 4.718936
vt 0.066688 4.787310
vt 0.424027 4.787362
vt 0.066688 5.311858
vt 0.424027 5.311907
vt 0.066688 -2.688060
vt 0.424027 -2.688010
vt 0.066688 -0.252276
vt 0.424034 -0.252226
vt 0.890328 1.135615
vt 0.468747 1.135634
vt 0.890328 1.033840
vt 0.468747 1.033858
vt 0.890328 0.928288
vt 0.468747 0.928305
vt 0.890328 0.816954
vt 0.468747 0.816971
vt 0.890328 0.702564
vt 0.468747 0.702582
vt 0.890329 0.592155
vt 0.468747 0.592173
vt 0.890329 0.481957
vt 0.468747 0.481974
vt 0.890329 0.373655
vt 0.468747 0.373673
vt 0.890329 0.273674
vt 0.468747 0.273693
vt 0.890329 -0.128821
vt 0.468747 -0.128803
vt 0.890328 1.282725
vt 0.468747 1.282742
vt 0.890328 1.576966
vt 0.468747 1.576964
vt 0.890325 3.802087
vt 0.468743 3.802102
vt 0.890324 4.339758
vt 0.468742 4.339777
vt 0.890324 4.267220
vt 0.468742 4.267239
vt 0.890324 4.413403
vt 0.468742 4.413420
vt 0.890324 4.486746
vt 0.468742 4.486763
vt 0.890324 4.566082
vt 0.468742 4.566100
vt 0.890324 4.645466
vt 0.468742 4.645483
vt 0.890324 4.718951
vt 0.468742 4.718968
vt 0.890324 4.787375
vt 0.468742 4.787392
vt 0.890323 5.311923
vt 0.468742 5.311940
vt 0.890330 -0.252213
vt 0.468747 -0.252195
vt 0.890332 -2.687996
vt 0.468742 -2.687979
vt 0.066688 0.928223
vt 0.066688 1.033777
vt 0.008727 0.928262
vt 0.008727 1.033814
vt 0.066688 3.798092
vt 0.008730 3.802061
vt 0.066688 1.576996
vt 0.008728 1.576940
vt 0.066688 1.282660
vt 0.008727 1.282699
vt 0.066688 1.135552
vt 0.008727 1.135589
vt 0.008727 0.816928
vt 0.066688 0.816890
vt 0.066688 0.702500
vt 0.008727 0.702538
vt 0.008727 0.592130
vt 0.066688 0.592092
vt 0.066688 0.481892
vt 0.008727 0.481931
vt 0.008726 0.373630
vt 0.066688 0.373592
vt 0.008726 0.273648
vt 0.066688 0.273611
vt 0.008726 -0.128847
vt 0.066688 -0.128885
vt 0.066688 -0.252276
vt 0.008726 -0.252239
vt 0.008723 -2.688023
vt 0.066688 -2.688060
vt 0.066688 4.787310
vt 0.066688 5.311858
vt 0.008730 4.787350
vt 0.008731 5.311897
vt 0.066688 4.718887
vt 0.008730 4.718925
vt 0.008730 4.645441
vt 0.066688 4.645402
vt 0.008730 4.566057
vt 0.066688 4.566019
vt 0.008730 4.486721
vt 0.066688 4.486682
vt 0.008730 4.413377
vt 0.066688 4.413338
vt 0.008730 4.339733
vt 0.066688 4.339694
vt 0.066688 4.267158
vt 0.008730 4.267194
vt 0.985394 1.011131
vt 0.985394 0.914241
vt 0.909372 1.011401
vt 0.909372 0.910021
vt 0.985394 1.170837
vt 0.909372 1.178073
vt 0.909372 1.522580
vt 0.985394 1.516117
vt 0.909367 3.797821
vt 0.985389 3.798610
vt 0.909366 4.341330
vt 0.985389 4.341772
vt 0.909365 4.273430
vt 0.985389 4.266983
vt 0.985389 4.408325
vt 0.909366 4.408237
vt 0.985388 4.474964
vt 0.909365 4.474947
vt 0.985388 4.541646
vt 0.909366 4.541601
vt 0.985389 4.608380
vt 0.909366 4.608169
vt 0.985389 4.675373
vt 0.909366 4.674314
vt 0.985388 4.745841
vt 0.909365 4.738387
vt 0.985389 5.311939
vt 0.909366 5.311939
vt 0.985394 -2.688060
vt 0.909377 -2.688060
vt 0.985394 -0.276722
vt 0.909372 -0.268348
vt 0.985394 -0.135556
vt 0.909372 -0.136719
vt 0.909372 0.259236
vt 0.985394 0.255626
vt 0.909372 0.357089
vt 0.985394 0.352916
vt 0.909372 0.453566
vt 0.985394 0.450168
vt 0.985394 0.544208
vt 0.909372 0.549456
vt 0.909372 0.632903
vt 0.985394 0.630197
vt 0.985394 0.725896
vt 0.909372 0.725188
vt 0.985394 0.825787
vt 0.909372 0.821966
vt 0.909372 0.985701
vt 0.985394 0.990702
vt 0.909372 1.089852
vt 0.985394 1.089904
vt 0.909372 0.894823
vt 0.985394 0.898757
vt 0.909372 0.792413
vt 0.985394 0.793624
vt 0.985394 0.693806
vt 0.909372 0.696078
vt 0.985394 0.604403
vt 0.909372 0.610083
vt 0.985394 0.506622
vt 0.909372 0.510558
vt 0.985394 0.404208
vt 0.909372 0.408303
vt 0.985394 0.301826
vt 0.909372 0.306101
vt 0.985394 -0.110245
vt 0.909372 -0.111286
vt 0.909372 -0.245839
vt 0.985394 -0.254164
vt 0.985394 -2.688058
vt 0.909366 -2.688060
vt 0.909365 4.751366
vt 0.985388 4.758832
vt 0.909366 5.311939
vt 0.985389 5.311939
vt 0.909366 4.687000
vt 0.985389 4.688480
vt 0.985389 4.622164
vt 0.909366 4.621747
vt 0.985388 4.556787
vt 0.909366 4.556668
vt 0.985388 4.492272
vt 0.909365 4.492110
vt 0.985389 4.428821
vt 0.909366 4.429451
vt 0.985389 4.365757
vt 0.909366 4.365172
vt 0.985389 4.295117
vt 0.909365 4.301389
vt 0.985394 1.599575
vt 0.985389 3.836164
vt 0.909372 1.605760
vt 0.909367 3.835326
vt 0.985394 1.255963
vt 0.909372 1.262803
vn -0.8749 0.4740 -0.0995
vn -0.8722 0.4797 -0.0958
vn -0.8747 0.4380 -0.2075
vn -0.8746 0.4381 -0.2075
vn -0.8762 0.4788 -0.0558
vn -0.8729 0.4844 -0.0581
vn -0.8751 0.4806 -0.0565
vn -0.8719 0.4861 -0.0588
vn -0.8752 0.4838 0.0002
vn -0.8751 0.4839 0.0002
vn -0.8722 0.4798 -0.0954
vn -0.8738 0.4776 -0.0909
vn -0.8753 0.4757 -0.0871
vn -0.8755 0.4754 -0.0864
vn -0.8722 0.4067 -0.2718
vn -0.8722 0.2718 -0.4067
vn -0.8722 0.2718 -0.4068
vn -0.8722 0.0954 -0.4798
vn -0.8722 -0.0954 -0.4798
vn -0.8722 -0.2718 -0.4067
vn -0.8734 -0.4065 -0.2682
vn -0.8722 -0.4067 -0.2718
vn -0.8746 -0.4701 -0.1186
vn -0.8732 -0.4725 -0.1196
vn -0.8746 -0.4848 -0.0000
vn -0.8744 -0.4852 -0.0000
vn -0.8762 -0.4650 0.1269
vn -0.8744 -0.4686 0.1256
vn -0.8747 -0.4594 0.1546
vn -0.8757 -0.4578 0.1536
vn -0.8750 -0.4589 0.1543
vn -0.8760 -0.4573 0.1533
vn -0.8722 -0.4065 0.2721
vn -0.8742 -0.4054 0.2675
vn -0.8725 -0.4057 0.2721
vn -0.8743 -0.4054 0.2670
vn -0.8671 -0.3146 0.3861
vn -0.8757 -0.3167 0.3645
vn -0.8722 -0.0951 0.4799
vn -0.8662 0.0436 0.4978
vn -0.8760 0.0217 0.4819
vn -0.8722 0.2721 0.4065
vn -0.8734 0.4134 0.2576
vn -0.8711 0.4147 0.2629
vn -0.8760 0.4819 0.0199
vn -0.8660 0.4983 0.0415
vn 0.8722 0.4797 -0.0958
vn 0.8746 0.4745 -0.0992
vn 0.8722 0.4796 -0.0960
vn 0.8749 0.4740 -0.0995
vn 0.8660 0.4983 0.0415
vn 0.8760 0.4819 0.0199
vn 0.8712 0.4147 0.2629
vn 0.8732 0.4134 0.2581
vn 0.8723 0.4140 0.2601
vn 0.8734 0.4134 0.2576
vn 0.8722 0.2721 0.4065
vn 0.8760 0.0217 0.4819
vn 0.8662 0.0436 0.4978
vn 0.8722 -0.0951 0.4799
vn 0.8757 -0.3167 0.3645
vn 0.8671 -0.3146 0.3861
vn 0.8743 -0.4054 0.2670
vn 0.8722 -0.4065 0.2721
vn 0.8760 -0.4573 0.1533
vn 0.8747 -0.4594 0.1546
vn 0.8744 -0.4686 0.1256
vn 0.8759 -0.4655 0.1267
vn 0.8747 -0.4682 0.1258
vn 0.8762 -0.4650 0.1269
vn 0.8744 -0.4852 -0.0000
vn 0.8746 -0.4848 -0.0000
vn 0.8732 -0.4725 -0.1196
vn 0.8742 -0.4707 -0.1189
vn 0.8735 -0.4719 -0.1194
vn 0.8746 -0.4701 -0.1186
vn 0.8722 -0.4067 -0.2718
vn 0.8728 -0.4066 -0.2700
vn 0.8733 -0.4064 -0.2686
vn 0.8734 -0.4065 -0.2682
vn 0.8722 -0.2718 -0.4067
vn 0.8722 -0.0954 -0.4798
vn 0.8722 0.0954 -0.4798
vn 0.8722 0.2718 -0.4067
vn 0.8722 0.4067 -0.2718
vn 0.8755 0.4754 -0.0864
vn 0.8722 0.4798 -0.0954
vn 0.8751 0.4839 0.0002
vn 0.8752 0.4838 0.0002
vn 0.8719 0.4861 -0.0588
vn 0.8762 0.4788 -0.0558
vn 0.8746 0.4381 -0.2075
vn 0.8747 0.4381 -0.2075
vn 0.8747 0.4380 -0.2075
vn 0.7262 -0.6842 -0.0672
vn 0.7399 -0.6704 -0.0558
vn 0.7346 -0.6785 -0.0002
vn 0.7363 -0.6723 0.0767
vn 0.7297 -0.6791 0.0792
vn 0.7346 -0.6132 0.2904
vn 0.7346 -0.6654 0.1329
vn 0.7331 -0.5734 -0.3657
vn 0.7354 -0.5721 -0.3631
vn 0.7336 -0.5731 -0.3652
vn 0.7360 -0.5718 -0.3624
vn 0.7346 -0.3774 -0.5639
vn 0.7398 -0.0587 -0.6702
vn 0.7265 -0.0702 -0.6836
vn 0.7346 0.1319 -0.6656
vn 0.7394 0.4253 -0.5220
vn 0.7276 0.4269 -0.5369
vn 0.7346 0.5639 -0.3774
vn 0.7343 0.6433 -0.2165
vn 0.7355 0.6422 -0.2159
vn 0.7346 0.6554 -0.1756
vn 0.7346 0.6785 0.0000
vn 0.7346 0.6578 0.1665
vn 0.7346 0.5642 0.3770
vn 0.7346 0.3770 0.5642
vn 0.7346 0.1323 0.6655
vn 0.7346 0.1324 0.6655
vn 0.7346 -0.1324 0.6655
vn 0.7346 -0.3770 0.5642
vn 0.7346 -0.5642 0.3770
vn 0.7346 -0.6655 0.1324
vn 0.0000 -0.9806 0.1959
vn 0.0000 -0.9952 -0.0978
vn 0.0000 -0.8431 -0.5377
vn 0.0000 -0.5562 -0.8310
vn 0.0000 -0.1022 -0.9948
vn 0.0000 0.1943 -0.9809
vn 0.0000 0.6224 -0.7827
vn 0.0000 0.8310 -0.5562
vn 0.0000 0.9479 -0.3186
vn 0.0000 -0.9038 0.4280
vn 0.0000 -0.9935 0.1134
vn 0.0000 -1.0000 -0.0004
vn 0.0000 -0.9808 0.1951
vn 0.0000 -0.8315 0.5556
vn 0.0000 -0.5556 0.8314
vn 0.0000 -0.1951 0.9808
vn 0.0000 0.1950 0.9808
vn 0.0000 0.5556 0.8315
vn 0.0000 0.8315 0.5556
vn 0.0000 0.9694 0.2454
vn 0.0000 1.0000 0.0000
vn 0.0000 0.9659 -0.2588
vn 0.0000 0.9806 -0.1959
vn 0.0000 0.9966 0.0829
vn 0.0000 0.8446 0.5353
vn 0.0000 0.5562 0.8310
vn 0.0000 0.0872 0.9962
vn 0.0000 -0.1943 0.9809
vn 0.0000 -0.6316 0.7753
vn 0.0000 -0.8310 0.5562
vn 0.0000 -0.9478 0.3190
vn 0.0000 0.9038 -0.4280
vn 0.0000 0.9933 -0.1158
vn -0.0000 1.0000 0.0004
vn 0.0000 0.9808 -0.1951
vn 0.0000 0.8315 -0.5556
vn 0.0000 0.5556 -0.8315
vn 0.0000 0.1951 -0.9808
vn 0.0000 -0.1951 -0.9808
vn 0.0000 -0.5556 -0.8315
vn 0.0000 -0.8315 -0.5556
vn 0.0000 -0.9694 -0.2454
vn 0.0000 -1.0000 -0.0000
vn 0.0000 -0.9659 0.2588
vn -0.7262 -0.6842 -0.0672
vn -0.7399 -0.6704 -0.0558
vn -0.7346 -0.6785 -0.0002
vn -0.7363 -0.6723 0.0767
vn -0.7314 -0.6774 0.0785
vn -0.7346 -0.6741 0.0774
vn -0.7297 -0.6791 0.0792
vn -0.7346 -0.6132 0.2904
vn -0.7346 -0.6654 0.1329
vn -0.7360 -0.5718 -0.3624
vn -0.7331 -0.5734 -0.3657
vn -0.7346 -0.3774 -0.5639
vn -0.7398 -0.0587 -0.6702
vn -0.7265 -0.0702 -0.6836
vn -0.7346 0.1319 -0.6656
vn -0.7394 0.4253 -0.5220
vn -0.7276 0.4269 -0.5369
vn -0.7346 0.5639 -0.3774
vn -0.7343 0.6433 -0.2165
vn -0.7352 0.6425 -0.2160
vn -0.7346 0.6431 -0.2164
vn -0.7355 0.6422 -0.2159
vn -0.7346 0.6554 -0.1756
vn -0.7346 0.6785 0.0000
vn -0.7346 0.6578 0.1665
vn -0.7346 0.5642 0.3770
vn -0.7346 0.3770 0.5642
vn -0.7346 0.1324 0.6655
vn -0.7346 0.1323 0.6655
vn -0.7346 -0.1324 0.6655
vn -0.7346 -0.1323 0.6655
vn -0.7346 -0.3770 0.5642
vn -0.7346 -0.5642 0.3770
vn -0.7346 -0.6655 0.1324
vn -0.8741 -0.4054 0.2676
vn -0.8726 -0.4056 0.2721
vn -0.8743 -0.4054 0.2669
vn -0.8712 0.4147 0.2629
vn 0.8747 0.4745 -0.0992
vn 0.8660 0.4983 0.0414
vn 0.8715 0.4139 0.2630
vn 0.8760 0.0217 0.4818
vn 0.8722 -0.0951 0.4798
vn 0.8759 -0.4656 0.1267
vn 0.8744 -0.4851 -0.0000
vn 0.8736 -0.4718 -0.1193
vn 0.8734 -0.4064 -0.2686
g Track_Right_Object_2.002_Track_Right_Object_2.002_Material_1.005
usemtl Material_1.005
s 1
f 8555/8555/3697 8556/8556/3697 8557/8557/3697
f 8555/8555/3698 8557/8557/3698 8558/8558/3698
f 8559/8559/3699 8556/8556/3699 8560/8560/3699
f 8556/8556/3700 8555/8555/3700 8560/8560/3700
f 8561/8561/3701 8562/8562/3702 8560/8560/3703
f 8562/8562/3702 8559/8559/3704 8560/8560/3703
f 8563/8563/3705 8564/8564/3705 8561/8561/3706
f 8564/8564/3705 8562/8562/3706 8561/8561/3706
f 8565/8565/3707 8566/8566/3708 8567/8567/3709
f 8566/8566/3708 8568/8568/3710 8567/8567/3709
f 8566/8566/3711 8565/8565/3711 8569/8569/3711
f 8565/8565/3711 8570/8570/3711 8569/8569/3711
f 8569/8569/3712 8570/8570/3712 8571/8571/3712
f 8570/8570/3712 8572/8572/3713 8571/8571/3712
f 8571/8571/3714 8572/8572/3714 8573/8573/3714
f 8572/8572/3714 8574/8574/3714 8573/8573/3714
f 8573/8573/3715 8574/8574/3715 8575/8575/3715
f 8574/8574/3715 8576/8576/3715 8575/8575/3715
f 8575/8575/3716 8576/8576/3716 8577/8577/3716
f 8576/8576/3716 8578/8578/3716 8577/8577/3716
f 8579/8579/3717 8577/8577/3717 8580/8580/3717
f 8577/8577/3718 8578/8578/3718 8580/8580/3718
f 8581/8581/3719 8579/8579/3719 8582/8582/3719
f 8579/8579/3720 8580/8580/3720 8582/8582/3720
f 8583/8583/3721 8584/8584/3721 8585/8585/3722
f 8584/8584/3721 8586/8586/3722 8585/8585/3722
f 8587/8587/3723 8585/8585/3723 8588/8588/3723
f 8585/8585/3724 8586/8586/3724 8588/8588/3724
f 8589/8589/3725 8590/8590/3726 8588/8588/3727
f 8590/8590/3726 8587/8587/3728 8588/8588/3727
f 8591/8591/3729 8592/8592/3730 8589/8589/3731
f 8592/8592/3730 8590/8590/3732 8589/8589/3731
f 8593/8593/3733 8594/8594/3733 8591/8591/3733
f 8594/8594/3734 8592/8592/3734 8591/8591/3734
f 8594/8594/3735 8593/8593/3735 8595/8595/3735
f 8593/8593/3735 8596/8596/3735 8595/8595/3735
f 8597/8597/3736 8598/8598/3736 8596/8596/3736
f 8598/8598/3737 8595/8595/3737 8596/8596/3737
f 8598/8598/3738 8597/8597/3738 8599/8599/3738
f 8597/8597/3738 8600/8600/3738 8599/8599/3738
f 8601/8601/3739 8599/8599/3739 8602/8602/3739
f 8599/8599/3740 8600/8600/3740 8602/8602/3740
f 8557/8557/3741 8601/8601/3741 8558/8558/3741
f 8601/8601/3742 8602/8602/3742 8558/8558/3742
f 8603/8603/3743 8604/8604/3744 8605/8605/3745
f 8604/8604/3744 8606/8606/3746 8605/8605/3745
f 8607/8607/3747 8608/8608/3747 8603/8603/3747
f 8608/8608/3748 8604/8604/3748 8603/8603/3748
f 8609/8609/3749 8610/8610/3750 8607/8607/3751
f 8610/8610/3750 8608/8608/3752 8607/8607/3751
f 8610/8610/3753 8609/8609/3753 8611/8611/3753
f 8609/8609/3753 8612/8612/3753 8611/8611/3753
f 8613/8613/3754 8611/8611/3754 8614/8614/3754
f 8611/8611/3755 8612/8612/3755 8614/8614/3755
f 8613/8613/3756 8614/8614/3756 8615/8615/3756
f 8614/8614/3756 8616/8616/3756 8615/8615/3756
f 8617/8617/3757 8615/8615/3757 8618/8618/3757
f 8615/8615/3758 8616/8616/3758 8618/8618/3758
f 8619/8619/3759 8617/8617/3759 8620/8620/3759
f 8617/8617/3760 8618/8618/3760 8620/8620/3760
f 8621/8621/3761 8619/8619/3761 8622/8622/3761
f 8619/8619/3762 8620/8620/3762 8622/8622/3762
f 8623/8623/3763 8624/8624/3764 8622/8622/3765
f 8624/8624/3764 8621/8621/3766 8622/8622/3765
f 8624/8624/3767 8623/8623/3767 8625/8625/3768
f 8623/8623/3767 8626/8626/3768 8625/8625/3768
f 8627/8627/3769 8628/8628/3770 8629/8629/3771
f 8628/8628/3770 8630/8630/3772 8629/8629/3771
f 8631/8631/3773 8632/8632/3774 8627/8627/3775
f 8632/8632/3774 8628/8628/3776 8627/8627/3775
f 8632/8632/3777 8631/8631/3777 8633/8633/3777
f 8631/8631/3777 8634/8634/3777 8633/8633/3777
f 8633/8633/3778 8634/8634/3778 8635/8635/3778
f 8634/8634/3778 8636/8636/3778 8635/8635/3778
f 8635/8635/3779 8636/8636/3779 8637/8637/3779
f 8636/8636/3779 8638/8638/3779 8637/8637/3779
f 8637/8637/3780 8638/8638/3780 8639/8639/3780
f 8638/8638/3780 8640/8640/3780 8639/8639/3780
f 8639/8639/3781 8640/8640/3781 8641/8641/3781
f 8640/8640/3781 8642/8642/3781 8641/8641/3781
f 8643/8643/3782 8641/8641/3782 8644/8644/3782
f 8641/8641/3783 8642/8642/3783 8644/8644/3783
f 8645/8645/3784 8646/8646/3784 8647/8647/3784
f 8646/8646/3785 8648/8648/3785 8647/8647/3785
f 8649/8649/3786 8645/8645/3786 8650/8650/3786
f 8645/8645/3787 8647/8647/3787 8650/8650/3787
f 8605/8605/3788 8606/8606/3789 8650/8650/3790
f 8606/8606/3789 8649/8649/3790 8650/8650/3790
f 8651/8651/3791 8652/8652/3791 8653/8653/3791
f 8652/8652/3792 8654/8654/3792 8653/8653/3792
f 8655/8655/3793 8656/8656/3793 8657/8657/3793
f 8656/8656/3793 8658/8658/3793 8657/8657/3793
f 8659/8659/3794 8660/8660/3794 8661/8661/3794
f 8660/8660/3795 8662/8662/3795 8661/8661/3795
f 8662/8662/3796 8660/8660/3796 8663/8663/3796
f 8660/8660/3796 8664/8664/3796 8663/8663/3796
f 8663/8663/3797 8664/8664/3797 8654/8654/3797
f 8664/8664/3797 8653/8653/3797 8654/8654/3797
f 8665/8665/3798 8666/8666/3799 8651/8651/3800
f 8666/8666/3799 8652/8652/3801 8651/8651/3800
f 8666/8666/3802 8665/8665/3802 8667/8667/3802
f 8665/8665/3802 8668/8668/3802 8667/8667/3802
f 8669/8669/3803 8667/8667/3803 8670/8670/3803
f 8667/8667/3804 8668/8668/3804 8670/8670/3804
f 8669/8669/3805 8670/8670/3805 8671/8671/3805
f 8670/8670/3805 8672/8672/3805 8671/8671/3805
f 8673/8673/3806 8671/8671/3806 8674/8674/3806
f 8671/8671/3807 8672/8672/3807 8674/8674/3807
f 8675/8675/3808 8673/8673/3808 8676/8676/3808
f 8673/8673/3808 8674/8674/3808 8676/8676/3808
f 8677/8677/3809 8675/8675/3809 8678/8678/3809
f 8675/8675/3810 8676/8676/3810 8678/8678/3810
f 8677/8677/3811 8678/8678/3811 8679/8679/3811
f 8678/8678/3811 8680/8680/3811 8679/8679/3811
f 8681/8681/3812 8682/8682/3812 8680/8680/3812
f 8682/8682/3812 8679/8679/3812 8680/8680/3812
f 8683/8683/3813 8684/8684/3813 8685/8685/3813
f 8684/8684/3813 8686/8686/3813 8685/8685/3813
f 8685/8685/3814 8686/8686/3814 8687/8687/3814
f 8686/8686/3814 8688/8688/3814 8687/8687/3814
f 8689/8689/3815 8690/8690/3815 8688/8688/3815
f 8690/8690/3815 8687/8687/3815 8688/8688/3815
f 8691/8691/3816 8692/8692/3817 8689/8689/3817
f 8692/8692/3817 8690/8690/3817 8689/8689/3817
f 8693/8693/3818 8694/8694/3818 8691/8691/3818
f 8694/8694/3818 8692/8692/3818 8691/8691/3818
f 8695/8695/3819 8696/8696/3819 8693/8693/3819
f 8696/8696/3819 8694/8694/3819 8693/8693/3819
f 8697/8697/3820 8698/8698/3820 8695/8695/3820
f 8698/8698/3820 8696/8696/3820 8695/8695/3820
f 8697/8697/3821 8655/8655/3821 8699/8699/3821
f 8655/8655/3821 8657/8657/3821 8699/8699/3821
f 8700/8700/3822 8701/8701/3822 8702/8702/3822
f 8701/8701/3822 8703/8703/3822 8702/8702/3822
f 8704/8704/3823 8705/8705/3823 8700/8700/3823
f 8705/8705/3823 8701/8701/3823 8700/8700/3823
f 8706/8706/3824 8707/8707/3824 8704/8704/3824
f 8707/8707/3824 8705/8705/3824 8704/8704/3824
f 8708/8708/3825 8709/8709/3825 8706/8706/3825
f 8709/8709/3825 8707/8707/3825 8706/8706/3825
f 8710/8710/3826 8711/8711/3826 8708/8708/3826
f 8711/8711/3826 8709/8709/3826 8708/8708/3826
f 8712/8712/3827 8713/8713/3827 8710/8710/3827
f 8713/8713/3827 8711/8711/3827 8710/8710/3827
f 8714/8714/3828 8715/8715/3828 8712/8712/3828
f 8715/8715/3828 8713/8713/3828 8712/8712/3828
f 8716/8716/3829 8717/8717/3829 8714/8714/3829
f 8717/8717/3829 8715/8715/3829 8714/8714/3829
f 8718/8718/3830 8719/8719/3830 8716/8716/3830
f 8719/8719/3830 8717/8717/3830 8716/8716/3830
f 8702/8702/3831 8703/8703/3831 8720/8720/3831
f 8703/8703/3831 8721/8721/3831 8720/8720/3831
f 8720/8720/3832 8721/8721/3832 8722/8722/3832
f 8721/8721/3832 8723/8723/3832 8722/8722/3832
f 8724/8724/3833 8725/8725/3833 8726/8726/3833
f 8725/8725/3833 8727/8727/3833 8726/8726/3833
f 8726/8726/3834 8727/8727/3834 8728/8728/3834
f 8727/8727/3834 8729/8729/3834 8728/8728/3834
f 8728/8728/3835 8729/8729/3835 8730/8730/3835
f 8729/8729/3835 8731/8731/3835 8730/8730/3835
f 8730/8730/3836 8731/8731/3836 8732/8732/3836
f 8731/8731/3836 8733/8733/3836 8732/8732/3836
f 8732/8732/3837 8733/8733/3837 8734/8734/3837
f 8733/8733/3837 8735/8735/3837 8734/8734/3837
f 8734/8734/3838 8735/8735/3838 8736/8736/3838
f 8735/8735/3838 8737/8737/3838 8736/8736/3838
f 8736/8736/3839 8737/8737/3839 8738/8738/3839
f 8737/8737/3839 8739/8739/3839 8738/8738/3839
f 8738/8738/3840 8739/8739/3840 8740/8740/3840
f 8739/8739/3840 8741/8741/3840 8740/8740/3840
f 8740/8740/3841 8741/8741/3841 8742/8742/3841
f 8741/8741/3841 8743/8743/3841 8742/8742/3841
f 8744/8744/3842 8745/8745/3842 8746/8746/3842
f 8745/8745/3842 8747/8747/3842 8746/8746/3842
f 8746/8746/3843 8747/8747/3843 8718/8718/3843
f 8747/8747/3843 8719/8719/3843 8718/8718/3843
f 8748/8748/3844 8749/8749/3844 8750/8750/3844
f 8749/8749/3844 8751/8751/3844 8750/8750/3844
f 8750/8750/3845 8751/8751/3845 8752/8752/3845
f 8751/8751/3845 8753/8753/3845 8752/8752/3845
f 8752/8752/3846 8753/8753/3846 8754/8754/3846
f 8753/8753/3846 8755/8755/3846 8754/8754/3846
f 8754/8754/3847 8755/8755/3847 8756/8756/3847
f 8755/8755/3847 8757/8757/3847 8756/8756/3847
f 8756/8756/3848 8757/8757/3848 8758/8758/3848
f 8757/8757/3848 8759/8759/3848 8758/8758/3848
f 8758/8758/3849 8759/8759/3849 8760/8760/3849
f 8759/8759/3849 8761/8761/3849 8760/8760/3849
f 8760/8760/3850 8761/8761/3850 8762/8762/3850
f 8761/8761/3850 8763/8763/3850 8762/8762/3850
f 8762/8762/3851 8763/8763/3851 8764/8764/3851
f 8763/8763/3851 8765/8765/3851 8764/8764/3851
f 8764/8764/3852 8765/8765/3852 8766/8766/3852
f 8765/8765/3852 8767/8767/3852 8766/8766/3852
f 8768/8768/3853 8769/8769/3853 8748/8748/3853
f 8769/8769/3853 8749/8749/3853 8748/8748/3853
f 8770/8770/3854 8771/8771/3854 8768/8768/3854
f 8771/8771/3854 8769/8769/3854 8768/8768/3854
f 8772/8772/3855 8773/8773/3855 8770/8770/3855
f 8773/8773/3855 8771/8771/3855 8770/8770/3855
f 8774/8774/3856 8775/8775/3856 8776/8776/3856
f 8775/8775/3856 8777/8777/3856 8776/8776/3856
f 8778/8778/3857 8779/8779/3857 8774/8774/3857
f 8779/8779/3857 8775/8775/3857 8774/8774/3857
f 8780/8780/3858 8781/8781/3858 8778/8778/3858
f 8781/8781/3858 8779/8779/3858 8778/8778/3858
f 8782/8782/3859 8783/8783/3859 8780/8780/3859
f 8783/8783/3859 8781/8781/3859 8780/8780/3859
f 8784/8784/3860 8785/8785/3860 8782/8782/3860
f 8785/8785/3860 8783/8783/3860 8782/8782/3860
f 8786/8786/3861 8787/8787/3861 8784/8784/3861
f 8787/8787/3861 8785/8785/3861 8784/8784/3861
f 8788/8788/3862 8789/8789/3862 8786/8786/3862
f 8789/8789/3862 8787/8787/3862 8786/8786/3862
f 8790/8790/3863 8791/8791/3863 8788/8788/3863
f 8791/8791/3863 8789/8789/3863 8788/8788/3863
f 8792/8792/3864 8793/8793/3864 8794/8794/3864
f 8793/8793/3864 8795/8795/3864 8794/8794/3864
f 8766/8766/3865 8767/8767/3865 8792/8792/3865
f 8767/8767/3865 8793/8793/3865 8792/8792/3865
f 8796/8796/3866 8797/8797/3866 8798/8798/3866
f 8797/8797/3867 8799/8799/3867 8798/8798/3867
f 8800/8800/3868 8801/8801/3868 8802/8802/3868
f 8801/8801/3868 8803/8803/3868 8802/8802/3868
f 8802/8802/3869 8803/8803/3870 8804/8804/3871
f 8803/8803/3870 8805/8805/3872 8804/8804/3871
f 8806/8806/3873 8804/8804/3873 8807/8807/3873
f 8804/8804/3873 8805/8805/3873 8807/8807/3873
f 8797/8797/3874 8806/8806/3874 8799/8799/3874
f 8806/8806/3874 8807/8807/3874 8799/8799/3874
f 8798/8798/3875 8808/8808/3875 8796/8796/3875
f 8808/8808/3876 8809/8809/3876 8796/8796/3876
f 8810/8810/3877 8809/8809/3877 8811/8811/3877
f 8809/8809/3877 8808/8808/3877 8811/8811/3877
f 8812/8812/3878 8813/8813/3878 8811/8811/3878
f 8813/8813/3879 8810/8810/3879 8811/8811/3879
f 8814/8814/3880 8813/8813/3880 8815/8815/3880
f 8813/8813/3880 8812/8812/3880 8815/8815/3880
f 8816/8816/3881 8817/8817/3881 8815/8815/3881
f 8817/8817/3882 8814/8814/3882 8815/8815/3882
f 8818/8818/3883 8819/8819/3883 8816/8816/3883
f 8819/8819/3883 8817/8817/3883 8816/8816/3883
f 8820/8820/3884 8821/8821/3885 8818/8818/3886
f 8821/8821/3885 8819/8819/3887 8818/8818/3886
f 8822/8822/3888 8821/8821/3888 8823/8823/3888
f 8821/8821/3888 8820/8820/3888 8823/8823/3888
f 8823/8823/3889 8824/8824/3889 8822/8822/3889
f 8824/8824/3889 8825/8825/3889 8822/8822/3889
f 8826/8826/3890 8827/8827/3890 8828/8828/3890
f 8827/8827/3890 8829/8829/3890 8828/8828/3890
f 8830/8830/3891 8826/8826/3891 8831/8831/3891
f 8826/8826/3891 8828/8828/3891 8831/8831/3891
f 8831/8831/3892 8832/8832/3892 8830/8830/3892
f 8832/8832/3892 8833/8833/3892 8830/8830/3892
f 8832/8832/3893 8834/8834/3893 8833/8833/3893
f 8834/8834/3894 8835/8835/3894 8833/8833/3894
f 8834/8834/3895 8836/8836/3895 8835/8835/3895
f 8836/8836/3896 8837/8837/3896 8835/8835/3896
f 8836/8836/3897 8838/8838/3897 8837/8837/3897
f 8838/8838/3897 8839/8839/3897 8837/8837/3897
f 8838/8838/3898 8840/8840/3898 8839/8839/3898
f 8840/8840/3898 8841/8841/3898 8839/8839/3898
f 8841/8841/3899 8840/8840/3899 8842/8842/3899
f 8840/8840/3899 8843/8843/3899 8842/8842/3899
f 8567/8567/3705 8568/8568/3705 8563/8563/3705
f 8568/8568/3705 8564/8564/3705 8563/8563/3705
f 8644/8644/3785 8648/8648/3785 8643/8643/3785
f 8648/8648/3785 8646/8646/3785 8643/8643/3785
f 8661/8661/3793 8658/8658/3793 8659/8659/3793
f 8658/8658/3793 8656/8656/3793 8659/8659/3793
f 8723/8723/3833 8725/8725/3833 8722/8722/3833
f 8725/8725/3833 8724/8724/3833 8722/8722/3833
f 8777/8777/3855 8773/8773/3855 8776/8776/3855
f 8773/8773/3855 8772/8772/3855 8776/8776/3855
f 8842/8842/3868 8843/8843/3868 8800/8800/3868
f 8843/8843/3868 8801/8801/3868 8800/8800/3868
f 8844/8844/3697 8845/8845/3697 8846/8846/3697
f 8845/8845/3698 8847/8847/3698 8846/8846/3698
f 8848/8848/3699 8844/8844/3699 8849/8849/3699
f 8844/8844/3700 8846/8846/3700 8849/8849/3700
f 8850/8850/3701 8851/8851/3702 8849/8849/3703
f 8851/8851/3702 8848/8848/3704 8849/8849/3703
f 8852/8852/3705 8853/8853/3705 8850/8850/3706
f 8853/8853/3705 8851/8851/3706 8850/8850/3706
f 8854/8854/3707 8855/8855/3708 8856/8856/3709
f 8855/8855/3708 8857/8857/3710 8856/8856/3709
f 8855/8855/3711 8854/8854/3711 8858/8858/3711
f 8854/8854/3711 8859/8859/3711 8858/8858/3711
f 8858/8858/3712 8859/8859/3712 8860/8860/3712
f 8859/8859/3712 8861/8861/3713 8860/8860/3712
f 8860/8860/3714 8861/8861/3714 8862/8862/3714
f 8861/8861/3714 8863/8863/3714 8862/8862/3714
f 8862/8862/3715 8863/8863/3715 8864/8864/3715
f 8863/8863/3715 8865/8865/3715 8864/8864/3715
f 8864/8864/3716 8865/8865/3716 8866/8866/3716
f 8865/8865/3716 8867/8867/3716 8866/8866/3716
f 8868/8868/3717 8866/8866/3717 8869/8869/3717
f 8866/8866/3718 8867/8867/3718 8869/8869/3718
f 8870/8870/3719 8868/8868/3719 8871/8871/3719
f 8868/8868/3720 8869/8869/3720 8871/8871/3720
f 8872/8872/3721 8873/8873/3721 8874/8874/3722
f 8873/8873/3721 8875/8875/3722 8874/8874/3722
f 8876/8876/3723 8874/8874/3723 8877/8877/3723
f 8874/8874/3724 8875/8875/3724 8877/8877/3724
f 8878/8878/3725 8879/8879/3726 8877/8877/3727
f 8879/8879/3726 8876/8876/3728 8877/8877/3727
f 8880/8880/3729 8881/8881/3900 8878/8878/3901
f 8881/8881/3900 8879/8879/3902 8878/8878/3901
f 8882/8882/3733 8883/8883/3733 8880/8880/3733
f 8883/8883/3734 8881/8881/3734 8880/8880/3734
f 8883/8883/3735 8882/8882/3735 8884/8884/3735
f 8882/8882/3735 8885/8885/3735 8884/8884/3735
f 8886/8886/3736 8887/8887/3736 8885/8885/3736
f 8887/8887/3737 8884/8884/3737 8885/8885/3737
f 8887/8887/3738 8886/8886/3738 8888/8888/3738
f 8886/8886/3738 8889/8889/3738 8888/8888/3738
f 8890/8890/3739 8888/8888/3739 8891/8891/3739
f 8888/8888/3903 8889/8889/3903 8891/8891/3903
f 8845/8845/3741 8890/8890/3741 8847/8847/3741
f 8890/8890/3742 8891/8891/3742 8847/8847/3742
f 8892/8892/3743 8893/8893/3904 8894/8894/3745
f 8893/8893/3904 8895/8895/3746 8894/8894/3745
f 8896/8896/3905 8897/8897/3905 8892/8892/3905
f 8897/8897/3748 8893/8893/3748 8892/8892/3748
f 8898/8898/3749 8899/8899/3750 8896/8896/3906
f 8899/8899/3750 8897/8897/3752 8896/8896/3906
f 8899/8899/3753 8898/8898/3753 8900/8900/3753
f 8898/8898/3753 8901/8901/3753 8900/8900/3753
f 8902/8902/3907 8900/8900/3907 8903/8903/3907
f 8900/8900/3755 8901/8901/3755 8903/8903/3755
f 8902/8902/3908 8903/8903/3908 8904/8904/3908
f 8903/8903/3908 8905/8905/3756 8904/8904/3908
f 8906/8906/3757 8904/8904/3757 8907/8907/3757
f 8904/8904/3758 8905/8905/3758 8907/8907/3758
f 8908/8908/3759 8906/8906/3759 8909/8909/3759
f 8906/8906/3760 8907/8907/3760 8909/8909/3760
f 8910/8910/3761 8908/8908/3761 8911/8911/3761
f 8908/8908/3762 8909/8909/3762 8911/8911/3762
f 8912/8912/3763 8913/8913/3909 8911/8911/3765
f 8913/8913/3909 8910/8910/3766 8911/8911/3765
f 8913/8913/3767 8912/8912/3910 8914/8914/3768
f 8912/8912/3910 8915/8915/3768 8914/8914/3768
f 8916/8916/3769 8917/8917/3770 8918/8918/3911
f 8917/8917/3770 8919/8919/3772 8918/8918/3911
f 8920/8920/3773 8921/8921/3774 8916/8916/3912
f 8921/8921/3774 8917/8917/3776 8916/8916/3912
f 8921/8921/3777 8920/8920/3777 8922/8922/3777
f 8920/8920/3777 8923/8923/3777 8922/8922/3777
f 8922/8922/3778 8923/8923/3778 8924/8924/3778
f 8923/8923/3778 8925/8925/3778 8924/8924/3778
f 8924/8924/3779 8925/8925/3779 8926/8926/3779
f 8925/8925/3779 8927/8927/3779 8926/8926/3779
f 8926/8926/3780 8927/8927/3780 8928/8928/3780
f 8927/8927/3780 8929/8929/3780 8928/8928/3780
f 8928/8928/3781 8929/8929/3781 8930/8930/3781
f 8929/8929/3781 8931/8931/3781 8930/8930/3781
f 8932/8932/3782 8930/8930/3782 8933/8933/3782
f 8930/8930/3783 8931/8931/3783 8933/8933/3783
f 8934/8934/3784 8935/8935/3784 8936/8936/3784
f 8935/8935/3785 8937/8937/3785 8936/8936/3785
f 8938/8938/3786 8934/8934/3786 8939/8939/3786
f 8934/8934/3787 8936/8936/3787 8939/8939/3787
f 8894/8894/3788 8895/8895/3789 8939/8939/3790
f 8895/8895/3789 8938/8938/3790 8939/8939/3790
f 8856/8856/3705 8857/8857/3705 8852/8852/3705
f 8857/8857/3705 8853/8853/3705 8852/8852/3705
f 8933/8933/3785 8937/8937/3785 8932/8932/3785
f 8937/8937/3785 8935/8935/3785 8932/8932/3785
o Track_Left_Object_1.002
v 0.145997 0.107321 0.222602
v 0.145997 0.110642 0.239227
v 0.152091 0.099563 0.239236
v 0.152091 0.096803 0.226084
v 0.145997 0.096656 0.200084
v 0.152091 0.086149 0.203595
v 0.152091 0.079741 0.150641
v 0.145997 0.090763 0.149523
v 0.152091 0.079862 -0.192870
v 0.145997 0.090886 -0.192870
v 0.152091 0.079887 -0.263359
v 0.152091 0.078175 -0.272781
v 0.145997 0.090912 -0.264443
v 0.145997 0.088410 -0.277020
v 0.145997 0.081286 -0.287683
v 0.152091 0.073452 -0.279849
v 0.145997 0.070623 -0.294807
v 0.152091 0.066384 -0.284572
v 0.145997 0.058046 -0.297309
v 0.152091 0.058046 -0.286230
v 0.145997 0.045468 -0.294807
v 0.152091 0.049708 -0.284572
v 0.145997 0.034806 -0.287683
v 0.152091 0.042639 -0.279849
v 0.152091 0.042639 -0.279849
v 0.145997 0.027681 -0.277020
v 0.152091 0.037804 -0.272518
v 0.145997 0.006146 -0.191957
v 0.152091 0.017140 -0.190587
v 0.145997 0.006146 0.174327
v 0.145997 0.006146 -0.191957
v 0.152091 0.017130 0.172881
v 0.152091 0.017140 -0.190587
v 0.145997 0.011760 0.195280
v 0.152091 0.022400 0.192191
v 0.152091 0.041000 0.247684
v 0.145997 0.031008 0.252468
v 0.152091 0.048265 0.258717
v 0.145997 0.040438 0.266557
v 0.152091 0.058033 0.267206
v 0.145997 0.053802 0.277444
v 0.145997 0.070432 0.280738
v 0.152091 0.070423 0.269660
v 0.152091 0.070423 0.269660
v 0.152091 0.081576 0.269158
v 0.145997 0.085824 0.279390
v 0.145997 0.099912 0.269961
v 0.152091 0.092072 0.262133
v 0.152091 0.092072 0.262133
v 0.145997 0.109320 0.255117
v 0.152091 0.099081 0.250886
v 0.152091 0.096803 0.226084
v 0.152091 0.099563 0.239236
v 0.158185 0.107321 0.222602
v 0.158185 0.110642 0.239227
v 0.152091 0.099081 0.250886
v 0.158185 0.109320 0.255117
v 0.152091 0.092072 0.262133
v 0.158185 0.099912 0.269961
v 0.158185 0.085824 0.279390
v 0.152091 0.081576 0.269158
v 0.158185 0.070432 0.280738
v 0.152091 0.070423 0.269660
v 0.158185 0.053802 0.277444
v 0.152091 0.058033 0.267206
v 0.158185 0.040438 0.266557
v 0.152091 0.048265 0.258717
v 0.158185 0.031008 0.252468
v 0.152091 0.041000 0.247684
v 0.158185 0.011760 0.195280
v 0.152091 0.022400 0.192191
v 0.152091 0.017130 0.172881
v 0.158185 0.006146 0.174327
v 0.158185 0.006146 -0.191957
v 0.152091 0.017140 -0.190587
v 0.152091 0.017140 -0.190587
v 0.152091 0.037804 -0.272518
v 0.158185 0.006146 -0.191957
v 0.158185 0.027681 -0.277020
v 0.152091 0.042639 -0.279849
v 0.158185 0.034806 -0.287683
v 0.158185 0.045468 -0.294807
v 0.152091 0.049708 -0.284572
v 0.158185 0.058046 -0.297309
v 0.152091 0.058046 -0.286230
v 0.158185 0.070623 -0.294807
v 0.152091 0.066384 -0.284572
v 0.158185 0.081286 -0.287683
v 0.152091 0.073452 -0.279849
v 0.158185 0.088410 -0.277020
v 0.152091 0.078175 -0.272781
v 0.158185 0.090912 -0.264443
v 0.152091 0.079887 -0.263359
v 0.158185 0.090886 -0.192870
v 0.152091 0.079862 -0.192870
v 0.158185 0.090763 0.149523
v 0.152091 0.079741 0.150641
v 0.158185 0.096656 0.200084
v 0.152091 0.086149 0.203595
v 0.179907 0.110642 0.239227
v 0.179907 0.109320 0.255117
v 0.174230 0.116908 0.239222
v 0.174230 0.115111 0.257510
v 0.179907 0.090886 -0.192870
v 0.174230 0.097032 -0.192870
v 0.179907 0.090912 -0.264443
v 0.174230 0.097058 -0.265047
v 0.179907 0.096656 0.200084
v 0.174230 0.102528 0.198123
v 0.179907 0.090763 0.149523
v 0.174230 0.096909 0.148900
v 0.174230 0.113200 0.220655
v 0.179907 0.107321 0.222602
v 0.179907 0.099912 0.269961
v 0.174230 0.104347 0.274388
v 0.174230 0.088226 0.285178
v 0.179907 0.085824 0.279390
v 0.179907 0.085824 0.279390
v 0.174230 0.070437 0.287005
v 0.179907 0.070432 0.280738
v 0.174230 0.051409 0.283235
v 0.179907 0.053802 0.277444
v 0.179907 0.053802 0.277444
v 0.174230 0.036010 0.270991
v 0.179907 0.040438 0.266557
v 0.174230 0.025407 0.255150
v 0.179907 0.031008 0.252468
v 0.174230 0.005857 0.196993
v 0.179907 0.011760 0.195280
v 0.174230 0.000000 0.175136
v 0.179907 0.006146 0.174327
v 0.179907 0.006146 -0.191957
v 0.174230 0.000000 -0.192723
v 0.174230 0.021983 -0.279554
v 0.174230 0.000000 -0.192723
v 0.179907 0.027681 -0.277020
v 0.179907 0.006146 -0.191957
v 0.174230 0.030375 -0.292114
v 0.179907 0.034806 -0.287683
v 0.179907 0.045468 -0.294807
v 0.174230 0.043070 -0.300597
v 0.179907 0.058046 -0.297309
v 0.174230 0.058046 -0.303575
v 0.179907 0.070623 -0.294807
v 0.174230 0.073021 -0.300597
v 0.179907 0.081286 -0.287683
v 0.174230 0.085718 -0.292113
v 0.179907 0.088410 -0.277020
v 0.174230 0.094200 -0.279418
v 0.174230 0.113200 0.220655
v 0.174230 0.116908 0.239222
v 0.112630 0.113200 0.220655
v 0.112630 0.116908 0.239222
v 0.174230 0.115111 0.257510
v 0.112630 0.115111 0.257510
v 0.174230 0.104347 0.274388
v 0.112630 0.104347 0.274388
v 0.174230 0.088226 0.285178
v 0.112630 0.088226 0.285178
v 0.174230 0.070437 0.287005
v 0.112630 0.070437 0.287005
v 0.174230 0.051409 0.283235
v 0.112630 0.051409 0.283235
v 0.174230 0.036010 0.270991
v 0.112630 0.036010 0.270991
v 0.174230 0.025407 0.255150
v 0.112630 0.025407 0.255150
v 0.174230 0.005857 0.196993
v 0.112630 0.005857 0.196993
v 0.174230 0.102528 0.198123
v 0.112630 0.102528 0.198123
v 0.174230 0.096909 0.148900
v 0.112630 0.096909 0.148900
v 0.174230 0.097058 -0.265047
v 0.174230 0.097032 -0.192870
v 0.112630 0.097058 -0.265047
v 0.112630 0.097032 -0.192870
v 0.174230 0.094200 -0.279418
v 0.112630 0.094200 -0.279418
v 0.174230 0.085718 -0.292113
v 0.112630 0.085718 -0.292113
v 0.174230 0.073021 -0.300597
v 0.112630 0.073021 -0.300597
v 0.174230 0.058046 -0.303575
v 0.112630 0.058046 -0.303575
v 0.174230 0.043070 -0.300597
v 0.112630 0.043070 -0.300597
v 0.174230 0.030375 -0.292114
v 0.112630 0.030375 -0.292114
v 0.174230 0.021983 -0.279554
v 0.112630 0.021983 -0.279554
v 0.174230 0.000000 -0.192723
v 0.112630 0.000000 -0.192723
v 0.174230 0.000000 0.175136
v 0.174230 0.000000 -0.192723
v 0.112630 0.000000 0.175136
v 0.112630 0.000000 -0.192723
v 0.179907 0.110642 0.239227
v 0.179907 0.107321 0.222602
v 0.106952 0.110642 0.239227
v 0.106952 0.107321 0.222602
v 0.179907 0.109320 0.255117
v 0.106952 0.109320 0.255117
v 0.179907 0.099912 0.269961
v 0.106952 0.099912 0.269961
v 0.179907 0.085824 0.279390
v 0.106952 0.085824 0.279390
v 0.179907 0.070432 0.280738
v 0.106952 0.070432 0.280738
v 0.179907 0.053802 0.277444
v 0.106952 0.053802 0.277444
v 0.179907 0.040438 0.266557
v 0.106952 0.040438 0.266557
v 0.179907 0.031008 0.252468
v 0.106952 0.031008 0.252468
v 0.179907 0.011760 0.195280
v 0.106952 0.011760 0.195280
v 0.179907 0.096656 0.200084
v 0.106952 0.096656 0.200084
v 0.179907 0.090763 0.149523
v 0.106952 0.090763 0.149523
v 0.179907 0.090886 -0.192870
v 0.106952 0.090886 -0.192870
v 0.179907 0.090912 -0.264443
v 0.179907 0.088410 -0.277020
v 0.106952 0.090912 -0.264443
v 0.106952 0.088410 -0.277020
v 0.179907 0.081286 -0.287683
v 0.106952 0.081286 -0.287683
v 0.179907 0.070623 -0.294807
v 0.106952 0.070623 -0.294807
v 0.179907 0.058046 -0.297309
v 0.106952 0.058046 -0.297309
v 0.179907 0.045468 -0.294807
v 0.106952 0.045468 -0.294807
v 0.179907 0.034806 -0.287683
v 0.106952 0.034806 -0.287683
v 0.179907 0.027681 -0.277020
v 0.106952 0.027681 -0.277020
v 0.179907 0.006146 -0.191957
v 0.106952 0.006146 -0.191957
v 0.179907 0.006146 -0.191957
v 0.179907 0.006146 0.174327
v 0.106952 0.006146 -0.191957
v 0.106952 0.006146 0.174327
v 0.106952 0.110642 0.239227
v 0.112630 0.116908 0.239222
v 0.106952 0.109320 0.255117
v 0.112630 0.115111 0.257510
v 0.106952 0.090763 0.149523
v 0.106952 0.090886 -0.192870
v 0.112630 0.096909 0.148900
v 0.112630 0.097032 -0.192870
v 0.106952 0.096656 0.200084
v 0.112630 0.102528 0.198123
v 0.106952 0.107321 0.222602
v 0.112630 0.113200 0.220655
v 0.112630 0.104347 0.274388
v 0.106952 0.099912 0.269961
v 0.106952 0.085824 0.279390
v 0.112630 0.088226 0.285178
v 0.112630 0.070437 0.287005
v 0.106952 0.070432 0.280738
v 0.106952 0.053802 0.277444
v 0.112630 0.051409 0.283235
v 0.112630 0.036010 0.270991
v 0.106952 0.040438 0.266557
v 0.112630 0.025407 0.255150
v 0.106952 0.031008 0.252468
v 0.112630 0.005857 0.196993
v 0.106952 0.011760 0.195280
v 0.106952 0.006146 0.174327
v 0.112630 0.000000 0.175136
v 0.112630 0.000000 -0.192723
v 0.106952 0.006146 -0.191957
v 0.106952 0.006146 -0.191957
v 0.112630 0.000000 -0.192723
v 0.106952 0.027681 -0.277020
v 0.112630 0.021983 -0.279554
v 0.106952 0.034806 -0.287683
v 0.112630 0.030375 -0.292114
v 0.112630 0.043070 -0.300597
v 0.106952 0.045468 -0.294807
v 0.112630 0.058046 -0.303575
v 0.106952 0.058046 -0.297309
v 0.112630 0.073021 -0.300597
v 0.106952 0.070623 -0.294807
v 0.112630 0.085718 -0.292113
v 0.106952 0.081286 -0.287683
v 0.112630 0.094200 -0.279418
v 0.106952 0.088410 -0.277020
v 0.106952 0.090912 -0.264443
v 0.112630 0.097058 -0.265047
v 0.117465 0.110642 0.239227
v 0.123560 0.099563 0.239236
v 0.117465 0.107321 0.222602
v 0.123560 0.096803 0.226084
v 0.117465 0.096656 0.200085
v 0.123560 0.086149 0.203595
v 0.123560 0.079741 0.150641
v 0.117466 0.090763 0.149523
v 0.123559 0.079862 -0.192870
v 0.117465 0.090886 -0.192870
v 0.123559 0.079887 -0.263359
v 0.123560 0.078175 -0.272781
v 0.117465 0.090912 -0.264443
v 0.117465 0.088410 -0.277020
v 0.117465 0.081286 -0.287683
v 0.123560 0.073452 -0.279849
v 0.117465 0.070623 -0.294807
v 0.123560 0.066384 -0.284572
v 0.117465 0.058046 -0.297309
v 0.123560 0.058046 -0.286230
v 0.117465 0.045468 -0.294807
v 0.123560 0.049708 -0.284572
v 0.117465 0.034806 -0.287683
v 0.123560 0.042639 -0.279849
v 0.123560 0.042639 -0.279849
v 0.117465 0.027681 -0.277020
v 0.123560 0.037804 -0.272518
v 0.117465 0.006146 -0.191957
v 0.123560 0.017140 -0.190587
v 0.117465 0.006146 0.174327
v 0.117465 0.006146 -0.191957
v 0.123560 0.017130 0.172881
v 0.123560 0.017140 -0.190587
v 0.117465 0.011760 0.195280
v 0.123560 0.022400 0.192191
v 0.123559 0.041000 0.247684
v 0.117465 0.031008 0.252468
v 0.123560 0.048265 0.258717
v 0.117465 0.040438 0.266557
v 0.123560 0.058033 0.267206
v 0.117465 0.053802 0.277444
v 0.117465 0.070432 0.280738
v 0.123560 0.070423 0.269660
v 0.123560 0.070423 0.269660
v 0.123560 0.081576 0.269158
v 0.117465 0.085824 0.279390
v 0.117465 0.099912 0.269961
v 0.123559 0.092072 0.262133
v 0.123559 0.092072 0.262133
v 0.117465 0.109320 0.255117
v 0.123560 0.099081 0.250886
v 0.123560 0.096803 0.226084
v 0.123560 0.099563 0.239236
v 0.129654 0.107321 0.222602
v 0.129654 0.110641 0.239227
v 0.123560 0.099081 0.250886
v 0.129654 0.109320 0.255117
v 0.123559 0.092072 0.262133
v 0.129654 0.099912 0.269961
v 0.129654 0.085824 0.279390
v 0.123560 0.081576 0.269158
v 0.129654 0.070432 0.280738
v 0.123560 0.070423 0.269660
v 0.129654 0.053802 0.277444
v 0.123560 0.058033 0.267206
v 0.129654 0.040438 0.266557
v 0.123560 0.048265 0.258717
v 0.129654 0.031008 0.252468
v 0.123559 0.041000 0.247684
v 0.129654 0.011760 0.195280
v 0.123560 0.022400 0.192191
v 0.123560 0.017130 0.172881
v 0.129654 0.006146 0.174327
v 0.129654 0.006146 -0.191957
v 0.123560 0.017140 -0.190587
v 0.123560 0.017140 -0.190587
v 0.123560 0.037804 -0.272518
v 0.129654 0.006146 -0.191957
v 0.129654 0.027681 -0.277020
v 0.123560 0.042639 -0.279849
v 0.129654 0.034806 -0.287683
v 0.129654 0.045468 -0.294807
v 0.123560 0.049708 -0.284572
v 0.129654 0.058046 -0.297309
v 0.123560 0.058046 -0.286230
v 0.129654 0.070623 -0.294807
v 0.123560 0.066384 -0.284572
v 0.129654 0.081286 -0.287683
v 0.123560 0.073452 -0.279849
v 0.129654 0.088410 -0.277020
v 0.123560 0.078175 -0.272781
v 0.129654 0.090912 -0.264443
v 0.123559 0.079887 -0.263359
v 0.129654 0.090886 -0.192870
v 0.123559 0.079862 -0.192870
v 0.129654 0.090763 0.149523
v 0.123560 0.079741 0.150641
v 0.129654 0.096656 0.200084
v 0.123560 0.086149 0.203595
vt 0.909372 1.011401
vt 0.909372 0.910021
vt 0.985394 0.914241
vt 0.985394 1.011131
vt 0.909372 1.178073
vt 0.985394 1.170837
vt 0.985394 1.516117
vt 0.909372 1.522580
vt 0.985389 3.798610
vt 0.909367 3.797821
vt 0.985389 4.266983
vt 0.985389 4.341772
vt 0.909365 4.273430
vt 0.909366 4.341330
vt 0.909366 4.408237
vt 0.985389 4.408325
vt 0.909365 4.474947
vt 0.985388 4.474964
vt 0.909366 4.541601
vt 0.985388 4.541646
vt 0.909366 4.608169
vt 0.985389 4.608380
vt 0.909366 4.674314
vt 0.985389 4.675373
vt 0.985389 4.675373
vt 0.909365 4.738387
vt 0.985388 4.745841
vt 0.909366 5.311939
vt 0.985389 5.311939
vt 0.909372 -0.268348
vt 0.909377 -2.688060
vt 0.985394 -0.276722
vt 0.985394 -2.688060
vt 0.909372 -0.136719
vt 0.985394 -0.135556
vt 0.985394 0.255626
vt 0.909372 0.259236
vt 0.985394 0.352916
vt 0.909372 0.357089
vt 0.985394 0.450168
vt 0.909372 0.453566
vt 0.909372 0.549456
vt 0.985394 0.544208
vt 0.985394 0.544208
vt 0.985394 0.630197
vt 0.909372 0.632903
vt 0.909372 0.725188
vt 0.985394 0.725896
vt 0.985394 0.725896
vt 0.909372 0.821966
vt 0.985394 0.825787
vt 0.985394 1.089904
vt 0.985394 0.990702
vt 0.909372 1.089852
vt 0.909372 0.985701
vt 0.985394 0.898757
vt 0.909372 0.894823
vt 0.985394 0.793624
vt 0.909372 0.792413
vt 0.909372 0.696078
vt 0.985394 0.693806
vt 0.909372 0.610083
vt 0.985394 0.604403
vt 0.909372 0.510558
vt 0.985394 0.506622
vt 0.909372 0.408303
vt 0.985394 0.404208
vt 0.909372 0.306101
vt 0.985394 0.301826
vt 0.909372 -0.111286
vt 0.985394 -0.110245
vt 0.985394 -0.254164
vt 0.909372 -0.245839
vt 0.909366 -2.688060
vt 0.985394 -2.688058
vt 0.985389 5.311939
vt 0.985388 4.758832
vt 0.909366 5.311939
vt 0.909365 4.751366
vt 0.985389 4.688480
vt 0.909366 4.687000
vt 0.909366 4.621747
vt 0.985389 4.622164
vt 0.909366 4.556668
vt 0.985388 4.556787
vt 0.909365 4.492110
vt 0.985388 4.492272
vt 0.909366 4.429451
vt 0.985389 4.428821
vt 0.909366 4.365172
vt 0.985389 4.365757
vt 0.909365 4.301389
vt 0.985389 4.295117
vt 0.909367 3.835326
vt 0.985389 3.836164
vt 0.909372 1.605760
vt 0.985394 1.599575
vt 0.909372 1.262803
vt 0.985394 1.255963
vt 0.468747 1.033858
vt 0.468747 0.928305
vt 0.424034 1.033827
vt 0.424034 0.928274
vt 0.468743 3.802102
vt 0.424029 3.798132
vt 0.468742 4.267239
vt 0.424028 4.267207
vt 0.468747 1.282742
vt 0.424034 1.282709
vt 0.468747 1.576964
vt 0.424033 1.576996
vt 0.424034 1.135601
vt 0.468747 1.135634
vt 0.468747 0.816971
vt 0.424034 0.816940
vt 0.424033 0.702551
vt 0.468747 0.702582
vt 0.468747 0.702582
vt 0.424033 0.592142
vt 0.468747 0.592173
vt 0.424034 0.481943
vt 0.468747 0.481974
vt 0.468747 0.481974
vt 0.424034 0.373642
vt 0.468747 0.373673
vt 0.424034 0.273661
vt 0.468747 0.273693
vt 0.424034 -0.128834
vt 0.468747 -0.128803
vt 0.424034 -0.252226
vt 0.468747 -0.252195
vt 0.468742 -2.687979
vt 0.424027 -2.688010
vt 0.424027 4.787362
vt 0.424027 5.311907
vt 0.468742 4.787392
vt 0.468742 5.311940
vt 0.424027 4.718936
vt 0.468742 4.718968
vt 0.468742 4.645483
vt 0.424028 4.645451
vt 0.468742 4.566100
vt 0.424028 4.566069
vt 0.468742 4.486763
vt 0.424028 4.486732
vt 0.468742 4.413420
vt 0.424027 4.413390
vt 0.468742 4.339777
vt 0.424027 4.339746
vt 0.424034 1.135601
vt 0.424034 1.033827
vt 0.066688 1.135552
vt 0.066688 1.033777
vt 0.424034 0.928274
vt 0.066688 0.928223
vt 0.424034 0.816940
vt 0.066688 0.816890
vt 0.424033 0.702551
vt 0.066688 0.702500
vt 0.424033 0.592142
vt 0.066688 0.592092
vt 0.424034 0.481943
vt 0.066688 0.481892
vt 0.424034 0.373642
vt 0.066688 0.373592
vt 0.424034 0.273661
vt 0.066688 0.273611
vt 0.424034 -0.128834
vt 0.066688 -0.128885
vt 0.424034 1.282709
vt 0.066688 1.282660
vt 0.424033 1.576996
vt 0.066688 1.576996
vt 0.424028 4.267207
vt 0.424029 3.798132
vt 0.066688 4.267158
vt 0.066688 3.798092
vt 0.424027 4.339746
vt 0.066688 4.339694
vt 0.424027 4.413390
vt 0.066688 4.413338
vt 0.424028 4.486732
vt 0.066688 4.486682
vt 0.424028 4.566069
vt 0.066688 4.566019
vt 0.424028 4.645451
vt 0.066688 4.645402
vt 0.424027 4.718936
vt 0.066688 4.718887
vt 0.424027 4.787362
vt 0.066688 4.787310
vt 0.424027 5.311907
vt 0.066688 5.311858
vt 0.424034 -0.252226
vt 0.424027 -2.688010
vt 0.066688 -0.252276
vt 0.066688 -2.688060
vt 0.468747 1.033858
vt 0.468747 1.135634
vt 0.890328 1.033840
vt 0.890328 1.135615
vt 0.468747 0.928305
vt 0.890328 0.928288
vt 0.468747 0.816971
vt 0.890328 0.816954
vt 0.468747 0.702582
vt 0.890328 0.702564
vt 0.468747 0.592173
vt 0.890329 0.592155
vt 0.468747 0.481974
vt 0.890329 0.481957
vt 0.468747 0.373673
vt 0.890329 0.373655
vt 0.468747 0.273693
vt 0.890329 0.273674
vt 0.468747 -0.128803
vt 0.890329 -0.128821
vt 0.468747 1.282742
vt 0.890328 1.282725
vt 0.468747 1.576964
vt 0.890328 1.576966
vt 0.468743 3.802102
vt 0.890325 3.802087
vt 0.468742 4.267239
vt 0.468742 4.339777
vt 0.890324 4.267220
vt 0.890324 4.339758
vt 0.468742 4.413420
vt 0.890324 4.413403
vt 0.468742 4.486763
vt 0.890324 4.486746
vt 0.468742 4.566100
vt 0.890324 4.566082
vt 0.468742 4.645483
vt 0.890324 4.645466
vt 0.468742 4.718968
vt 0.890324 4.718951
vt 0.468742 4.787392
vt 0.890324 4.787375
vt 0.468742 5.311940
vt 0.890323 5.311923
vt 0.468742 -2.687979
vt 0.468747 -0.252195
vt 0.890332 -2.687996
vt 0.890330 -0.252213
vt 0.008727 1.033814
vt 0.066688 1.033777
vt 0.008727 0.928262
vt 0.066688 0.928223
vt 0.008728 1.576940
vt 0.008730 3.802061
vt 0.066688 1.576996
vt 0.066688 3.798092
vt 0.008727 1.282699
vt 0.066688 1.282660
vt 0.008727 1.135589
vt 0.066688 1.135552
vt 0.066688 0.816890
vt 0.008727 0.816928
vt 0.008727 0.702538
vt 0.066688 0.702500
vt 0.066688 0.592092
vt 0.008727 0.592130
vt 0.008727 0.481931
vt 0.066688 0.481892
vt 0.066688 0.373592
vt 0.008726 0.373630
vt 0.066688 0.273611
vt 0.008726 0.273648
vt 0.066688 -0.128885
vt 0.008726 -0.128847
vt 0.008726 -0.252239
vt 0.066688 -0.252276
vt 0.066688 -2.688060
vt 0.008723 -2.688023
vt 0.008731 5.311897
vt 0.066688 5.311858
vt 0.008730 4.787350
vt 0.066688 4.787310
vt 0.008730 4.718925
vt 0.066688 4.718887
vt 0.066688 4.645402
vt 0.008730 4.645441
vt 0.066688 4.566019
vt 0.008730 4.566057
vt 0.066688 4.486682
vt 0.008730 4.486721
vt 0.066688 4.413338
vt 0.008730 4.413377
vt 0.066688 4.339694
vt 0.008730 4.339733
vt 0.008730 4.267194
vt 0.066688 4.267158
vt 0.909372 0.910021
vt 0.985394 0.914241
vt 0.909372 1.011401
vt 0.985394 1.011131
vt 0.909372 1.178073
vt 0.985394 1.170837
vt 0.985394 1.516117
vt 0.909372 1.522580
vt 0.985389 3.798610
vt 0.909367 3.797821
vt 0.985389 4.266983
vt 0.985389 4.341772
vt 0.909365 4.273430
vt 0.909366 4.341330
vt 0.909366 4.408237
vt 0.985389 4.408325
vt 0.909365 4.474947
vt 0.985388 4.474964
vt 0.909366 4.541601
vt 0.985388 4.541646
vt 0.909366 4.608169
vt 0.985389 4.608380
vt 0.909366 4.674314
vt 0.985389 4.675373
vt 0.985389 4.675373
vt 0.909365 4.738387
vt 0.985388 4.745841
vt 0.909366 5.311939
vt 0.985389 5.311939
vt 0.909372 -0.268348
vt 0.909377 -2.688060
vt 0.985394 -0.276722
vt 0.985394 -2.688060
vt 0.909372 -0.136719
vt 0.985394 -0.135556
vt 0.985394 0.255626
vt 0.909372 0.259236
vt 0.985394 0.352916
vt 0.909372 0.357089
vt 0.985394 0.450168
vt 0.909372 0.453566
vt 0.909372 0.549456
vt 0.985394 0.544208
vt 0.985394 0.544208
vt 0.985394 0.630197
vt 0.909372 0.632903
vt 0.909372 0.725188
vt 0.985394 0.725896
vt 0.985394 0.725896
vt 0.909372 0.821966
vt 0.985394 0.825787
vt 0.985394 1.089904
vt 0.985394 0.990702
vt 0.909372 1.089852
vt 0.909372 0.985701
vt 0.985394 0.898757
vt 0.909372 0.894823
vt 0.985394 0.793624
vt 0.909372 0.792413
vt 0.909372 0.696078
vt 0.985394 0.693806
vt 0.909372 0.610083
vt 0.985394 0.604403
vt 0.909372 0.510558
vt 0.985394 0.506622
vt 0.909372 0.408303
vt 0.985394 0.404208
vt 0.909372 0.306101
vt 0.985394 0.301826
vt 0.909372 -0.111286
vt 0.985394 -0.110245
vt 0.985394 -0.254164
vt 0.909372 -0.245839
vt 0.909366 -2.688060
vt 0.985394 -2.688058
vt 0.985389 5.311939
vt 0.985388 4.758832
vt 0.909366 5.311939
vt 0.909365 4.751366
vt 0.985389 4.688480
vt 0.909366 4.687000
vt 0.909366 4.621747
vt 0.985389 4.622164
vt 0.909366 4.556668
vt 0.985388 4.556787
vt 0.909365 4.492110
vt 0.985388 4.492272
vt 0.909366 4.429451
vt 0.985389 4.428821
vt 0.909366 4.365172
vt 0.985389 4.365757
vt 0.909365 4.301389
vt 0.985389 4.295117
vt 0.909367 3.835326
vt 0.985389 3.836164
vt 0.909372 1.605760
vt 0.985394 1.599575
vt 0.909372 1.262803
vt 0.985394 1.255963
vn 0.8722 0.4796 -0.0960
vn 0.8722 0.4797 -0.0958
vn 0.8746 0.4745 -0.0992
vn 0.8749 0.4740 -0.0995
vn 0.8746 0.4381 -0.2075
vn 0.8747 0.4381 -0.2075
vn 0.8747 0.4380 -0.2075
vn 0.8719 0.4861 -0.0588
vn 0.8762 0.4788 -0.0558
vn 0.8751 0.4839 0.0002
vn 0.8752 0.4838 0.0002
vn 0.8755 0.4754 -0.0864
vn 0.8722 0.4798 -0.0954
vn 0.8722 0.4067 -0.2718
vn 0.8722 0.2718 -0.4068
vn 0.8722 0.2718 -0.4067
vn 0.8722 0.0954 -0.4798
vn 0.8722 -0.0954 -0.4798
vn 0.8722 -0.2718 -0.4067
vn 0.8722 -0.4067 -0.2718
vn 0.8728 -0.4066 -0.2700
vn 0.8733 -0.4064 -0.2686
vn 0.8734 -0.4065 -0.2682
vn 0.8732 -0.4725 -0.1196
vn 0.8742 -0.4708 -0.1189
vn 0.8736 -0.4718 -0.1193
vn 0.8746 -0.4701 -0.1186
vn 0.8744 -0.4852 -0.0000
vn 0.8746 -0.4848 -0.0000
vn 0.8744 -0.4686 0.1256
vn 0.8759 -0.4655 0.1267
vn 0.8746 -0.4682 0.1257
vn 0.8762 -0.4650 0.1269
vn 0.8760 -0.4573 0.1533
vn 0.8747 -0.4594 0.1546
vn 0.8743 -0.4054 0.2670
vn 0.8722 -0.4065 0.2721
vn 0.8757 -0.3167 0.3645
vn 0.8671 -0.3146 0.3861
vn 0.8722 -0.0951 0.4799
vn 0.8760 0.0217 0.4819
vn 0.8662 0.0436 0.4978
vn 0.8722 0.2721 0.4065
vn 0.8712 0.4147 0.2629
vn 0.8732 0.4134 0.2581
vn 0.8723 0.4140 0.2601
vn 0.8734 0.4134 0.2576
vn 0.8660 0.4983 0.0415
vn 0.8760 0.4819 0.0199
vn -0.8749 0.4740 -0.0995
vn -0.8722 0.4797 -0.0958
vn -0.8760 0.4819 0.0199
vn -0.8660 0.4983 0.0415
vn -0.8734 0.4134 0.2576
vn -0.8712 0.4147 0.2629
vn -0.8722 0.2721 0.4065
vn -0.8662 0.0436 0.4978
vn -0.8760 0.0217 0.4819
vn -0.8722 -0.0951 0.4799
vn -0.8671 -0.3146 0.3861
vn -0.8757 -0.3167 0.3645
vn -0.8722 -0.4065 0.2721
vn -0.8742 -0.4054 0.2675
vn -0.8725 -0.4057 0.2722
vn -0.8743 -0.4054 0.2670
vn -0.8747 -0.4594 0.1546
vn -0.8757 -0.4578 0.1536
vn -0.8750 -0.4589 0.1543
vn -0.8760 -0.4573 0.1533
vn -0.8762 -0.4650 0.1269
vn -0.8744 -0.4686 0.1256
vn -0.8746 -0.4848 -0.0000
vn -0.8744 -0.4852 -0.0000
vn -0.8746 -0.4701 -0.1186
vn -0.8732 -0.4725 -0.1196
vn -0.8734 -0.4066 -0.2682
vn -0.8722 -0.4067 -0.2718
vn -0.8722 -0.2718 -0.4067
vn -0.8722 -0.0954 -0.4798
vn -0.8722 0.0954 -0.4798
vn -0.8722 0.2718 -0.4067
vn -0.8722 0.4067 -0.2718
vn -0.8722 0.4798 -0.0954
vn -0.8739 0.4776 -0.0909
vn -0.8753 0.4757 -0.0871
vn -0.8755 0.4754 -0.0864
vn -0.8752 0.4838 0.0002
vn -0.8751 0.4839 0.0002
vn -0.8762 0.4788 -0.0558
vn -0.8729 0.4844 -0.0581
vn -0.8751 0.4806 -0.0565
vn -0.8719 0.4861 -0.0588
vn -0.8747 0.4380 -0.2075
vn -0.8746 0.4381 -0.2075
vn -0.7399 -0.6704 -0.0558
vn -0.7262 -0.6842 -0.0672
vn -0.7346 -0.6785 -0.0002
vn -0.7297 -0.6791 0.0792
vn -0.7346 -0.6741 0.0774
vn -0.7314 -0.6774 0.0785
vn -0.7363 -0.6723 0.0767
vn -0.7346 -0.6132 0.2904
vn -0.7346 -0.6654 0.1329
vn -0.7360 -0.5718 -0.3624
vn -0.7331 -0.5734 -0.3657
vn -0.7346 -0.3774 -0.5639
vn -0.7265 -0.0702 -0.6836
vn -0.7398 -0.0587 -0.6702
vn -0.7346 0.1319 -0.6656
vn -0.7276 0.4269 -0.5369
vn -0.7394 0.4253 -0.5220
vn -0.7346 0.5639 -0.3774
vn -0.7355 0.6422 -0.2159
vn -0.7347 0.6430 -0.2163
vn -0.7352 0.6425 -0.2161
vn -0.7343 0.6433 -0.2165
vn -0.7346 0.6554 -0.1756
vn -0.7346 0.6785 0.0000
vn -0.7346 0.6578 0.1665
vn -0.7346 0.5642 0.3770
vn -0.7346 0.3770 0.5642
vn -0.7346 0.1324 0.6655
vn -0.7346 0.1323 0.6655
vn -0.7346 -0.1324 0.6655
vn -0.7346 -0.3770 0.5642
vn -0.7346 -0.5642 0.3770
vn -0.7346 -0.6655 0.1324
vn 0.0000 -0.9806 0.1959
vn 0.0000 -0.9952 -0.0978
vn 0.0000 -0.8431 -0.5377
vn 0.0000 -0.5562 -0.8310
vn 0.0000 -0.1022 -0.9948
vn 0.0000 0.1943 -0.9809
vn 0.0000 0.6224 -0.7827
vn 0.0000 0.8310 -0.5562
vn 0.0000 0.9479 -0.3186
vn 0.0000 -0.9038 0.4280
vn 0.0000 -0.9935 0.1134
vn 0.0000 -1.0000 -0.0004
vn 0.0000 -0.9808 0.1951
vn 0.0000 -0.8315 0.5556
vn 0.0000 -0.5556 0.8314
vn 0.0000 -0.1951 0.9808
vn 0.0000 0.1950 0.9808
vn 0.0000 0.5556 0.8315
vn 0.0000 0.8315 0.5556
vn 0.0000 0.9694 0.2454
vn 0.0000 1.0000 0.0000
vn -0.0000 0.9659 -0.2588
vn 0.0000 0.9806 -0.1959
vn 0.0000 0.9966 0.0829
vn 0.0000 0.8446 0.5353
vn 0.0000 0.5562 0.8310
vn 0.0000 0.0872 0.9962
vn 0.0000 -0.1943 0.9809
vn 0.0000 -0.6316 0.7753
vn 0.0000 -0.8310 0.5562
vn 0.0000 -0.9478 0.3190
vn 0.0000 0.9038 -0.4280
vn 0.0000 0.9933 -0.1158
vn 0.0000 1.0000 0.0004
vn 0.0000 0.9808 -0.1951
vn 0.0000 0.8315 -0.5556
vn 0.0000 0.5556 -0.8315
vn -0.0000 0.1951 -0.9808
vn 0.0000 -0.1951 -0.9808
vn -0.0000 -0.5556 -0.8315
vn 0.0000 -0.8315 -0.5556
vn 0.0000 -0.9694 -0.2454
vn 0.0000 -1.0000 -0.0000
vn 0.0000 -0.9659 0.2588
vn 0.7399 -0.6704 -0.0558
vn 0.7262 -0.6842 -0.0672
vn 0.7346 -0.6785 -0.0002
vn 0.7297 -0.6791 0.0792
vn 0.7363 -0.6723 0.0767
vn 0.7346 -0.6132 0.2904
vn 0.7346 -0.6654 0.1329
vn 0.7331 -0.5734 -0.3657
vn 0.7354 -0.5721 -0.3631
vn 0.7336 -0.5731 -0.3652
vn 0.7360 -0.5718 -0.3624
vn 0.7346 -0.3774 -0.5639
vn 0.7265 -0.0702 -0.6836
vn 0.7398 -0.0587 -0.6702
vn 0.7346 0.1319 -0.6656
vn 0.7276 0.4269 -0.5369
vn 0.7394 0.4253 -0.5220
vn 0.7346 0.5639 -0.3774
vn 0.7355 0.6422 -0.2159
vn 0.7343 0.6433 -0.2165
vn 0.7346 0.6554 -0.1756
vn 0.7346 0.6785 0.0000
vn 0.7346 0.6578 0.1665
vn 0.7346 0.5642 0.3770
vn 0.7346 0.3770 0.5642
vn 0.7346 0.1323 0.6655
vn 0.7346 0.1324 0.6655
vn 0.7346 -0.1323 0.6655
vn 0.7346 -0.1324 0.6655
vn 0.7346 -0.3770 0.5642
vn 0.7346 -0.5642 0.3770
vn 0.7346 -0.6655 0.1324
vn 0.8733 -0.4063 -0.2686
vn 0.8742 -0.4707 -0.1188
vn 0.8735 -0.4719 -0.1194
vn 0.8747 -0.4681 0.1258
vn 0.8743 -0.4054 0.2669
vn -0.8660 0.4983 0.0414
vn -0.8711 0.4147 0.2629
vn -0.8760 0.0217 0.4818
vn -0.8722 -0.0951 0.4798
vn -0.8741 -0.4054 0.2675
vn -0.8733 -0.4060 0.2694
vn -0.8756 -0.4579 0.1536
vn -0.8734 -0.4065 -0.2682
vn -0.8753 0.4758 -0.0871
g Track_Left_Object_1.002_Track_Left_Object_1.002_Material_1.005
usemtl Material_1.005
s 1
f 8940/8940/3913 8941/8941/3914 8942/8942/3915
f 8940/8940/3913 8942/8942/3915 8943/8943/3916
f 8940/8940/3917 8943/8943/3918 8944/8944/3919
f 8943/8943/3918 8945/8945/3919 8944/8944/3919
f 8945/8945/3920 8946/8946/3920 8944/8944/3920
f 8946/8946/3921 8947/8947/3921 8944/8944/3921
f 8946/8946/3922 8948/8948/3922 8947/8947/3922
f 8948/8948/3923 8949/8949/3923 8947/8947/3923
f 8950/8950/3924 8951/8951/3924 8952/8952/3924
f 8951/8951/3925 8953/8953/3925 8952/8952/3925
f 8954/8954/3926 8953/8953/3926 8955/8955/3926
f 8953/8953/3926 8951/8951/3926 8955/8955/3926
f 8956/8956/3927 8954/8954/3927 8957/8957/3927
f 8954/8954/3928 8955/8955/3928 8957/8957/3928
f 8958/8958/3929 8956/8956/3929 8959/8959/3929
f 8956/8956/3929 8957/8957/3929 8959/8959/3929
f 8960/8960/3930 8958/8958/3930 8961/8961/3930
f 8958/8958/3930 8959/8959/3930 8961/8961/3930
f 8962/8962/3931 8960/8960/3931 8963/8963/3931
f 8960/8960/3931 8961/8961/3931 8963/8963/3931
f 8962/8962/3932 8964/8964/3933 8965/8965/3934
f 8964/8964/3933 8966/8966/3935 8965/8965/3934
f 8965/8965/3936 8966/8966/3937 8967/8967/3938
f 8966/8966/3937 8968/8968/3939 8967/8967/3938
f 8969/8969/3940 8970/8970/3940 8971/8971/3940
f 8970/8970/3941 8972/8972/3941 8971/8971/3941
f 8969/8969/3942 8971/8971/3943 8973/8973/3944
f 8971/8971/3943 8974/8974/3945 8973/8973/3944
f 8974/8974/3946 8975/8975/3946 8973/8973/3946
f 8975/8975/3947 8976/8976/3947 8973/8973/3947
f 8975/8975/3948 8977/8977/3948 8976/8976/3948
f 8977/8977/3949 8978/8978/3949 8976/8976/3949
f 8977/8977/3950 8979/8979/3950 8978/8978/3950
f 8979/8979/3951 8980/8980/3951 8978/8978/3951
f 8981/8981/3952 8980/8980/3952 8982/8982/3952
f 8980/8980/3952 8979/8979/3952 8982/8982/3952
f 8983/8983/3953 8984/8984/3953 8981/8981/3953
f 8984/8984/3954 8985/8985/3954 8981/8981/3954
f 8986/8986/3955 8985/8985/3955 8987/8987/3955
f 8985/8985/3955 8984/8984/3955 8987/8987/3955
f 8986/8986/3956 8988/8988/3957 8989/8989/3958
f 8988/8988/3957 8990/8990/3959 8989/8989/3958
f 8989/8989/3960 8990/8990/3960 8941/8941/3960
f 8990/8990/3961 8942/8942/3961 8941/8941/3961
f 8991/8991/3962 8992/8992/3962 8993/8993/3962
f 8992/8992/3963 8994/8994/3963 8993/8993/3963
f 8992/8992/3964 8995/8995/3964 8994/8994/3964
f 8995/8995/3965 8996/8996/3965 8994/8994/3965
f 8995/8995/3966 8997/8997/3966 8996/8996/3966
f 8997/8997/3967 8998/8998/3967 8996/8996/3967
f 8999/8999/3968 8998/8998/3968 9000/9000/3968
f 8998/8998/3968 8997/8997/3968 9000/9000/3968
f 8999/8999/3969 9000/9000/3969 9001/9001/3969
f 9000/9000/3970 9002/9002/3970 9001/9001/3970
f 9003/9003/3971 9001/9001/3971 9004/9004/3971
f 9001/9001/3971 9002/9002/3971 9004/9004/3971
f 9003/9003/3972 9004/9004/3972 9005/9005/3972
f 9004/9004/3973 9006/9006/3973 9005/9005/3973
f 9005/9005/3974 9006/9006/3975 9007/9007/3976
f 9006/9006/3975 9008/9008/3977 9007/9007/3976
f 9007/9007/3978 9008/9008/3979 9009/9009/3980
f 9008/9008/3979 9010/9010/3981 9009/9009/3980
f 9010/9010/3982 9011/9011/3982 9009/9009/3982
f 9011/9011/3983 9012/9012/3983 9009/9009/3983
f 9013/9013/3984 9012/9012/3984 9014/9014/3984
f 9012/9012/3985 9011/9011/3985 9014/9014/3985
f 9015/9015/3986 9016/9016/3986 9017/9017/3986
f 9016/9016/3987 9018/9018/3987 9017/9017/3987
f 9016/9016/3988 9019/9019/3988 9018/9018/3988
f 9019/9019/3989 9020/9020/3989 9018/9018/3989
f 9021/9021/3990 9020/9020/3990 9022/9022/3990
f 9020/9020/3990 9019/9019/3990 9022/9022/3990
f 9023/9023/3991 9021/9021/3991 9024/9024/3991
f 9021/9021/3991 9022/9022/3991 9024/9024/3991
f 9025/9025/3992 9023/9023/3992 9026/9026/3992
f 9023/9023/3992 9024/9024/3992 9026/9026/3992
f 9027/9027/3993 9025/9025/3993 9028/9028/3993
f 9025/9025/3993 9026/9026/3993 9028/9028/3993
f 9029/9029/3994 9027/9027/3994 9030/9030/3994
f 9027/9027/3994 9028/9028/3994 9030/9030/3994
f 9029/9029/3995 9030/9030/3996 9031/9031/3997
f 9030/9030/3996 9032/9032/3998 9031/9031/3997
f 9033/9033/3999 9034/9034/3999 9035/9035/4000
f 9034/9034/3999 9036/9036/4000 9035/9035/4000
f 9035/9035/4001 9036/9036/4002 9037/9037/4003
f 9036/9036/4002 9038/9038/4004 9037/9037/4003
f 9038/9038/4005 8991/8991/4005 9037/9037/4005
f 8991/8991/4006 8993/8993/4006 9037/9037/4006
f 9039/9039/4007 9040/9040/4007 9041/9041/4007
f 9040/9040/4008 9042/9042/4008 9041/9041/4008
f 9043/9043/4009 9044/9044/4009 9045/9045/4009
f 9044/9044/4009 9046/9046/4009 9045/9045/4009
f 9047/9047/4010 9048/9048/4011 9049/9049/4012
f 9048/9048/4011 9050/9050/4013 9049/9049/4012
f 9051/9051/4014 9048/9048/4014 9052/9052/4014
f 9048/9048/4014 9047/9047/4014 9052/9052/4014
f 9041/9041/4015 9051/9051/4015 9039/9039/4015
f 9051/9051/4015 9052/9052/4015 9039/9039/4015
f 9040/9040/4016 9053/9053/4016 9042/9042/4016
f 9053/9053/4017 9054/9054/4017 9042/9042/4017
f 9055/9055/4018 9054/9054/4018 9056/9056/4018
f 9054/9054/4018 9053/9053/4018 9056/9056/4018
f 9055/9055/4019 9057/9057/4019 9058/9058/4019
f 9057/9057/4020 9059/9059/4020 9058/9058/4020
f 9060/9060/4021 9058/9058/4021 9061/9061/4021
f 9058/9058/4021 9059/9059/4021 9061/9061/4021
f 9060/9060/4022 9062/9062/4022 9063/9063/4022
f 9062/9062/4023 9064/9064/4023 9063/9063/4023
f 9063/9063/4024 9064/9064/4024 9065/9065/4024
f 9064/9064/4024 9066/9066/4024 9065/9065/4024
f 9065/9065/4025 9066/9066/4026 9067/9067/4027
f 9066/9066/4026 9068/9068/4028 9067/9067/4027
f 9069/9069/4029 9067/9067/4029 9070/9070/4029
f 9067/9067/4029 9068/9068/4029 9070/9070/4029
f 9070/9070/4030 9071/9071/4030 9069/9069/4030
f 9071/9071/4030 9072/9072/4030 9069/9069/4030
f 9073/9073/4031 9074/9074/4031 9075/9075/4031
f 9074/9074/4031 9076/9076/4031 9075/9075/4031
f 9077/9077/4032 9073/9073/4032 9078/9078/4032
f 9073/9073/4032 9075/9075/4032 9078/9078/4032
f 9078/9078/4033 9079/9079/4033 9077/9077/4033
f 9079/9079/4033 9080/9080/4033 9077/9077/4033
f 9079/9079/4034 9081/9081/4034 9080/9080/4034
f 9081/9081/4035 9082/9082/4035 9080/9080/4035
f 9081/9081/4036 9083/9083/4036 9082/9082/4036
f 9083/9083/4036 9084/9084/4036 9082/9082/4036
f 9083/9083/4037 9085/9085/4037 9084/9084/4037
f 9085/9085/4037 9086/9086/4037 9084/9084/4037
f 9085/9085/4038 9087/9087/4038 9086/9086/4038
f 9087/9087/4038 9088/9088/4038 9086/9086/4038
f 9045/9045/4039 9046/9046/4039 9087/9087/4039
f 9046/9046/4039 9088/9088/4039 9087/9087/4039
f 9089/9089/4040 9090/9090/4040 9091/9091/4040
f 9090/9090/4040 9092/9092/4040 9091/9091/4040
f 9090/9090/4041 9093/9093/4041 9092/9092/4041
f 9093/9093/4041 9094/9094/4041 9092/9092/4041
f 9093/9093/4042 9095/9095/4042 9094/9094/4042
f 9095/9095/4042 9096/9096/4042 9094/9094/4042
f 9095/9095/4043 9097/9097/4043 9096/9096/4043
f 9097/9097/4043 9098/9098/4043 9096/9096/4043
f 9097/9097/4044 9099/9099/4044 9098/9098/4044
f 9099/9099/4044 9100/9100/4044 9098/9098/4044
f 9099/9099/4045 9101/9101/4045 9100/9100/4045
f 9101/9101/4045 9102/9102/4045 9100/9100/4045
f 9101/9101/4046 9103/9103/4046 9102/9102/4046
f 9103/9103/4046 9104/9104/4046 9102/9102/4046
f 9103/9103/4047 9105/9105/4047 9104/9104/4047
f 9105/9105/4047 9106/9106/4047 9104/9104/4047
f 9105/9105/4048 9107/9107/4048 9106/9106/4048
f 9107/9107/4048 9108/9108/4048 9106/9106/4048
f 9109/9109/4049 9089/9089/4049 9110/9110/4049
f 9089/9089/4049 9091/9091/4049 9110/9110/4049
f 9111/9111/4050 9109/9109/4050 9112/9112/4050
f 9109/9109/4050 9110/9110/4050 9112/9112/4050
f 9113/9113/4051 9114/9114/4051 9115/9115/4051
f 9114/9114/4051 9116/9116/4051 9115/9115/4051
f 9117/9117/4052 9113/9113/4052 9118/9118/4052
f 9113/9113/4052 9115/9115/4052 9118/9118/4052
f 9119/9119/4053 9117/9117/4053 9120/9120/4053
f 9117/9117/4053 9118/9118/4053 9120/9120/4053
f 9121/9121/4054 9119/9119/4054 9122/9122/4054
f 9119/9119/4054 9120/9120/4054 9122/9122/4054
f 9123/9123/4055 9121/9121/4055 9124/9124/4055
f 9121/9121/4055 9122/9122/4055 9124/9124/4055
f 9125/9125/4056 9123/9123/4056 9126/9126/4056
f 9123/9123/4056 9124/9124/4056 9126/9126/4056
f 9127/9127/4057 9125/9125/4057 9128/9128/4057
f 9125/9125/4057 9126/9126/4057 9128/9128/4057
f 9129/9129/4058 9127/9127/4058 9130/9130/4058
f 9127/9127/4058 9128/9128/4058 9130/9130/4058
f 9131/9131/4059 9129/9129/4059 9132/9132/4059
f 9129/9129/4059 9130/9130/4059 9132/9132/4059
f 9133/9133/4060 9134/9134/4060 9135/9135/4060
f 9134/9134/4060 9136/9136/4060 9135/9135/4060
f 9107/9107/4061 9133/9133/4061 9108/9108/4061
f 9133/9133/4061 9135/9135/4061 9108/9108/4061
f 9137/9137/4062 9138/9138/4062 9139/9139/4062
f 9138/9138/4062 9140/9140/4062 9139/9139/4062
f 9141/9141/4063 9137/9137/4063 9142/9142/4063
f 9137/9137/4063 9139/9139/4063 9142/9142/4063
f 9143/9143/4064 9141/9141/4064 9144/9144/4064
f 9141/9141/4064 9142/9142/4064 9144/9144/4064
f 9145/9145/4065 9143/9143/4065 9146/9146/4065
f 9143/9143/4065 9144/9144/4065 9146/9146/4065
f 9147/9147/4066 9145/9145/4066 9148/9148/4066
f 9145/9145/4066 9146/9146/4066 9148/9148/4066
f 9149/9149/4067 9147/9147/4067 9150/9150/4067
f 9147/9147/4067 9148/9148/4067 9150/9150/4067
f 9151/9151/4068 9149/9149/4068 9152/9152/4068
f 9149/9149/4068 9150/9150/4068 9152/9152/4068
f 9153/9153/4069 9151/9151/4069 9154/9154/4069
f 9151/9151/4069 9152/9152/4069 9154/9154/4069
f 9155/9155/4070 9153/9153/4070 9156/9156/4070
f 9153/9153/4070 9154/9154/4070 9156/9156/4070
f 9138/9138/4071 9157/9157/4071 9140/9140/4071
f 9157/9157/4071 9158/9158/4071 9140/9140/4071
f 9157/9157/4072 9159/9159/4072 9158/9158/4072
f 9159/9159/4072 9160/9160/4072 9158/9158/4072
f 9159/9159/4073 9161/9161/4073 9160/9160/4073
f 9161/9161/4073 9162/9162/4073 9160/9160/4073
f 9163/9163/4074 9164/9164/4074 9165/9165/4074
f 9164/9164/4074 9166/9166/4074 9165/9165/4074
f 9164/9164/4075 9167/9167/4075 9166/9166/4075
f 9167/9167/4075 9168/9168/4075 9166/9166/4075
f 9167/9167/4076 9169/9169/4076 9168/9168/4076
f 9169/9169/4076 9170/9170/4076 9168/9168/4076
f 9169/9169/4077 9171/9171/4077 9170/9170/4077
f 9171/9171/4077 9172/9172/4077 9170/9170/4077
f 9171/9171/4078 9173/9173/4078 9172/9172/4078
f 9173/9173/4078 9174/9174/4078 9172/9172/4078
f 9173/9173/4079 9175/9175/4079 9174/9174/4079
f 9175/9175/4079 9176/9176/4079 9174/9174/4079
f 9175/9175/4080 9177/9177/4080 9176/9176/4080
f 9177/9177/4080 9178/9178/4080 9176/9176/4080
f 9177/9177/4081 9179/9179/4081 9178/9178/4081
f 9179/9179/4081 9180/9180/4081 9178/9178/4081
f 9181/9181/4082 9182/9182/4082 9183/9183/4082
f 9182/9182/4082 9184/9184/4082 9183/9183/4082
f 9182/9182/4083 9155/9155/4083 9184/9184/4083
f 9155/9155/4083 9156/9156/4083 9184/9184/4083
f 9185/9185/4084 9186/9186/4084 9187/9187/4084
f 9186/9186/4085 9188/9188/4085 9187/9187/4085
f 9189/9189/4086 9190/9190/4086 9191/9191/4086
f 9190/9190/4086 9192/9192/4086 9191/9191/4086
f 9193/9193/4087 9189/9189/4087 9194/9194/4087
f 9189/9189/4088 9191/9191/4088 9194/9194/4088
f 9193/9193/4089 9194/9194/4089 9195/9195/4089
f 9194/9194/4089 9196/9196/4089 9195/9195/4089
f 9195/9195/4090 9196/9196/4090 9185/9185/4090
f 9196/9196/4090 9186/9186/4090 9185/9185/4090
f 9197/9197/4091 9198/9198/4092 9188/9188/4093
f 9198/9198/4092 9187/9187/4094 9188/9188/4093
f 9198/9198/4095 9197/9197/4095 9199/9199/4095
f 9197/9197/4095 9200/9200/4095 9199/9199/4095
f 9200/9200/4096 9201/9201/4096 9199/9199/4096
f 9201/9201/4097 9202/9202/4097 9199/9199/4097
f 9202/9202/4098 9201/9201/4098 9203/9203/4098
f 9201/9201/4098 9204/9204/4098 9203/9203/4098
f 9204/9204/4099 9205/9205/4099 9203/9203/4099
f 9205/9205/4100 9206/9206/4100 9203/9203/4100
f 9205/9205/4101 9207/9207/4101 9206/9206/4101
f 9207/9207/4101 9208/9208/4101 9206/9206/4101
f 9207/9207/4102 9209/9209/4102 9208/9208/4102
f 9209/9209/4103 9210/9210/4103 9208/9208/4103
f 9210/9210/4104 9209/9209/4104 9211/9211/4104
f 9209/9209/4104 9212/9212/4104 9211/9211/4104
f 9213/9213/4105 9214/9214/4105 9212/9212/4105
f 9214/9214/4105 9211/9211/4105 9212/9212/4105
f 9215/9215/4106 9216/9216/4106 9217/9217/4106
f 9216/9216/4106 9218/9218/4106 9217/9217/4106
f 9217/9217/4107 9218/9218/4107 9219/9219/4107
f 9218/9218/4107 9220/9220/4107 9219/9219/4107
f 9221/9221/4108 9222/9222/4108 9220/9220/4108
f 9222/9222/4108 9219/9219/4108 9220/9220/4108
f 9223/9223/4109 9224/9224/4110 9221/9221/4110
f 9224/9224/4110 9222/9222/4110 9221/9221/4110
f 9225/9225/4111 9226/9226/4112 9223/9223/4112
f 9226/9226/4112 9224/9224/4112 9223/9223/4112
f 9227/9227/4113 9228/9228/4113 9225/9225/4113
f 9228/9228/4113 9226/9226/4113 9225/9225/4113
f 9229/9229/4114 9230/9230/4114 9227/9227/4114
f 9230/9230/4114 9228/9228/4114 9227/9227/4114
f 9231/9231/4115 9230/9230/4115 9232/9232/4115
f 9230/9230/4115 9229/9229/4115 9232/9232/4115
f 8948/8948/3923 8950/8950/3923 8949/8949/3923
f 8950/8950/3923 8952/8952/3923 8949/8949/3923
f 9034/9034/3999 9033/9033/3999 9032/9032/3999
f 9033/9033/3999 9031/9031/3999 9032/9032/3999
f 9044/9044/4009 9043/9043/4009 9050/9050/4009
f 9043/9043/4009 9049/9049/4009 9050/9050/4009
f 9116/9116/4051 9114/9114/4051 9112/9112/4051
f 9114/9114/4051 9111/9111/4051 9112/9112/4051
f 9162/9162/4073 9161/9161/4073 9165/9165/4073
f 9161/9161/4073 9163/9163/4073 9165/9165/4073
f 9190/9190/4086 9231/9231/4086 9192/9192/4086
f 9231/9231/4086 9232/9232/4086 9192/9192/4086
f 9233/9233/3914 9234/9234/3915 9235/9235/3913
f 9234/9234/3915 9236/9236/3916 9235/9235/3913
f 9235/9235/3917 9236/9236/3918 9237/9237/3919
f 9236/9236/3918 9238/9238/3919 9237/9237/3919
f 9238/9238/3920 9239/9239/3920 9237/9237/3920
f 9239/9239/3921 9240/9240/3921 9237/9237/3921
f 9239/9239/3922 9241/9241/3922 9240/9240/3922
f 9241/9241/3923 9242/9242/3923 9240/9240/3923
f 9243/9243/3924 9244/9244/3924 9245/9245/3924
f 9244/9244/3925 9246/9246/3925 9245/9245/3925
f 9247/9247/3926 9246/9246/3926 9248/9248/3926
f 9246/9246/3926 9244/9244/3926 9248/9248/3926
f 9249/9249/3927 9247/9247/3927 9250/9250/3927
f 9247/9247/3928 9248/9248/3928 9250/9250/3928
f 9251/9251/3929 9249/9249/3929 9252/9252/3929
f 9249/9249/3929 9250/9250/3929 9252/9252/3929
f 9253/9253/3930 9251/9251/3930 9254/9254/3930
f 9251/9251/3930 9252/9252/3930 9254/9254/3930
f 9255/9255/3931 9253/9253/3931 9256/9256/3931
f 9253/9253/3931 9254/9254/3931 9256/9256/3931
f 9255/9255/3932 9257/9257/3933 9258/9258/4116
f 9257/9257/3933 9259/9259/3935 9258/9258/4116
f 9258/9258/3936 9259/9259/4117 9260/9260/4118
f 9259/9259/4117 9261/9261/3939 9260/9260/4118
f 9262/9262/3940 9263/9263/3940 9264/9264/3940
f 9263/9263/3941 9265/9265/3941 9264/9264/3941
f 9262/9262/3942 9264/9264/3943 9266/9266/4119
f 9264/9264/3943 9267/9267/3945 9266/9266/4119
f 9267/9267/3946 9268/9268/3946 9266/9266/3946
f 9268/9268/3947 9269/9269/3947 9266/9266/3947
f 9268/9268/4120 9270/9270/4120 9269/9269/4120
f 9270/9270/3949 9271/9271/3949 9269/9269/3949
f 9270/9270/3950 9272/9272/3950 9271/9271/3950
f 9272/9272/3951 9273/9273/3951 9271/9271/3951
f 9274/9274/3952 9273/9273/3952 9275/9275/3952
f 9273/9273/3952 9272/9272/3952 9275/9275/3952
f 9276/9276/3953 9277/9277/3953 9274/9274/3953
f 9277/9277/3954 9278/9278/3954 9274/9274/3954
f 9279/9279/3955 9278/9278/3955 9280/9280/3955
f 9278/9278/3955 9277/9277/3955 9280/9280/3955
f 9279/9279/3956 9281/9281/3957 9282/9282/3958
f 9281/9281/3957 9283/9283/3959 9282/9282/3958
f 9282/9282/3960 9283/9283/3960 9233/9233/3960
f 9283/9283/3961 9234/9234/3961 9233/9233/3961
f 9284/9284/3962 9285/9285/3962 9286/9286/3962
f 9285/9285/3963 9287/9287/3963 9286/9286/3963
f 9285/9285/3964 9288/9288/3964 9287/9287/3964
f 9288/9288/4121 9289/9289/4121 9287/9287/4121
f 9288/9288/3966 9290/9290/3966 9289/9289/3966
f 9290/9290/4122 9291/9291/4122 9289/9289/4122
f 9292/9292/3968 9291/9291/3968 9293/9293/3968
f 9291/9291/3968 9290/9290/3968 9293/9293/3968
f 9292/9292/3969 9293/9293/3969 9294/9294/3969
f 9293/9293/4123 9295/9295/4123 9294/9294/4123
f 9296/9296/3971 9294/9294/3971 9297/9297/3971
f 9294/9294/4124 9295/9295/4124 9297/9297/4124
f 9296/9296/3972 9297/9297/3972 9298/9298/3972
f 9297/9297/3973 9299/9299/3973 9298/9298/3973
f 9298/9298/3974 9299/9299/4125 9300/9300/4126
f 9299/9299/4125 9301/9301/3977 9300/9300/4126
f 9300/9300/3978 9301/9301/4127 9302/9302/3980
f 9301/9301/4127 9303/9303/3981 9302/9302/3980
f 9303/9303/3982 9304/9304/3982 9302/9302/3982
f 9304/9304/3983 9305/9305/3983 9302/9302/3983
f 9306/9306/3984 9305/9305/3984 9307/9307/3984
f 9305/9305/3985 9304/9304/3985 9307/9307/3985
f 9308/9308/3986 9309/9309/3986 9310/9310/3986
f 9309/9309/3987 9311/9311/3987 9310/9310/3987
f 9309/9309/4128 9312/9312/4128 9311/9311/4128
f 9312/9312/3989 9313/9313/3989 9311/9311/3989
f 9314/9314/3990 9313/9313/3990 9315/9315/3990
f 9313/9313/3990 9312/9312/3990 9315/9315/3990
f 9316/9316/3991 9314/9314/3991 9317/9317/3991
f 9314/9314/3991 9315/9315/3991 9317/9317/3991
f 9318/9318/3992 9316/9316/3992 9319/9319/3992
f 9316/9316/3992 9317/9317/3992 9319/9319/3992
f 9320/9320/3993 9318/9318/3993 9321/9321/3993
f 9318/9318/3993 9319/9319/3993 9321/9321/3993
f 9322/9322/3994 9320/9320/3994 9323/9323/3994
f 9320/9320/3994 9321/9321/3994 9323/9323/3994
f 9322/9322/3995 9323/9323/3996 9324/9324/4129
f 9323/9323/3996 9325/9325/3998 9324/9324/4129
f 9326/9326/3999 9327/9327/3999 9328/9328/4000
f 9327/9327/3999 9329/9329/4000 9328/9328/4000
f 9328/9328/4001 9329/9329/4002 9330/9330/4003
f 9329/9329/4002 9331/9331/4004 9330/9330/4003
f 9331/9331/4005 9284/9284/4005 9330/9330/4005
f 9284/9284/4006 9286/9286/4006 9330/9330/4006
f 9241/9241/3923 9243/9243/3923 9242/9242/3923
f 9243/9243/3923 9245/9245/3923 9242/9242/3923
f 9327/9327/3999 9326/9326/3999 9325/9325/3999
f 9326/9326/3999 9324/9324/3999 9325/9325/3999
